,database,database_id,uniprot_id,title,organism,taxonomy_id,evidence_level,protein,fold
0,sp,Q072L5,VM2_BOTAS,Zinc metalloproteinase/disintegrin,Bothrops asper,8722,1,Clustered_Disintegrins,val
1,sp,Q9IAB0,VM2CO_AGKCO,Zinc metalloproteinase/disintegrin,Agkistrodon contortrix contortrix,8713,1,Clustered_Disintegrins,train
2,sp,A3R0T9,VM3_OPHHA,Zinc metalloproteinase-disintegrin-like ohanin,Ophiophagus hannah,8665,1,Clustered_Disintegrins,test
3,sp,P0DJ44,VM3_VIPAA,Zinc metalloproteinase-disintegrin-like VaH1 (Fragment),Vipera ammodytes ammodytes,8705,1,Clustered_Disintegrins,train
4,sp,P0DJ43,VM3_MICIK,Zinc metalloproteinase-disintegrin-like mikarin (Fragment),Micropechis ikaheca,66188,1,Clustered_Disintegrins,train
5,sp,C0L2T8,VM2C1_CRODO,Zinc metalloproteinase/disintegrin,Crotalus durissus collilineatus,221569,1,Clustered_Disintegrins,train
6,sp,P0C7B1,VM3BG_BOTAL,Zinc metalloproteinase-disintegrin-like BaG (Fragment),Bothrops alternatus,64174,1,Clustered_Disintegrins,train
7,sp,U5PZ28,VM2H1_BOTLA,Zinc metalloproteinase-disintegrin BlatH1,Bothriechis lateralis,44727,1,Clustered_Disintegrins,train
8,sp,P0DJE2,VM3A_VIPAA,Zinc metalloproteinase-disintegrin-like ammodytagin (Fragment),Vipera ammodytes ammodytes,8705,1,Clustered_Disintegrins,train
9,sp,P0C6E8,VM3G1_CRAGM,Zinc metalloproteinase/disintegrin (Fragment),Craspedocephalus gramineus,8767,1,Clustered_Disintegrins,train
10,sp,Q90495,VM3E_ECHCA,Zinc metalloproteinase-disintegrin-like ecarin,Echis carinatus,40353,1,Clustered_Disintegrins,train
11,sp,P0C6E3,VM2B1_AGKBI,Zinc metalloproteinase-disintegrin bilitoxin-1,Agkistrodon bilineatus,8718,1,Clustered_Disintegrins,train
12,sp,Q2LD49,VM3TM_TRIST,Zinc metalloproteinase-disintegrin-like TSV-DM,Trimeresurus stejnegeri,39682,1,Clustered_Disintegrins,val
13,sp,D6PXE8,VM3B_NAJAT,Zinc metalloproteinase-disintegrin-like atrase-B,Naja atra,8656,1,Clustered_Disintegrins,test
14,sp,O93523,VM3BP_BOTJA,Zinc metalloproteinase-disintegrin-like bothropasin,Bothrops jararaca,8724,1,Clustered_Disintegrins,train
15,sp,Q6T271,VM2BI_BITGA,Zinc metalloproteinase/disintegrin (Fragment),Bitis gabonica,8694,1,Clustered_Disintegrins,train
16,sp,Q8UVG0,VM3BE_BOTER,Zinc metalloproteinase-disintegrin-like berythractivase,Bothrops erythromelas,44710,1,Clustered_Disintegrins,train
17,sp,P0DM90,VM32B_GLOBR,Zinc metalloproteinase-disintegrin-like brevilysin H2b,Gloydius brevicauda,3148161,1,Clustered_Disintegrins,train
18,sp,Q14FJ4,VM2OC_ECHOC,Zinc metalloproteinase/disintegrin,Echis ocellatus,99586,1,Clustered_Disintegrins,val
19,sp,Q1PHZ4,VM3B1_BOTJR,Zinc metalloproteinase-disintegrin-like BjussuMP-1 (Fragment),Bothrops jararacussu,8726,1,Clustered_Disintegrins,train
20,sp,Q10749,VM3M1_NAJMO,Snake venom metalloproteinase-disintegrin-like mocarhagin,Naja mossambica,8644,1,Clustered_Disintegrins,train
21,sp,B8K1W0,VM3DK_DABRR,Zinc metalloproteinase-disintegrin-like daborhagin-K,Daboia russelii,8707,1,Clustered_Disintegrins,train
22,sp,P30403,VM2RH_CALRH,Zinc metalloproteinase/disintegrin,Calloselasma rhodostoma,8717,1,Clustered_Disintegrins,train
23,sp,Q90YA6,VM2E2_PROEL,Zinc metalloproteinase/disintegrin,Protobothrops elegans,88086,1,Clustered_Disintegrins,train
24,sp,P20164,VM3HB_PROFL,Zinc metalloproteinase-disintegrin-like HR1b,Protobothrops flavoviridis,88087,1,Clustered_Disintegrins,train
25,sp,Q98995,VM2L2_MACLB,Zinc metalloproteinase/disintegrin,Macrovipera lebetinus,3148341,1,Clustered_Disintegrins,train
26,sp,Q4VM08,VM3VA_MACLB,Zinc metalloproteinase-disintegrin-like VLAIP-A,Macrovipera lebetinus,3148341,1,Clustered_Disintegrins,train
27,sp,P17347,VM2EA_ECHCS,Disintegrin metalloproteinase/disintegrin echistatin (Fragment),Echis carinatus sochureki,124223,1,Clustered_Disintegrins,val
28,sp,Q2UXQ5,VM3E2_ECHOC,Zinc metalloproteinase-disintegrin-like EoVMP2,Echis ocellatus,99586,1,Clustered_Disintegrins,train
29,sp,A0A0B4U9L8,VMF1_VIPAA,Zinc metalloproteinase-disintegrin-like protein F1,Vipera ammodytes ammodytes,8705,1,Clustered_Disintegrins,train
30,sp,A8QL49,VM3_BUNMU,Zinc metalloproteinase-disintegrin-like BmMP,Bungarus multicinctus,8616,1,Clustered_Disintegrins,train
31,sp,E9NW26,VM2P1_PROMU,Zinc metalloproteinase/disintegrin PMMP-1,Protobothrops mucrosquamatus,103944,2,Clustered_Disintegrins,train
32,sp,O73795,VM2MB_GLOBR,Zinc metalloproteinase/disintegrin,Gloydius brevicauda,3148161,2,Clustered_Disintegrins,train
33,sp,D8VNS0,VM3_CERRY,Zinc metalloproteinase-disintegrin-like,Cerberus rynchops,46267,1,Clustered_Disintegrins,train
34,sp,E9NW27,VM2P2_PROMU,Zinc metalloproteinase/disintegrin PMMP-2,Protobothrops mucrosquamatus,103944,2,Clustered_Disintegrins,train
35,sp,P0DM97,VM25A_BITAR,Zinc metalloproteinase-disintegrin BA-5A,Bitis arietans,8692,2,Clustered_Disintegrins,train
36,sp,Q90220,VM2H1_GLOHA,Zinc metalloproteinase/disintegrin,Gloydius halys,8714,2,Clustered_Disintegrins,train
37,sp,Q8AWX7,VM2AG_GLOHA,Zinc metalloproteinase-disintegrin agkistin,Gloydius halys,8714,2,Clustered_Disintegrins,train
38,sp,A0A6B7FMR5,VMMP3_VIPAA,Disintegrin-like/cysteine-rich protein MPIII-3,Vipera ammodytes ammodytes,8705,1,Clustered_Disintegrins,train
39,sp,C0HL97,VM3_CROVE,Zinc metalloproteinase-disintegrin-like uracoina-1 (Fragment),Crotalus vegrandis,184545,1,Clustered_Disintegrins,train
40,sp,J3S830,VM33_CROAD,Zinc metalloproteinase-disintegrin-like 3a,Crotalus adamanteus,8729,1,Clustered_Disintegrins,train
41,sp,V5TBK6,VMH4A_VIPAA,Zinc metalloproteinase-disintegrin-like protein H4 subunit A,Vipera ammodytes ammodytes,8705,1,Clustered_Disintegrins,train
42,sp,F8RKW0,VM38_DRYCN,Zinc metalloproteinase-disintegrin-like MTP8,Drysdalia coronoides,66186,1,Clustered_Disintegrins,train
43,sp,P0DM88,VM3_PROJR,Zinc metalloproteinase-disintegrin-like jerdohagin (Fragment),Protobothrops jerdonii,242841,1,Clustered_Disintegrins,train
44,sp,Q9PWJ0,VM2A2_DEIAC,Zinc metalloproteinase/disintegrin,Deinagkistrodon acutus,36307,1,Clustered_Disintegrins,train
45,sp,Q98UF9,VM3H3_BOTJA,Zinc metalloproteinase-disintegrin-like HF3,Bothrops jararaca,8724,1,Clustered_Disintegrins,test
46,sp,Q3HTN1,VM3SA_TRIST,Zinc metalloproteinase-disintegrin-like stejnihagin-A,Trimeresurus stejnegeri,39682,2,Clustered_Disintegrins,train
47,sp,P0DJH2,VM3AL_TRIAB,Zinc metalloproteinase-disintegrin-like alborhagin (Fragment),Trimeresurus albolabris,8765,1,Clustered_Disintegrins,train
48,sp,O42138,VM3AD_AGKCL,Zinc metalloproteinase-disintegrin-like ACLD,Agkistrodon contortrix laticinctus,2782196,2,Clustered_Disintegrins,train
49,sp,Q805F7,DIDA_AGKCO,Disintegrin acostatin-alpha,Agkistrodon contortrix contortrix,8713,1,Clustered_Disintegrins,train
50,sp,C5H5D4,VM33_BOTAT,Zinc metalloproteinase-disintegrin-like batroxstatin-3 (Fragment),Bothrops atrox,8725,2,Clustered_Disintegrins,train
51,sp,Q0NZX6,VM2JR_BOTJA,Zinc metalloproteinase-disintegrin jararin (Fragment),Bothrops jararaca,8724,2,Clustered_Disintegrins,train
52,sp,O93515,VM2S3_GLOBR,Zinc metalloproteinase-disintegrin salmosin-3 (Fragment),Gloydius brevicauda,3148161,2,Clustered_Disintegrins,train
53,sp,P0C7N3,VM3CR_CROVV,Zinc metalloproteinase-disintegrin-like crovidisin (Fragment),Crotalus viridis viridis,8742,1,Clustered_Disintegrins,train
54,sp,Q0NZX8,VM3B3_BOTJA,Zinc metalloproteinase-disintegrin-like bothrojarin-3 (Fragment),Bothrops jararaca,8724,1,Clustered_Disintegrins,val
55,sp,D5LMJ3,VM3A_NAJAT,Zinc metalloproteinase-disintegrin-like atrase-A,Naja atra,8656,2,Clustered_Disintegrins,train
56,sp,Q0NZX7,VM3B4_BOTJA,Zinc metalloproteinase-disintegrin-like bothrojarin-4 (Fragment),Bothrops jararaca,8724,2,Clustered_Disintegrins,train
57,sp,Q0NZY0,VM3B1_BOTJA,Zinc metalloproteinase-disintegrin-like bothrojarin-1 (Fragment),Bothrops jararaca,8724,2,Clustered_Disintegrins,test
58,sp,P85005,VM3PN_PROSR,Zinc metalloproteinase-disintegrin-like proatherocytin (Fragment),Proatheris superciliaris,110218,1,Clustered_Disintegrins,train
59,sp,C0LZJ5,VM3LC_MACLN,Disintegrin-like leberagin-C,Macrovipera lebetina transmediterranea,384075,1,Clustered_Disintegrins,train
60,sp,Q6T6T3,DID1_BITGA,Disintegrin gabonin-1,Bitis gabonica,8694,1,Clustered_Disintegrins,train
61,sp,Q3BER1,DIS_ECHOC,Disintegrin ocellatusin,Echis ocellatus,99586,1,Clustered_Disintegrins,train
62,sp,Q7ZZM2,DIS_PROJR,Disintegrin jerdostatin,Protobothrops jerdonii,242841,1,Clustered_Disintegrins,train
63,sp,Q076D1,VM31_CRODU,Zinc metalloproteinase-disintegrin-like crotastatin,Crotalus durissus terrificus,8732,2,Clustered_Disintegrins,train
64,sp,P23323,VM2C_PROFL,Disintegrin CTF-II,Protobothrops flavoviridis,88087,1,Clustered_Disintegrins,train
65,sp,P22826,VM2TI_ERIMA,Disintegrin eristicophin,Eristicophis macmahoni,110227,1,Clustered_Disintegrins,train
66,sp,P83658,DIDS_ECHCA,Disintegrin schistatin,Echis carinatus,40353,1,Clustered_Disintegrins,train
67,sp,P82466,VM26B_ECHCS,Disintegrin EC6 subunit beta,Echis carinatus sochureki,124223,1,Clustered_Disintegrins,val
68,sp,P83044,DID8B_CERCE,Disintegrin CC8B,Cerastes cerastes,8697,1,Clustered_Disintegrins,test
69,sp,P0C6A3,DIDBA_ECHML,Disintegrin EMS11A,Echis multisquamatus,93050,1,Clustered_Disintegrins,train
70,sp,P0C6B0,DID5B_MACLO,Disintegrin VLO5B,Macrovipera lebetina obtusa,209528,1,Clustered_Disintegrins,train
71,sp,P0C6A4,DID5B_ECHOC,Disintegrin EO5B,Echis ocellatus,99586,1,Clustered_Disintegrins,train
72,sp,P0DW29,VM2_CROMR,Disintegrin morulustatin (Fragment),Crotalus morulus,2782198,1,Clustered_Disintegrins,train
73,sp,P0C7A8,VM2LB_ECHLE,Disintegrin leucogastin-B,Echis leucogaster,504457,1,Clustered_Disintegrins,train
74,sp,A2CJE5,VM2IA_CROAT,Disintegrin atroxatin (Fragment),Crotalus atrox,8730,2,Clustered_Disintegrins,train
75,tr,A0A8C7E2Y1,A0A8C7E2Y1_NAJNA,Disintegrin and metalloproteinase domain-containing protein 20-like,Naja naja,35670,3,Clustered_Disintegrins,train
76,tr,V8PF09,V8PF09_OPHHA,Disintegrin and metalloproteinase domain-containing protein 20 (Fragment),Ophiophagus hannah,8665,3,Clustered_Disintegrins,test
77,tr,V8NS25,V8NS25_OPHHA,Disintegrin and metalloproteinase domain-containing protein 19 (Fragment),Ophiophagus hannah,8665,3,Clustered_Disintegrins,val
78,tr,A0A8C6YFJ8,A0A8C6YFJ8_NAJNA,Disintegrin and metalloproteinase domain-containing protein 21-like,Naja naja,35670,3,Clustered_Disintegrins,train
79,tr,A0A8C6YBV3,A0A8C6YBV3_NAJNA,Disintegrin and metalloproteinase domain-containing protein 21-like,Naja naja,35670,3,Clustered_Disintegrins,test
80,tr,V8P5I5,V8P5I5_OPHHA,Disintegrin and metalloproteinase domain-containing protein 12 (Fragment),Ophiophagus hannah,8665,3,Clustered_Disintegrins,train
81,tr,A0A6J1V117,A0A6J1V117_9SAUR,Zinc metalloproteinase-disintegrin-like NaMP,Notechis scutatus,8663,4,Clustered_Disintegrins,train
82,tr,A0A6P9AUA9,A0A6P9AUA9_PANGU,Disintegrin and metalloproteinase domain-containing protein 9,Pantherophis guttatus,94885,4,Clustered_Disintegrins,train
83,tr,A0A6J1VLY3,A0A6J1VLY3_9SAUR,Disintegrin and metalloproteinase domain-containing protein 9,Notechis scutatus,8663,4,Clustered_Disintegrins,train
84,tr,A0A9F5IU93,A0A9F5IU93_PYTBI,Disintegrin and metalloproteinase domain-containing protein 9 isoform X1,Python bivittatus,176946,4,Clustered_Disintegrins,train
85,tr,A0A6J1U832,A0A6J1U832_9SAUR,Disintegrin and metalloproteinase domain-containing protein 20-like,Notechis scutatus,8663,4,Clustered_Disintegrins,train
86,tr,A0A670XV66,A0A670XV66_PSETE,Disintegrin and metalloproteinase domain-containing protein 20-like,Pseudonaja textilis,8673,4,Clustered_Disintegrins,train
87,tr,A0A6J1U7E5,A0A6J1U7E5_9SAUR,Disintegrin and metalloproteinase domain-containing protein 21-like,Notechis scutatus,8663,4,Clustered_Disintegrins,train
88,tr,A0A9F2KW25,A0A9F2KW25_PYTBI,Disintegrin and metalloproteinase domain-containing protein 20-like,Python bivittatus,176946,4,Clustered_Disintegrins,train
89,tr,A0A6P9DJE7,A0A6P9DJE7_PANGU,Disintegrin and metalloproteinase domain-containing protein 12 isoform X1,Pantherophis guttatus,94885,4,Clustered_Disintegrins,train
90,tr,A0A6P9D9D3,A0A6P9D9D3_PANGU,Disintegrin and metalloproteinase domain-containing protein 12 isoform X2,Pantherophis guttatus,94885,4,Clustered_Disintegrins,train
91,tr,A0A9F5MSP1,A0A9F5MSP1_PYTBI,LOW QUALITY PROTEIN: disintegrin and metalloproteinase domain-containing protein 20-like,Python bivittatus,176946,4,Clustered_Disintegrins,train
92,tr,A0A8C5RIM3,A0A8C5RIM3_LATLA,Disintegrin and metalloproteinase domain-containing protein 15,Laticauda laticaudata,8630,4,Clustered_Disintegrins,train
93,tr,A0A9F5J4G3,A0A9F5J4G3_PYTBI,Disintegrin and metalloproteinase domain-containing protein 17,Python bivittatus,176946,4,Clustered_Disintegrins,train
94,tr,A0A2D4NE72,A0A2D4NE72_9SAUR,Disintegrin domain-containing protein (Fragment),Micrurus spixii,129469,4,Clustered_Disintegrins,train
95,tr,A0A2D4H796,A0A2D4H796_MICLE,Disintegrin domain-containing protein (Fragment),Micrurus lemniscatus lemniscatus,129467,3,Clustered_Disintegrins,train
96,tr,A0A9F3QUN9,A0A9F3QUN9_PYTBI,Disintegrin and metalloproteinase domain-containing protein 10,Python bivittatus,176946,4,Clustered_Disintegrins,train
97,tr,V8P9I6,V8P9I6_OPHHA,Disintegrin and metalloproteinase domain-containing protein 17 (Fragment),Ophiophagus hannah,8665,3,Clustered_Disintegrins,train
98,tr,A0A2D4NYT4,A0A2D4NYT4_MICSU,Disintegrin domain-containing protein (Fragment),Micrurus surinamensis,129470,3,Clustered_Disintegrins,train
99,tr,V8NL69,V8NL69_OPHHA,Disintegrin and metalloproteinase domain-containing protein 10 (Fragment),Ophiophagus hannah,8665,4,Clustered_Disintegrins,train
100,tr,A0A2D4K4X3,A0A2D4K4X3_9SAUR,Disintegrin domain-containing protein (Fragment),Micrurus paraensis,1970185,4,Clustered_Disintegrins,val
101,tr,A0A2H6MYR1,A0A2H6MYR1_9SAUR,Disintegrin domain-containing protein (Fragment),Micrurus carvalhoi,3147026,4,Clustered_Disintegrins,train
102,tr,A0AAW1AP29,A0AAW1AP29_CROAD,Disintegrin and metalloproteinase domain-containing protein 15,Crotalus adamanteus,8729,4,Clustered_Disintegrins,train
103,tr,A0AAW1B0F2,A0AAW1B0F2_CROAD,Disintegrin and metalloproteinase domain-containing protein 9,Crotalus adamanteus,8729,4,Clustered_Disintegrins,train
104,tr,A0A223PK14,A0A223PK14_DABRR,Disintegrin and metalloproteinase domain-containing protein 11,Daboia russelii,8707,2,Clustered_Disintegrins,train
105,tr,A0AAW1B982,A0AAW1B982_CROAD,Disintegrin and metalloproteinase domain-containing protein 33,Crotalus adamanteus,8729,4,Clustered_Disintegrins,train
106,tr,A0AAW1B012,A0AAW1B012_CROAD,Disintegrin and metalloproteinase domain-containing protein 32,Crotalus adamanteus,8729,4,Clustered_Disintegrins,val
107,tr,A0AAW1BW52,A0AAW1BW52_CROAD,Disintegrin and metalloproteinase domain-containing protein 19,Crotalus adamanteus,8729,4,Clustered_Disintegrins,train
108,tr,V8NVY5,V8NVY5_OPHHA,Disintegrin and metalloproteinase domain-containing protein 11 (Fragment),Ophiophagus hannah,8665,3,Clustered_Disintegrins,train
109,tr,V8P328,V8P328_OPHHA,Disintegrin and metalloproteinase domain-containing protein 22 (Fragment),Ophiophagus hannah,8665,3,Clustered_Disintegrins,train
110,tr,A0AAW1BLM9,A0AAW1BLM9_CROAD,Disintegrin and metalloproteinase domain-containing protein 29-like,Crotalus adamanteus,8729,4,Clustered_Disintegrins,test
111,tr,A0AAW1C6Y2,A0AAW1C6Y2_CROAD,ADAM20: Disintegrin and metalloproteinase domain-containing protein 20,Crotalus adamanteus,8729,4,Clustered_Disintegrins,train
112,tr,A0AAW1BFF7,A0AAW1BFF7_CROAD,Disintegrin and metalloproteinase domain-containing protein 9-like,Crotalus adamanteus,8729,4,Clustered_Disintegrins,train
113,tr,A0AAW1BLL2,A0AAW1BLL2_CROAD,Disintegrin and metalloproteinase domain-containing protein 20-like,Crotalus adamanteus,8729,4,Clustered_Disintegrins,train
114,tr,V8NKR8,V8NKR8_OPHHA,Disintegrin and metalloproteinase domain-containing protein 28,Ophiophagus hannah,8665,3,Clustered_Disintegrins,val
115,tr,V8NC56,V8NC56_OPHHA,Disintegrin and metalloproteinase domain-containing protein 2 (Fragment),Ophiophagus hannah,8665,3,Clustered_Disintegrins,val
116,tr,V8PFL7,V8PFL7_OPHHA,Disintegrin and metalloproteinase domain-containing protein 23 (Fragment),Ophiophagus hannah,8665,3,Clustered_Disintegrins,val
117,tr,V8N6T1,V8N6T1_OPHHA,Disintegrin and metalloproteinase domain-containing protein 21 (Fragment),Ophiophagus hannah,8665,4,Clustered_Disintegrins,val
118,tr,A0A8C5RHX0,A0A8C5RHX0_LATLA,Disintegrin domain-containing protein,Laticauda laticaudata,8630,4,Clustered_Disintegrins,train
119,tr,A0A6H0D9K3,A0A6H0D9K3_CROHD,Metalloproteinase and disintegrin protein 4b,Crotalus horridus,35024,4,Clustered_Disintegrins,train
120,tr,A0A1W7RJM2,A0A1W7RJM2_AGKCO,A disintegrin and metalloproteinase with thrombospondin motifs 1,Agkistrodon contortrix contortrix,8713,4,Clustered_Disintegrins,train
121,tr,A0A6B2FHG6,A0A6B2FHG6_9SAUR,Disintegrin domain-containing protein,Bothriechis nubestris,1766655,4,Clustered_Disintegrins,train
122,tr,V8P032,V8P032_OPHHA,A disintegrin and metalloproteinase with thrombospondin motifs 1 (Fragment),Ophiophagus hannah,8665,4,Clustered_Disintegrins,train
123,tr,V8NZD2,V8NZD2_OPHHA,A disintegrin and metalloproteinase with thrombospondin motifs 8 (Fragment),Ophiophagus hannah,8665,4,Clustered_Disintegrins,train
124,tr,A0A6I9YBF4,A0A6I9YBF4_9SAUR,Snake venom metalloproteinase-disintegrin-like mocarhagin,Thamnophis sirtalis,35019,4,Clustered_Disintegrins,train
125,tr,A0A6I9Z3Y9,A0A6I9Z3Y9_9SAUR,Zinc metalloproteinase-disintegrin-like NaMP,Thamnophis sirtalis,35019,4,Clustered_Disintegrins,train
126,tr,A0A6P9AWJ4,A0A6P9AWJ4_PANGU,Zinc metalloproteinase-disintegrin-like NaMP,Pantherophis guttatus,94885,4,Clustered_Disintegrins,train
127,tr,A0AAW1AMS2,A0AAW1AMS2_CROAD,A disintegrin and metalloproteinase with thrombospondin motifs 4,Crotalus adamanteus,8729,4,Clustered_Disintegrins,test
128,tr,A0A6P9DNB3,A0A6P9DNB3_PANGU,Zinc metalloproteinase-disintegrin-like VMP-III,Pantherophis guttatus,94885,4,Clustered_Disintegrins,train
129,tr,V8N6X6,V8N6X6_OPHHA,A disintegrin and metalloproteinase with thrombospondin motifs 4 (Fragment),Ophiophagus hannah,8665,4,Clustered_Disintegrins,train
130,tr,A0A6I9YME4,A0A6I9YME4_9SAUR,Disintegrin and metalloproteinase domain-containing protein 28,Thamnophis sirtalis,35019,4,Clustered_Disintegrins,train
131,tr,A0A6J1U1P8,A0A6J1U1P8_9SAUR,Disintegrin and metalloproteinase domain-containing protein 12,Notechis scutatus,8663,4,Clustered_Disintegrins,train
132,tr,A0A6H0DBE3,A0A6H0DBE3_CROHD,Metalloproteinase disintegrin and cysteine-rich protein 6,Crotalus horridus,35024,4,Clustered_Disintegrins,test
133,tr,A0A6P9AVX1,A0A6P9AVX1_PANGU,Disintegrin and metalloproteinase domain-containing protein 15,Pantherophis guttatus,94885,4,Clustered_Disintegrins,train
134,tr,A0A6H0D994,A0A6H0D994_CROHD,Metalloproteinase disintegrin and cysteine-rich protein 8,Crotalus horridus,35024,4,Clustered_Disintegrins,train
135,tr,A0A9F5INE8,A0A9F5INE8_PYTBI,Disintegrin and metalloproteinase domain-containing protein 33,Python bivittatus,176946,4,Clustered_Disintegrins,val
136,tr,A0A6J1V116,A0A6J1V116_9SAUR,LOW QUALITY PROTEIN: zinc metalloproteinase-disintegrin-like NaMP,Notechis scutatus,8663,4,Clustered_Disintegrins,train
137,tr,A0A6I9YVG2,A0A6I9YVG2_9SAUR,Disintegrin and metalloproteinase domain-containing protein 21-like,Thamnophis sirtalis,35019,4,Clustered_Disintegrins,train
138,tr,A0A6P9AXX0,A0A6P9AXX0_PANGU,Disintegrin and metalloproteinase domain-containing protein 33-like,Pantherophis guttatus,94885,4,Clustered_Disintegrins,test
139,tr,A0A6P9AWV9,A0A6P9AWV9_PANGU,Disintegrin and metalloproteinase domain-containing protein 20-like,Pantherophis guttatus,94885,4,Clustered_Disintegrins,train
140,tr,A0A6P9CNF9,A0A6P9CNF9_PANGU,Disintegrin and metalloproteinase domain-containing protein 21-like,Pantherophis guttatus,94885,4,Clustered_Disintegrins,test
141,tr,A0A6P9DKK0,A0A6P9DKK0_PANGU,Disintegrin and metalloproteinase domain-containing protein 26A-like,Pantherophis guttatus,94885,4,Clustered_Disintegrins,train
142,tr,A0A9F5MYR7,A0A9F5MYR7_PYTBI,Disintegrin and metalloproteinase domain-containing protein 9-like,Python bivittatus,176946,4,Clustered_Disintegrins,train
143,tr,A0A9F2NCH3,A0A9F2NCH3_PYTBI,Disintegrin and metalloproteinase domain-containing protein 20-like,Python bivittatus,176946,4,Clustered_Disintegrins,train
144,tr,A0A9F5N2P8,A0A9F5N2P8_PYTBI,Disintegrin and metalloproteinase domain-containing protein 21-like,Python bivittatus,176946,4,Clustered_Disintegrins,train
145,tr,A0A6I9Z681,A0A6I9Z681_9SAUR,Zinc metalloproteinase-disintegrin-like MTP9,Thamnophis sirtalis,35019,4,Clustered_Disintegrins,test
146,tr,A0A6P9DN89,A0A6P9DN89_PANGU,Zinc metalloproteinase-disintegrin-like NaMP,Pantherophis guttatus,94885,4,Clustered_Disintegrins,train
147,tr,A0A6J1UH79,A0A6J1UH79_9SAUR,Zinc metalloproteinase-disintegrin-like MTP9,Notechis scutatus,8663,4,Clustered_Disintegrins,train
148,tr,A0A6I9Y427,A0A6I9Y427_9SAUR,Zinc metalloproteinase-disintegrin-like BmMP,Thamnophis sirtalis,35019,4,Clustered_Disintegrins,train
149,tr,A0A6P9AM21,A0A6P9AM21_PANGU,Disintegrin and metalloproteinase domain-containing protein 22 isoform X1,Pantherophis guttatus,94885,4,Clustered_Disintegrins,test
150,tr,A0A6P9BVN6,A0A6P9BVN6_PANGU,Disintegrin and metalloproteinase domain-containing protein 11 isoform X3,Pantherophis guttatus,94885,4,Clustered_Disintegrins,val
151,tr,A0A6I9YZ17,A0A6I9YZ17_9SAUR,Zinc metalloproteinase-disintegrin-like VLAIP-B,Thamnophis sirtalis,35019,4,Clustered_Disintegrins,train
152,tr,A0A9F3VZC3,A0A9F3VZC3_PYTBI,Disintegrin and metalloproteinase domain-containing protein 9-like isoform X2,Python bivittatus,176946,4,Clustered_Disintegrins,train
153,tr,A0A9F5J652,A0A9F5J652_PYTBI,Disintegrin and metalloproteinase domain-containing protein 15,Python bivittatus,176946,4,Clustered_Disintegrins,test
154,tr,A0A6J1VLQ1,A0A6J1VLQ1_9SAUR,Disintegrin and metalloproteinase domain-containing protein 5,Notechis scutatus,8663,4,Clustered_Disintegrins,train
155,tr,A0A9F5IUH2,A0A9F5IUH2_PYTBI,Disintegrin and metalloproteinase domain-containing protein 32,Python bivittatus,176946,4,Clustered_Disintegrins,train
156,tr,A0A9F5MX01,A0A9F5MX01_PYTBI,Disintegrin and metalloproteinase domain-containing protein 21-like,Python bivittatus,176946,4,Clustered_Disintegrins,train
157,tr,A0A9F5JBQ1,A0A9F5JBQ1_PYTBI,Disintegrin and metalloproteinase domain-containing protein 21-like,Python bivittatus,176946,4,Clustered_Disintegrins,train
158,tr,A0A9F5JFY3,A0A9F5JFY3_PYTBI,LOW QUALITY PROTEIN: zinc metalloproteinase-disintegrin-like NaMP,Python bivittatus,176946,4,Clustered_Disintegrins,train
159,tr,A0A6I9XD44,A0A6I9XD44_9SAUR,Disintegrin and metalloproteinase domain-containing protein 33-like,Thamnophis sirtalis,35019,4,Clustered_Disintegrins,train
160,tr,A0A6P9AUB4,A0A6P9AUB4_PANGU,Disintegrin and metalloproteinase domain-containing protein 32-like,Pantherophis guttatus,94885,4,Clustered_Disintegrins,train
161,tr,A0A9F3W0P3,A0A9F3W0P3_PYTBI,LOW QUALITY PROTEIN: zinc metalloproteinase-disintegrin-like NaMP,Python bivittatus,176946,4,Clustered_Disintegrins,val
162,tr,A0A6P9AWB9,A0A6P9AWB9_PANGU,Disintegrin and metalloproteinase domain-containing protein 2-like,Pantherophis guttatus,94885,4,Clustered_Disintegrins,train
163,tr,A0A6J1W854,A0A6J1W854_9SAUR,Disintegrin and metalloproteinase domain-containing protein 10-like,Notechis scutatus,8663,4,Clustered_Disintegrins,train
164,tr,A0A9F5IM86,A0A9F5IM86_PYTBI,Disintegrin and metalloproteinase domain-containing protein 2-like,Python bivittatus,176946,4,Clustered_Disintegrins,train
165,tr,A0A6P9CW99,A0A6P9CW99_PANGU,Disintegrin and metalloproteinase domain-containing protein 23 isoform X1,Pantherophis guttatus,94885,4,Clustered_Disintegrins,train
166,tr,A0AAW1ATC3,A0AAW1ATC3_CROAD,A disintegrin and metalloproteinase with thrombospondin motifs 18,Crotalus adamanteus,8729,4,Clustered_Disintegrins,train
167,tr,A0AAW1AS39,A0AAW1AS39_CROAD,A disintegrin and metalloproteinase with thrombospondin motifs 13,Crotalus adamanteus,8729,4,Clustered_Disintegrins,train
168,tr,A0AAW1B0W0,A0AAW1B0W0_CROAD,A disintegrin and metalloproteinase with thrombospondin motifs 15,Crotalus adamanteus,8729,4,Clustered_Disintegrins,train
169,tr,A0AAW1AR10,A0AAW1AR10_CROAD,Disintegrin and metalloproteinase domain-containing protein 9-like,Crotalus adamanteus,8729,4,Clustered_Disintegrins,train
170,tr,A0AAW1BAQ4,A0AAW1BAQ4_CROAD,A disintegrin and metalloproteinase with thrombospondin motifs 3,Crotalus adamanteus,8729,4,Clustered_Disintegrins,train
171,tr,A0AAW1AXC7,A0AAW1AXC7_CROAD,A disintegrin and metalloproteinase with thrombospondin motifs 7,Crotalus adamanteus,8729,4,Clustered_Disintegrins,train
172,tr,A0AAW1BV30,A0AAW1BV30_CROAD,A disintegrin and metalloproteinase with thrombospondin motifs 9,Crotalus adamanteus,8729,4,Clustered_Disintegrins,train
173,tr,A0AAW1C0X1,A0AAW1C0X1_CROAD,A disintegrin and metalloproteinase with thrombospondin motifs 19,Crotalus adamanteus,8729,4,Clustered_Disintegrins,train
174,tr,A0AAW1C4X2,A0AAW1C4X2_CROAD,A disintegrin and metalloproteinase with thrombospondin motifs 10,Crotalus adamanteus,8729,4,Clustered_Disintegrins,test
175,tr,A0AAW1BES3,A0AAW1BES3_CROAD,A disintegrin and metalloproteinase with thrombospondin motifs 14,Crotalus adamanteus,8729,4,Clustered_Disintegrins,train
176,tr,V8NC79,V8NC79_OPHHA,A disintegrin and metalloproteinase with thrombospondin motifs 3 (Fragment),Ophiophagus hannah,8665,4,Clustered_Disintegrins,val
177,tr,V8NYL9,V8NYL9_OPHHA,A disintegrin and metalloproteinase with thrombospondin motifs 14 (Fragment),Ophiophagus hannah,8665,4,Clustered_Disintegrins,train
178,tr,V8P870,V8P870_OPHHA,A disintegrin and metalloproteinase with thrombospondin motifs 9 (Fragment),Ophiophagus hannah,8665,4,Clustered_Disintegrins,train
179,tr,V8NI74,V8NI74_OPHHA,A disintegrin and metalloproteinase with thrombospondin motifs 7 (Fragment),Ophiophagus hannah,8665,4,Clustered_Disintegrins,train
180,tr,V8NQF8,V8NQF8_OPHHA,A disintegrin and metalloproteinase with thrombospondin motifs 16 (Fragment),Ophiophagus hannah,8665,4,Clustered_Disintegrins,train
181,tr,V8NWJ2,V8NWJ2_OPHHA,A disintegrin and metalloproteinase with thrombospondin motifs 18 (Fragment),Ophiophagus hannah,8665,4,Clustered_Disintegrins,val
182,tr,V8P3L5,V8P3L5_OPHHA,A disintegrin and metalloproteinase with thrombospondin motifs 12 (Fragment),Ophiophagus hannah,8665,4,Clustered_Disintegrins,train
183,tr,V8P507,V8P507_OPHHA,A disintegrin and metalloproteinase with thrombospondin motifs 6 (Fragment),Ophiophagus hannah,8665,4,Clustered_Disintegrins,val
184,tr,V8NL76,V8NL76_OPHHA,A disintegrin and metalloproteinase with thrombospondin motifs 15 (Fragment),Ophiophagus hannah,8665,4,Clustered_Disintegrins,train
185,tr,V8NLN7,V8NLN7_OPHHA,A disintegrin and metalloproteinase with thrombospondin motifs 7 (Fragment),Ophiophagus hannah,8665,4,Clustered_Disintegrins,train
186,tr,V8P8T6,V8P8T6_OPHHA,A disintegrin and metalloproteinase with thrombospondin motifs 17 (Fragment),Ophiophagus hannah,8665,4,Clustered_Disintegrins,test
187,tr,V8NTJ6,V8NTJ6_OPHHA,A disintegrin and metalloproteinase with thrombospondin motifs 19 (Fragment),Ophiophagus hannah,8665,4,Clustered_Disintegrins,train
188,tr,Q4JCR9,Q4JCR9_BITAR,Disintegrin isoform Dc-1 (Fragment),Bitis arietans,8692,2,Clustered_Disintegrins,train
189,tr,A0AAW1BJY9,A0AAW1BJY9_CROAD,A disintegrin and metalloproteinase with thrombospondin motifs 5,Crotalus adamanteus,8729,4,Clustered_Disintegrins,train
190,tr,V8N3F2,V8N3F2_OPHHA,Disintegrin domain-containing protein (Fragment),Ophiophagus hannah,8665,4,Clustered_Disintegrins,train
191,tr,A0A6I9YE12,A0A6I9YE12_9SAUR,Hemorrhagic metalloproteinase-disintegrin-like kaouthiagin,Thamnophis sirtalis,35019,4,Clustered_Disintegrins,train
192,tr,A0A6I9YQR0,A0A6I9YQR0_9SAUR,Zinc metalloproteinase-disintegrin-like ohanin,Thamnophis sirtalis,35019,4,Clustered_Disintegrins,train
193,tr,A0A9F2REN1,A0A9F2REN1_PYTBI,Zinc metalloproteinase-disintegrin-like NaMP,Python bivittatus,176946,4,Clustered_Disintegrins,train
194,tr,A0A6I9YUC4,A0A6I9YUC4_9SAUR,Disintegrin and metalloproteinase domain-containing protein 12-like,Thamnophis sirtalis,35019,4,Clustered_Disintegrins,test
195,tr,A0AAW1B8U8,A0AAW1B8U8_CROAD,Disintegrin and metalloproteinase domain-containing protein 33,Crotalus adamanteus,8729,4,Clustered_Disintegrins,train
196,tr,V8N2F9,V8N2F9_OPHHA,Disintegrin and metalloproteinase domain-containing protein 33 (Fragment),Ophiophagus hannah,8665,4,Clustered_Disintegrins,train
197,tr,V8N4Z9,V8N4Z9_OPHHA,Disintegrin and metalloproteinase domain-containing protein 9 (Fragment),Ophiophagus hannah,8665,4,Clustered_Disintegrins,train
198,tr,V8P102,V8P102_OPHHA,Disintegrin and metalloproteinase domain-containing protein 12 (Fragment),Ophiophagus hannah,8665,4,Clustered_Disintegrins,train
199,tr,A0AAW1C1S4,A0AAW1C1S4_CROAD,A disintegrin and metalloproteinase with thrombospondin motifs 6 (Fragment),Crotalus adamanteus,8729,4,Clustered_Disintegrins,train
200,tr,A0AAW1C6M3,A0AAW1C6M3_CROAD,Disintegrin and metalloproteinase domain-containing protein 20-like,Crotalus adamanteus,8729,4,Clustered_Disintegrins,train
201,tr,A0AAW1AWY4,A0AAW1AWY4_CROAD,A disintegrin and metalloproteinase with thrombospondin motifs 17,Crotalus adamanteus,8729,4,Clustered_Disintegrins,train
202,tr,A0AAW1C238,A0AAW1C238_CROAD,A disintegrin and metalloproteinase with thrombospondin motifs 12,Crotalus adamanteus,8729,4,Clustered_Disintegrins,test
203,tr,A0AAW1C5R8,A0AAW1C5R8_CROAD,ADAM10: Disintegrin and metalloproteinase domain-containing protein 10,Crotalus adamanteus,8729,4,Clustered_Disintegrins,train
204,tr,A0AAW1AZ65,A0AAW1AZ65_CROAD,A disintegrin and metalloproteinase with thrombospondin motifs 8,Crotalus adamanteus,8729,4,Clustered_Disintegrins,train
205,tr,A0AAW1C5L9,A0AAW1C5L9_CROAD,Disintegrin and metalloproteinase domain-containing protein 20-like,Crotalus adamanteus,8729,4,Clustered_Disintegrins,train
206,tr,A0AAW1AYP5,A0AAW1AYP5_CROAD,A disintegrin and metalloproteinase with thrombospondin motifs 15,Crotalus adamanteus,8729,4,Clustered_Disintegrins,train
207,tr,A0AAW1B9A6,A0AAW1B9A6_CROAD,A disintegrin and metalloproteinase with thrombospondin motifs 3,Crotalus adamanteus,8729,4,Clustered_Disintegrins,val
208,tr,A0AAW1BWX2,A0AAW1BWX2_CROAD,A disintegrin and metalloproteinase with thrombospondin motifs 2,Crotalus adamanteus,8729,4,Clustered_Disintegrins,train
209,tr,V8NCM5,V8NCM5_OPHHA,A disintegrin and metalloproteinase with thrombospondin motifs 3 (Fragment),Ophiophagus hannah,8665,4,Clustered_Disintegrins,val
210,tr,V8NDQ2,V8NDQ2_OPHHA,A disintegrin and metalloproteinase with thrombospondin motifs 3 (Fragment),Ophiophagus hannah,8665,4,Clustered_Disintegrins,train
211,tr,V8NLT9,V8NLT9_OPHHA,A disintegrin and metalloproteinase with thrombospondin motifs 15 (Fragment),Ophiophagus hannah,8665,4,Clustered_Disintegrins,val
212,tr,V8N6N5,V8N6N5_OPHHA,A disintegrin and metalloproteinase with thrombospondin motifs 3 (Fragment),Ophiophagus hannah,8665,4,Clustered_Disintegrins,test
213,tr,V8NQE7,V8NQE7_OPHHA,A disintegrin and metalloproteinase with thrombospondin motifs 17 (Fragment),Ophiophagus hannah,8665,4,Clustered_Disintegrins,test
214,tr,V8P6K7,V8P6K7_OPHHA,A disintegrin and metalloproteinase with thrombospondin motifs 2 (Fragment),Ophiophagus hannah,8665,4,Clustered_Disintegrins,train
215,tr,A0AAW1BNL7,A0AAW1BNL7_CROAD,A disintegrin and metalloproteinase with thrombospondin motifs 16-like,Crotalus adamanteus,8729,4,Clustered_Disintegrins,train
216,tr,A0AAW1AWB2,A0AAW1AWB2_CROAD,A disintegrin and metalloproteinase with thrombospondin motifs 17-like,Crotalus adamanteus,8729,4,Clustered_Disintegrins,train
217,tr,A0AAW1BWI7,A0AAW1BWI7_CROAD,A disintegrin and metalloproteinase with thrombospondin motifs 2-like,Crotalus adamanteus,8729,4,Clustered_Disintegrins,test
218,sp,Q9PTU8,VSP3_BOTJA,Snake venom serine protease BPA,Bothrops jararaca,8724,1,Clustered_Snake_Venom_Serine_Proteases(SVSP),val
219,sp,Q8JH85,VSPA_MACLB,Alpha-fibrinogenase,Macrovipera lebetinus,3148341,1,Clustered_Snake_Venom_Serine_Proteases(SVSP),train
220,sp,A8QL56,VSP1_OPHHA,Alpha- and beta-fibrinogenase OhS1,Ophiophagus hannah,8665,1,Clustered_Snake_Venom_Serine_Proteases(SVSP),test
221,sp,P0DPS3,VASP1_VIPAA,Snake venom serine protease VaSP1 (Fragment),Vipera ammodytes ammodytes,8705,1,Clustered_Snake_Venom_Serine_Proteases(SVSP),train
222,sp,Q5W959,VSP14_BOTJA,Snake venom serine protease HS114,Bothrops jararaca,8724,1,Clustered_Snake_Venom_Serine_Proteases(SVSP),val
223,sp,B7S4N9,VKT_OXYSC,Kunitz-type serine protease inhibitor taicotoxin,Oxyuranus scutellatus scutellatus,8667,1,Clustered_Snake_Venom_Serine_Proteases(SVSP),train
224,sp,P0CG03,VSPBH_BOTAL,Thrombin-like enzyme bhalternin,Bothrops alternatus,64174,1,Clustered_Snake_Venom_Serine_Proteases(SVSP),train
225,sp,P0C5B4,VSPGL_GLOSH,Thrombin-like enzyme gloshedobin,Gloydius shedaoensis,88083,1,Clustered_Snake_Venom_Serine_Proteases(SVSP),train
226,sp,P0DJE9,VSP1_BOTMA,Thrombin-like enzyme TLBm,Bothrops marajoensis,157554,1,Clustered_Snake_Venom_Serine_Proteases(SVSP),train
227,sp,P18965,VSPG_DABSI,Factor V activator RVV-V gamma,Daboia siamensis,343250,1,Clustered_Snake_Venom_Serine_Proteases(SVSP),train
228,sp,F8S114,VSPCR_CROAD,Thrombin-like enzyme crotalase,Crotalus adamanteus,8729,1,Clustered_Snake_Venom_Serine_Proteases(SVSP),train
229,sp,P0DJG3,VSP1_BOTAN,Thrombin-like enzyme TLBan (Fragment),Bothrocophias andianus,1144373,1,Clustered_Snake_Venom_Serine_Proteases(SVSP),train
230,sp,Q58L96,FAXC_OXYSU,Venom prothrombin activator oscutarin-C catalytic subunit,Oxyuranus scutellatus,8668,1,Clustered_Snake_Venom_Serine_Proteases(SVSP),train
231,sp,P0DJ86,VSPL_BOTLC,Thrombin-like enzyme leucurobin,Bothrops leucurus,157295,1,Clustered_Snake_Venom_Serine_Proteases(SVSP),val
232,sp,P0C577,VSPG_BITGA,Thrombin-like enzyme gabonase (Fragment),Bitis gabonica,8694,1,Clustered_Snake_Venom_Serine_Proteases(SVSP),val
233,sp,P05620,VSP1_PROFL,Thrombin-like enzyme flavoxobin,Protobothrops flavoviridis,88087,1,Clustered_Snake_Venom_Serine_Proteases(SVSP),train
234,sp,P33589,VSPF_LACMU,Thrombin-like enzyme gyroxin analog,Lachesis muta muta,8753,1,Clustered_Snake_Venom_Serine_Proteases(SVSP),train
235,sp,P00981,VKTHK_DENPO,Kunitz-type serine protease inhibitor homolog dendrotoxin K (Fragment),Dendroaspis polylepis polylepis,8620,1,Clustered_Snake_Venom_Serine_Proteases(SVSP),test
236,sp,P86497,VSPR1_BITRH,Snake venom serine protease rhinocerase (Fragment),Bitis rhinoceros,715877,1,Clustered_Snake_Venom_Serine_Proteases(SVSP),train
237,sp,Q7SYF1,VSPP_CERCE,Thrombin-like enzyme cerastocytin,Cerastes cerastes,8697,1,Clustered_Snake_Venom_Serine_Proteases(SVSP),train
238,sp,P0DRJ7,VSPKA_LACMU,Kallikrein-like enzyme LV-Ka (Fragment),Lachesis muta muta,8753,1,Clustered_Snake_Venom_Serine_Proteases(SVSP),train
239,sp,Q9I8X2,VSP1_DEIAC,Thrombin-like enzyme acutobin,Deinagkistrodon acutus,36307,1,Clustered_Snake_Venom_Serine_Proteases(SVSP),val
240,sp,P0DJF6,VSPC_TRIAB,Thrombin-like enzyme chitribrisin,Trimeresurus albolabris,8765,1,Clustered_Snake_Venom_Serine_Proteases(SVSP),test
241,sp,P47797,VSPF2_CALRH,Thrombin-like enzyme ancrod-2,Calloselasma rhodostoma,8717,2,Clustered_Snake_Venom_Serine_Proteases(SVSP),train
242,sp,P25660,VKT9_BUNFA,Kunitz-type serine protease inhibitor IX,Bungarus fasciatus,8613,1,Clustered_Snake_Venom_Serine_Proteases(SVSP),train
243,sp,P26324,VSPF1_CALRH,Thrombin-like enzyme ancrod,Calloselasma rhodostoma,8717,1,Clustered_Snake_Venom_Serine_Proteases(SVSP),train
244,sp,Q9YGS1,VSPA_DEIAC,Thrombin-like enzyme acutin (Fragment),Deinagkistrodon acutus,36307,1,Clustered_Snake_Venom_Serine_Proteases(SVSP),test
245,sp,Q09GK1,VSP_PHIOL,Snake venom serine protease,Philodryas olfersii,120305,2,Clustered_Snake_Venom_Serine_Proteases(SVSP),test
246,sp,Q71QI5,VSP03_TRIST,Snake venom serine protease KN3,Trimeresurus stejnegeri,39682,2,Clustered_Snake_Venom_Serine_Proteases(SVSP),train
247,sp,Q8QG86,VSP_BOTIN,Snake venom serine protease BITS01A,Bothrops insularis,8723,2,Clustered_Snake_Venom_Serine_Proteases(SVSP),train
248,sp,O73800,VSPSN_GLOHA,Snake venom serine protease salmobin,Gloydius halys,8714,2,Clustered_Snake_Venom_Serine_Proteases(SVSP),train
249,sp,Q8AY78,VSP5M_TRIST,Snake venom serine protease 5,Trimeresurus stejnegeri,39682,2,Clustered_Snake_Venom_Serine_Proteases(SVSP),train
250,sp,Q6IWF1,VSPTL_BOTAL,Snake venom serine protease BthaTL,Bothrops alternatus,64174,2,Clustered_Snake_Venom_Serine_Proteases(SVSP),train
251,sp,Q71QI4,VSP05_TRIST,Snake venom serine protease KN5,Trimeresurus stejnegeri,39682,2,Clustered_Snake_Venom_Serine_Proteases(SVSP),train
252,sp,Q802F0,VSPP1_GLOHA,Snake venom serine protease PTLE1,Gloydius halys,8714,2,Clustered_Snake_Venom_Serine_Proteases(SVSP),train
253,sp,P00979,VKTH1_DENPO,Kunitz-type serine protease inhibitor homolog dendrotoxin I,Dendroaspis polylepis polylepis,8620,1,Clustered_Snake_Venom_Serine_Proteases(SVSP),train
254,sp,Q9I8X0,VSP3_DEIAC,Snake venom serine protease Dav-KN,Deinagkistrodon acutus,36307,2,Clustered_Snake_Venom_Serine_Proteases(SVSP),train
255,sp,E0Y420,VSP3_MACLB,Serine protease VLSP-3,Macrovipera lebetinus,3148341,2,Clustered_Snake_Venom_Serine_Proteases(SVSP),train
256,sp,P00991,VKT1_VIPAA,Kunitz-type serine protease inhibitor 1,Vipera ammodytes ammodytes,8705,1,Clustered_Snake_Venom_Serine_Proteases(SVSP),train
257,sp,E0Y418,VSP1_MACLB,Serine protease VLSP-1,Macrovipera lebetinus,3148341,2,Clustered_Snake_Venom_Serine_Proteases(SVSP),train
258,sp,Q9I8W9,VSP4_DEIAC,Snake venom serine protease Dav-X,Deinagkistrodon acutus,36307,2,Clustered_Snake_Venom_Serine_Proteases(SVSP),train
259,sp,B5U6Y3,VSP_ECHOC,Serine protease sp-Eoc49,Echis ocellatus,99586,2,Clustered_Snake_Venom_Serine_Proteases(SVSP),train
260,sp,Q9DG83,VSP6_PROMU,Snake venom serine protease serpentokallikrein-1,Protobothrops mucrosquamatus,103944,2,Clustered_Snake_Venom_Serine_Proteases(SVSP),train
261,sp,E5AJX2,VSP_VIPNI,Snake venom serine protease nikobin,Vipera nikolskii,1808362,2,Clustered_Snake_Venom_Serine_Proteases(SVSP),val
262,sp,O13061,VSPB_CRAGM,Snake venom serine protease 2B,Craspedocephalus gramineus,8767,2,Clustered_Snake_Venom_Serine_Proteases(SVSP),train
263,sp,Q90WA1,VKT1_PSETT,Kunitz-type serine protease inhibitor textilinin-1,Pseudonaja textilis textilis,169397,1,Clustered_Snake_Venom_Serine_Proteases(SVSP),train
264,sp,D8MIA3,VSPR5_BITRH,Snake venom serine protease rhinocerase 5 (Fragment),Bitis rhinoceros,715877,1,Clustered_Snake_Venom_Serine_Proteases(SVSP),train
265,sp,P82966,VKTCI_OPHHA,Kunitz-type serine protease inhibitor,Ophiophagus hannah,8665,1,Clustered_Snake_Venom_Serine_Proteases(SVSP),train
266,sp,E5L0E4,VSPB_DABSI,Beta-fibrinogenase-like,Daboia siamensis,343250,2,Clustered_Snake_Venom_Serine_Proteases(SVSP),train
267,sp,P0DJF5,VSPPA_TRIAB,Venom plasminogen activator GPV-PA,Trimeresurus albolabris,8765,2,Clustered_Snake_Venom_Serine_Proteases(SVSP),train
268,sp,Q5W958,VSPH_BOTJA,Snake venom serine protease homolog HS120,Bothrops jararaca,8724,2,Clustered_Snake_Venom_Serine_Proteases(SVSP),train
269,sp,P00983,MAMB7_DENPO,Mambaquaretin-7,Dendroaspis polylepis polylepis,8620,1,Clustered_Snake_Venom_Serine_Proteases(SVSP),train
270,sp,I2G9B4,VKT_MACLN,Kunitz-type serine protease inhibitor PIVL,Macrovipera lebetina transmediterranea,384075,1,Clustered_Snake_Venom_Serine_Proteases(SVSP),train
271,sp,D8MIA1,VSPH3_BITRH,Snake venom serine protease homolog rhinocerase 3 (Fragment),Bitis rhinoceros,715877,1,Clustered_Snake_Venom_Serine_Proteases(SVSP),train
272,sp,Q9PRY9,VSP_BITAR,Snake venom serine proteinase (Fragment),Bitis arietans,8692,1,Clustered_Snake_Venom_Serine_Proteases(SVSP),train
273,sp,Q9PS28,VSPF_CERCE,Thrombin-like enzyme RP34 (Fragment),Cerastes cerastes,8697,1,Clustered_Snake_Venom_Serine_Proteases(SVSP),train
274,sp,Q7LZF5,VSPC1_CROAT,Thrombin-like enzyme catroxobin-1 (Fragment),Crotalus atrox,8730,1,Clustered_Snake_Venom_Serine_Proteases(SVSP),train
275,sp,P00989,VKTH2_BUNMU,Kunitz-type serine protease inhibitor homolog beta-bungarotoxin B2 chain,Bungarus multicinctus,8616,1,Clustered_Snake_Venom_Serine_Proteases(SVSP),train
276,sp,P00987,VKTH1_BUNMU,"Kunitz-type serine protease inhibitor homolog beta-bungarotoxin B1 chain, major component",Bungarus multicinctus,8616,1,Clustered_Snake_Venom_Serine_Proteases(SVSP),train
277,sp,C0HK18,VSP4_CRODO,Thrombin-like enzyme collinein-4 (Fragment),Crotalus durissus collilineatus,221569,1,Clustered_Snake_Venom_Serine_Proteases(SVSP),train
278,sp,C0HLB2,VKT_PSEPC,Kunitz-type serine protease inhibitor PPTI,Pseudocerastes persicus,47769,1,Clustered_Snake_Venom_Serine_Proteases(SVSP),val
279,sp,H6VC05,VKTK1_DABRR,Kunitz-type serine protease inhibitor DrKIn-I,Daboia russelii,8707,1,Clustered_Snake_Venom_Serine_Proteases(SVSP),train
280,sp,P00986,VKT2_NAJNI,Kunitz-type serine protease inhibitor 2,Naja nivea,8655,1,Clustered_Snake_Venom_Serine_Proteases(SVSP),train
281,sp,P00984,VKTE_DENPO,Kunitz-type serine protease inhibitor dendrotoxin E,Dendroaspis polylepis polylepis,8620,1,Clustered_Snake_Venom_Serine_Proteases(SVSP),train
282,sp,Q5ZPJ7,VKT_NAJAT,Kunitz-type serine protease inhibitor NACI,Naja atra,8656,1,Clustered_Snake_Venom_Serine_Proteases(SVSP),test
283,sp,P20229,VKTTI_NAJNA,Kunitz-type serine protease inhibitor,Naja naja,35670,1,Clustered_Snake_Venom_Serine_Proteases(SVSP),train
284,sp,Q1RPS9,VKTH5_BUNMU,Kunitz-type serine protease inhibitor homolog beta-bungarotoxin B5 chain,Bungarus multicinctus,8616,3,Clustered_Snake_Venom_Serine_Proteases(SVSP),train
285,sp,P0DKL8,VKT_VIPRE,Kunitz-type serine protease inhibitor Vur-KIn,Vipera renardi,927686,1,Clustered_Snake_Venom_Serine_Proteases(SVSP),test
286,sp,E7FL12,VKT2_PSERS,Kunitz serine protease inhibitor Pr-mulgin 2,Pseudechis rossignolii,1489342,2,Clustered_Snake_Venom_Serine_Proteases(SVSP),train
287,sp,Q7T2Q6,VKTHB_BUNFL,Kunitz-type serine protease inhibitor homolog beta-bungarotoxin B chain,Bungarus flaviceps flaviceps,8615,1,Clustered_Snake_Venom_Serine_Proteases(SVSP),train
288,sp,P81658,VKTHC_DENAN,Kunitz-type serine protease inhibitor homolog calcicludine,Dendroaspis angusticeps,8618,1,Clustered_Snake_Venom_Serine_Proteases(SVSP),test
289,sp,Q2ES46,VKT5_DABRR,Kunitz-type serine protease inhibitor 5,Daboia russelii,8707,2,Clustered_Snake_Venom_Serine_Proteases(SVSP),train
290,sp,B4ESA2,VKT1L_BUNMU,Kunitz-type serine protease inhibitor PILP-1,Bungarus multicinctus,8616,3,Clustered_Snake_Venom_Serine_Proteases(SVSP),train
291,sp,B4ESA3,VKT2L_BUNMU,Kunitz-type serine protease inhibitor PILP-2,Bungarus multicinctus,8616,3,Clustered_Snake_Venom_Serine_Proteases(SVSP),test
292,sp,B2KTG1,VKT_BUNFA,Kunitz-type serine protease inhibitor bungaruskunin,Bungarus fasciatus,8613,1,Clustered_Snake_Venom_Serine_Proteases(SVSP),train
293,sp,F8J2F6,VKT18_DRYCN,Kunitz-type serine protease inhibitor 18,Drysdalia coronoides,66186,1,Clustered_Snake_Venom_Serine_Proteases(SVSP),train
294,tr,A0A1W7RI98,A0A1W7RI98_AGKCO,complement subcomponent C1r,Agkistrodon contortrix contortrix,8713,3,Clustered_Snake_Venom_Serine_Proteases(SVSP),train
295,sp,Q6T6T5,VKT1_BITGA,Kunitz-type serine protease inhibitor bitisilin-1,Bitis gabonica,8694,1,Clustered_Snake_Venom_Serine_Proteases(SVSP),train
296,sp,B4ESA4,VKT3L_BUNMU,Kunitz-type serine protease inhibitor PILP-3,Bungarus multicinctus,8616,3,Clustered_Snake_Venom_Serine_Proteases(SVSP),train
297,sp,A8Y7N7,VKTC4_DABSI,Kunitz-type serine protease inhibitor C4,Daboia siamensis,343250,2,Clustered_Snake_Venom_Serine_Proteases(SVSP),train
298,tr,A0A194AMB1,A0A194AMB1_9SAUR,Snake venom serine protease,Agkistrodon piscivorus,8715,3,Clustered_Snake_Venom_Serine_Proteases(SVSP),train
299,tr,A0A194ARI8,A0A194ARI8_9SAUR,Snake venom serine protease,Agkistrodon piscivorus,8715,3,Clustered_Snake_Venom_Serine_Proteases(SVSP),train
300,sp,P0CAR0,VKTG1_MICPY,Kunitz-type serine protease inhibitor G1 (Fragment),Micrurus pyrrhocryptus,129468,1,Clustered_Snake_Venom_Serine_Proteases(SVSP),train
301,tr,A0A1W7RJX4,A0A1W7RJX4_AGKCO,Snake venom serine protease,Agkistrodon contortrix contortrix,8713,3,Clustered_Snake_Venom_Serine_Proteases(SVSP),train
302,tr,F8S118,F8S118_CROAD,Cadam10_SVSP-2,Crotalus adamanteus,8729,2,Clustered_Snake_Venom_Serine_Proteases(SVSP),train
303,tr,J3RY98,J3RY98_CROAD,Cadam10_SVSP-3,Crotalus adamanteus,8729,2,Clustered_Snake_Venom_Serine_Proteases(SVSP),train
304,tr,A0A6J1TVU9,A0A6J1TVU9_9SAUR,Snake venom serine protease NaSP isoform X1,Notechis scutatus,8663,3,Clustered_Snake_Venom_Serine_Proteases(SVSP),train
305,tr,F8S115,F8S115_CROAD,Cadam10_SVSP-5,Crotalus adamanteus,8729,2,Clustered_Snake_Venom_Serine_Proteases(SVSP),train
306,sp,B5KL29,VKT3_OXYSC,Kunitz-type serine protease inhibitor scutellin-3,Oxyuranus scutellatus scutellatus,8667,2,Clustered_Snake_Venom_Serine_Proteases(SVSP),val
307,sp,B5KF95,VKT1_CRYNI,Kunitz-type serine protease inhibitor nigrescinin-1,Cryptophis nigrescens,292442,2,Clustered_Snake_Venom_Serine_Proteases(SVSP),train
308,sp,B2BS84,VKT_AUSLA,Putative Kunitz-type serine protease inhibitor,Austrelaps labialis,471292,2,Clustered_Snake_Venom_Serine_Proteases(SVSP),train
309,sp,A6MFL2,VKT2_DEMVE,Kunitz-type serine protease inhibitor vestiginin-2,Demansia vestigiata,412038,2,Clustered_Snake_Venom_Serine_Proteases(SVSP),val
310,sp,A6MFL3,VKT3_DEMVE,Kunitz-type serine protease inhibitor vestiginin-3,Demansia vestigiata,412038,1,Clustered_Snake_Venom_Serine_Proteases(SVSP),train
311,sp,Q2ES49,VKT2_DABRR,Kunitz-type serine protease inhibitor 2,Daboia russelii,8707,2,Clustered_Snake_Venom_Serine_Proteases(SVSP),train
312,sp,Q6T269,VKT3_BITGA,Kunitz-type serine protease inhibitor bitisilin-3 (Fragment),Bitis gabonica,8694,2,Clustered_Snake_Venom_Serine_Proteases(SVSP),train
313,sp,A7X3V7,VKT1_PHIOL,Kunitz-type serine protease inhibitor kunitoxin-Phi1,Philodryas olfersii,120305,2,Clustered_Snake_Venom_Serine_Proteases(SVSP),train
314,sp,Q6ITB2,VKT2_NOTSC,Kunitz-type serine protease inhibitor tigerin-2,Notechis scutatus scutatus,70142,2,Clustered_Snake_Venom_Serine_Proteases(SVSP),train
315,sp,A7X3V4,VKT1_TELDH,Kunitz-type serine protease inhibitor kunitoxin-Tel1,Telescopus dhara,338837,2,Clustered_Snake_Venom_Serine_Proteases(SVSP),train
316,sp,Q90W99,VKT3_PSETT,Kunitz-type serine protease inhibitor textilinin-3,Pseudonaja textilis textilis,169397,2,Clustered_Snake_Venom_Serine_Proteases(SVSP),train
317,sp,Q90W98,VKT4_PSETT,Kunitz-type serine protease inhibitor textilinin-4,Pseudonaja textilis textilis,169397,2,Clustered_Snake_Venom_Serine_Proteases(SVSP),train
318,tr,A0A6J1TT97,A0A6J1TT97_9SAUR,Enteropeptidase,Notechis scutatus,8663,3,Clustered_Snake_Venom_Serine_Proteases(SVSP),train
319,tr,A0A9F5J2S8,A0A9F5J2S8_PYTBI,Enteropeptidase,Python bivittatus,176946,3,Clustered_Snake_Venom_Serine_Proteases(SVSP),train
320,tr,A0A670Y0V9,A0A670Y0V9_PSETE,Neurotrypsin,Pseudonaja textilis,8673,3,Clustered_Snake_Venom_Serine_Proteases(SVSP),train
321,tr,A0A6J1UFW4,A0A6J1UFW4_9SAUR,Transmembrane protease serine 2,Notechis scutatus,8663,3,Clustered_Snake_Venom_Serine_Proteases(SVSP),train
322,tr,A0A8C7DTF1,A0A8C7DTF1_NAJNA,Neurotrypsin,Naja naja,35670,3,Clustered_Snake_Venom_Serine_Proteases(SVSP),train
323,tr,A0A1Y0DIC1,A0A1Y0DIC1_AZEFE,Serine protease,Azemiops feae,8773,2,Clustered_Snake_Venom_Serine_Proteases(SVSP),train
324,tr,Q71QH8,Q71QH8_TRIST,Serine protease CL4,Trimeresurus stejnegeri,39682,2,Clustered_Snake_Venom_Serine_Proteases(SVSP),train
325,tr,A0A6G5ZVU8,A0A6G5ZVU8_VIPAN,Serine protease 12 (Fragment),Vipera anatolica senliki,2604287,2,Clustered_Snake_Venom_Serine_Proteases(SVSP),train
326,tr,A0A286S0D6,A0A286S0D6_GLOIT,Serine protease 4,Gloydius intermedius,44732,2,Clustered_Snake_Venom_Serine_Proteases(SVSP),train
327,tr,A0A6P9C9R4,A0A6P9C9R4_PANGU,Transmembrane protease serine 9-like,Pantherophis guttatus,94885,3,Clustered_Snake_Venom_Serine_Proteases(SVSP),train
328,tr,A0A9F2R3U3,A0A9F2R3U3_PYTBI,Suppressor of tumorigenicity 14 protein homolog,Python bivittatus,176946,3,Clustered_Snake_Venom_Serine_Proteases(SVSP),train
329,tr,A0A6J1UTT9,A0A6J1UTT9_9SAUR,Suppressor of tumorigenicity 14 protein homolog,Notechis scutatus,8663,3,Clustered_Snake_Venom_Serine_Proteases(SVSP),train
330,tr,A0A6P9D1Z2,A0A6P9D1Z2_PANGU,LOW QUALITY PROTEIN: mannan-binding lectin serine protease 2,Pantherophis guttatus,94885,3,Clustered_Snake_Venom_Serine_Proteases(SVSP),train
331,tr,A0A0K8S008,A0A0K8S008_CROHD,Serine protease 13d,Crotalus horridus,35024,3,Clustered_Snake_Venom_Serine_Proteases(SVSP),val
332,tr,A0A1Y0DIB4,A0A1Y0DIB4_AZEFE,Serine protease,Azemiops feae,8773,2,Clustered_Snake_Venom_Serine_Proteases(SVSP),train
333,tr,A0A6J1VVV4,A0A6J1VVV4_9SAUR,Kunitz-type serine protease inhibitor 4-like,Notechis scutatus,8663,3,Clustered_Snake_Venom_Serine_Proteases(SVSP),train
334,tr,A0A1Y0DIB6,A0A1Y0DIB6_AZEFE,Serine protease,Azemiops feae,8773,2,Clustered_Snake_Venom_Serine_Proteases(SVSP),train
335,tr,A0A8T1N5Q9,A0A8T1N5Q9_BOTJA,Snake venom serine protease,Bothrops jararaca,8724,3,Clustered_Snake_Venom_Serine_Proteases(SVSP),train
336,tr,A0A8T1N4W0,A0A8T1N4W0_BOTJA,Snake venom serine protease,Bothrops jararaca,8724,3,Clustered_Snake_Venom_Serine_Proteases(SVSP),train
337,tr,A0A6I9YAD9,A0A6I9YAD9_9SAUR,Snake venom serine protease-like,Thamnophis sirtalis,35019,3,Clustered_Snake_Venom_Serine_Proteases(SVSP),train
338,tr,A0AAW1BHF0,A0AAW1BHF0_CROAD,Serine protease 56,Crotalus adamanteus,8729,3,Clustered_Snake_Venom_Serine_Proteases(SVSP),train
339,tr,A0A2D4J392,A0A2D4J392_MICLE,Transmembrane protease serine (Fragment),Micrurus lemniscatus lemniscatus,129467,3,Clustered_Snake_Venom_Serine_Proteases(SVSP),train
340,tr,A0AAW1AZI6,A0AAW1AZI6_CROAD,Serine protease hepsin,Crotalus adamanteus,8729,3,Clustered_Snake_Venom_Serine_Proteases(SVSP),train
341,tr,A0A6G5ZUI5,A0A6G5ZUI5_VIPAN,Serine protease inhibitor 4,Vipera anatolica senliki,2604287,2,Clustered_Snake_Venom_Serine_Proteases(SVSP),val
342,tr,A0AAW1B8A3,A0AAW1B8A3_CROAD,Serine protease 55-like,Crotalus adamanteus,8729,3,Clustered_Snake_Venom_Serine_Proteases(SVSP),train
343,tr,A0A670YN01,A0A670YN01_PSETE,Serine protease 8,Pseudonaja textilis,8673,3,Clustered_Snake_Venom_Serine_Proteases(SVSP),test
344,tr,A0A670ZH79,A0A670ZH79_PSETE,Serine protease 56,Pseudonaja textilis,8673,3,Clustered_Snake_Venom_Serine_Proteases(SVSP),train
345,tr,A0A6I9XUV4,A0A6I9XUV4_9SAUR,Serine protease 53,Thamnophis sirtalis,35019,3,Clustered_Snake_Venom_Serine_Proteases(SVSP),train
346,tr,A0A6J1VVU0,A0A6J1VVU0_9SAUR,Serine protease 56,Notechis scutatus,8663,3,Clustered_Snake_Venom_Serine_Proteases(SVSP),train
347,tr,A0AAW1C0D7,A0AAW1C0D7_CROAD,Transmembrane protease serine 12,Crotalus adamanteus,8729,3,Clustered_Snake_Venom_Serine_Proteases(SVSP),train
348,tr,A0AAW1B639,A0AAW1B639_CROAD,Serine protease 27-like,Crotalus adamanteus,8729,3,Clustered_Snake_Venom_Serine_Proteases(SVSP),val
349,tr,A0AAW1B492,A0AAW1B492_CROAD,Transmembrane protease serine 11E,Crotalus adamanteus,8729,3,Clustered_Snake_Venom_Serine_Proteases(SVSP),train
350,tr,A0A8T1N163,A0A8T1N163_BOTJA,Snake venom serine protease,Bothrops jararaca,8724,3,Clustered_Snake_Venom_Serine_Proteases(SVSP),train
351,tr,A0A9F2WIZ9,A0A9F2WIZ9_PYTBI,Serine protease 27-like,Python bivittatus,176946,3,Clustered_Snake_Venom_Serine_Proteases(SVSP),val
352,tr,A0A6I9Z4D1,A0A6I9Z4D1_9SAUR,Serine protease 55-like,Thamnophis sirtalis,35019,3,Clustered_Snake_Venom_Serine_Proteases(SVSP),train
353,tr,A0A6P9C4A5,A0A6P9C4A5_PANGU,Serine protease 27-like,Pantherophis guttatus,94885,3,Clustered_Snake_Venom_Serine_Proteases(SVSP),train
354,tr,A0AAW1BL91,A0AAW1BL91_CROAD,Serine protease 23,Crotalus adamanteus,8729,3,Clustered_Snake_Venom_Serine_Proteases(SVSP),train
355,tr,A0AAW1C320,A0AAW1C320_CROAD,Transmembrane protease serine 9,Crotalus adamanteus,8729,3,Clustered_Snake_Venom_Serine_Proteases(SVSP),train
356,tr,A0AAW1B510,A0AAW1B510_CROAD,Transmembrane protease serine 11E-like,Crotalus adamanteus,8729,3,Clustered_Snake_Venom_Serine_Proteases(SVSP),val
357,tr,A0A6I9X973,A0A6I9X973_9SAUR,Serine protease 27-like,Thamnophis sirtalis,35019,3,Clustered_Snake_Venom_Serine_Proteases(SVSP),train
358,tr,A0A6J1UHD9,A0A6J1UHD9_9SAUR,Transmembrane protease serine 3,Notechis scutatus,8663,3,Clustered_Snake_Venom_Serine_Proteases(SVSP),val
359,tr,A0A6J1UQJ1,A0A6J1UQJ1_9SAUR,Neurotrypsin,Notechis scutatus,8663,3,Clustered_Snake_Venom_Serine_Proteases(SVSP),test
360,tr,A0A9F5J2X4,A0A9F5J2X4_PYTBI,Transmembrane protease serine 9,Python bivittatus,176946,3,Clustered_Snake_Venom_Serine_Proteases(SVSP),train
361,tr,A0A6P9D546,A0A6P9D546_PANGU,Neurotrypsin,Pantherophis guttatus,94885,3,Clustered_Snake_Venom_Serine_Proteases(SVSP),train
362,tr,A0A8C6XYZ7,A0A8C6XYZ7_NAJNA,Transmembrane serine protease 2,Naja naja,35670,3,Clustered_Snake_Venom_Serine_Proteases(SVSP),train
363,tr,A0A6I9X325,A0A6I9X325_9SAUR,Transmembrane protease serine 7,Thamnophis sirtalis,35019,3,Clustered_Snake_Venom_Serine_Proteases(SVSP),train
364,tr,A0A6P9CAB1,A0A6P9CAB1_PANGU,Transmembrane protease serine 2,Pantherophis guttatus,94885,3,Clustered_Snake_Venom_Serine_Proteases(SVSP),train
365,tr,A0A8C6X785,A0A8C6X785_NAJNA,Transmembrane serine protease 7,Naja naja,35670,3,Clustered_Snake_Venom_Serine_Proteases(SVSP),train
366,tr,A0AAW1BD95,A0AAW1BD95_CROAD,Transmembrane protease serine 6,Crotalus adamanteus,8729,3,Clustered_Snake_Venom_Serine_Proteases(SVSP),val
367,tr,A0A8C6Y0I3,A0A8C6Y0I3_NAJNA,Transmembrane serine protease 13,Naja naja,35670,3,Clustered_Snake_Venom_Serine_Proteases(SVSP),train
368,tr,A0A6J1V7F7,A0A6J1V7F7_9SAUR,Transmembrane protease serine 12-like,Notechis scutatus,8663,3,Clustered_Snake_Venom_Serine_Proteases(SVSP),train
369,tr,A0AAW1BF14,A0AAW1BF14_CROAD,Serine protease HTRA1,Crotalus adamanteus,8729,3,Clustered_Snake_Venom_Serine_Proteases(SVSP),train
370,tr,A0AAW1CBG3,A0AAW1CBG3_CROAD,Inactive serine protease 35,Crotalus adamanteus,8729,3,Clustered_Snake_Venom_Serine_Proteases(SVSP),test
371,tr,A0A8C5SPJ7,A0A8C5SPJ7_LATLA,Transmembrane serine protease 15,Laticauda laticaudata,8630,3,Clustered_Snake_Venom_Serine_Proteases(SVSP),train
372,tr,A0A9F2KUF4,A0A9F2KUF4_PYTBI,Transmembrane protease serine 7-like,Python bivittatus,176946,3,Clustered_Snake_Venom_Serine_Proteases(SVSP),val
373,tr,A0A6I9YUK1,A0A6I9YUK1_9SAUR,Transmembrane protease serine 3-like,Thamnophis sirtalis,35019,3,Clustered_Snake_Venom_Serine_Proteases(SVSP),train
374,tr,V8NCL7,V8NCL7_OPHHA,Transmembrane protease serine 3 (Fragment),Ophiophagus hannah,8665,3,Clustered_Snake_Venom_Serine_Proteases(SVSP),train
375,tr,A0A6I9YC20,A0A6I9YC20_9SAUR,Serine protease 27-like isoform X2,Thamnophis sirtalis,35019,3,Clustered_Snake_Venom_Serine_Proteases(SVSP),train
376,tr,V8PHD7,V8PHD7_OPHHA,Transmembrane protease serine 6 (Fragment),Ophiophagus hannah,8665,3,Clustered_Snake_Venom_Serine_Proteases(SVSP),train
377,tr,V8P530,V8P530_OPHHA,Transmembrane protease serine 7 (Fragment),Ophiophagus hannah,8665,3,Clustered_Snake_Venom_Serine_Proteases(SVSP),train
378,tr,A0A6I9YC74,A0A6I9YC74_9SAUR,Serine protease 27-like isoform X1,Thamnophis sirtalis,35019,3,Clustered_Snake_Venom_Serine_Proteases(SVSP),test
379,tr,A0AAW1BJX0,A0AAW1BJX0_CROAD,TMPRSS7: Transmembrane protease serine 7,Crotalus adamanteus,8729,3,Clustered_Snake_Venom_Serine_Proteases(SVSP),val
380,tr,A0AAW1B8X9,A0AAW1B8X9_CROAD,"Serine protease HTRA2, mitochondrial",Crotalus adamanteus,8729,3,Clustered_Snake_Venom_Serine_Proteases(SVSP),train
381,tr,A0A6I9XN02,A0A6I9XN02_9SAUR,Serine protease 27-like isoform X2,Thamnophis sirtalis,35019,3,Clustered_Snake_Venom_Serine_Proteases(SVSP),train
382,tr,A0A9F5IQX0,A0A9F5IQX0_PYTBI,Transmembrane protease serine 13 isoform X1,Python bivittatus,176946,3,Clustered_Snake_Venom_Serine_Proteases(SVSP),test
383,tr,A0A9F5J7D2,A0A9F5J7D2_PYTBI,Mannan-binding lectin serine protease 1,Python bivittatus,176946,3,Clustered_Snake_Venom_Serine_Proteases(SVSP),train
384,tr,A0A6P9BGR4,A0A6P9BGR4_PANGU,Transmembrane protease serine 7 isoform X3,Pantherophis guttatus,94885,3,Clustered_Snake_Venom_Serine_Proteases(SVSP),train
385,tr,D3YLG9,D3YLG9_ECHOC,Serine proteinase (Fragment),Echis ocellatus,99586,2,Clustered_Snake_Venom_Serine_Proteases(SVSP),train
386,tr,V8NFE6,V8NFE6_OPHHA,Transmembrane protease serine 9 (Fragment),Ophiophagus hannah,8665,3,Clustered_Snake_Venom_Serine_Proteases(SVSP),val
387,tr,A0A6P9BAM1,A0A6P9BAM1_PANGU,Transmembrane protease serine 12-like isoform X3,Pantherophis guttatus,94885,3,Clustered_Snake_Venom_Serine_Proteases(SVSP),train
388,tr,A0A6P9BK07,A0A6P9BK07_PANGU,Transmembrane protease serine 12-like isoform X1,Pantherophis guttatus,94885,3,Clustered_Snake_Venom_Serine_Proteases(SVSP),train
389,tr,A0A9F3QUK2,A0A9F3QUK2_PYTBI,Transmembrane protease serine 12-like isoform X1,Python bivittatus,176946,3,Clustered_Snake_Venom_Serine_Proteases(SVSP),train
390,tr,A0A6J1VMP6,A0A6J1VMP6_9SAUR,LOW QUALITY PROTEIN: transmembrane protease serine 9,Notechis scutatus,8663,3,Clustered_Snake_Venom_Serine_Proteases(SVSP),test
391,tr,A0A6P9CDY9,A0A6P9CDY9_PANGU,Transmembrane protease serine 13-like isoform X1,Pantherophis guttatus,94885,3,Clustered_Snake_Venom_Serine_Proteases(SVSP),test
392,tr,A0A6P9B323,A0A6P9B323_PANGU,Mannan-binding lectin serine protease 1-like,Pantherophis guttatus,94885,3,Clustered_Snake_Venom_Serine_Proteases(SVSP),train
393,tr,A0A6I9XRL2,A0A6I9XRL2_9SAUR,LOW QUALITY PROTEIN: transmembrane protease serine 9,Thamnophis sirtalis,35019,3,Clustered_Snake_Venom_Serine_Proteases(SVSP),train
394,tr,A0AAW1BHI4,A0AAW1BHI4_CROAD,Mannan-binding lectin serine protease 1,Crotalus adamanteus,8729,4,Clustered_Snake_Venom_Serine_Proteases(SVSP),test
395,tr,A0AAW1C855,A0AAW1C855_CROAD,Inactive serine protease PAMR1,Crotalus adamanteus,8729,4,Clustered_Snake_Venom_Serine_Proteases(SVSP),train
396,tr,A0A077LD42,A0A077LD42_PROFL,Serine protease (Fragment),Protobothrops flavoviridis,88087,2,Clustered_Snake_Venom_Serine_Proteases(SVSP),val
397,tr,T2HP78,T2HP78_PROFL,Serine protease (Fragment),Protobothrops flavoviridis,88087,2,Clustered_Snake_Venom_Serine_Proteases(SVSP),train
398,tr,E9JG15,E9JG15_ECHCO,Serine protease (Fragment),Echis coloratus,64175,2,Clustered_Snake_Venom_Serine_Proteases(SVSP),train
399,tr,U3TBG7,U3TBG7_PROFL,Serine protease,Protobothrops flavoviridis,88087,2,Clustered_Snake_Venom_Serine_Proteases(SVSP),test
400,tr,A0AAW1C2I6,A0AAW1C2I6_CROAD,non-specific serine/threonine protein kinase,Crotalus adamanteus,8729,3,Clustered_Snake_Venom_Serine_Proteases(SVSP),test
401,tr,A0A098LY95,A0A098LY95_PYTRG,Serine protease,Python regius,51751,2,Clustered_Snake_Venom_Serine_Proteases(SVSP),train
402,tr,D5KRX9,D5KRX9_ECHOC,Serine protease (Fragment),Echis ocellatus,99586,2,Clustered_Snake_Venom_Serine_Proteases(SVSP),test
403,tr,E9JG16,E9JG16_ECHCO,Serine protease (Fragment),Echis coloratus,64175,2,Clustered_Snake_Venom_Serine_Proteases(SVSP),train
404,tr,D5KRY1,D5KRY1_ECHOC,Serine protease (Fragment),Echis ocellatus,99586,2,Clustered_Snake_Venom_Serine_Proteases(SVSP),train
405,tr,E9JG25,E9JG25_ECHCO,Serine protease (Fragment),Echis coloratus,64175,2,Clustered_Snake_Venom_Serine_Proteases(SVSP),train
406,tr,E9JG22,E9JG22_ECHCS,Serine protease (Fragment),Echis carinatus sochureki,124223,2,Clustered_Snake_Venom_Serine_Proteases(SVSP),test
407,tr,E9JG06,E9JG06_ECHPL,Serine protease (Fragment),Echis pyramidum leakeyi,38415,2,Clustered_Snake_Venom_Serine_Proteases(SVSP),train
408,tr,A0A0A1WDS0,A0A0A1WDS0_ECHCO,Serine protease F (Fragment),Echis coloratus,64175,2,Clustered_Snake_Venom_Serine_Proteases(SVSP),train
409,tr,A0A0A1WDS7,A0A0A1WDS7_ECHCO,Serine protease A (Fragment),Echis coloratus,64175,2,Clustered_Snake_Venom_Serine_Proteases(SVSP),train
410,tr,A0A6G5ZUW7,A0A6G5ZUW7_VIPAN,Serine protease 10 (Fragment),Vipera anatolica senliki,2604287,2,Clustered_Snake_Venom_Serine_Proteases(SVSP),train
411,tr,A0A6G5ZW32,A0A6G5ZW32_VIPAN,Serine protease 3,Vipera anatolica senliki,2604287,2,Clustered_Snake_Venom_Serine_Proteases(SVSP),train
412,tr,A0A6G5ZUG1,A0A6G5ZUG1_VIPAN,Serine protease 1,Vipera anatolica senliki,2604287,2,Clustered_Snake_Venom_Serine_Proteases(SVSP),train
413,tr,A0A2I7YS81,A0A2I7YS81_9SAUR,Serine endopeptidase,Crotalus scutulatus,8737,2,Clustered_Snake_Venom_Serine_Proteases(SVSP),train
414,tr,T2HPE9,T2HPE9_PROFL,Serine protease (Fragment),Protobothrops flavoviridis,88087,2,Clustered_Snake_Venom_Serine_Proteases(SVSP),train
415,tr,A0A6J1VE32,A0A6J1VE32_9SAUR,Serine protease harobin,Notechis scutatus,8663,3,Clustered_Snake_Venom_Serine_Proteases(SVSP),train
416,tr,U3FZ05,U3FZ05_MICFL,non-specific serine/threonine protein kinase,Micrurus fulvius,8637,2,Clustered_Snake_Venom_Serine_Proteases(SVSP),train
417,tr,A0A6G5ZVV7,A0A6G5ZVV7_VIPAN,Serine protease inhibitor 1,Vipera anatolica senliki,2604287,2,Clustered_Snake_Venom_Serine_Proteases(SVSP),train
418,tr,A0A6G5ZW53,A0A6G5ZW53_VIPAN,Serine protease inhibitor 3,Vipera anatolica senliki,2604287,2,Clustered_Snake_Venom_Serine_Proteases(SVSP),test
419,tr,A0A077L6U1,A0A077L6U1_PROFL,Serine protease (Fragment),Protobothrops flavoviridis,88087,2,Clustered_Snake_Venom_Serine_Proteases(SVSP),val
420,tr,T2HPN6,T2HPN6_OVOOK,Serine protease (Fragment),Ovophis okinavensis,8769,2,Clustered_Snake_Venom_Serine_Proteases(SVSP),train
421,tr,F8J2G1,F8J2G1_DRYCN,Putative serine protease inhibitor 473,Drysdalia coronoides,66186,2,Clustered_Snake_Venom_Serine_Proteases(SVSP),train
422,tr,V8P0I1,V8P0I1_OPHHA,Serine/threonine-protein kinase MRCK alpha (Fragment),Ophiophagus hannah,8665,3,Clustered_Snake_Venom_Serine_Proteases(SVSP),train
423,tr,T2HPU9,T2HPU9_PROFL,Serine protease (Fragment),Protobothrops flavoviridis,88087,2,Clustered_Snake_Venom_Serine_Proteases(SVSP),train
424,tr,T2HS39,T2HS39_OVOOK,Serine protease (Fragment),Ovophis okinavensis,8769,2,Clustered_Snake_Venom_Serine_Proteases(SVSP),train
425,tr,T2HS29,T2HS29_OVOOK,Serine protease (Fragment),Ovophis okinavensis,8769,2,Clustered_Snake_Venom_Serine_Proteases(SVSP),train
426,tr,T2HPQ7,T2HPQ7_OVOOK,Serine protease (Fragment),Ovophis okinavensis,8769,2,Clustered_Snake_Venom_Serine_Proteases(SVSP),val
427,tr,T2HQJ3,T2HQJ3_OVOOK,Serine protease (Fragment),Ovophis okinavensis,8769,2,Clustered_Snake_Venom_Serine_Proteases(SVSP),val
428,tr,U3TBH3,U3TBH3_OVOOK,Serine_protease (Fragment),Ovophis okinavensis,8769,2,Clustered_Snake_Venom_Serine_Proteases(SVSP),train
429,tr,A0A077L7V7,A0A077L7V7_PROEL,Serine protease 6 (Fragment),Protobothrops elegans,88086,2,Clustered_Snake_Venom_Serine_Proteases(SVSP),val
430,tr,A0A0B8RQ35,A0A0B8RQ35_9SAUR,Serine protease 27,Philothamnus irregularis,1899461,3,Clustered_Snake_Venom_Serine_Proteases(SVSP),train
431,tr,A0A670Y2A3,A0A670Y2A3_PSETE,Serine protease 57,Pseudonaja textilis,8673,3,Clustered_Snake_Venom_Serine_Proteases(SVSP),train
432,tr,A0A670YQ53,A0A670YQ53_PSETE,Serine protease 53,Pseudonaja textilis,8673,3,Clustered_Snake_Venom_Serine_Proteases(SVSP),train
433,tr,A0A8C6Y640,A0A8C6Y640_NAJNA,Serine protease 53,Naja naja,35670,3,Clustered_Snake_Venom_Serine_Proteases(SVSP),train
434,tr,A0A8C6X741,A0A8C6X741_NAJNA,Serine protease 56,Naja naja,35670,3,Clustered_Snake_Venom_Serine_Proteases(SVSP),train
435,tr,A0A9F2WFB3,A0A9F2WFB3_PYTBI,Serine protease 53,Python bivittatus,176946,3,Clustered_Snake_Venom_Serine_Proteases(SVSP),train
436,tr,A0AAW1B6M5,A0AAW1B6M5_CROAD,Serine protease 53-like,Crotalus adamanteus,8729,3,Clustered_Snake_Venom_Serine_Proteases(SVSP),train
437,tr,A0A6I9XNH7,A0A6I9XNH7_9SAUR,Serine protease 27-like,Thamnophis sirtalis,35019,3,Clustered_Snake_Venom_Serine_Proteases(SVSP),train
438,tr,A0A6J1VUG0,A0A6J1VUG0_9SAUR,Serine protease 57-like,Notechis scutatus,8663,3,Clustered_Snake_Venom_Serine_Proteases(SVSP),train
439,tr,A0A8C7E3P6,A0A8C7E3P6_NAJNA,Transmembrane serine protease 13,Naja naja,35670,3,Clustered_Snake_Venom_Serine_Proteases(SVSP),train
440,tr,A0A670YTL0,A0A670YTL0_PSETE,Serine protease 27-like,Pseudonaja textilis,8673,3,Clustered_Snake_Venom_Serine_Proteases(SVSP),train
441,tr,A0A6I9X621,A0A6I9X621_9SAUR,Serine protease 27-like,Thamnophis sirtalis,35019,3,Clustered_Snake_Venom_Serine_Proteases(SVSP),train
442,tr,A0A6I9Y496,A0A6I9Y496_9SAUR,Serine protease 27-like,Thamnophis sirtalis,35019,3,Clustered_Snake_Venom_Serine_Proteases(SVSP),train
443,tr,A0A6J1UQY2,A0A6J1UQY2_9SAUR,Serine protease 27-like,Notechis scutatus,8663,3,Clustered_Snake_Venom_Serine_Proteases(SVSP),train
444,tr,A0A9F5IW58,A0A9F5IW58_PYTBI,Serine protease 27-like,Python bivittatus,176946,3,Clustered_Snake_Venom_Serine_Proteases(SVSP),train
445,tr,A0A6I9XA78,A0A6I9XA78_9SAUR,Serine protease 27-like,Thamnophis sirtalis,35019,3,Clustered_Snake_Venom_Serine_Proteases(SVSP),train
446,tr,A0A6J1UQF1,A0A6J1UQF1_9SAUR,Serine protease 27-like,Notechis scutatus,8663,3,Clustered_Snake_Venom_Serine_Proteases(SVSP),train
447,tr,A0A9F3QV08,A0A9F3QV08_PYTBI,Transmembrane protease serine 9,Python bivittatus,176946,3,Clustered_Snake_Venom_Serine_Proteases(SVSP),train
448,tr,A0A6J1VJ40,A0A6J1VJ40_9SAUR,Serine protease 27-like,Notechis scutatus,8663,3,Clustered_Snake_Venom_Serine_Proteases(SVSP),test
449,tr,A0A9F5MYY5,A0A9F5MYY5_PYTBI,Serine protease 55-like,Python bivittatus,176946,3,Clustered_Snake_Venom_Serine_Proteases(SVSP),train
450,tr,A0A9F3QSN6,A0A9F3QSN6_PYTBI,Serine protease 27-like,Python bivittatus,176946,3,Clustered_Snake_Venom_Serine_Proteases(SVSP),train
451,tr,A0A670YKV6,A0A670YKV6_PSETE,Inactive serine protease 35,Pseudonaja textilis,8673,3,Clustered_Snake_Venom_Serine_Proteases(SVSP),train
452,tr,A0A8C6XXH9,A0A8C6XXH9_NAJNA,Transmembrane serine protease 13,Naja naja,35670,3,Clustered_Snake_Venom_Serine_Proteases(SVSP),train
453,tr,A0A9F2QU51,A0A9F2QU51_PYTBI,Serine protease 48-like,Python bivittatus,176946,3,Clustered_Snake_Venom_Serine_Proteases(SVSP),train
454,tr,A0A9F5J1K3,A0A9F5J1K3_PYTBI,Serine protease 57-like,Python bivittatus,176946,3,Clustered_Snake_Venom_Serine_Proteases(SVSP),train
455,tr,V8P5W4,V8P5W4_OPHHA,Probable serine carboxypeptidase CPVL,Ophiophagus hannah,8665,3,Clustered_Snake_Venom_Serine_Proteases(SVSP),val
456,tr,A0A6I9XM30,A0A6I9XM30_9SAUR,Transmembrane protease serine 12-like,Thamnophis sirtalis,35019,3,Clustered_Snake_Venom_Serine_Proteases(SVSP),train
457,tr,V8P3U4,V8P3U4_OPHHA,Serine protease 53 (Fragment),Ophiophagus hannah,8665,3,Clustered_Snake_Venom_Serine_Proteases(SVSP),train
458,tr,A0A6P9C3S1,A0A6P9C3S1_PANGU,Serine protease 55 isoform X1,Pantherophis guttatus,94885,3,Clustered_Snake_Venom_Serine_Proteases(SVSP),train
459,tr,A0A6I9XCT0,A0A6I9XCT0_9SAUR,Transmembrane protease serine 11A-like,Thamnophis sirtalis,35019,3,Clustered_Snake_Venom_Serine_Proteases(SVSP),train
460,tr,A0A6I9Z7D0,A0A6I9Z7D0_9SAUR,Transmembrane protease serine 12-like,Thamnophis sirtalis,35019,3,Clustered_Snake_Venom_Serine_Proteases(SVSP),train
461,tr,A0A6P9BJH4,A0A6P9BJH4_PANGU,Transmembrane protease serine 12-like,Pantherophis guttatus,94885,3,Clustered_Snake_Venom_Serine_Proteases(SVSP),train
462,tr,A0A9F5JAL5,A0A9F5JAL5_PYTBI,Transmembrane protease serine 12-like,Python bivittatus,176946,3,Clustered_Snake_Venom_Serine_Proteases(SVSP),train
463,tr,A0A9F5IFL3,A0A9F5IFL3_PYTBI,Transmembrane protease serine 11C-like,Python bivittatus,176946,3,Clustered_Snake_Venom_Serine_Proteases(SVSP),train
464,tr,A0A9F5JA67,A0A9F5JA67_PYTBI,Transmembrane protease serine 12-like,Python bivittatus,176946,3,Clustered_Snake_Venom_Serine_Proteases(SVSP),train
465,tr,A0A6I9XRS5,A0A6I9XRS5_9SAUR,Transmembrane protease serine 11E-like,Thamnophis sirtalis,35019,3,Clustered_Snake_Venom_Serine_Proteases(SVSP),train
466,tr,A0A9F5MYA9,A0A9F5MYA9_PYTBI,Transmembrane protease serine 12-like,Python bivittatus,176946,3,Clustered_Snake_Venom_Serine_Proteases(SVSP),train
467,tr,A0AAW1C0M8,A0AAW1C0M8_CROAD,Transmembrane protease serine 12,Crotalus adamanteus,8729,3,Clustered_Snake_Venom_Serine_Proteases(SVSP),train
468,tr,A0A9F5IN45,A0A9F5IN45_PYTBI,Serine protease 33-like isoform X1,Python bivittatus,176946,3,Clustered_Snake_Venom_Serine_Proteases(SVSP),val
469,tr,A0A6P9CJX3,A0A6P9CJX3_PANGU,Serine protease 44-like isoform X3,Pantherophis guttatus,94885,3,Clustered_Snake_Venom_Serine_Proteases(SVSP),train
470,tr,A0A9F3QSI2,A0A9F3QSI2_PYTBI,Serine protease 27-like isoform X1,Python bivittatus,176946,3,Clustered_Snake_Venom_Serine_Proteases(SVSP),train
471,tr,A0A6J1W1T6,A0A6J1W1T6_9SAUR,Kunitz-type serine protease inhibitor bitisilin-3-like,Notechis scutatus,8663,3,Clustered_Snake_Venom_Serine_Proteases(SVSP),test
472,tr,A0AAW1BYP7,A0AAW1BYP7_CROAD,TMPRSS12: Transmembrane protease serine 12,Crotalus adamanteus,8729,3,Clustered_Snake_Venom_Serine_Proteases(SVSP),test
473,tr,A0AAW1B0R6,A0AAW1B0R6_CROAD,Serine protease 27-like,Crotalus adamanteus,8729,4,Clustered_Snake_Venom_Serine_Proteases(SVSP),train
474,tr,V8N646,V8N646_OPHHA,Inactive serine protease 45 (Fragment),Ophiophagus hannah,8665,3,Clustered_Snake_Venom_Serine_Proteases(SVSP),train
475,tr,A0A6P9AW29,A0A6P9AW29_PANGU,Kunitz-type serine protease inhibitor HNTX-852-like,Pantherophis guttatus,94885,3,Clustered_Snake_Venom_Serine_Proteases(SVSP),train
476,tr,A0A6P9BBV0,A0A6P9BBV0_PANGU,Transmembrane protease serine 12-like isoform X1,Pantherophis guttatus,94885,3,Clustered_Snake_Venom_Serine_Proteases(SVSP),train
477,tr,A0AAW1AX66,A0AAW1AX66_CROAD,Thymus-specific serine protease,Crotalus adamanteus,8729,3,Clustered_Snake_Venom_Serine_Proteases(SVSP),train
478,tr,A0AAW1BZ74,A0AAW1BZ74_CROAD,Transmembrane protease serine 12,Crotalus adamanteus,8729,4,Clustered_Snake_Venom_Serine_Proteases(SVSP),train
479,tr,A0AAW1ATI6,A0AAW1ATI6_CROAD,Inactive serine protease 54,Crotalus adamanteus,8729,4,Clustered_Snake_Venom_Serine_Proteases(SVSP),train
480,tr,A0AAW1B070,A0AAW1B070_CROAD,Serine protease 27-like,Crotalus adamanteus,8729,4,Clustered_Snake_Venom_Serine_Proteases(SVSP),train
481,tr,A0AAW1BGW7,A0AAW1BGW7_CROAD,Serine protease 56-like,Crotalus adamanteus,8729,4,Clustered_Snake_Venom_Serine_Proteases(SVSP),train
482,tr,A0A9F5J7S9,A0A9F5J7S9_PYTBI,LOW QUALITY PROTEIN: serine protease 27-like,Python bivittatus,176946,3,Clustered_Snake_Venom_Serine_Proteases(SVSP),train
483,tr,A0AAW1BK31,A0AAW1BK31_CROAD,Tmprss3: Transmembrane protease serine 3 (Fragment),Crotalus adamanteus,8729,4,Clustered_Snake_Venom_Serine_Proteases(SVSP),train
484,tr,A0A223PK25,A0A223PK25_DABRR,Kunitz-type serine protease inhibitor kunitoxin-Tel1-like (Fragment),Daboia russelii,8707,2,Clustered_Snake_Venom_Serine_Proteases(SVSP),test
485,tr,H8PG70,H8PG70_9SAUR,Kunitz-type serine protease inhibitor isoform 2,Suta nigriceps,687874,2,Clustered_Snake_Venom_Serine_Proteases(SVSP),train
486,tr,A0A1I9KNL5,A0A1I9KNL5_VIPAA,Serine proteinase SP-2,Vipera ammodytes ammodytes,8705,2,Clustered_Snake_Venom_Serine_Proteases(SVSP),test
487,tr,A0A1I9KNN4,A0A1I9KNN4_VIPAA,Serine proteinase SP-3,Vipera ammodytes ammodytes,8705,2,Clustered_Snake_Venom_Serine_Proteases(SVSP),train
488,tr,A0AAW1BHS5,A0AAW1BHS5_CROAD,Mannan-binding lectin serine protease 1-like,Crotalus adamanteus,8729,3,Clustered_Snake_Venom_Serine_Proteases(SVSP),train
489,tr,V8N4W8,V8N4W8_OPHHA,Transmembrane protease serine 12 (Fragment),Ophiophagus hannah,8665,4,Clustered_Snake_Venom_Serine_Proteases(SVSP),train
490,tr,V8NTA6,V8NTA6_OPHHA,Inactive serine protease 54 (Fragment),Ophiophagus hannah,8665,4,Clustered_Snake_Venom_Serine_Proteases(SVSP),train
491,tr,A0AAW1BSD4,A0AAW1BSD4_CROAD,Kunitz-type serine protease inhibitor like dendrotoxin K-like,Crotalus adamanteus,8729,3,Clustered_Snake_Venom_Serine_Proteases(SVSP),train
492,tr,A0AAW1BX68,A0AAW1BX68_CROAD,Serine protease inhibitor Kazal-type 5,Crotalus adamanteus,8729,4,Clustered_Snake_Venom_Serine_Proteases(SVSP),train
493,tr,A0AAW1C2L4,A0AAW1C2L4_CROAD,Serine protease inhibitor Kazal-type 2,Crotalus adamanteus,8729,4,Clustered_Snake_Venom_Serine_Proteases(SVSP),train
494,tr,A0AAW1BWP3,A0AAW1BWP3_CROAD,SPINK6: Serine protease inhibitor Kazal-type 6,Crotalus adamanteus,8729,4,Clustered_Snake_Venom_Serine_Proteases(SVSP),train
495,tr,A0AAW1BWC2,A0AAW1BWC2_CROAD,SPINK6: Serine protease inhibitor Kazal-type 6,Crotalus adamanteus,8729,4,Clustered_Snake_Venom_Serine_Proteases(SVSP),train
496,tr,A0AAW1BWC3,A0AAW1BWC3_CROAD,SPINK5: Serine protease inhibitor Kazal-type 5,Crotalus adamanteus,8729,4,Clustered_Snake_Venom_Serine_Proteases(SVSP),val
497,tr,D5J9Q5,D5J9Q5_9SAUR,Kunitz-type serine protease inhibitor isoform 2,Bungarus flaviceps,8614,2,Clustered_Snake_Venom_Serine_Proteases(SVSP),train
498,tr,V8NR24,V8NR24_OPHHA,Serine protease inhibitor Kazal-type 5,Ophiophagus hannah,8665,4,Clustered_Snake_Venom_Serine_Proteases(SVSP),train
499,tr,V8NDA2,V8NDA2_OPHHA,Serine protease inhibitor Kazal-type 6 (Fragment),Ophiophagus hannah,8665,4,Clustered_Snake_Venom_Serine_Proteases(SVSP),test
500,tr,V8N673,V8N673_OPHHA,Mannan-binding lectin serine protease 1 (Fragment),Ophiophagus hannah,8665,4,Clustered_Snake_Venom_Serine_Proteases(SVSP),val
501,tr,A0AAW1BFW5,A0AAW1BFW5_CROAD,Kazal-type serine protease inhibitor domain-containing protein 1,Crotalus adamanteus,8729,4,Clustered_Snake_Venom_Serine_Proteases(SVSP),test
502,tr,V8PH39,V8PH39_OPHHA,Kazal-type serine protease inhibitor domain-containing protein 1 (Fragment),Ophiophagus hannah,8665,4,Clustered_Snake_Venom_Serine_Proteases(SVSP),val
503,tr,B0VXU1,B0VXU1_SISCA,Serine proteinase isoform 9,Sistrurus catenatus edwardsii,8762,2,Clustered_Snake_Venom_Serine_Proteases(SVSP),train
504,tr,B0VXT9,B0VXT9_SISCA,Serine proteinase isoform 7,Sistrurus catenatus edwardsii,8762,2,Clustered_Snake_Venom_Serine_Proteases(SVSP),train
505,tr,A0AAW1B312,A0AAW1B312_CROAD,Probable serine carboxypeptidase CPVL,Crotalus adamanteus,8729,3,Clustered_Snake_Venom_Serine_Proteases(SVSP),train
506,tr,A0AAW1AWC0,A0AAW1AWC0_CROAD,Serine beta-lactamase-like LACTB mitochondrial,Crotalus adamanteus,8729,4,Clustered_Snake_Venom_Serine_Proteases(SVSP),train
507,tr,V8PGQ0,V8PGQ0_OPHHA,"Serine beta-lactamase-like protein LACTB, mitochondrial (Fragment)",Ophiophagus hannah,8665,4,Clustered_Snake_Venom_Serine_Proteases(SVSP),train
508,tr,A0A0B8RWA3,A0A0B8RWA3_9SAUR,"To serine (Or cysteine) proteinase inhibitor, clade B, member 5",Philothamnus irregularis,1899461,3,Clustered_Snake_Venom_Serine_Proteases(SVSP),train
509,sp,C0HJU3,PA2A1_BOTPA,Acidic phospholipase A2 (Fragment),Bothrops pauloensis,1042543,1,Clustered_Phospholipase_A2(PLA2),train
510,sp,Q9W7J3,PA2A2_PSETE,Acidic phospholipase A2 2,Pseudonaja textilis,8673,1,Clustered_Phospholipase_A2(PLA2),train
511,sp,Q45Z47,PA22_OXYSC,Phospholipase A2 OS2,Oxyuranus scutellatus scutellatus,8667,1,Clustered_Phospholipase_A2(PLA2),train
512,sp,P0CAR9,PA2A1_CERCE,Acidic phospholipase A2 CC-PLA2-1,Cerastes cerastes,8697,1,Clustered_Phospholipase_A2(PLA2),train
513,sp,P00625,PA2A1_OVOOK,Acidic phospholipase A2 DE-I,Ovophis okinavensis,8769,1,Clustered_Phospholipase_A2(PLA2),train
514,sp,C3W4R6,PA2A1_MACLB,Acidic phospholipase A2 1,Macrovipera lebetinus,3148341,1,Clustered_Phospholipase_A2(PLA2),val
515,sp,P0DJJ9,PA2B2_PROFL,Basic phospholipase A2 BP-II,Protobothrops flavoviridis,88087,1,Clustered_Phospholipase_A2(PLA2),test
516,sp,P00629,PA2B3_BUNFA,Basic phospholipase A2 Vb-2,Bungarus fasciatus,8613,1,Clustered_Phospholipase_A2(PLA2),train
517,sp,Q7T3S7,PA2A1_ECHCA,Acidic phospholipase A2 EC-I,Echis carinatus,40353,1,Clustered_Phospholipase_A2(PLA2),train
518,sp,Q8AXY1,PA2A_BOTJR,Acidic phospholipase A2 BthA-1,Bothrops jararacussu,8726,1,Clustered_Phospholipase_A2(PLA2),train
519,sp,P62023,PA2B1_CROSS,Basic phospholipase A2 Mtx-b,Crotalus scutulatus scutulatus,8738,1,Clustered_Phospholipase_A2(PLA2),train
520,sp,Q90W39,PA2BT_PROMU,Basic phospholipase A2 trimucrotoxin,Protobothrops mucrosquamatus,103944,1,Clustered_Phospholipase_A2(PLA2),train
521,sp,P80966,PA2A1_OPHHA,Acidic phospholipase A2 1,Ophiophagus hannah,8665,1,Clustered_Phospholipase_A2(PLA2),train
522,sp,P45881,PA2B2_BOTJR,Basic phospholipase A2 homolog bothropstoxin-II,Bothrops jararacussu,8726,1,Clustered_Phospholipase_A2(PLA2),train
523,sp,P18998,PA2HA_CROSS,Phospholipase A2 homolog mojave toxin acidic chain,Crotalus scutulatus scutulatus,8738,1,Clustered_Phospholipase_A2(PLA2),test
524,sp,Q92084,PA2NA_NAJSP,Neutral phospholipase A2 muscarinic inhibitor,Naja sputatrix,33626,1,Clustered_Phospholipase_A2(PLA2),train
525,sp,Q9DF52,PA2B_BUNCE,Basic phospholipase A2 KPA2,Bungarus caeruleus,132961,1,Clustered_Phospholipase_A2(PLA2),train
526,sp,Q9PVF2,PA2AE_CALRH,Acidic phospholipase A2 H1E6,Calloselasma rhodostoma,8717,1,Clustered_Phospholipase_A2(PLA2),train
527,sp,F8QN54,PA2B_VIPRE,Basic phospholipase A2 vurtoxin,Vipera renardi,927686,1,Clustered_Phospholipase_A2(PLA2),train
528,sp,Q2YHJ2,PA2B_CRABR,Basic phospholipase A2 Tbo-G6D49,Craspedocephalus borneensis,3147914,1,Clustered_Phospholipase_A2(PLA2),train
529,sp,Q2YHJ3,PA2A_CRABR,Acidic phospholipase A2 Tbo-E6,Craspedocephalus borneensis,3147914,1,Clustered_Phospholipase_A2(PLA2),test
530,sp,Q6SLM2,PA2A1_BUNCE,Acidic phospholipase A2 1 (Fragment),Bungarus caeruleus,132961,1,Clustered_Phospholipase_A2(PLA2),train
531,sp,F8QN53,PA2A2_VIPRE,Acidic phospholipase A2 Vur-PL2B,Vipera renardi,927686,1,Clustered_Phospholipase_A2(PLA2),val
532,sp,Q7T2R1,PA2AA_DABSI,Acidic phospholipase A2 daboiatoxin A chain,Daboia siamensis,343250,1,Clustered_Phospholipase_A2(PLA2),test
533,sp,P0DUN4,PA2A2_BOTBZ,Acidic phospholipase A2 braziliase-II (Fragment),Bothrops brazili,157546,1,Clustered_Phospholipase_A2(PLA2),train
534,sp,Q7ZTA6,PA2AB_CROVV,Acidic phospholipase A2 Cvv-E6b,Crotalus viridis viridis,8742,1,Clustered_Phospholipase_A2(PLA2),train
535,sp,Q4VRI5,PA21_OXYSC,Phospholipase A2 OS1,Oxyuranus scutellatus scutellatus,8667,1,Clustered_Phospholipase_A2(PLA2),val
536,sp,Q6H3C8,PA2AF_TRIST,Acidic phospholipase A2 Ts-A6,Trimeresurus stejnegeri,39682,1,Clustered_Phospholipase_A2(PLA2),val
537,sp,O42187,PA2BB_GLOHA,Basic phospholipase A2 B,Gloydius halys,8714,1,Clustered_Phospholipase_A2(PLA2),train
538,sp,P82114,PA2H1_BOTMO,Basic phospholipase A2 homolog MjTX-I,Bothrops moojeni,98334,1,Clustered_Phospholipase_A2(PLA2),train
539,sp,P06859,PA2A1_PROFL,Acidic phospholipase A2 1,Protobothrops flavoviridis,88087,1,Clustered_Phospholipase_A2(PLA2),test
540,sp,Q1RP78,PA2B2_VIPNI,Basic phospholipase A2 chain HDP-2P,Vipera nikolskii,1808362,1,Clustered_Phospholipase_A2(PLA2),val
541,sp,Q9PVF4,PA2HD_CALRH,Basic phospholipase A2 homolog W6D49,Calloselasma rhodostoma,8717,1,Clustered_Phospholipase_A2(PLA2),train
542,sp,C0HJL8,PA2B_BOTNI,Phospholipase A2 nigroviriditoxin basic subunit B,Bothriechis nigroviridis,88079,1,Clustered_Phospholipase_A2(PLA2),train
543,sp,P81243,PA2A_BOTJA,Acidic phospholipase A2,Bothrops jararaca,8724,1,Clustered_Phospholipase_A2(PLA2),train
544,sp,Q2PWA3,PA2HP_PROMU,Basic phospholipase A2 homolog promutoxin,Protobothrops mucrosquamatus,103944,1,Clustered_Phospholipase_A2(PLA2),train
545,sp,P23028,PA2HD_PSETE,Acidic phospholipase A2 homolog textilotoxin D chain,Pseudonaja textilis,8673,1,Clustered_Phospholipase_A2(PLA2),train
546,sp,P86907,PA2A_BOTAM,Acidic phospholipase A2,Bothrops ammodytoides,169857,1,Clustered_Phospholipase_A2(PLA2),train
547,sp,B5U6Y4,PA2HS_ECHOC,Phospholipase A2 homolog,Echis ocellatus,99586,1,Clustered_Phospholipase_A2(PLA2),train
548,sp,O57385,PA2H_DEIAC,Basic phospholipase A2 homolog acutohaemolysin,Deinagkistrodon acutus,36307,1,Clustered_Phospholipase_A2(PLA2),train
549,sp,Q6H3D5,PA2HI_TRIST,Basic phospholipase A2 homolog CTs-K49a,Trimeresurus stejnegeri,39682,1,Clustered_Phospholipase_A2(PLA2),train
550,sp,P17935,PA2HL_VIPAA,Basic phospholipase A2 homolog ammodytin L,Vipera ammodytes ammodytes,8705,1,Clustered_Phospholipase_A2(PLA2),train
551,sp,P14421,PA2N_GLOHA,Neutral phospholipase A2 agkistrodotoxin,Gloydius halys,8714,1,Clustered_Phospholipase_A2(PLA2),train
552,sp,P80963,PA2H_BOTSC,Basic phospholipase A2 homolog Bsc-K49,Bothriechis schlegelii,44725,1,Clustered_Phospholipase_A2(PLA2),train
553,sp,P0DUG4,PA2TI_NAJHH,Phospholipase A2 TI-Nh (Fragment),Naja haje haje,8642,1,Clustered_Phospholipase_A2(PLA2),train
554,sp,A8CG82,PA2B1_DABSI,Basic phospholipase A2 DsM-b1/DsM-b1',Daboia siamensis,343250,1,Clustered_Phospholipase_A2(PLA2),test
555,sp,P21789,PA2A_CERCE,Acidic phospholipase A2 Cc1-PLA2,Cerastes cerastes,8697,1,Clustered_Phospholipase_A2(PLA2),test
556,sp,Q6H3D6,PA2HD_TRIST,Basic phospholipase A2 homolog Ts-R6,Trimeresurus stejnegeri,39682,1,Clustered_Phospholipase_A2(PLA2),train
557,sp,P23026,PA2BA_PSETE,Basic phospholipase A2 textilotoxin A chain,Pseudonaja textilis,8673,1,Clustered_Phospholipase_A2(PLA2),train
558,sp,P0DUN2,PA21_BOTHY,Basic phospholipase A2 Ph-TX1,Bothrocophias hyoprora,230469,1,Clustered_Phospholipase_A2(PLA2),val
559,sp,P00617,PA2B1_BUNMU,Basic phospholipase A2 beta-bungarotoxin A1 chain,Bungarus multicinctus,8616,1,Clustered_Phospholipase_A2(PLA2),train
560,sp,P82893,PA2B2_TRIST,Basic phospholipase A2 2 (Fragment),Trimeresurus stejnegeri,39682,1,Clustered_Phospholipase_A2(PLA2),train
561,sp,P86523,PA2AA_ACAAN,Phospholipase A2 P-elapitoxin-Aa1a alpha chain (Fragment),Acanthophis antarcticus,8605,1,Clustered_Phospholipase_A2(PLA2),train
562,sp,P0DM50,PA2X2_BOTPA,Phospholipase A2 neuwieditoxin-2 (Fragment),Bothrops pauloensis,1042543,1,Clustered_Phospholipase_A2(PLA2),val
563,sp,P0DM49,PA2X1_BOTPA,Phospholipase A2 neuwieditoxin-1 (Fragment),Bothrops pauloensis,1042543,1,Clustered_Phospholipase_A2(PLA2),train
564,sp,P14556,PA2B_NAJPA,Basic phospholipase A2 nigexine,Naja pallida,8658,1,Clustered_Phospholipase_A2(PLA2),test
565,sp,P00622,PA2B_BITCA,Basic phospholipase A2 caudoxin,Bitis caudalis,8693,1,Clustered_Phospholipase_A2(PLA2),train
566,sp,Q7LZG3,PA2_PSEPP,Phospholipase A2 (Fragment),Pseudechis papuanus,61265,1,Clustered_Phospholipase_A2(PLA2),train
567,sp,Q8JIY9,PA2A_PROJR,Acidic phospholipase A2 jerdoxin,Protobothrops jerdonii,242841,1,Clustered_Phospholipase_A2(PLA2),train
568,sp,P31854,PA2B_VIPBB,Basic phospholipase A2 Pla2Vb,Vipera berus berus,31156,1,Clustered_Phospholipase_A2(PLA2),train
569,sp,C0HK16,PA2BD_DABRR,Basic phospholipase A2 daboxin P,Daboia russelii,8707,1,Clustered_Phospholipase_A2(PLA2),train
570,sp,P0DKT6,PA2B_BITAR,Phospholipase A2 bitanarin (Fragment),Bitis arietans,8692,1,Clustered_Phospholipase_A2(PLA2),train
571,sp,Q2YHJ9,PA2HA_CRAPU,Basic phospholipase A2 homolog Tpu-K49a,Craspedocephalus puniceus,3147916,1,Clustered_Phospholipase_A2(PLA2),test
572,sp,P00615,PA2HB_OXYSC,Neutral phospholipase A2 homolog taipoxin beta chain 1,Oxyuranus scutellatus scutellatus,8667,1,Clustered_Phospholipase_A2(PLA2),train
573,sp,P0DQP9,PA2B1_BOTBZ,Basic phospholipase A2 myotoxin-I (Fragment),Bothrops brazili,157546,1,Clustered_Phospholipase_A2(PLA2),train
574,sp,P0CAS1,PA2B6_CRODM,Phospholipase A2 crotoxin basic chain (Fragment),Crotalus durissus cumanensis,184542,1,Clustered_Phospholipase_A2(PLA2),train
575,sp,F5CPF1,PA235_MICAT,Phospholipase A2 MALT0035C,Micrurus altirostris,129457,1,Clustered_Phospholipase_A2(PLA2),train
576,sp,C1IC46,PA2A1_WALAE,Acidic phospholipase A2 PL-I (Fragment),Walterinnesia aegyptia,64182,1,Clustered_Phospholipase_A2(PLA2),train
577,sp,P0DKT7,PA2CA_OXYSA,Basic phospholipase A2 cannitoxin alpha chain (Fragment),Oxyuranus scutellatus canni,183720,1,Clustered_Phospholipase_A2(PLA2),train
578,sp,P82950,PA2HB_METNM,Basic phospholipase A2 homolog,Metlapilcoatlus nummifer,3148373,1,Clustered_Phospholipase_A2(PLA2),train
579,sp,P85061,PA23_ACASS,Phospholipase A2 acanmyotoxin-3 (Fragment),Acanthophis sp. (strain Seram),412080,1,Clustered_Phospholipase_A2(PLA2),val
580,sp,P85062,PA21_ACASE,Phospholipase A2 acanmyotoxin-1 (Fragment),Acanthophis rugosus,239748,1,Clustered_Phospholipase_A2(PLA2),train
581,sp,Q3HLQ4,PA2HB_PROMU,Basic phospholipase A2 homolog TM-N49,Protobothrops mucrosquamatus,103944,1,Clustered_Phospholipase_A2(PLA2),train
582,sp,P0CAR8,PA2B_BOTJR,Basic phospholipase A2 BjIV (Fragment),Bothrops jararacussu,8726,1,Clustered_Phospholipase_A2(PLA2),train
583,sp,Q9DF56,PA2A_OPHHA,Acidic phospholipase A2,Ophiophagus hannah,8665,1,Clustered_Phospholipase_A2(PLA2),train
584,sp,Q8AXW7,PA2B_MICCO,Basic phospholipase A2,Micrurus corallinus,54390,1,Clustered_Phospholipase_A2(PLA2),test
585,sp,P23027,PA2HB_PSETE,Basic phospholipase A2 homolog textilotoxin B chain,Pseudonaja textilis,8673,1,Clustered_Phospholipase_A2(PLA2),train
586,sp,P30811,PA2HC_PSETE,Acidic phospholipase A2 homolog textilotoxin C chain,Pseudonaja textilis,8673,1,Clustered_Phospholipase_A2(PLA2),val
587,sp,A8CG90,PA2B2_DABRR,Basic phospholipase A2 Drk-b2,Daboia russelii,8707,1,Clustered_Phospholipase_A2(PLA2),train
588,sp,D0UGJ0,PA2A_BOTPA,Acidic phospholipase A2 BpPLA2-TXI,Bothrops pauloensis,1042543,1,Clustered_Phospholipase_A2(PLA2),test
589,sp,C0HKB9,PA2B1_MICMP,Basic phospholipase A2,Micrurus mipartitus,430902,1,Clustered_Phospholipase_A2(PLA2),test
590,sp,C0HKC3,PA2B9_AGKPL,Basic phospholipase A2 APL-D49,Agkistrodon piscivorus leucostoma,459671,1,Clustered_Phospholipase_A2(PLA2),train
591,sp,P14615,PA2N3_BUNFA,Neutral phospholipase A2 3,Bungarus fasciatus,8613,1,Clustered_Phospholipase_A2(PLA2),train
592,sp,P00611,PA2A1_LATSE,Acidic phospholipase A2 1,Laticauda semifasciata,8631,1,Clustered_Phospholipase_A2(PLA2),val
593,sp,Q7T1R0,PA2B1_BUNFL,Basic phospholipase A2 beta-bungarotoxin A1 chain,Bungarus flaviceps flaviceps,8615,1,Clustered_Phospholipase_A2(PLA2),train
594,sp,Q8AY47,PA2B2_BUNCA,Basic phospholipase A2 beta-bungarotoxin A2 chain (Fragment),Bungarus candidus,92438,2,Clustered_Phospholipase_A2(PLA2),train
595,sp,P0DUN0,PA23_BOTHY,Acidic phospholipase A2 PhTX-III (Fragment),Bothrocophias hyoprora,230469,1,Clustered_Phospholipase_A2(PLA2),train
596,sp,P0DUP9,PA2H2_BOTMA,Basic phospholipase A2 homolog BmajPLA2-II (Fragment),Bothrops marajoensis,157554,1,Clustered_Phospholipase_A2(PLA2),train
597,sp,P20259,PA2BB_PSEPO,Basic phospholipase A2 pseudexin B chain,Pseudechis porphyriacus,8671,1,Clustered_Phospholipase_A2(PLA2),test
598,sp,C0HJP9,PLA23_BOTDP,Phospholipase A2 3 (Fragment),Bothrops diporus,1107943,1,Clustered_Phospholipase_A2(PLA2),train
599,sp,Q92152,PA2H_OVOOK,Phospholipase A2 homolog PLA2-03,Ovophis okinavensis,8769,2,Clustered_Phospholipase_A2(PLA2),test
600,sp,Q9I8P7,PLIG_MALRE,Phospholipase A2 inhibitor PIP,Malayopython reticulatus,1496311,1,Clustered_Phospholipase_A2(PLA2),train
601,sp,P0DKU0,PA2HG_OXYSA,Acidic phospholipase A2 homolog cannitoxin gamma chain (Fragment),Oxyuranus scutellatus canni,183720,1,Clustered_Phospholipase_A2(PLA2),val
602,sp,P0DQP8,PLIA2_CERGO,Phospholipase A2 inhibitor CgMIP-II,Cerrophidion godmani,44722,1,Clustered_Phospholipase_A2(PLA2),test
603,sp,P59066,PA2_AUSSU,Phospholipase A2 (Fragment),Austrelaps superbus,29156,1,Clustered_Phospholipase_A2(PLA2),train
604,sp,P0C551,PA2A_BUNFA,Acidic phospholipase A2 KBf-grIB (Fragment),Bungarus fasciatus,8613,2,Clustered_Phospholipase_A2(PLA2),train
605,sp,P08873,PA2B2_NOTSC,Basic phospholipase A2 notechis 11'2,Notechis scutatus scutatus,70142,1,Clustered_Phospholipase_A2(PLA2),train
606,sp,P00621,PA2A2_BITNA,Acidic phospholipase A2 CM-II,Bitis nasicornis,8695,1,Clustered_Phospholipase_A2(PLA2),train
607,sp,F8J2D2,PA222_DRYCN,Phospholipase A2 PS22,Drysdalia coronoides,66186,1,Clustered_Phospholipase_A2(PLA2),train
608,sp,P0DJR2,PA2AB_CROHD,Acidic phospholipase A2 CHA-E6b (Fragment),Crotalus horridus,35024,1,Clustered_Phospholipase_A2(PLA2),train
609,sp,Q9PVE9,PA2AC_CALRH,Acidic phospholipase A2 S1E6-c,Calloselasma rhodostoma,8717,2,Clustered_Phospholipase_A2(PLA2),test
610,sp,Q9PUI0,PA2A4_AUSSU,Acidic phospholipase A2 S7-48J,Austrelaps superbus,29156,2,Clustered_Phospholipase_A2(PLA2),train
611,sp,Q7LZQ6,PA2BD_BUNFA,Basic phospholipase A2 13 (Fragment),Bungarus fasciatus,8613,1,Clustered_Phospholipase_A2(PLA2),train
612,sp,P18999,PA2_DABSI,Phospholipase A2 (Fragment),Daboia siamensis,343250,1,Clustered_Phospholipase_A2(PLA2),train
613,sp,P19000,PA2B_LATLA,Basic phospholipase A2 P'513,Laticauda laticaudata,8630,2,Clustered_Phospholipase_A2(PLA2),train
614,sp,P21792,PA23_MICNI,Phospholipase A2 3 (Fragment),Micrurus nigrocinctus,8635,1,Clustered_Phospholipase_A2(PLA2),val
615,sp,P20146,PA2A_NOTSC,Acidic phospholipase A2,Notechis scutatus scutatus,70142,2,Clustered_Phospholipase_A2(PLA2),train
616,sp,C0HJC1,PA2_BOTLA,Acidic phospholipase A2 BlatPLA2,Bothriechis lateralis,44727,1,Clustered_Phospholipase_A2(PLA2),train
617,sp,Q7LZI1,PLIGB_NAJKA,Phospholipase A2 inhibitor 31 kDa subunit,Naja kaouthia,8649,1,Clustered_Phospholipase_A2(PLA2),train
618,sp,Q8UW08,PA2B0_HYDHA,Basic phospholipase A2,Hydrophis hardwickii,8781,2,Clustered_Phospholipase_A2(PLA2),train
619,sp,P04057,PA2BD_PSEAU,Basic phospholipase A2 PA-13,Pseudechis australis,8670,1,Clustered_Phospholipase_A2(PLA2),train
620,sp,P20253,PA2B9_PSEAU,Basic phospholipase A2 PA-9C,Pseudechis australis,8670,1,Clustered_Phospholipase_A2(PLA2),train
621,sp,P0DKR4,PA2AB_PSEFE,Acidic phospholipase A2 CbIbeta (Fragment),Pseudocerastes fieldi,1355908,1,Clustered_Phospholipase_A2(PLA2),train
622,sp,P07037,PA2A2_ASPSC,Acidic phospholipase A2 CM-II,Aspidelaps scutatus,8607,1,Clustered_Phospholipase_A2(PLA2),val
623,sp,Q8UUI0,PA2B1_LATCO,Basic phospholipase A2 PC1,Laticauda colubrina,8628,3,Clustered_Phospholipase_A2(PLA2),train
624,sp,Q8UW31,PA2A5_HYDHA,Acidic phospholipase A2 57,Hydrophis hardwickii,8781,2,Clustered_Phospholipase_A2(PLA2),train
625,sp,P81478,PA2A2_CRAGM,Acidic phospholipase A2 2,Craspedocephalus gramineus,8767,1,Clustered_Phospholipase_A2(PLA2),train
626,sp,Q7T2Q4,PA2A2_BUNFL,Acidic phospholipase A2 2,Bungarus flaviceps flaviceps,8615,2,Clustered_Phospholipase_A2(PLA2),train
627,sp,Q75S48,PA2A1_BUNCA,Acidic phospholipase A2 1,Bungarus candidus,92438,2,Clustered_Phospholipase_A2(PLA2),train
628,sp,P84472,PA2BT_BUNCA,Basic phospholipase A2 T1-2 A chain (Fragment),Bungarus candidus,92438,1,Clustered_Phospholipase_A2(PLA2),train
629,sp,P59171,PA2A5_ECHOC,Acidic phospholipase A2 5,Echis ocellatus,99586,2,Clustered_Phospholipase_A2(PLA2),train
630,sp,P29601,PA2HA_BUNFA,Acidic phospholipase A2 homolog,Bungarus fasciatus,8613,1,Clustered_Phospholipase_A2(PLA2),train
631,sp,P0CAT1,PA2D6_MICPY,Phospholipase A2 D6 (Fragment),Micrurus pyrrhocryptus,129468,1,Clustered_Phospholipase_A2(PLA2),train
632,sp,Q9PRZ0,PA2_BOTJA,Phospholipase A2 (Fragment),Bothrops jararaca,8724,1,Clustered_Phospholipase_A2(PLA2),train
633,sp,C0HJW8,PA2HA_BOTNI,Phospholipase A2 homolog nigroviriditoxin acidic subunit A (Fragment),Bothriechis nigroviridis,88079,1,Clustered_Phospholipase_A2(PLA2),train
634,sp,P08872,PA2A_AIPLA,Acidic phospholipase A2,Aipysurus laevis,8678,2,Clustered_Phospholipase_A2(PLA2),test
635,sp,P59170,PA2A4_ECHCS,Acidic phospholipase A2 4,Echis carinatus sochureki,124223,2,Clustered_Phospholipase_A2(PLA2),train
636,sp,Q8AXS4,PLIAL_ELAQU,Phospholipase A2 inhibitor alpha-like protein,Elaphe quadrivirgata,86195,1,Clustered_Phospholipase_A2(PLA2),train
637,sp,Q9PWI4,PLIGA_ELAQU,Phospholipase A2 inhibitor gamma subunit A,Elaphe quadrivirgata,86195,1,Clustered_Phospholipase_A2(PLA2),train
638,sp,Q9PWI3,PLIGB_ELAQU,Phospholipase A2 inhibitor gamma subunit B,Elaphe quadrivirgata,86195,1,Clustered_Phospholipase_A2(PLA2),val
639,tr,R4G2D4,R4G2D4_9SAUR,phospholipase A2,Acanthophis wellsi,239747,2,Clustered_Phospholipase_A2(PLA2),train
640,tr,A0AAW1AR40,A0AAW1AR40_CROAD,VENOM COMPONENT: phospholipase A2-1,Crotalus adamanteus,8729,3,Clustered_Phospholipase_A2(PLA2),train
641,tr,J3RY63,J3RY63_CROAD,Cadam10_PLA2-2,Crotalus adamanteus,8729,2,Clustered_Phospholipase_A2(PLA2),train
642,tr,A6MFM3,A6MFM3_DEMVE,PLA2-4,Demansia vestigiata,412038,2,Clustered_Phospholipase_A2(PLA2),train
643,tr,R4FJZ9,R4FJZ9_9SAUR,PLA2-Hop-15,Hoplocephalus bungaroides,83403,2,Clustered_Phospholipase_A2(PLA2),train
644,tr,A6MFM0,A6MFM0_DEMVE,PLA2-1,Demansia vestigiata,412038,2,Clustered_Phospholipase_A2(PLA2),train
645,sp,P0DKL7,PA2HA_VIPRE,Basic phospholipase A2 homolog Vur-S49 analog (Fragment),Vipera renardi,927686,1,Clustered_Phospholipase_A2(PLA2),train
646,tr,A6MFM6,A6MFM6_DEMVE,PLA2-7,Demansia vestigiata,412038,2,Clustered_Phospholipase_A2(PLA2),test
647,tr,A0AAW1APA3,A0AAW1APA3_CROAD,phospholipase A2,Crotalus adamanteus,8729,3,Clustered_Phospholipase_A2(PLA2),train
648,tr,A0A024AXG5,A0A024AXG5_MICIK,phospholipase A2,Micropechis ikaheca,66188,2,Clustered_Phospholipase_A2(PLA2),train
649,tr,J3S0I4,J3S0I4_CROAD,N-acyl-phosphatidylethanolamine-hydrolyzing phospholipase D,Crotalus adamanteus,8729,2,Clustered_Phospholipase_A2(PLA2),train
650,tr,A0A8T1N457,A0A8T1N457_BOTJA,Snake venom acidic phospholipase A2,Bothrops jararaca,8724,3,Clustered_Phospholipase_A2(PLA2),val
651,sp,P0DQX3,PLGA2_TRIAE,Phospholipase A2 inhibitor gamma subunit A2,Trimerodytes annularis,2678873,1,Clustered_Phospholipase_A2(PLA2),train
652,sp,P0CAS8,PA2H1_MICPY,Phospholipase A2 homolog A1 (Fragment),Micrurus pyrrhocryptus,129468,1,Clustered_Phospholipase_A2(PLA2),train
653,tr,R4FIM5,R4FIM5_9SAUR,phospholipase A2,Hoplocephalus bungaroides,83403,2,Clustered_Phospholipase_A2(PLA2),train
654,sp,P25072,PA21_MICTM,Phospholipase A2 1 (Fragment),Micrurus tener microgalbineus,8636,1,Clustered_Phospholipase_A2(PLA2),train
655,sp,P86529,PA21_DABRR,Phospholipase A2 1 (Fragment),Daboia russelii,8707,1,Clustered_Phospholipase_A2(PLA2),train
656,tr,A0A1J0R055,A0A1J0R055_CROSS,"Phospholipase A2, group IIG, acidic-Pla2-gA1",Crotalus scutulatus scutulatus,8738,3,Clustered_Phospholipase_A2(PLA2),val
657,tr,U3EPH0,U3EPH0_MICFL,phospholipase A2,Micrurus fulvius,8637,2,Clustered_Phospholipase_A2(PLA2),val
658,tr,A0AAW1CD44,A0AAW1CD44_CROAD,Phospholipase ABHD3,Crotalus adamanteus,8729,3,Clustered_Phospholipase_A2(PLA2),train
659,tr,B5G6G1,B5G6G1_TROCA,PLA2-7,Tropidechis carinatus,100989,2,Clustered_Phospholipase_A2(PLA2),train
660,tr,R4G2Z5,R4G2Z5_9SAUR,PLA2-Hop-6,Hoplocephalus bungaroides,83403,2,Clustered_Phospholipase_A2(PLA2),train
661,tr,B5G6G0,B5G6G0_9SAUR,Acidic phospholipase A2 S5-32M-like,Notechis scutatus,8663,2,Clustered_Phospholipase_A2(PLA2),test
662,tr,A0A898INH4,A0A898INH4_CALBG,phospholipase A2,Calliophis bivirgatus,8633,2,Clustered_Phospholipase_A2(PLA2),val
663,tr,A7X418,A7X418_TRIBI,phospholipase A2,Trimorphodon biscutatus,338818,2,Clustered_Phospholipase_A2(PLA2),train
664,tr,A0A898INR6,A0A898INR6_CALBG,phospholipase A2,Calliophis bivirgatus,8633,2,Clustered_Phospholipase_A2(PLA2),train
665,tr,A0A081DUC6,A0A081DUC6_PYTRG,phospholipase A2 (Fragment),Python regius,51751,2,Clustered_Phospholipase_A2(PLA2),train
666,tr,A0AAW1AWA5,A0AAW1AWA5_CROAD,Hepatic triacylglycerol lipase,Crotalus adamanteus,8729,3,Clustered_Phospholipase_A2(PLA2),train
667,tr,A0AAW1B9Q7,A0AAW1B9Q7_CROAD,Group XIIA secretory phospholipase A2,Crotalus adamanteus,8729,3,Clustered_Phospholipase_A2(PLA2),train
668,tr,T1E5I4,T1E5I4_CROHD,Peroxiredoxin-6,Crotalus horridus,35024,2,Clustered_Phospholipase_A2(PLA2),val
669,tr,U3EPE2,U3EPE2_MICFL,phospholipase A2,Micrurus fulvius,8637,2,Clustered_Phospholipase_A2(PLA2),train
670,tr,U3FA98,U3FA98_MICFL,phospholipase A2,Micrurus fulvius,8637,2,Clustered_Phospholipase_A2(PLA2),train
671,tr,U3FAA2,U3FAA2_MICFL,phospholipase A2,Micrurus fulvius,8637,2,Clustered_Phospholipase_A2(PLA2),train
672,tr,A0A024AXD2,A0A024AXD2_MICIK,Phospholipase A2,Micropechis ikaheca,66188,2,Clustered_Phospholipase_A2(PLA2),train
673,tr,U3EPG6,U3EPG6_MICFL,phospholipase A2,Micrurus fulvius,8637,2,Clustered_Phospholipase_A2(PLA2),train
674,tr,A0A1J0R068,A0A1J0R068_CROAT,"Phospholipase A2, group IIF",Crotalus atrox,8730,3,Clustered_Phospholipase_A2(PLA2),train
675,tr,A0A1J0R087,A0A1J0R087_CROAD,"Phospholipase A2, group IID",Crotalus adamanteus,8729,3,Clustered_Phospholipase_A2(PLA2),train
676,tr,F8J2D1,F8J2D1_DRYCN,Putative phospholipase A2 PS31,Drysdalia coronoides,66186,2,Clustered_Phospholipase_A2(PLA2),test
677,tr,R4FI79,R4FI79_9SAUR,phospholipase A2,Brachyurophis roperi,1295043,2,Clustered_Phospholipase_A2(PLA2),train
678,tr,R4G2E0,R4G2E0_9SAUR,phospholipase A2,Brachyurophis roperi,1295043,2,Clustered_Phospholipase_A2(PLA2),train
679,tr,A8E2V6,A8E2V6_CERGO,D1E6b phospholipase A2,Cerrophidion godmani,44722,2,Clustered_Phospholipase_A2(PLA2),train
680,tr,A8E2V7,A8E2V7_CERGO,R6K49 phospholipase A2 (Fragment),Cerrophidion godmani,44722,2,Clustered_Phospholipase_A2(PLA2),train
681,tr,A0AAW1ARB3,A0AAW1ARB3_CROAD,Phospholipase A2 like otoconin-22-like,Crotalus adamanteus,8729,3,Clustered_Phospholipase_A2(PLA2),train
682,tr,A0A2D4LKP4,A0A2D4LKP4_9SAUR,phospholipase A2,Micrurus spixii,129469,3,Clustered_Phospholipase_A2(PLA2),train
683,tr,A0A2H6MW32,A0A2H6MW32_9SAUR,phospholipase A2 (Fragment),Micrurus carvalhoi,3147026,3,Clustered_Phospholipase_A2(PLA2),train
684,tr,A0A2H6N1H7,A0A2H6N1H7_9SAUR,phospholipase A2 (Fragment),Micrurus carvalhoi,3147026,3,Clustered_Phospholipase_A2(PLA2),test
685,tr,A0A2D4IRJ0,A0A2D4IRJ0_MICLE,phospholipase A2 (Fragment),Micrurus lemniscatus lemniscatus,129467,3,Clustered_Phospholipase_A2(PLA2),val
686,tr,A0A2D4PTY2,A0A2D4PTY2_MICSU,phospholipase A2 (Fragment),Micrurus surinamensis,129470,3,Clustered_Phospholipase_A2(PLA2),test
687,tr,A0A2H6NFQ4,A0A2H6NFQ4_9SAUR,phospholipase A2 (Fragment),Micrurus carvalhoi,3147026,3,Clustered_Phospholipase_A2(PLA2),train
688,tr,A0A2D4L945,A0A2D4L945_9SAUR,phospholipase A2 (Fragment),Micrurus paraensis,1970185,3,Clustered_Phospholipase_A2(PLA2),train
689,tr,A0A2H6N4A4,A0A2H6N4A4_9SAUR,phospholipase A2 (Fragment),Micrurus carvalhoi,3147026,3,Clustered_Phospholipase_A2(PLA2),train
690,tr,A0A2D4ISG3,A0A2D4ISG3_MICLE,phospholipase A2 (Fragment),Micrurus lemniscatus lemniscatus,129467,3,Clustered_Phospholipase_A2(PLA2),test
691,tr,A0A2D4PZ69,A0A2D4PZ69_MICSU,phospholipase A2 (Fragment),Micrurus surinamensis,129470,3,Clustered_Phospholipase_A2(PLA2),train
692,tr,A0A898IPN5,A0A898IPN5_CALBG,phospholipase A2,Calliophis bivirgatus,8633,2,Clustered_Phospholipase_A2(PLA2),train
693,tr,F5CPE9,F5CPE9_MICAT,phospholipase A2,Micrurus altirostris,129457,2,Clustered_Phospholipase_A2(PLA2),train
694,tr,U3F572,U3F572_MICFL,phospholipase A2,Micrurus fulvius,8637,2,Clustered_Phospholipase_A2(PLA2),train
695,tr,V8PDP0,V8PDP0_OPHHA,phospholipase A2 (Fragment),Ophiophagus hannah,8665,3,Clustered_Phospholipase_A2(PLA2),train
696,tr,V8PFQ2,V8PFQ2_OPHHA,phospholipase A2 (Fragment),Ophiophagus hannah,8665,3,Clustered_Phospholipase_A2(PLA2),val
697,tr,R4G2R1,R4G2R1_9SAUR,PLA2-Cac-16,Cacophis squamulosus,505434,2,Clustered_Phospholipase_A2(PLA2),train
698,tr,R4G7M2,R4G7M2_9SAUR,PLA2-Sut-22,Suta fasciata,529716,3,Clustered_Phospholipase_A2(PLA2),train
699,tr,V8NC39,V8NC39_OPHHA,phospholipase A2 (Fragment),Ophiophagus hannah,8665,3,Clustered_Phospholipase_A2(PLA2),test
700,tr,V8NFW5,V8NFW5_OPHHA,phospholipase A2 (Fragment),Ophiophagus hannah,8665,3,Clustered_Phospholipase_A2(PLA2),train
701,tr,R4FI60,R4FI60_9SAUR,PLA2-Aca-2,Acanthophis wellsi,239747,2,Clustered_Phospholipase_A2(PLA2),train
702,tr,R4FK41,R4FK41_9SAUR,PLA2-Pse-2,Pseudonaja modesta,340912,2,Clustered_Phospholipase_A2(PLA2),train
703,tr,R4G2F3,R4G2F3_DENDV,PLA2-Den-9,Denisonia devisi,529689,2,Clustered_Phospholipase_A2(PLA2),train
704,tr,R4G7M1,R4G7M1_9SAUR,PLA2-Sut-1,Suta fasciata,529716,3,Clustered_Phospholipase_A2(PLA2),train
705,tr,R4FIA4,R4FIA4_9SAUR,PLA2-Cac-6,Cacophis squamulosus,505434,2,Clustered_Phospholipase_A2(PLA2),train
706,tr,R4FJH9,R4FJH9_9SAUR,PLA2-Cac-12,Cacophis squamulosus,505434,2,Clustered_Phospholipase_A2(PLA2),train
707,tr,R4G2M4,R4G2M4_9SAUR,PLA2-Sut-25,Suta fasciata,529716,3,Clustered_Phospholipase_A2(PLA2),val
708,tr,R4G2X1,R4G2X1_9SAUR,PLA2-Hem-3,Hemiaspis signata,355698,2,Clustered_Phospholipase_A2(PLA2),train
709,tr,R4FI56,R4FI56_9SAUR,PLA2-Aca-43,Acanthophis wellsi,239747,2,Clustered_Phospholipase_A2(PLA2),train
710,tr,R4FJ01,R4FJ01_9SAUR,PLA2-Sut-36,Suta fasciata,529716,3,Clustered_Phospholipase_A2(PLA2),train
711,tr,R4G359,R4G359_9SAUR,PLA2-Sut-14,Suta fasciata,529716,3,Clustered_Phospholipase_A2(PLA2),train
712,tr,A0AAW1BH57,A0AAW1BH57_CROAD,Phosphoinositide phospholipase C,Crotalus adamanteus,8729,4,Clustered_Phospholipase_A2(PLA2),train
713,tr,A0AAW1C9Y1,A0AAW1C9Y1_CROAD,Phosphoinositide phospholipase C,Crotalus adamanteus,8729,4,Clustered_Phospholipase_A2(PLA2),train
714,tr,A0AAW1ANS7,A0AAW1ANS7_CROAD,Phosphoinositide phospholipase C,Crotalus adamanteus,8729,4,Clustered_Phospholipase_A2(PLA2),train
715,tr,A0AAW1C9H3,A0AAW1C9H3_CROAD,Phosphoinositide phospholipase C,Crotalus adamanteus,8729,4,Clustered_Phospholipase_A2(PLA2),train
716,tr,V8NJ64,V8NJ64_OPHHA,Phosphoinositide phospholipase C,Ophiophagus hannah,8665,4,Clustered_Phospholipase_A2(PLA2),train
717,tr,V8P608,V8P608_OPHHA,Phosphoinositide phospholipase C (Fragment),Ophiophagus hannah,8665,4,Clustered_Phospholipase_A2(PLA2),train
718,tr,V8PIL3,V8PIL3_OPHHA,Phosphoinositide phospholipase C (Fragment),Ophiophagus hannah,8665,4,Clustered_Phospholipase_A2(PLA2),train
719,tr,A7X4N6,A7X4N6_AZEFE,PLA2(IIA)-Aze1,Azemiops feae,8773,2,Clustered_Phospholipase_A2(PLA2),train
720,tr,A7X4P4,A7X4P4_AZEFE,PLA2(IIA)-Aze2,Azemiops feae,8773,2,Clustered_Phospholipase_A2(PLA2),train
721,tr,A7X4U6,A7X4U6_CAURH,PLA2(IIA)-Cau1,Causus rhombeatus,44735,2,Clustered_Phospholipase_A2(PLA2),train
722,tr,A0A2D4JP13,A0A2D4JP13_MICLE,phospholipase A2 (Fragment),Micrurus lemniscatus lemniscatus,129467,3,Clustered_Phospholipase_A2(PLA2),train
723,tr,Q6T7B8,Q6T7B8_BITGA,phospholipase A2,Bitis gabonica,8694,2,Clustered_Phospholipase_A2(PLA2),train
724,tr,A0A0F7YZM0,A0A0F7YZM0_MICFL,phospholipase A2,Micrurus fulvius,8637,2,Clustered_Phospholipase_A2(PLA2),train
725,tr,A0A0H3U1V7,A0A0H3U1V7_9SAUR,Phospholipase A2,Trimeresurus sabahi,342872,3,Clustered_Phospholipase_A2(PLA2),test
726,tr,A0A0H3U1X1,A0A0H3U1X1_9SAUR,Phospholipase A2,Trimeresurus popeiorum,109786,3,Clustered_Phospholipase_A2(PLA2),train
727,tr,A0A0H3U1Y6,A0A0H3U1Y6_9SAUR,Phospholipase A2,Trimeresurus cardamomensis,1457320,3,Clustered_Phospholipase_A2(PLA2),train
728,tr,A0A0H3U201,A0A0H3U201_GLOBR,Phospholipase A2,Gloydius brevicauda,3148161,3,Clustered_Phospholipase_A2(PLA2),train
729,tr,A0A0H3U232,A0A0H3U232_9SAUR,Phospholipase A2,Trimeresurus sabahi,342872,3,Clustered_Phospholipase_A2(PLA2),test
730,tr,A0A0H3U1W6,A0A0H3U1W6_9SAUR,Phospholipase A2,Trimeresurus cardamomensis,1457320,3,Clustered_Phospholipase_A2(PLA2),train
731,tr,A0A0H3U1X5,A0A0H3U1X5_TRIHG,Phospholipase A2,Trimeresurus hageni,109782,3,Clustered_Phospholipase_A2(PLA2),train
732,tr,A0A0H3U208,A0A0H3U208_9SAUR,Phospholipase A2,Ovophis convictus,1027826,3,Clustered_Phospholipase_A2(PLA2),val
733,tr,A0A0H3U271,A0A0H3U271_PROMB,Phospholipase A2,Protobothrops mangshanensis,242058,3,Clustered_Phospholipase_A2(PLA2),train
734,tr,A0A0H3U1Y7,A0A0H3U1Y7_9SAUR,Phospholipase A2,Trimeresurus cardamomensis,1457320,3,Clustered_Phospholipase_A2(PLA2),test
735,tr,A0A0H3U1X8,A0A0H3U1X8_PROMB,Phospholipase A2,Protobothrops mangshanensis,242058,3,Clustered_Phospholipase_A2(PLA2),train
736,tr,A0A411EZZ3,A0A411EZZ3_CROAD,Phospholipase A2 (Fragment),Crotalus adamanteus,8729,2,Clustered_Phospholipase_A2(PLA2),train
737,tr,A0A411EZZ4,A0A411EZZ4_CROAT,Phospholipase A2 (Fragment),Crotalus atrox,8730,2,Clustered_Phospholipase_A2(PLA2),train
738,tr,A0A411F012,A0A411F012_CROAD,Phospholipase A2 (Fragment),Crotalus adamanteus,8729,2,Clustered_Phospholipase_A2(PLA2),test
739,tr,A0AAW1AZ73,A0AAW1AZ73_CROAD,Phospholipase A2 inhibitor N-terminal domain-containing protein,Crotalus adamanteus,8729,3,Clustered_Phospholipase_A2(PLA2),train
740,tr,A0AAW1BQZ2,A0AAW1BQZ2_CROAD,Sphingomyelin phosphodiesterase 2,Crotalus adamanteus,8729,3,Clustered_Phospholipase_A2(PLA2),train
741,tr,A0A077L7Z9,A0A077L7Z9_PROFL,Phospholipase A2,Protobothrops flavoviridis,88087,2,Clustered_Phospholipase_A2(PLA2),train
742,tr,A0A670YPF1,A0A670YPF1_PSETE,Phospholipase A2 receptor 1,Pseudonaja textilis,8673,3,Clustered_Phospholipase_A2(PLA2),train
743,tr,V8P6Q3,V8P6Q3_OPHHA,Secretory phospholipase A2 receptor (Fragment),Ophiophagus hannah,8665,3,Clustered_Phospholipase_A2(PLA2),train
744,tr,A0AAW1B923,A0AAW1B923_CROAD,Phospholipase,Crotalus adamanteus,8729,3,Clustered_Phospholipase_A2(PLA2),train
745,tr,A0A2D4I191,A0A2D4I191_MICLE,Phospholipase A2 (Fragment),Micrurus lemniscatus lemniscatus,129467,4,Clustered_Phospholipase_A2(PLA2),train
746,tr,A0A2D4M2T9,A0A2D4M2T9_9SAUR,phospholipase A2 (Fragment),Micrurus spixii,129469,4,Clustered_Phospholipase_A2(PLA2),train
747,tr,A0A2H6NFP9,A0A2H6NFP9_9SAUR,phospholipase A2 (Fragment),Micrurus carvalhoi,3147026,3,Clustered_Phospholipase_A2(PLA2),train
748,tr,A0A2D4JID8,A0A2D4JID8_MICLE,phospholipase A2 (Fragment),Micrurus lemniscatus lemniscatus,129467,3,Clustered_Phospholipase_A2(PLA2),test
749,tr,A0A0D3S0Q5,A0A0D3S0Q5_ATHNI,Phospholipase A2,Atheris nitschei,110224,2,Clustered_Phospholipase_A2(PLA2),train
750,tr,Q75XS8,Q75XS8_LATSE,Phospholipase A2 (Fragment),Laticauda semifasciata,8631,2,Clustered_Phospholipase_A2(PLA2),train
751,tr,A0A0D3S0M2,A0A0D3S0M2_ATHSQ,Phospholipase A2,Atheris squamigera,110225,2,Clustered_Phospholipase_A2(PLA2),val
752,tr,A0A223PK36,A0A223PK36_DABRR,phospholipase A2 (Fragment),Daboia russelii,8707,2,Clustered_Phospholipase_A2(PLA2),train
753,tr,A0A223PK37,A0A223PK37_DABRR,phospholipase A2 (Fragment),Daboia russelii,8707,2,Clustered_Phospholipase_A2(PLA2),test
754,tr,A0AAW1C602,A0AAW1C602_CROAD,Phospholipase A2,Crotalus adamanteus,8729,4,Clustered_Phospholipase_A2(PLA2),val
755,tr,A0AAW1C7R2,A0AAW1C7R2_CROAD,Phospholipase A2,Crotalus adamanteus,8729,4,Clustered_Phospholipase_A2(PLA2),val
756,tr,A0AAW1BDR8,A0AAW1BDR8_CROAD,phospholipase A2,Crotalus adamanteus,8729,4,Clustered_Phospholipase_A2(PLA2),test
757,tr,A0AAW1BIS7,A0AAW1BIS7_CROAD,phospholipase D,Crotalus adamanteus,8729,3,Clustered_Phospholipase_A2(PLA2),train
758,tr,A0AAW1APM9,A0AAW1APM9_CROAD,phospholipase A2,Crotalus adamanteus,8729,4,Clustered_Phospholipase_A2(PLA2),train
759,tr,A0AAW1C6T0,A0AAW1C6T0_CROAD,Phospholipase A2,Crotalus adamanteus,8729,4,Clustered_Phospholipase_A2(PLA2),train
760,tr,A0AAW1CDS9,A0AAW1CDS9_CROAD,phospholipase A2,Crotalus adamanteus,8729,4,Clustered_Phospholipase_A2(PLA2),train
761,tr,I0BWR7,I0BWR7_DISTY,Phospholipase A2 type IIE,Dispholidus typus,46295,2,Clustered_Phospholipase_A2(PLA2),val
762,tr,H8PG86,H8PG86_9SAUR,Phospholipase A2 isoform 5,Suta nigriceps,687874,2,Clustered_Phospholipase_A2(PLA2),train
763,tr,I0BWR9,I0BWR9_LEIMD,Phospholipase A2 type IIE,Leioheterodon madagascariensis,46577,2,Clustered_Phospholipase_A2(PLA2),test
764,tr,V8NAX4,V8NAX4_OPHHA,phospholipase D (Fragment),Ophiophagus hannah,8665,4,Clustered_Phospholipase_A2(PLA2),train
765,tr,V8NXU8,V8NXU8_OPHHA,Phospholipase A2 (Fragment),Ophiophagus hannah,8665,4,Clustered_Phospholipase_A2(PLA2),train
766,tr,V8P098,V8P098_OPHHA,Phospholipase DDHD2 (Fragment),Ophiophagus hannah,8665,3,Clustered_Phospholipase_A2(PLA2),train
767,tr,V8NR21,V8NR21_OPHHA,Phospholipase A2,Ophiophagus hannah,8665,4,Clustered_Phospholipase_A2(PLA2),val
768,tr,V8NEH4,V8NEH4_OPHHA,Phospholipase A2 (Fragment),Ophiophagus hannah,8665,4,Clustered_Phospholipase_A2(PLA2),train
769,tr,V8NHI8,V8NHI8_OPHHA,Phospholipase A2 (Fragment),Ophiophagus hannah,8665,4,Clustered_Phospholipase_A2(PLA2),val
770,tr,V8PAX8,V8PAX8_OPHHA,phospholipase A2 (Fragment),Ophiophagus hannah,8665,4,Clustered_Phospholipase_A2(PLA2),train
771,tr,Q9PTC1,Q9PTC1_OXYSU,Phospholipase A2 inhibitor,Oxyuranus scutellatus,8668,2,Clustered_Phospholipase_A2(PLA2),train
772,tr,V8N6U5,V8N6U5_OPHHA,phospholipase D (Fragment),Ophiophagus hannah,8665,4,Clustered_Phospholipase_A2(PLA2),train
773,tr,V8N729,V8N729_OPHHA,Phospholipase A2 (Fragment),Ophiophagus hannah,8665,4,Clustered_Phospholipase_A2(PLA2),train
774,tr,V8N960,V8N960_OPHHA,Phospholipase A2 (Fragment),Ophiophagus hannah,8665,4,Clustered_Phospholipase_A2(PLA2),train
775,tr,A0AAW1ATU2,A0AAW1ATU2_CROAD,Mitochondrial cardiolipin hydrolase,Crotalus adamanteus,8729,3,Clustered_Phospholipase_A2(PLA2),train
776,tr,A0A2D4IIS0,A0A2D4IIS0_MICLE,phosphoinositide phospholipase C (Fragment),Micrurus lemniscatus lemniscatus,129467,4,Clustered_Phospholipase_A2(PLA2),train
777,tr,A0A2D4KUV7,A0A2D4KUV7_9SAUR,Phosphoinositide phospholipase C (Fragment),Micrurus paraensis,1970185,4,Clustered_Phospholipase_A2(PLA2),train
778,tr,A0A2D4KS15,A0A2D4KS15_9SAUR,Phospholipase B-like,Micrurus paraensis,1970185,3,Clustered_Phospholipase_A2(PLA2),train
779,tr,A0A2D4MVG4,A0A2D4MVG4_9SAUR,Phosphoinositide phospholipase C (Fragment),Micrurus spixii,129469,4,Clustered_Phospholipase_A2(PLA2),val
780,tr,A0A2D4MMQ0,A0A2D4MMQ0_9SAUR,Phosphoinositide phospholipase C (Fragment),Micrurus spixii,129469,4,Clustered_Phospholipase_A2(PLA2),test
781,tr,A0A2D4IJK9,A0A2D4IJK9_MICLE,Phosphoinositide phospholipase C (Fragment),Micrurus lemniscatus lemniscatus,129467,4,Clustered_Phospholipase_A2(PLA2),train
782,tr,A0A2D4J958,A0A2D4J958_MICLE,Phosphoinositide phospholipase C (Fragment),Micrurus lemniscatus lemniscatus,129467,4,Clustered_Phospholipase_A2(PLA2),train
783,tr,A8I4L3,A8I4L3_BOTER,Phospholipase A2 inhibitor,Bothrops erythromelas,44710,2,Clustered_Phospholipase_A2(PLA2),train
784,tr,A0A8C6VEW5,A0A8C6VEW5_NAJNA,Phospholipase A2 inhibitor,Naja naja,35670,3,Clustered_Phospholipase_A2(PLA2),train
785,tr,Q9PTC7,Q9PTC7_OXYMI,Phospholipase A2 inhibitor,Oxyuranus microlepidotus,111177,2,Clustered_Phospholipase_A2(PLA2),train
786,tr,A0A194AMI1,A0A194AMI1_9SAUR,Phospholipase A2 2e,Agkistrodon piscivorus,8715,3,Clustered_Phospholipase_A2(PLA2),train
787,tr,A0A646QBW9,A0A646QBW9_9SAUR,Phospholipase A2 1b,Thelotornis mossambicanus,1328036,3,Clustered_Phospholipase_A2(PLA2),train
788,tr,A0A646QH52,A0A646QH52_9SAUR,Phospholipase A2 1b,Thelotornis mossambicanus,1328036,3,Clustered_Phospholipase_A2(PLA2),train
789,tr,T2HPJ4,T2HPJ4_OVOOK,Phospholipase B-like,Ovophis okinavensis,8769,2,Clustered_Phospholipase_A2(PLA2),train
790,tr,A0A646QEM7,A0A646QEM7_9SAUR,Phospholipase B-like,Thelotornis mossambicanus,1328036,3,Clustered_Phospholipase_A2(PLA2),train
791,tr,A0AAW1APA9,A0AAW1APA9_CROAD,Phospholipase B-like,Crotalus adamanteus,8729,3,Clustered_Phospholipase_A2(PLA2),train
792,tr,A0AAW1BKQ2,A0AAW1BKQ2_CROAD,Phosphoinositide phospholipase C,Crotalus adamanteus,8729,4,Clustered_Phospholipase_A2(PLA2),train
793,tr,A0A0A1ENR3,A0A0A1ENR3_LACMT,Phospholipase A2,Lachesis muta,8752,2,Clustered_Phospholipase_A2(PLA2),val
794,tr,A0A0A1WC86,A0A0A1WC86_ECHCO,phospholipase A2 (Fragment),Echis coloratus,64175,2,Clustered_Phospholipase_A2(PLA2),train
795,tr,A0AAW1B5P4,A0AAW1B5P4_CROAD,Phosphoinositide phospholipase C,Crotalus adamanteus,8729,4,Clustered_Phospholipase_A2(PLA2),test
796,tr,A0AAW1BM10,A0AAW1BM10_CROAD,Phosphoinositide phospholipase C,Crotalus adamanteus,8729,4,Clustered_Phospholipase_A2(PLA2),train
797,tr,A0AAW1BGA9,A0AAW1BGA9_CROAD,Phosphoinositide phospholipase C,Crotalus adamanteus,8729,4,Clustered_Phospholipase_A2(PLA2),train
798,tr,A0AAW1C7H5,A0AAW1C7H5_CROAD,Phosphoinositide phospholipase C,Crotalus adamanteus,8729,4,Clustered_Phospholipase_A2(PLA2),train
799,tr,A0AAW1BDS5,A0AAW1BDS5_CROAD,Phosphoinositide phospholipase C,Crotalus adamanteus,8729,4,Clustered_Phospholipase_A2(PLA2),val
800,tr,A0AAW1AQK6,A0AAW1AQK6_CROAD,Phosphoinositide phospholipase C,Crotalus adamanteus,8729,4,Clustered_Phospholipase_A2(PLA2),train
801,tr,A0AAW1BED4,A0AAW1BED4_CROAD,Phosphoinositide phospholipase C,Crotalus adamanteus,8729,4,Clustered_Phospholipase_A2(PLA2),test
802,tr,B2KNL4,B2KNL4_BUNFA,Phospholipase A2 BF-40,Bungarus fasciatus,8613,2,Clustered_Phospholipase_A2(PLA2),train
803,tr,V8P6F0,V8P6F0_OPHHA,Phosphoinositide phospholipase C (Fragment),Ophiophagus hannah,8665,4,Clustered_Phospholipase_A2(PLA2),train
804,tr,V8PE64,V8PE64_OPHHA,Phosphoinositide phospholipase C (Fragment),Ophiophagus hannah,8665,4,Clustered_Phospholipase_A2(PLA2),train
805,tr,V8N4G5,V8N4G5_OPHHA,Phosphoinositide phospholipase C (Fragment),Ophiophagus hannah,8665,4,Clustered_Phospholipase_A2(PLA2),val
806,tr,V8N9S2,V8N9S2_OPHHA,Phosphoinositide phospholipase C (Fragment),Ophiophagus hannah,8665,4,Clustered_Phospholipase_A2(PLA2),val
807,tr,V8NCI6,V8NCI6_OPHHA,Phosphoinositide phospholipase C (Fragment),Ophiophagus hannah,8665,4,Clustered_Phospholipase_A2(PLA2),train
808,tr,V8NBX9,V8NBX9_OPHHA,Phosphoinositide phospholipase C (Fragment),Ophiophagus hannah,8665,4,Clustered_Phospholipase_A2(PLA2),train
809,tr,V8NF02,V8NF02_OPHHA,phosphoinositide phospholipase C (Fragment),Ophiophagus hannah,8665,4,Clustered_Phospholipase_A2(PLA2),train
810,tr,V8NLQ9,V8NLQ9_OPHHA,Phospholipase B-like (Fragment),Ophiophagus hannah,8665,3,Clustered_Phospholipase_A2(PLA2),train
811,tr,V8NRD2,V8NRD2_OPHHA,Phosphoinositide phospholipase C (Fragment),Ophiophagus hannah,8665,4,Clustered_Phospholipase_A2(PLA2),train
812,tr,V8N7F0,V8N7F0_OPHHA,Phosphoinositide phospholipase C (Fragment),Ophiophagus hannah,8665,4,Clustered_Phospholipase_A2(PLA2),train
813,tr,V8NCE6,V8NCE6_OPHHA,Phosphoinositide phospholipase C (Fragment),Ophiophagus hannah,8665,4,Clustered_Phospholipase_A2(PLA2),train
814,tr,V8NZ24,V8NZ24_OPHHA,Phosphoinositide phospholipase C (Fragment),Ophiophagus hannah,8665,4,Clustered_Phospholipase_A2(PLA2),train
815,tr,V8PE75,V8PE75_OPHHA,Phosphoinositide phospholipase C (Fragment),Ophiophagus hannah,8665,4,Clustered_Phospholipase_A2(PLA2),train
816,tr,A0AAW1BNZ8,A0AAW1BNZ8_CROAD,Phosphatidylinositol-glycan-specific phospholipase D,Crotalus adamanteus,8729,3,Clustered_Phospholipase_A2(PLA2),test
817,tr,A0AAW1C139,A0AAW1C139_CROAD,Phospholipase A1 member A,Crotalus adamanteus,8729,3,Clustered_Phospholipase_A2(PLA2),train
818,tr,V8NZK5,V8NZK5_OPHHA,Phospholipase A1 member A (Fragment),Ophiophagus hannah,8665,3,Clustered_Phospholipase_A2(PLA2),train
819,tr,B0LSF5,B0LSF5_9SAUR,Phospholipase A2,Sistrurus catenatus catenatus,496732,3,Clustered_Phospholipase_A2(PLA2),train
820,tr,B0LSG3,B0LSG3_SISCA,Phospholipase A2,Sistrurus catenatus edwardsii,8762,3,Clustered_Phospholipase_A2(PLA2),train
821,tr,A8E2V4,A8E2V4_BOTSC,Acidic phospholipase A2,Bothriechis schlegelii,44725,2,Clustered_Phospholipase_A2(PLA2),train
822,tr,A0A2D4PSR6,A0A2D4PSR6_MICSU,Phospholipase A-2-activating protein,Micrurus surinamensis,129470,3,Clustered_Phospholipase_A2(PLA2),train
823,tr,A0A2D4Q1F6,A0A2D4Q1F6_MICSU,Phospholipase A2 domain-containing protein (Fragment),Micrurus surinamensis,129470,3,Clustered_Phospholipase_A2(PLA2),train
824,tr,A0A1D8BAX0,A0A1D8BAX0_PSEPP,Phospholipase A2,Pseudechis papuanus,61265,2,Clustered_Phospholipase_A2(PLA2),train
825,tr,A0A098LY50,A0A098LY50_PYTRG,Phospholipase A2 Group IIE (Fragment),Python regius,51751,2,Clustered_Phospholipase_A2(PLA2),train
826,tr,A0A2D4L4B7,A0A2D4L4B7_9SAUR,5'-3' exonuclease PLD3 (Fragment),Micrurus paraensis,1970185,4,Clustered_Phospholipase_A2(PLA2),val
827,tr,V8P918,V8P918_OPHHA,Phospholipase A-2-activating protein (Fragment),Ophiophagus hannah,8665,3,Clustered_Phospholipase_A2(PLA2),val
828,tr,A0A0D3N9P6,A0A0D3N9P6_AZEFE,Acidic phospholipase A2,Azemiops feae,8773,2,Clustered_Phospholipase_A2(PLA2),val
829,tr,A0A0D3N9S4,A0A0D3N9S4_AZEFE,Basic phospholipase A2,Azemiops feae,8773,2,Clustered_Phospholipase_A2(PLA2),train
830,tr,A0AAW1AWM5,A0AAW1AWM5_CROAD,5'-3' exonuclease PLD3,Crotalus adamanteus,8729,3,Clustered_Phospholipase_A2(PLA2),train
831,tr,A0A182C6F2,A0A182C6F2_9SAUR,Gamma type PLA2 inhibitor,Phalotris mertensi,1260334,3,Clustered_Phospholipase_A2(PLA2),train
832,tr,A0A0A1WDQ3,A0A0A1WDQ3_ECHCO,Phospholipase A2 Group IIA a (Fragment),Echis coloratus,64175,2,Clustered_Phospholipase_A2(PLA2),train
833,tr,A0A0A1WCG3,A0A0A1WCG3_ECHCO,Phospholipase A2 Group IIA d,Echis coloratus,64175,2,Clustered_Phospholipase_A2(PLA2),train
834,tr,A0AAW1BEJ8,A0AAW1BEJ8_CROAD,Group XIIB secretory phospholipase A2-like protein,Crotalus adamanteus,8729,3,Clustered_Phospholipase_A2(PLA2),train
835,tr,A0A2D4GKQ1,A0A2D4GKQ1_MICCO,Phosphatidylinositol-specific phospholipase C X domain-containing protein (Fragment),Micrurus corallinus,54390,4,Clustered_Phospholipase_A2(PLA2),train
836,tr,V8PGP8,V8PGP8_OPHHA,Patatin-like phospholipase domain-containing protein 2 (Fragment),Ophiophagus hannah,8665,4,Clustered_Phospholipase_A2(PLA2),train
837,tr,A0A9F2R540,A0A9F2R540_PYTBI,Phospholipase A2 inhibitor and Ly6/PLAUR domain-containing protein-like,Python bivittatus,176946,3,Clustered_Phospholipase_A2(PLA2),train
838,tr,A0A223PK40,A0A223PK40_DABRR,Secretory phospholipase A2 receptor (Fragment),Daboia russelii,8707,2,Clustered_Phospholipase_A2(PLA2),train
839,tr,A0A0B8RPP0,A0A0B8RPP0_9SAUR,Phospholipase A2 inhibitor,Philothamnus irregularis,1899461,4,Clustered_Phospholipase_A2(PLA2),train
840,tr,J3S0I2,J3S0I2_CROAD,Phospholipase A2 inhibitor,Crotalus adamanteus,8729,2,Clustered_Phospholipase_A2(PLA2),train
841,tr,A0A346CLZ3,A0A346CLZ3_9SAUR,Phospholipase A2 inhibitor 1 (Fragment),Ahaetulla prasina,499056,2,Clustered_Phospholipase_A2(PLA2),train
842,tr,A0A346CI92,A0A346CI92_SPISL,Phospholipase inhibitor 1 (Fragment),Spilotes sulphureus,1899469,2,Clustered_Phospholipase_A2(PLA2),test
843,tr,T1DJP3,T1DJP3_CROHD,Phospholipase A2 inhibitor subunit gamma B-like protein,Crotalus horridus,35024,2,Clustered_Phospholipase_A2(PLA2),train
844,tr,A0AAW1AXH4,A0AAW1AXH4_CROAD,Phospholipase A2 inhibitor 1,Crotalus adamanteus,8729,3,Clustered_Phospholipase_A2(PLA2),val
845,tr,A0AAW1AY83,A0AAW1AY83_CROAD,Phospholipase A2 inhibitor subunit gamma B,Crotalus adamanteus,8729,4,Clustered_Phospholipase_A2(PLA2),train
846,tr,J3SF11,J3SF11_CROAD,Phospholipase A2 inhibitor subunit gamma B,Crotalus adamanteus,8729,2,Clustered_Phospholipase_A2(PLA2),train
847,tr,A0A0B8RU42,A0A0B8RU42_9SAUR,Phospholipase A2 inhibitor subunit gamma B,Philothamnus irregularis,1899461,3,Clustered_Phospholipase_A2(PLA2),train
848,tr,A0A0B8RWU6,A0A0B8RWU6_9SAUR,Phospholipase A2 inhibitor subunit gamma B,Philothamnus irregularis,1899461,3,Clustered_Phospholipase_A2(PLA2),train
849,tr,V8NFW2,V8NFW2_OPHHA,Phospholipase A2 inhibitor subunit gamma B (Fragment),Ophiophagus hannah,8665,4,Clustered_Phospholipase_A2(PLA2),train
850,tr,A0AAW1AXJ7,A0AAW1AXJ7_CROAD,Phospholipase A2 inhibitor subunit gamma B-like,Crotalus adamanteus,8729,4,Clustered_Phospholipase_A2(PLA2),train
851,tr,A0AAW1AXJ9,A0AAW1AXJ9_CROAD,Phospholipase A2 inhibitor subunit gamma B-like,Crotalus adamanteus,8729,3,Clustered_Phospholipase_A2(PLA2),train
852,tr,V8NAL5,V8NAL5_OPHHA,Phospholipase A2 inhibitor N-terminal domain-containing protein (Fragment),Ophiophagus hannah,8665,3,Clustered_Phospholipase_A2(PLA2),train
853,tr,V8NM84,V8NM84_OPHHA,Phospholipase A2 inhibitor N-terminal domain-containing protein (Fragment),Ophiophagus hannah,8665,3,Clustered_Phospholipase_A2(PLA2),train
854,tr,V8NAC5,V8NAC5_OPHHA,Phospholipase A2 inhibitor N-terminal domain-containing protein (Fragment),Ophiophagus hannah,8665,3,Clustered_Phospholipase_A2(PLA2),train
855,tr,B2BRT0,B2BRT0_AUSLA,Truncated putative phospholipase A2,Austrelaps labialis,471292,2,Clustered_Phospholipase_A2(PLA2),train
856,tr,A0AAW1AY60,A0AAW1AY60_CROAD,Phospholipase A2 inhibitor and Ly6/PLAUR domain-containing protein-like,Crotalus adamanteus,8729,4,Clustered_Phospholipase_A2(PLA2),train
857,tr,A0AAW1AY90,A0AAW1AY90_CROAD,Phospholipase A2 inhibitor and Ly6/PLAUR domain-containing protein-like,Crotalus adamanteus,8729,3,Clustered_Phospholipase_A2(PLA2),train
858,tr,V8NGT4,V8NGT4_OPHHA,Phospholipase A2 inhibitor N-terminal domain-containing protein,Ophiophagus hannah,8665,3,Clustered_Phospholipase_A2(PLA2),train
859,tr,A0A077LCZ9,A0A077LCZ9_PROEL,Phospholipase A2 3 (Fragment),Protobothrops elegans,88086,2,Clustered_Phospholipase_A2(PLA2),train
860,tr,A0A2D4I3Q5,A0A2D4I3Q5_MICLE,phospholipase A2 (Fragment),Micrurus lemniscatus lemniscatus,129467,4,Clustered_Phospholipase_A2(PLA2),train
861,tr,A0AAW1AZ38,A0AAW1AZ38_CROAD,Phospholipase DDHD2,Crotalus adamanteus,8729,3,Clustered_Phospholipase_A2(PLA2),train
862,tr,A0AAW1C6Y4,A0AAW1C6Y4_CROAD,Phospholipase A2,Crotalus adamanteus,8729,4,Clustered_Phospholipase_A2(PLA2),train
863,tr,A0AAW1C563,A0AAW1C563_CROAD,Phospholipase DDHD1,Crotalus adamanteus,8729,3,Clustered_Phospholipase_A2(PLA2),train
864,tr,A0AAW1C5N2,A0AAW1C5N2_CROAD,phospholipase A2,Crotalus adamanteus,8729,4,Clustered_Phospholipase_A2(PLA2),test
865,tr,A0AAW1C7H4,A0AAW1C7H4_CROAD,Phospholipase A2,Crotalus adamanteus,8729,4,Clustered_Phospholipase_A2(PLA2),train
866,tr,V8N7R3,V8N7R3_OPHHA,Phospholipase D3 (Fragment),Ophiophagus hannah,8665,4,Clustered_Phospholipase_A2(PLA2),test
867,tr,V8N3V5,V8N3V5_OPHHA,phospholipase D (Fragment),Ophiophagus hannah,8665,4,Clustered_Phospholipase_A2(PLA2),train
868,tr,A0A8C6X354,A0A8C6X354_NAJNA,Phospholipase A2 inhibitor,Naja naja,35670,3,Clustered_Phospholipase_A2(PLA2),train
869,tr,A0A2D4PPX6,A0A2D4PPX6_MICSU,phosphoinositide phospholipase C (Fragment),Micrurus surinamensis,129470,4,Clustered_Phospholipase_A2(PLA2),train
870,tr,A0A2D4EM35,A0A2D4EM35_MICCO,Phospholipase B-like (Fragment),Micrurus corallinus,54390,4,Clustered_Phospholipase_A2(PLA2),test
871,tr,G1UJB0,G1UJB0_PROFL,Phospholipase A2 inhibitor IV,Protobothrops flavoviridis,88087,2,Clustered_Phospholipase_A2(PLA2),train
872,tr,U3F748,U3F748_MICFL,Cytosolic phospholipase A2 gamma-like protein,Micrurus fulvius,8637,2,Clustered_Phospholipase_A2(PLA2),train
873,tr,A0A481S7E6,A0A481S7E6_BOTJA,Phospholipase A2 inhibitor,Bothrops jararaca,8724,2,Clustered_Phospholipase_A2(PLA2),val
874,tr,A0A0B8RXU2,A0A0B8RXU2_9SAUR,Phospholipase A2 inhibitor,Philothamnus irregularis,1899461,4,Clustered_Phospholipase_A2(PLA2),train
875,tr,A0AAW1C599,A0AAW1C599_CROAD,PLA2G4E: Phospholipase A2,Crotalus adamanteus,8729,4,Clustered_Phospholipase_A2(PLA2),train
876,tr,A0AAW1CBH4,A0AAW1CBH4_CROAD,Inactive phospholipase D5,Crotalus adamanteus,8729,3,Clustered_Phospholipase_A2(PLA2),val
877,tr,V8N5K6,V8N5K6_OPHHA,Phospholipase A2 inhibitor (Fragment),Ophiophagus hannah,8665,4,Clustered_Phospholipase_A2(PLA2),train
878,tr,A0A2D4MV67,A0A2D4MV67_9SAUR,"Phospholipase B1, membrane-associated (Fragment)",Micrurus spixii,129469,4,Clustered_Phospholipase_A2(PLA2),train
879,tr,A0A2H4N3E1,A0A2H4N3E1_BOTMO,Phospholipase A2 inhibitor 2 (Fragment),Bothrops moojeni,98334,2,Clustered_Phospholipase_A2(PLA2),train
880,tr,A0A6P9DBK2,A0A6P9DBK2_PANGU,Phospholipase A2 inhibitor LNF1-like,Pantherophis guttatus,94885,3,Clustered_Phospholipase_A2(PLA2),train
881,tr,A0AAW1C420,A0AAW1C420_CROAD,Phospholipase A2 inhibitor-like,Crotalus adamanteus,8729,4,Clustered_Phospholipase_A2(PLA2),train
882,tr,A0AAW1CCB9,A0AAW1CCB9_CROAD,Phospholipase B1 membrane-associated,Crotalus adamanteus,8729,4,Clustered_Phospholipase_A2(PLA2),train
883,tr,A0AAW1ATF8,A0AAW1ATF8_CROAD,Group XV phospholipase A2,Crotalus adamanteus,8729,3,Clustered_Phospholipase_A2(PLA2),train
884,tr,A0AAW1CC30,A0AAW1CC30_CROAD,Phospholipase B1 membrane-associated,Crotalus adamanteus,8729,4,Clustered_Phospholipase_A2(PLA2),train
885,tr,A0A6I9Z7H6,A0A6I9Z7H6_9SAUR,Phospholipase A2 inhibitor and Ly6/PLAUR domain-containing protein-like,Thamnophis sirtalis,35019,4,Clustered_Phospholipase_A2(PLA2),test
886,tr,A0A9F2WIF5,A0A9F2WIF5_PYTBI,Phospholipase A2 inhibitor LNF2-like,Python bivittatus,176946,3,Clustered_Phospholipase_A2(PLA2),train
887,tr,A0A6I9YZM2,A0A6I9YZM2_9SAUR,Phospholipase A2 inhibitor LNF2-like,Thamnophis sirtalis,35019,3,Clustered_Phospholipase_A2(PLA2),val
888,tr,V8NDC8,V8NDC8_OPHHA,Group XVI phospholipase A2 (Fragment),Ophiophagus hannah,8665,3,Clustered_Phospholipase_A2(PLA2),train
889,tr,V8NN21,V8NN21_OPHHA,"Phospholipase B1, membrane-associated (Fragment)",Ophiophagus hannah,8665,4,Clustered_Phospholipase_A2(PLA2),train
890,tr,V8N5U5,V8N5U5_OPHHA,Cytosolic phospholipase A2 gamma (Fragment),Ophiophagus hannah,8665,4,Clustered_Phospholipase_A2(PLA2),train
891,tr,V8NJ26,V8NJ26_OPHHA,Cytosolic phospholipase A2 epsilon (Fragment),Ophiophagus hannah,8665,4,Clustered_Phospholipase_A2(PLA2),train
892,tr,V8NHU8,V8NHU8_OPHHA,Cytosolic phospholipase A2 delta (Fragment),Ophiophagus hannah,8665,4,Clustered_Phospholipase_A2(PLA2),train
893,tr,V8NSF7,V8NSF7_OPHHA,Group XVI phospholipase A2 (Fragment),Ophiophagus hannah,8665,3,Clustered_Phospholipase_A2(PLA2),train
894,tr,J3S8A0,J3S8A0_CROAD,Calcium-independent phospholipase A2-gamma-like,Crotalus adamanteus,8729,2,Clustered_Phospholipase_A2(PLA2),train
895,tr,V8NC20,V8NC20_OPHHA,Cytosolic phospholipase A2 beta (Fragment),Ophiophagus hannah,8665,4,Clustered_Phospholipase_A2(PLA2),train
896,tr,V8NIR9,V8NIR9_OPHHA,Cytosolic phospholipase A2 zeta (Fragment),Ophiophagus hannah,8665,4,Clustered_Phospholipase_A2(PLA2),train
897,tr,A0A2D4PV26,A0A2D4PV26_MICSU,Phospholipase A2 domain-containing protein,Micrurus surinamensis,129470,4,Clustered_Phospholipase_A2(PLA2),train
898,tr,A0A2D4HA38,A0A2D4HA38_MICLE,Phospholipase A2 domain-containing protein (Fragment),Micrurus lemniscatus lemniscatus,129467,4,Clustered_Phospholipase_A2(PLA2),train
899,tr,A0A2D4MSI7,A0A2D4MSI7_9SAUR,Phospholipase A2 domain-containing protein (Fragment),Micrurus spixii,129469,4,Clustered_Phospholipase_A2(PLA2),train
900,tr,A0A2D4NC45,A0A2D4NC45_9SAUR,Phospholipase A2 domain-containing protein (Fragment),Micrurus spixii,129469,4,Clustered_Phospholipase_A2(PLA2),val
901,tr,A0A0F7Z5B9,A0A0F7Z5B9_MICFL,Calcium-independent phospholipase A2-gamma,Micrurus fulvius,8637,2,Clustered_Phospholipase_A2(PLA2),train
902,tr,A0AAW1BER9,A0AAW1BER9_CROAD,Phospholipase A2 inhibitor subunit A,Crotalus adamanteus,8729,4,Clustered_Phospholipase_A2(PLA2),train
903,tr,A0AAW1C5H5,A0AAW1C5H5_CROAD,Cytosolic phospholipase A2 epsilon-like,Crotalus adamanteus,8729,4,Clustered_Phospholipase_A2(PLA2),train
904,tr,A0AAW1C5T6,A0AAW1C5T6_CROAD,Cytosolic phospholipase A2 beta-like,Crotalus adamanteus,8729,4,Clustered_Phospholipase_A2(PLA2),val
905,tr,A0A223PK42,A0A223PK42_DABRR,Group 4C secretory phospholipase A2 (Fragment),Daboia russelii,8707,2,Clustered_Phospholipase_A2(PLA2),test
906,tr,A0AAW1C5U7,A0AAW1C5U7_CROAD,Cytosolic phospholipase A2 epsilon-like,Crotalus adamanteus,8729,4,Clustered_Phospholipase_A2(PLA2),train
907,tr,A0AAW1C3S6,A0AAW1C3S6_CROAD,Phospholipase A2 inhibitor subunit B,Crotalus adamanteus,8729,4,Clustered_Phospholipase_A2(PLA2),test
908,tr,A0AAW1B4U9,A0AAW1B4U9_CROAD,PLA2G4C: Cytosolic phospholipase A2 gamma,Crotalus adamanteus,8729,4,Clustered_Phospholipase_A2(PLA2),train
909,tr,A0AAW1C6H3,A0AAW1C6H3_CROAD,Cytosolic phospholipase A2 epsilon-like,Crotalus adamanteus,8729,4,Clustered_Phospholipase_A2(PLA2),train
910,tr,A0A6P9DRR7,A0A6P9DRR7_PANGU,Phospholipase A2 inhibitor subunit gamma B-like,Pantherophis guttatus,94885,4,Clustered_Phospholipase_A2(PLA2),train
911,tr,A0A6I9Z7H0,A0A6I9Z7H0_9SAUR,Phospholipase A2 inhibitor 25 kDa subunit-like,Thamnophis sirtalis,35019,4,Clustered_Phospholipase_A2(PLA2),train
912,tr,A0A6J1V1V0,A0A6J1V1V0_9SAUR,Phospholipase A2 inhibitor subunit gamma B-like,Notechis scutatus,8663,4,Clustered_Phospholipase_A2(PLA2),test
913,tr,A0A6P9B6L0,A0A6P9B6L0_PANGU,Phospholipase A2 inhibitor subunit gamma B-like,Pantherophis guttatus,94885,4,Clustered_Phospholipase_A2(PLA2),train
914,tr,V8N1D8,V8N1D8_OPHHA,Phospholipase A2 domain-containing protein (Fragment),Ophiophagus hannah,8665,4,Clustered_Phospholipase_A2(PLA2),train
915,tr,V8PF92,V8PF92_OPHHA,Phosphatidylinositol-glycan-specific phospholipase D (Fragment),Ophiophagus hannah,8665,4,Clustered_Phospholipase_A2(PLA2),test
916,tr,A0A2D4MU97,A0A2D4MU97_9SAUR,Inactive phospholipase C-like protein 2,Micrurus spixii,129469,4,Clustered_Phospholipase_A2(PLA2),train
917,tr,A0A6I9XSF4,A0A6I9XSF4_9SAUR,Phospholipase A2 inhibitor subunit gamma B-like,Thamnophis sirtalis,35019,3,Clustered_Phospholipase_A2(PLA2),train
918,tr,A0A9F3QSR7,A0A9F3QSR7_PYTBI,Phospholipase A2 inhibitor subunit gamma B-like,Python bivittatus,176946,3,Clustered_Phospholipase_A2(PLA2),train
919,tr,A0AAW1BJX9,A0AAW1BJX9_CROAD,Group 10 secretory phospholipase A2-like,Crotalus adamanteus,8729,4,Clustered_Phospholipase_A2(PLA2),train
920,tr,A0AAW1ARP3,A0AAW1ARP3_CROAD,Patatin-like phospholipase domain-containing protein 7,Crotalus adamanteus,8729,4,Clustered_Phospholipase_A2(PLA2),train
921,tr,A0A2D4PPT8,A0A2D4PPT8_MICSU,Phosphatidylinositol-specific phospholipase C X domain-containing protein (Fragment),Micrurus surinamensis,129470,4,Clustered_Phospholipase_A2(PLA2),train
922,tr,A0A2D4F619,A0A2D4F619_MICCO,Phosphatidylinositol-specific phospholipase C X domain-containing protein (Fragment),Micrurus corallinus,54390,4,Clustered_Phospholipase_A2(PLA2),train
923,tr,A0A2D4N989,A0A2D4N989_9SAUR,Phospholipase C-beta C-terminal domain-containing protein (Fragment),Micrurus spixii,129469,4,Clustered_Phospholipase_A2(PLA2),train
924,tr,A0A2H6NCR1,A0A2H6NCR1_9SAUR,Phospholipase C-beta C-terminal domain-containing protein,Micrurus carvalhoi,3147026,4,Clustered_Phospholipase_A2(PLA2),train
925,tr,A0A2D4K639,A0A2D4K639_9SAUR,Phosphatidylinositol-specific phospholipase C X domain-containing protein (Fragment),Micrurus paraensis,1970185,4,Clustered_Phospholipase_A2(PLA2),train
926,tr,A0A2D4LH86,A0A2D4LH86_9SAUR,Phospholipase C-beta C-terminal domain-containing protein (Fragment),Micrurus spixii,129469,4,Clustered_Phospholipase_A2(PLA2),train
927,tr,A0A2D4GEA2,A0A2D4GEA2_MICCO,Phosphatidylinositol-specific phospholipase C X domain-containing protein (Fragment),Micrurus corallinus,54390,4,Clustered_Phospholipase_A2(PLA2),train
928,tr,A0A2D4Q239,A0A2D4Q239_MICSU,Phospholipase C-beta C-terminal domain-containing protein (Fragment),Micrurus surinamensis,129470,4,Clustered_Phospholipase_A2(PLA2),train
929,tr,V8N859,V8N859_OPHHA,Group XIIB secretory phospholipase A2-like protein (Fragment),Ophiophagus hannah,8665,4,Clustered_Phospholipase_A2(PLA2),train
930,tr,V8P7N8,V8P7N8_OPHHA,Patatin-like phospholipase domain-containing protein 4 (Fragment),Ophiophagus hannah,8665,4,Clustered_Phospholipase_A2(PLA2),train
931,tr,V8N8M5,V8N8M5_OPHHA,Group XIIB secretory phospholipase A2-like protein (Fragment),Ophiophagus hannah,8665,4,Clustered_Phospholipase_A2(PLA2),train
932,tr,A0A9F3QVF9,A0A9F3QVF9_PYTBI,Phospholipase A2 inhibitor and Ly6/PLAUR domain-containing protein-like,Python bivittatus,176946,4,Clustered_Phospholipase_A2(PLA2),train
933,tr,A0A9F3QTX8,A0A9F3QTX8_PYTBI,Phospholipase A2 inhibitor and Ly6/PLAUR domain-containing protein,Python bivittatus,176946,3,Clustered_Phospholipase_A2(PLA2),train
934,tr,A0A6I9Y6Q2,A0A6I9Y6Q2_9SAUR,Phospholipase A2 inhibitor and Ly6/PLAUR domain-containing protein,Thamnophis sirtalis,35019,3,Clustered_Phospholipase_A2(PLA2),train
935,tr,A0A6P9DF84,A0A6P9DF84_PANGU,Phospholipase A2 inhibitor and Ly6/PLAUR domain-containing protein,Pantherophis guttatus,94885,3,Clustered_Phospholipase_A2(PLA2),test
936,tr,A0A9F2R8X3,A0A9F2R8X3_PYTBI,Phospholipase A2 inhibitor and Ly6/PLAUR domain-containing protein-like,Python bivittatus,176946,4,Clustered_Phospholipase_A2(PLA2),train
937,tr,A0A6P9B2J9,A0A6P9B2J9_PANGU,Phospholipase A2 inhibitor and Ly6/PLAUR domain-containing protein-like,Pantherophis guttatus,94885,4,Clustered_Phospholipase_A2(PLA2),train
938,tr,A0A6P9DFW6,A0A6P9DFW6_PANGU,Phospholipase A2 inhibitor and Ly6/PLAUR domain-containing protein-like,Pantherophis guttatus,94885,4,Clustered_Phospholipase_A2(PLA2),train
939,tr,A0A6J1V1U1,A0A6J1V1U1_9SAUR,Phospholipase A2 inhibitor and Ly6/PLAUR domain-containing protein-like,Notechis scutatus,8663,4,Clustered_Phospholipase_A2(PLA2),train
940,tr,A0A6P9DD93,A0A6P9DD93_PANGU,Phospholipase A2 inhibitor and Ly6/PLAUR domain-containing protein-like,Pantherophis guttatus,94885,4,Clustered_Phospholipase_A2(PLA2),train
941,tr,A0A9F2RDZ6,A0A9F2RDZ6_PYTBI,Phospholipase A2 inhibitor and Ly6/PLAUR domain-containing protein-like,Python bivittatus,176946,4,Clustered_Phospholipase_A2(PLA2),train
942,tr,A0A6P9DEV7,A0A6P9DEV7_PANGU,Phospholipase A2 inhibitor and Ly6/PLAUR domain-containing protein-like,Pantherophis guttatus,94885,4,Clustered_Phospholipase_A2(PLA2),train
943,tr,A0A6P9DFX1,A0A6P9DFX1_PANGU,Phospholipase A2 inhibitor and Ly6/PLAUR domain-containing protein-like,Pantherophis guttatus,94885,4,Clustered_Phospholipase_A2(PLA2),train
944,tr,A0A9F3QVY1,A0A9F3QVY1_PYTBI,Phospholipase A2 inhibitor and Ly6/PLAUR domain-containing protein-like,Python bivittatus,176946,4,Clustered_Phospholipase_A2(PLA2),train
945,tr,A0A9F5JCG2,A0A9F5JCG2_PYTBI,Phospholipase A2 inhibitor and Ly6/PLAUR domain-containing protein-like,Python bivittatus,176946,4,Clustered_Phospholipase_A2(PLA2),train
946,tr,A0A6P9DT82,A0A6P9DT82_PANGU,Phospholipase A2 inhibitor and Ly6/PLAUR domain-containing protein-like,Pantherophis guttatus,94885,4,Clustered_Phospholipase_A2(PLA2),train
947,tr,A0A9F2R4S9,A0A9F2R4S9_PYTBI,Phospholipase A2 inhibitor and Ly6/PLAUR domain-containing protein-like,Python bivittatus,176946,4,Clustered_Phospholipase_A2(PLA2),val
948,tr,A0A2D4PNV7,A0A2D4PNV7_MICSU,MITD1 C-terminal phospholipase D-like domain-containing protein,Micrurus surinamensis,129470,4,Clustered_Phospholipase_A2(PLA2),train
949,tr,A0A6J1W0A0,A0A6J1W0A0_9SAUR,Phospholipase A2 inhibitor and Ly6/PLAUR domain-containing protein-like,Notechis scutatus,8663,3,Clustered_Phospholipase_A2(PLA2),train
950,tr,A0A9F2RF70,A0A9F2RF70_PYTBI,Phospholipase A2 inhibitor and Ly6/PLAUR domain-containing protein-like,Python bivittatus,176946,3,Clustered_Phospholipase_A2(PLA2),train
951,tr,A0A9F5J9E7,A0A9F5J9E7_PYTBI,Phospholipase A2 inhibitor and Ly6/PLAUR domain-containing protein-like,Python bivittatus,176946,4,Clustered_Phospholipase_A2(PLA2),train
952,tr,A0A9F2WKG4,A0A9F2WKG4_PYTBI,Phospholipase A2 inhibitor and Ly6/PLAUR domain-containing protein-like,Python bivittatus,176946,3,Clustered_Phospholipase_A2(PLA2),train
953,tr,A0A6I9Z373,A0A6I9Z373_9SAUR,Phospholipase A2 inhibitor and Ly6/PLAUR domain-containing protein-like,Thamnophis sirtalis,35019,3,Clustered_Phospholipase_A2(PLA2),val
954,tr,A0A6J1VBH9,A0A6J1VBH9_9SAUR,Phospholipase A2 inhibitor and Ly6/PLAUR domain-containing protein-like,Notechis scutatus,8663,4,Clustered_Phospholipase_A2(PLA2),train
955,tr,A0A6J1V1W8,A0A6J1V1W8_9SAUR,Phospholipase A2 inhibitor and Ly6/PLAUR domain-containing protein-like,Notechis scutatus,8663,3,Clustered_Phospholipase_A2(PLA2),train
956,tr,V8N4V5,V8N4V5_OPHHA,Phospholipase C-beta C-terminal domain-containing protein (Fragment),Ophiophagus hannah,8665,4,Clustered_Phospholipase_A2(PLA2),train
957,tr,V8N9T1,V8N9T1_OPHHA,Phospholipase C-beta C-terminal domain-containing protein (Fragment),Ophiophagus hannah,8665,4,Clustered_Phospholipase_A2(PLA2),train
958,tr,A0A9F2WEY4,A0A9F2WEY4_PYTBI,Phospholipase A2 inhibitor and Ly6/PLAUR domain-containing protein-like,Python bivittatus,176946,3,Clustered_Phospholipase_A2(PLA2),train
959,tr,A0A6P9DFW3,A0A6P9DFW3_PANGU,Phospholipase A2 inhibitor and Ly6/PLAUR domain-containing protein-like,Pantherophis guttatus,94885,3,Clustered_Phospholipase_A2(PLA2),train
960,tr,A0A9F2RBY1,A0A9F2RBY1_PYTBI,Phospholipase A2 inhibitor and Ly6/PLAUR domain-containing protein-like,Python bivittatus,176946,3,Clustered_Phospholipase_A2(PLA2),val
961,tr,A0A9F5MV96,A0A9F5MV96_PYTBI,Phospholipase A2 inhibitor and Ly6/PLAUR domain-containing protein-like,Python bivittatus,176946,3,Clustered_Phospholipase_A2(PLA2),train
962,tr,A0A9F5MWZ2,A0A9F5MWZ2_PYTBI,Phospholipase A2 inhibitor and Ly6/PLAUR domain-containing protein-like,Python bivittatus,176946,3,Clustered_Phospholipase_A2(PLA2),train
963,tr,A0A6P9DRS6,A0A6P9DRS6_PANGU,Phospholipase A2 inhibitor and Ly6/PLAUR domain-containing protein-like,Pantherophis guttatus,94885,3,Clustered_Phospholipase_A2(PLA2),train
964,tr,A0A9F5IUT3,A0A9F5IUT3_PYTBI,Phospholipase A2 inhibitor and Ly6/PLAUR domain-containing protein-like isoform X2,Python bivittatus,176946,4,Clustered_Phospholipase_A2(PLA2),val
965,tr,A0A8C6VGE5,A0A8C6VGE5_NAJNA,Phospholipase A2 inhibitor and Ly6/PLAUR domain-containing protein-like,Naja naja,35670,3,Clustered_Phospholipase_A2(PLA2),train
966,tr,A0A8C5WN98,A0A8C5WN98_LATLA,Phospholipase A2 inhibitor and Ly6/PLAUR domain-containing protein-like,Laticauda laticaudata,8630,3,Clustered_Phospholipase_A2(PLA2),train
967,tr,A0A8C5WVI8,A0A8C5WVI8_LATLA,Phospholipase A2 inhibitor and Ly6/PLAUR domain-containing protein-like,Laticauda laticaudata,8630,3,Clustered_Phospholipase_A2(PLA2),train
968,tr,A0A9F2WK46,A0A9F2WK46_PYTBI,Phospholipase A2 inhibitor and Ly6/PLAUR domain-containing protein-like isoform X1,Python bivittatus,176946,4,Clustered_Phospholipase_A2(PLA2),train
969,tr,A0A6P9DDY5,A0A6P9DDY5_PANGU,Phospholipase A2 inhibitor and Ly6/PLAUR domain-containing protein-like isoform X1,Pantherophis guttatus,94885,3,Clustered_Phospholipase_A2(PLA2),train
970,tr,A0A2D4JFS9,A0A2D4JFS9_MICLE,Phosphoinositide phospholipase C beta 1-4-like EF-hand domain-containing protein (Fragment),Micrurus lemniscatus lemniscatus,129467,4,Clustered_Phospholipase_A2(PLA2),train
971,tr,A0A6I9XXF5,A0A6I9XXF5_9SAUR,Phospholipase A2 inhibitor and Ly6/PLAUR domain-containing protein-like,Thamnophis sirtalis,35019,4,Clustered_Phospholipase_A2(PLA2),train
972,tr,A0A8C6VN86,A0A8C6VN86_NAJNA,Phospholipase A2 inhibitor N-terminal domain-containing protein,Naja naja,35670,3,Clustered_Phospholipase_A2(PLA2),train
973,tr,A0A6P9DDY0,A0A6P9DDY0_PANGU,Phospholipase A2 inhibitor subunit gamma B-like isoform X1,Pantherophis guttatus,94885,3,Clustered_Phospholipase_A2(PLA2),train
974,sp,P0DJ42,VM1CR_CROAT,Snake venom metalloproteinase crotalin (Fragment),Crotalus atrox,8730,1,Clustered_Snake_Venom_Metalloproteinases(SVMP),train
975,sp,P0CB14,VM1K_CALRH,Snake venom metalloproteinase kistomin,Calloselasma rhodostoma,8717,1,Clustered_Snake_Venom_Metalloproteinases(SVMP),train
976,sp,P84035,VM3BA_BOTAS,Snake venom metalloproteinase basparin-A (Fragment),Bothrops asper,8722,1,Clustered_Snake_Venom_Metalloproteinases(SVMP),train
977,sp,A3R0T9,VM3_OPHHA,Zinc metalloproteinase-disintegrin-like ohanin,Ophiophagus hannah,8665,1,Clustered_Snake_Venom_Metalloproteinases(SVMP),train
978,sp,P85420,VM11_BOTAT,Snake venom metalloproteinase atroxlysin-1,Bothrops atrox,8725,1,Clustered_Snake_Venom_Metalloproteinases(SVMP),train
979,sp,P15167,VM1AD_CROAT,Snake venom metalloproteinase atrolysin-D,Crotalus atrox,8730,1,Clustered_Snake_Venom_Metalloproteinases(SVMP),train
980,sp,Q9IAB0,VM2CO_AGKCO,Zinc metalloproteinase/disintegrin,Agkistrodon contortrix contortrix,8713,1,Clustered_Snake_Venom_Metalloproteinases(SVMP),train
981,sp,P0DJ43,VM3_MICIK,Zinc metalloproteinase-disintegrin-like mikarin (Fragment),Micropechis ikaheca,66188,1,Clustered_Snake_Venom_Metalloproteinases(SVMP),train
982,sp,P60244,VM1A3_DEIAC,Snake venom metalloproteinase acutolysin-C,Deinagkistrodon acutus,36307,1,Clustered_Snake_Venom_Metalloproteinases(SVMP),train
983,sp,U5PZ28,VM2H1_BOTLA,Zinc metalloproteinase-disintegrin BlatH1,Bothriechis lateralis,44727,1,Clustered_Snake_Venom_Metalloproteinases(SVMP),train
984,sp,P0C7B1,VM3BG_BOTAL,Zinc metalloproteinase-disintegrin-like BaG (Fragment),Bothrops alternatus,64174,1,Clustered_Snake_Venom_Metalloproteinases(SVMP),train
985,sp,P0DJE2,VM3A_VIPAA,Zinc metalloproteinase-disintegrin-like ammodytagin (Fragment),Vipera ammodytes ammodytes,8705,1,Clustered_Snake_Venom_Metalloproteinases(SVMP),train
986,sp,P86802,VM1H1_BOTMA,Snake venom metalloproteinase HF-1,Bothrops marajoensis,157554,1,Clustered_Snake_Venom_Metalloproteinases(SVMP),train
987,sp,P0DJ44,VM3_VIPAA,Zinc metalloproteinase-disintegrin-like VaH1 (Fragment),Vipera ammodytes ammodytes,8705,1,Clustered_Snake_Venom_Metalloproteinases(SVMP),train
988,sp,P86092,VM3LB_BOTLC,Zinc metalloproteinase leucurolysin-B (Fragment),Bothrops leucurus,157295,1,Clustered_Snake_Venom_Metalloproteinases(SVMP),train
989,sp,P28891,VM1F_AGKCO,Snake venom metalloproteinase fibrolase,Agkistrodon contortrix contortrix,8713,1,Clustered_Snake_Venom_Metalloproteinases(SVMP),test
990,sp,C0L2T8,VM2C1_CRODO,Zinc metalloproteinase/disintegrin,Crotalus durissus collilineatus,221569,1,Clustered_Snake_Venom_Metalloproteinases(SVMP),val
991,sp,D6PXE8,VM3B_NAJAT,Zinc metalloproteinase-disintegrin-like atrase-B,Naja atra,8656,1,Clustered_Snake_Venom_Metalloproteinases(SVMP),test
992,sp,Q2LD49,VM3TM_TRIST,Zinc metalloproteinase-disintegrin-like TSV-DM,Trimeresurus stejnegeri,39682,1,Clustered_Snake_Venom_Metalloproteinases(SVMP),test
993,sp,P0DL29,VM1_BOTPI,Snake venom metalloproteinase BpirMP (Fragment),Bothrops pirajai,113192,1,Clustered_Snake_Venom_Metalloproteinases(SVMP),train
994,sp,Q8UVG0,VM3BE_BOTER,Zinc metalloproteinase-disintegrin-like berythractivase,Bothrops erythromelas,44710,1,Clustered_Snake_Venom_Metalloproteinases(SVMP),train
995,sp,P0C6E8,VM3G1_CRAGM,Zinc metalloproteinase/disintegrin (Fragment),Craspedocephalus gramineus,8767,1,Clustered_Snake_Venom_Metalloproteinases(SVMP),test
996,sp,P0DM89,VM32A_GLOBR,Zinc metalloproteinase-disintegrin-like brevilysin H2a,Gloydius brevicauda,3148161,1,Clustered_Snake_Venom_Metalloproteinases(SVMP),train
997,sp,B8K1W0,VM3DK_DABRR,Zinc metalloproteinase-disintegrin-like daborhagin-K,Daboia russelii,8707,1,Clustered_Snake_Venom_Metalloproteinases(SVMP),train
998,sp,P83255,VM1F_MACLB,Snake venom metalloproteinase fibrolase,Macrovipera lebetinus,3148341,1,Clustered_Snake_Venom_Metalloproteinases(SVMP),train
999,sp,Q1PHZ4,VM3B1_BOTJR,Zinc metalloproteinase-disintegrin-like BjussuMP-1 (Fragment),Bothrops jararacussu,8726,1,Clustered_Snake_Venom_Metalloproteinases(SVMP),train
1000,sp,P22796,VM1H2_LACMU,Snake venom metalloproteinase hemorrhagic factor 2,Lachesis muta muta,8753,1,Clustered_Snake_Venom_Metalloproteinases(SVMP),train
1001,sp,Q10749,VM3M1_NAJMO,Snake venom metalloproteinase-disintegrin-like mocarhagin,Naja mossambica,8644,1,Clustered_Snake_Venom_Metalloproteinases(SVMP),test
1002,sp,A2TK72,VM3A2_DEIAC,Zinc metalloproteinase recombinant fibrinogenase II (Fragment),Deinagkistrodon acutus,36307,1,Clustered_Snake_Venom_Metalloproteinases(SVMP),train
1003,sp,O93523,VM3BP_BOTJA,Zinc metalloproteinase-disintegrin-like bothropasin,Bothrops jararaca,8724,1,Clustered_Snake_Venom_Metalloproteinases(SVMP),test
1004,sp,Q6T271,VM2BI_BITGA,Zinc metalloproteinase/disintegrin (Fragment),Bitis gabonica,8694,1,Clustered_Snake_Venom_Metalloproteinases(SVMP),test
1005,sp,Q4VM08,VM3VA_MACLB,Zinc metalloproteinase-disintegrin-like VLAIP-A,Macrovipera lebetinus,3148341,1,Clustered_Snake_Venom_Metalloproteinases(SVMP),train
1006,sp,A0A0B4U9L8,VMF1_VIPAA,Zinc metalloproteinase-disintegrin-like protein F1,Vipera ammodytes ammodytes,8705,1,Clustered_Snake_Venom_Metalloproteinases(SVMP),train
1007,sp,P0C6S0,VM1B1_BOTPA,Snake venom metalloproteinase BnP1 (Fragment),Bothrops pauloensis,1042543,1,Clustered_Snake_Venom_Metalloproteinases(SVMP),train
1008,sp,P20164,VM3HB_PROFL,Zinc metalloproteinase-disintegrin-like HR1b,Protobothrops flavoviridis,88087,1,Clustered_Snake_Venom_Metalloproteinases(SVMP),train
1009,sp,Q9I9R4,VM1N_BOTPA,Snake venom metalloproteinase neuwiedase (Fragment),Bothrops pauloensis,1042543,1,Clustered_Snake_Venom_Metalloproteinases(SVMP),test
1010,sp,P0C7A9,VM1BJ_BOTJA,Snake venom metalloproteinase bothrojaractivase (Fragment),Bothrops jararaca,8724,1,Clustered_Snake_Venom_Metalloproteinases(SVMP),train
1011,sp,U3KRG1,VM1T1_PROMU,Snake venom metalloproteinase TM-1,Protobothrops mucrosquamatus,103944,1,Clustered_Snake_Venom_Metalloproteinases(SVMP),train
1012,sp,P30403,VM2RH_CALRH,Zinc metalloproteinase/disintegrin,Calloselasma rhodostoma,8717,1,Clustered_Snake_Venom_Metalloproteinases(SVMP),train
1013,sp,Q98995,VM2L2_MACLB,Zinc metalloproteinase/disintegrin,Macrovipera lebetinus,3148341,1,Clustered_Snake_Venom_Metalloproteinases(SVMP),train
1014,sp,Q9PW36,VM1AC_DEIAC,Snake venom metalloproteinase acutolysin-C,Deinagkistrodon acutus,36307,2,Clustered_Snake_Venom_Metalloproteinases(SVMP),test
1015,sp,P0DJJ1,VM3AH_NAJAT,Zinc metalloproteinase atrahagin (Fragment),Naja atra,8656,1,Clustered_Snake_Venom_Metalloproteinases(SVMP),train
1016,sp,P20165,VM1T2_PROFL,Snake venom metalloproteinase trimerelysin-2,Protobothrops flavoviridis,88087,1,Clustered_Snake_Venom_Metalloproteinases(SVMP),train
1017,sp,A8QL49,VM3_BUNMU,Zinc metalloproteinase-disintegrin-like BmMP,Bungarus multicinctus,8616,1,Clustered_Snake_Venom_Metalloproteinases(SVMP),train
1018,sp,C0HJU2,VM11_BOTPA,Snake venom metalloproteinase BpMP-1 (Fragment),Bothrops pauloensis,1042543,1,Clustered_Snake_Venom_Metalloproteinases(SVMP),train
1019,sp,P34179,VM12_CROAD,Snake venom metalloproteinase adamalysin-2,Crotalus adamanteus,8729,1,Clustered_Snake_Venom_Metalloproteinases(SVMP),train
1020,sp,D8VNS0,VM3_CERRY,Zinc metalloproteinase-disintegrin-like,Cerberus rynchops,46267,1,Clustered_Snake_Venom_Metalloproteinases(SVMP),test
1021,sp,P0C6S6,VMXJ4_BOTJA,Snake venom metalloproteinase jararafibrase-4 (Fragment),Bothrops jararaca,8724,1,Clustered_Snake_Venom_Metalloproteinases(SVMP),train
1022,sp,Q8AWX7,VM2AG_GLOHA,Zinc metalloproteinase-disintegrin agkistin,Gloydius halys,8714,2,Clustered_Snake_Venom_Metalloproteinases(SVMP),train
1023,sp,V5TBK6,VMH4A_VIPAA,Zinc metalloproteinase-disintegrin-like protein H4 subunit A,Vipera ammodytes ammodytes,8705,1,Clustered_Snake_Venom_Metalloproteinases(SVMP),train
1024,sp,Q90YA6,VM2E2_PROEL,Zinc metalloproteinase/disintegrin,Protobothrops elegans,88086,1,Clustered_Snake_Venom_Metalloproteinases(SVMP),train
1025,sp,A0A6B7FMR5,VMMP3_VIPAA,Disintegrin-like/cysteine-rich protein MPIII-3,Vipera ammodytes ammodytes,8705,1,Clustered_Snake_Venom_Metalloproteinases(SVMP),train
1026,sp,E9NW26,VM2P1_PROMU,Zinc metalloproteinase/disintegrin PMMP-1,Protobothrops mucrosquamatus,103944,2,Clustered_Snake_Venom_Metalloproteinases(SVMP),train
1027,sp,P0DM88,VM3_PROJR,Zinc metalloproteinase-disintegrin-like jerdohagin (Fragment),Protobothrops jerdonii,242841,1,Clustered_Snake_Venom_Metalloproteinases(SVMP),train
1028,sp,F8RKW0,VM38_DRYCN,Zinc metalloproteinase-disintegrin-like MTP8,Drysdalia coronoides,66186,1,Clustered_Snake_Venom_Metalloproteinases(SVMP),train
1029,sp,O73795,VM2MB_GLOBR,Zinc metalloproteinase/disintegrin,Gloydius brevicauda,3148161,2,Clustered_Snake_Venom_Metalloproteinases(SVMP),train
1030,sp,C0HL97,VM3_CROVE,Zinc metalloproteinase-disintegrin-like uracoina-1 (Fragment),Crotalus vegrandis,184545,1,Clustered_Snake_Venom_Metalloproteinases(SVMP),train
1031,sp,E9NW27,VM2P2_PROMU,Zinc metalloproteinase/disintegrin PMMP-2,Protobothrops mucrosquamatus,103944,2,Clustered_Snake_Venom_Metalloproteinases(SVMP),train
1032,sp,Q7LZ61,VM3CX_DABSI,Coagulation factor X-activating enzyme heavy chain,Daboia siamensis,343250,1,Clustered_Snake_Venom_Metalloproteinases(SVMP),train
1033,sp,Q3HTN1,VM3SA_TRIST,Zinc metalloproteinase-disintegrin-like stejnihagin-A,Trimeresurus stejnegeri,39682,2,Clustered_Snake_Venom_Metalloproteinases(SVMP),train
1034,sp,Q9PWJ0,VM2A2_DEIAC,Zinc metalloproteinase/disintegrin,Deinagkistrodon acutus,36307,1,Clustered_Snake_Venom_Metalloproteinases(SVMP),train
1035,sp,Q90220,VM2H1_GLOHA,Zinc metalloproteinase/disintegrin,Gloydius halys,8714,2,Clustered_Snake_Venom_Metalloproteinases(SVMP),train
1036,sp,P0DJH2,VM3AL_TRIAB,Zinc metalloproteinase-disintegrin-like alborhagin (Fragment),Trimeresurus albolabris,8765,1,Clustered_Snake_Venom_Metalloproteinases(SVMP),train
1037,sp,Q6X1T6,VM3E6_ECHOC,Zinc metalloproteinase-disintegrin-like EoMP06 (Fragment),Echis ocellatus,99586,2,Clustered_Snake_Venom_Metalloproteinases(SVMP),train
1038,sp,P0C8I7,VM3FA_VIPAA,Factor X-activator 1 heavy chain (Fragment),Vipera ammodytes ammodytes,8705,1,Clustered_Snake_Venom_Metalloproteinases(SVMP),train
1039,sp,P0C7N3,VM3CR_CROVV,Zinc metalloproteinase-disintegrin-like crovidisin (Fragment),Crotalus viridis viridis,8742,1,Clustered_Snake_Venom_Metalloproteinases(SVMP),train
1040,sp,O93515,VM2S3_GLOBR,Zinc metalloproteinase-disintegrin salmosin-3 (Fragment),Gloydius brevicauda,3148161,2,Clustered_Snake_Venom_Metalloproteinases(SVMP),train
1041,sp,P85005,VM3PN_PROSR,Zinc metalloproteinase-disintegrin-like proatherocytin (Fragment),Proatheris superciliaris,110218,1,Clustered_Snake_Venom_Metalloproteinases(SVMP),train
1042,sp,P81797,VM3M_ECHML,Zinc metalloproteinase multactivase catalytic subunit (Fragment),Echis multisquamatus,93050,1,Clustered_Snake_Venom_Metalloproteinases(SVMP),train
1043,sp,D5LMJ3,VM3A_NAJAT,Zinc metalloproteinase-disintegrin-like atrase-A,Naja atra,8656,2,Clustered_Snake_Venom_Metalloproteinases(SVMP),train
1044,sp,Q0NZX7,VM3B4_BOTJA,Zinc metalloproteinase-disintegrin-like bothrojarin-4 (Fragment),Bothrops jararaca,8724,2,Clustered_Snake_Venom_Metalloproteinases(SVMP),train
1045,sp,Q0NZY0,VM3B1_BOTJA,Zinc metalloproteinase-disintegrin-like bothrojarin-1 (Fragment),Bothrops jararaca,8724,2,Clustered_Snake_Venom_Metalloproteinases(SVMP),val
1046,sp,Q076D1,VM31_CRODU,Zinc metalloproteinase-disintegrin-like crotastatin,Crotalus durissus terrificus,8732,2,Clustered_Snake_Venom_Metalloproteinases(SVMP),train
1047,sp,Q9PRP9,VM3C1_ECHCA,Zinc metalloproteinase carinactivase-1 catalytic subunit (Fragment),Echis carinatus,40353,1,Clustered_Snake_Venom_Metalloproteinases(SVMP),train
1048,sp,P86536,VM3CX_DABRR,Coagulation factor X-activating enzyme heavy chain (Fragment),Daboia russelii,8707,1,Clustered_Snake_Venom_Metalloproteinases(SVMP),val
1049,sp,P85006,VMXP_PROSR,50 kDa venom protease (Fragment),Proatheris superciliaris,110218,1,Clustered_Snake_Venom_Metalloproteinases(SVMP),train
1050,tr,A0AAW1AZT6,A0AAW1AZT6_CROAD,Snake venom metalloproteinase,Crotalus adamanteus,8729,4,Clustered_Snake_Venom_Metalloproteinases(SVMP),val
1051,tr,A0A8T1N5P5,A0A8T1N5P5_BOTJA,Snake venom metalloproteinase,Bothrops jararaca,8724,4,Clustered_Snake_Venom_Metalloproteinases(SVMP),train
1052,sp,P29695,FETAF_PROFL,Antihemorrhagic factor HSF,Protobothrops flavoviridis,88087,1,Clustered_Snake_Venom_Metalloproteinases(SVMP),val
1053,tr,A0AAW1C3A6,A0AAW1C3A6_CROAD,ADAM10 endopeptidase,Crotalus adamanteus,8729,4,Clustered_Snake_Venom_Metalloproteinases(SVMP),train
1054,tr,A0A2H4N398,A0A2H4N398_BOTMO,Snake venom metalloproteinase (Fragment),Bothrops moojeni,98334,2,Clustered_Snake_Venom_Metalloproteinases(SVMP),train
1055,tr,A0A1L8D5X4,A0A1L8D5X4_BOTAT,Snake venom metalloproteinase,Bothrops atrox,8725,2,Clustered_Snake_Venom_Metalloproteinases(SVMP),train
1056,tr,A0A1L8D646,A0A1L8D646_BOTAT,Snake venom metalloproteinase,Bothrops atrox,8725,2,Clustered_Snake_Venom_Metalloproteinases(SVMP),train
1057,tr,A0A1L8D641,A0A1L8D641_BOTAT,Snake venom metalloproteinase,Bothrops atrox,8725,2,Clustered_Snake_Venom_Metalloproteinases(SVMP),test
1058,tr,A0AAW1B069,A0AAW1B069_CROAD,VENOM COMPONENT: snake venom metalloproteinase-mdc-7a,Crotalus adamanteus,8729,4,Clustered_Snake_Venom_Metalloproteinases(SVMP),train
1059,tr,A0AAW1B0B2,A0AAW1B0B2_CROAD,VENOM COMPONENT: snake venom metalloproteinase-mdc-3a,Crotalus adamanteus,8729,4,Clustered_Snake_Venom_Metalloproteinases(SVMP),train
1060,tr,A0AAW1AZM0,A0AAW1AZM0_CROAD,VENOM COMPONENT: snake venom metalloproteinase-mdc-5c,Crotalus adamanteus,8729,4,Clustered_Snake_Venom_Metalloproteinases(SVMP),train
1061,tr,A0AAW1B156,A0AAW1B156_CROAD,VENOM COMPONENT: snake venom metalloproteinase-mdc-1,Crotalus adamanteus,8729,4,Clustered_Snake_Venom_Metalloproteinases(SVMP),train
1062,tr,A0A3G1E3T5,A0A3G1E3T5_ECHOC,Venom metalloprotease PI-SVMP EOC00028,Echis ocellatus,99586,4,Clustered_Snake_Venom_Metalloproteinases(SVMP),train
1063,tr,A0A0A1WCL0,A0A0A1WCL0_ECHCO,Snake venom metalloproteinase E (Fragment),Echis coloratus,64175,2,Clustered_Snake_Venom_Metalloproteinases(SVMP),train
1064,tr,A0A346CLT1,A0A346CLT1_BORPO,Snake venom metalloproteinase 5 (Fragment),Borikenophis portoricensis,1260276,2,Clustered_Snake_Venom_Metalloproteinases(SVMP),train
1065,tr,A0A0A1WD12,A0A0A1WD12_ECHCO,Snake venom metalloproteinase F (Fragment),Echis coloratus,64175,2,Clustered_Snake_Venom_Metalloproteinases(SVMP),train
1066,tr,A0A0A1WCZ6,A0A0A1WCZ6_ECHCO,Snake venom metalloproteinase U,Echis coloratus,64175,2,Clustered_Snake_Venom_Metalloproteinases(SVMP),train
1067,tr,A0A346CLS7,A0A346CLS7_BORPO,Snake venom metalloproteinase 1 (Fragment),Borikenophis portoricensis,1260276,2,Clustered_Snake_Venom_Metalloproteinases(SVMP),train
1068,tr,A0A6H0QTF5,A0A6H0QTF5_CROAT,Snake venom metalloproteinase,Crotalus atrox,8730,4,Clustered_Snake_Venom_Metalloproteinases(SVMP),test
1069,tr,A0A8T1N158,A0A8T1N158_BOTJA,Snake venom metalloproteinase,Bothrops jararaca,8724,4,Clustered_Snake_Venom_Metalloproteinases(SVMP),train
1070,tr,A0A8T1N2X3,A0A8T1N2X3_BOTJA,Snake venom metalloproteinase,Bothrops jararaca,8724,4,Clustered_Snake_Venom_Metalloproteinases(SVMP),train
1071,tr,A0A8T1N2G8,A0A8T1N2G8_BOTJA,Snake venom metalloproteinase,Bothrops jararaca,8724,4,Clustered_Snake_Venom_Metalloproteinases(SVMP),train
1072,tr,E9KJX1,E9KJX1_ECHOC,Group II snake venom metalloproteinase (Fragment),Echis ocellatus,99586,2,Clustered_Snake_Venom_Metalloproteinases(SVMP),train
1073,tr,E9KJX0,E9KJX0_ECHOC,Group II snake venom metalloproteinase,Echis ocellatus,99586,2,Clustered_Snake_Venom_Metalloproteinases(SVMP),train
1074,tr,E9KJZ5,E9KJZ5_ECHOC,Group III snake venom metalloproteinase,Echis ocellatus,99586,2,Clustered_Snake_Venom_Metalloproteinases(SVMP),train
1075,tr,E9KJY2,E9KJY2_ECHOC,Group III snake venom metalloproteinase,Echis ocellatus,99586,2,Clustered_Snake_Venom_Metalloproteinases(SVMP),test
1076,tr,E9KJZ2,E9KJZ2_ECHOC,Group III snake venom metalloproteinase,Echis ocellatus,99586,2,Clustered_Snake_Venom_Metalloproteinases(SVMP),train
1077,tr,E9KJZ9,E9KJZ9_ECHOC,Group III snake venom metalloproteinase,Echis ocellatus,99586,2,Clustered_Snake_Venom_Metalloproteinases(SVMP),train
1078,tr,E9KJX8,E9KJX8_ECHOC,Group III snake venom metalloproteinase (Fragment),Echis ocellatus,99586,2,Clustered_Snake_Venom_Metalloproteinases(SVMP),train
1079,tr,E9KNB4,E9KNB4_ECHCS,Group III snake venom metalloproteinase,Echis carinatus sochureki,124223,2,Clustered_Snake_Venom_Metalloproteinases(SVMP),train
1080,tr,E9KJY0,E9KJY0_ECHOC,Group III snake venom metalloproteinase,Echis ocellatus,99586,2,Clustered_Snake_Venom_Metalloproteinases(SVMP),train
1081,tr,E9KJY8,E9KJY8_ECHOC,Group III snake venom metalloproteinase,Echis ocellatus,99586,2,Clustered_Snake_Venom_Metalloproteinases(SVMP),train
1082,tr,T1DJY5,T1DJY5_CROHD,Snake venom metalloproteinase (Type III) 2,Crotalus horridus,35024,2,Clustered_Snake_Venom_Metalloproteinases(SVMP),train
1083,tr,E9KJX6,E9KJX6_ECHOC,Group III snake venom metalloproteinase (Fragment),Echis ocellatus,99586,2,Clustered_Snake_Venom_Metalloproteinases(SVMP),val
1084,tr,Q2UXQ1,Q2UXQ1_ECHOC,Group III snake venom metalloproteinase (Fragment),Echis ocellatus,99586,2,Clustered_Snake_Venom_Metalloproteinases(SVMP),train
1085,tr,Q2UXQ6,Q2UXQ6_ECHOC,Group III snake venom metalloproteinase,Echis ocellatus,99586,2,Clustered_Snake_Venom_Metalloproteinases(SVMP),train
1086,tr,B5G6F7,B5G6F7_DEMVE,Metalloproteinase,Demansia vestigiata,412038,2,Clustered_Snake_Venom_Metalloproteinases(SVMP),train
1087,tr,A0A8C7E2Y1,A0A8C7E2Y1_NAJNA,Disintegrin and metalloproteinase domain-containing protein 20-like,Naja naja,35670,3,Clustered_Snake_Venom_Metalloproteinases(SVMP),train
1088,tr,V8PF09,V8PF09_OPHHA,Disintegrin and metalloproteinase domain-containing protein 20 (Fragment),Ophiophagus hannah,8665,3,Clustered_Snake_Venom_Metalloproteinases(SVMP),val
1089,tr,V8NS25,V8NS25_OPHHA,Disintegrin and metalloproteinase domain-containing protein 19 (Fragment),Ophiophagus hannah,8665,3,Clustered_Snake_Venom_Metalloproteinases(SVMP),train
1090,tr,A0A8C6YFJ8,A0A8C6YFJ8_NAJNA,Disintegrin and metalloproteinase domain-containing protein 21-like,Naja naja,35670,3,Clustered_Snake_Venom_Metalloproteinases(SVMP),train
1091,tr,A0A8C6YBV3,A0A8C6YBV3_NAJNA,Disintegrin and metalloproteinase domain-containing protein 21-like,Naja naja,35670,3,Clustered_Snake_Venom_Metalloproteinases(SVMP),train
1092,tr,V8P5I5,V8P5I5_OPHHA,Disintegrin and metalloproteinase domain-containing protein 12 (Fragment),Ophiophagus hannah,8665,3,Clustered_Snake_Venom_Metalloproteinases(SVMP),train
1093,tr,E3UJL5,E3UJL5_BOTNU,MP_IIb1 SVMP (Fragment),Bothrops neuwiedi,95648,2,Clustered_Snake_Venom_Metalloproteinases(SVMP),train
1094,tr,R4G2Y9,R4G2Y9_9SAUR,SVMP-Hop-45 (Fragment),Hoplocephalus bungaroides,83403,2,Clustered_Snake_Venom_Metalloproteinases(SVMP),train
1095,tr,R4FJZ4,R4FJZ4_9SAUR,SVMP-Hop-15 (Fragment),Hoplocephalus bungaroides,83403,2,Clustered_Snake_Venom_Metalloproteinases(SVMP),train
1096,tr,J3SET7,J3SET7_CROAD,Matrix metalloproteinase-14,Crotalus adamanteus,8729,2,Clustered_Snake_Venom_Metalloproteinases(SVMP),train
1097,tr,T1DEB4,T1DEB4_CROHE,SVMP-CohPH-2,Crotalus helleri,8741,2,Clustered_Snake_Venom_Metalloproteinases(SVMP),val
1098,tr,E3UJL2,E3UJL2_BOTNU,MP_III3 SVMP (Fragment),Bothrops neuwiedi,95648,2,Clustered_Snake_Venom_Metalloproteinases(SVMP),test
1099,tr,E3UJM0,E3UJM0_BOTNU,MP_IIa SVMP (Fragment),Bothrops neuwiedi,95648,2,Clustered_Snake_Venom_Metalloproteinases(SVMP),train
1100,tr,E3UJL7,E3UJL7_BOTNU,MP_IIx1 SVMP (Fragment),Bothrops neuwiedi,95648,2,Clustered_Snake_Venom_Metalloproteinases(SVMP),train
1101,tr,R4G2I8,R4G2I8_9SAUR,SVMP-Pse-3 (Fragment),Pseudonaja modesta,340912,2,Clustered_Snake_Venom_Metalloproteinases(SVMP),val
1102,tr,A0A6J1V117,A0A6J1V117_9SAUR,Zinc metalloproteinase-disintegrin-like NaMP,Notechis scutatus,8663,4,Clustered_Snake_Venom_Metalloproteinases(SVMP),train
1103,tr,A0A0A1WD01,A0A0A1WD01_ECHCO,Snake venom metalloproteinase P (Fragment),Echis coloratus,64175,2,Clustered_Snake_Venom_Metalloproteinases(SVMP),train
1104,tr,A0A6P9AUA9,A0A6P9AUA9_PANGU,Disintegrin and metalloproteinase domain-containing protein 9,Pantherophis guttatus,94885,4,Clustered_Snake_Venom_Metalloproteinases(SVMP),train
1105,tr,A0A0A1WDV1,A0A0A1WDV1_ECHCO,Snake venom metalloproteinase N (Fragment),Echis coloratus,64175,2,Clustered_Snake_Venom_Metalloproteinases(SVMP),train
1106,tr,A0A6J1VLY3,A0A6J1VLY3_9SAUR,Disintegrin and metalloproteinase domain-containing protein 9,Notechis scutatus,8663,4,Clustered_Snake_Venom_Metalloproteinases(SVMP),train
1107,tr,A0A9F5IU93,A0A9F5IU93_PYTBI,Disintegrin and metalloproteinase domain-containing protein 9 isoform X1,Python bivittatus,176946,4,Clustered_Snake_Venom_Metalloproteinases(SVMP),train
1108,tr,A0A6J1U832,A0A6J1U832_9SAUR,Disintegrin and metalloproteinase domain-containing protein 20-like,Notechis scutatus,8663,4,Clustered_Snake_Venom_Metalloproteinases(SVMP),train
1109,tr,A0A670XV66,A0A670XV66_PSETE,Disintegrin and metalloproteinase domain-containing protein 20-like,Pseudonaja textilis,8673,4,Clustered_Snake_Venom_Metalloproteinases(SVMP),train
1110,tr,A0A6J1U7E5,A0A6J1U7E5_9SAUR,Disintegrin and metalloproteinase domain-containing protein 21-like,Notechis scutatus,8663,4,Clustered_Snake_Venom_Metalloproteinases(SVMP),train
1111,tr,A0A9F2KW25,A0A9F2KW25_PYTBI,Disintegrin and metalloproteinase domain-containing protein 20-like,Python bivittatus,176946,4,Clustered_Snake_Venom_Metalloproteinases(SVMP),test
1112,tr,E9JGG8,E9JGG8_ECHCS,Metalloproteinase (Fragment),Echis carinatus sochureki,124223,2,Clustered_Snake_Venom_Metalloproteinases(SVMP),test
1113,tr,E9JGG4,E9JGG4_ECHCO,Metalloproteinase (Fragment),Echis coloratus,64175,2,Clustered_Snake_Venom_Metalloproteinases(SVMP),train
1114,tr,A0A6P9DJE7,A0A6P9DJE7_PANGU,Disintegrin and metalloproteinase domain-containing protein 12 isoform X1,Pantherophis guttatus,94885,4,Clustered_Snake_Venom_Metalloproteinases(SVMP),val
1115,tr,A0A6P9D9D3,A0A6P9D9D3_PANGU,Disintegrin and metalloproteinase domain-containing protein 12 isoform X2,Pantherophis guttatus,94885,4,Clustered_Snake_Venom_Metalloproteinases(SVMP),train
1116,tr,E9JG53,E9JG53_ECHCS,Metalloproteinase (Fragment),Echis carinatus sochureki,124223,2,Clustered_Snake_Venom_Metalloproteinases(SVMP),train
1117,tr,E9JG84,E9JG84_ECHCO,Metalloproteinase,Echis coloratus,64175,2,Clustered_Snake_Venom_Metalloproteinases(SVMP),train
1118,tr,E9JGE9,E9JGE9_ECHCO,Metalloproteinase,Echis coloratus,64175,2,Clustered_Snake_Venom_Metalloproteinases(SVMP),train
1119,tr,E9JGH2,E9JGH2_ECHCS,Metalloproteinase,Echis carinatus sochureki,124223,2,Clustered_Snake_Venom_Metalloproteinases(SVMP),train
1120,tr,E9JGK8,E9JGK8_ECHPL,Metalloproteinase,Echis pyramidum leakeyi,38415,2,Clustered_Snake_Venom_Metalloproteinases(SVMP),train
1121,tr,E9JGH0,E9JGH0_ECHCS,Metalloproteinase,Echis carinatus sochureki,124223,2,Clustered_Snake_Venom_Metalloproteinases(SVMP),train
1122,tr,E9JGK3,E9JGK3_ECHPL,Metalloproteinase,Echis pyramidum leakeyi,38415,2,Clustered_Snake_Venom_Metalloproteinases(SVMP),train
1123,tr,A0A182C5P4,A0A182C5P4_9SAUR,Metalloproteinase (Fragment),Phalotris mertensi,1260334,4,Clustered_Snake_Venom_Metalloproteinases(SVMP),train
1124,tr,A0A182C5W1,A0A182C5W1_9SAUR,Metalloproteinase,Phalotris mertensi,1260334,4,Clustered_Snake_Venom_Metalloproteinases(SVMP),val
1125,tr,E9JG33,E9JG33_ECHCS,Metalloproteinase,Echis carinatus sochureki,124223,2,Clustered_Snake_Venom_Metalloproteinases(SVMP),val
1126,tr,E9JG97,E9JG97_ECHCO,Metalloproteinase,Echis coloratus,64175,2,Clustered_Snake_Venom_Metalloproteinases(SVMP),train
1127,tr,E9JG99,E9JG99_ECHCO,Metalloproteinase,Echis coloratus,64175,2,Clustered_Snake_Venom_Metalloproteinases(SVMP),train
1128,tr,E9JGJ9,E9JGJ9_ECHPL,Metalloproteinase,Echis pyramidum leakeyi,38415,2,Clustered_Snake_Venom_Metalloproteinases(SVMP),train
1129,tr,A0A0K8RZ12,A0A0K8RZ12_CROHD,Metalloproteinase (Type II) 1,Crotalus horridus,35024,4,Clustered_Snake_Venom_Metalloproteinases(SVMP),train
1130,tr,A0A175KDT7,A0A175KDT7_9SAUR,Metalloproteinase (Fragment),Phalotris mertensi,1260334,4,Clustered_Snake_Venom_Metalloproteinases(SVMP),train
1131,tr,A0A182C6B6,A0A182C6B6_9SAUR,Metalloproteinase,Phalotris mertensi,1260334,4,Clustered_Snake_Venom_Metalloproteinases(SVMP),test
1132,tr,E9JG44,E9JG44_ECHCS,Metalloproteinase (Fragment),Echis carinatus sochureki,124223,2,Clustered_Snake_Venom_Metalloproteinases(SVMP),train
1133,tr,E9JG87,E9JG87_ECHCO,Metalloproteinase,Echis coloratus,64175,2,Clustered_Snake_Venom_Metalloproteinases(SVMP),test
1134,tr,E9JG94,E9JG94_ECHCO,Metalloproteinase,Echis coloratus,64175,2,Clustered_Snake_Venom_Metalloproteinases(SVMP),train
1135,tr,E9JGA6,E9JGA6_ECHCO,Metalloproteinase (Fragment),Echis coloratus,64175,2,Clustered_Snake_Venom_Metalloproteinases(SVMP),train
1136,tr,E9JGB6,E9JGB6_ECHPL,Metalloproteinase (Fragment),Echis pyramidum leakeyi,38415,2,Clustered_Snake_Venom_Metalloproteinases(SVMP),train
1137,tr,E9JGC2,E9JGC2_ECHPL,Metalloproteinase (Fragment),Echis pyramidum leakeyi,38415,2,Clustered_Snake_Venom_Metalloproteinases(SVMP),train
1138,tr,E9JGC5,E9JGC5_ECHPL,Metalloproteinase (Fragment),Echis pyramidum leakeyi,38415,2,Clustered_Snake_Venom_Metalloproteinases(SVMP),train
1139,tr,E9JG90,E9JG90_ECHCO,Metalloproteinase,Echis coloratus,64175,2,Clustered_Snake_Venom_Metalloproteinases(SVMP),train
1140,tr,E9JG92,E9JG92_ECHCO,Metalloproteinase,Echis coloratus,64175,2,Clustered_Snake_Venom_Metalloproteinases(SVMP),train
1141,tr,E9JGA2,E9JGA2_ECHCO,Metalloproteinase,Echis coloratus,64175,2,Clustered_Snake_Venom_Metalloproteinases(SVMP),train
1142,tr,E9JGB0,E9JGB0_ECHCO,Metalloproteinase (Fragment),Echis coloratus,64175,2,Clustered_Snake_Venom_Metalloproteinases(SVMP),test
1143,tr,E9JGC0,E9JGC0_ECHPL,Metalloproteinase,Echis pyramidum leakeyi,38415,2,Clustered_Snake_Venom_Metalloproteinases(SVMP),val
1144,tr,Q9PT49,Q9PT49_9SAUR,Metalloproteinase (Fragment),Atractaspis andersonii,8600,2,Clustered_Snake_Venom_Metalloproteinases(SVMP),train
1145,tr,A0A194ATS7,A0A194ATS7_SISMB,Metalloproteinase type II 6b,Sistrurus miliarius barbouri,8759,4,Clustered_Snake_Venom_Metalloproteinases(SVMP),train
1146,tr,A0A9F5MSP1,A0A9F5MSP1_PYTBI,LOW QUALITY PROTEIN: disintegrin and metalloproteinase domain-containing protein 20-like,Python bivittatus,176946,4,Clustered_Snake_Venom_Metalloproteinases(SVMP),test
1147,tr,A0A9F5J4G3,A0A9F5J4G3_PYTBI,Disintegrin and metalloproteinase domain-containing protein 17,Python bivittatus,176946,4,Clustered_Snake_Venom_Metalloproteinases(SVMP),test
1148,tr,A0A098M208,A0A098M208_9SAUR,Metalloproteinase (Type III) 9a,Hypsiglena sp. JMG-2014,1550645,4,Clustered_Snake_Venom_Metalloproteinases(SVMP),train
1149,tr,A0A0B8RV81,A0A0B8RV81_9SAUR,Metalloproteinase (Type III) 3b,Philothamnus irregularis,1899461,4,Clustered_Snake_Venom_Metalloproteinases(SVMP),train
1150,tr,A0A346CM03,A0A346CM03_9SAUR,Metalloproteinase 18 (Fragment),Ahaetulla prasina,499056,2,Clustered_Snake_Venom_Metalloproteinases(SVMP),train
1151,tr,A0A8C5RIM3,A0A8C5RIM3_LATLA,Disintegrin and metalloproteinase domain-containing protein 15,Laticauda laticaudata,8630,4,Clustered_Snake_Venom_Metalloproteinases(SVMP),train
1152,tr,A0A346CM02,A0A346CM02_9SAUR,Metalloproteinase 7 (Fragment),Ahaetulla prasina,499056,2,Clustered_Snake_Venom_Metalloproteinases(SVMP),val
1153,tr,A0A098M218,A0A098M218_9SAUR,Metalloproteinase (Type III) 3a,Hypsiglena sp. JMG-2014,1550645,4,Clustered_Snake_Venom_Metalloproteinases(SVMP),train
1154,tr,A0A098M214,A0A098M214_9SAUR,Metalloproteinase (Type III) 6a,Hypsiglena sp. JMG-2014,1550645,4,Clustered_Snake_Venom_Metalloproteinases(SVMP),train
1155,tr,A0A0B8RZW0,A0A0B8RZW0_9SAUR,Metalloproteinase (Type III) 4a,Philothamnus irregularis,1899461,4,Clustered_Snake_Venom_Metalloproteinases(SVMP),train
1156,tr,A0A194AS61,A0A194AS61_SISMB,Metalloproteinase type II 1,Sistrurus miliarius barbouri,8759,4,Clustered_Snake_Venom_Metalloproteinases(SVMP),train
1157,tr,A0A646QCC7,A0A646QCC7_9SAUR,Metalloproteinase type III,Thelotornis mossambicanus,1328036,4,Clustered_Snake_Venom_Metalloproteinases(SVMP),test
1158,tr,A0A346CIB8,A0A346CIB8_SPISL,Metalloproteinase (Fragment),Spilotes sulphureus,1899469,2,Clustered_Snake_Venom_Metalloproteinases(SVMP),train
1159,tr,A0A182C5V7,A0A182C5V7_9SAUR,Metalloproteinase,Phalotris mertensi,1260334,4,Clustered_Snake_Venom_Metalloproteinases(SVMP),train
1160,tr,Q9PT47,Q9PT47_9SAUR,Metalloproteinase (Fragment),Atractaspis andersonii,8600,2,Clustered_Snake_Venom_Metalloproteinases(SVMP),train
1161,tr,Q9PT48,Q9PT48_ATREN,Metalloproteinase,Atractaspis engaddensis,1343144,2,Clustered_Snake_Venom_Metalloproteinases(SVMP),train
1162,tr,A0A2D4HNF7,A0A2D4HNF7_MICLE,72 kDa type IV collagenase,Micrurus lemniscatus lemniscatus,129467,3,Clustered_Snake_Venom_Metalloproteinases(SVMP),train
1163,tr,A0A194APN6,A0A194APN6_9SAUR,Metalloproteinase type III 3,Agkistrodon piscivorus,8715,4,Clustered_Snake_Venom_Metalloproteinases(SVMP),train
1164,tr,A0A1W7RJY8,A0A1W7RJY8_AGKCO,Metalloproteinase (Type II) 2,Agkistrodon contortrix contortrix,8713,4,Clustered_Snake_Venom_Metalloproteinases(SVMP),train
1165,tr,A0A194AS44,A0A194AS44_SISMB,Metalloproteinase type III 2,Sistrurus miliarius barbouri,8759,4,Clustered_Snake_Venom_Metalloproteinases(SVMP),val
1166,tr,A0A194AQG5,A0A194AQG5_9SAUR,Metalloproteinase type III 12a,Agkistrodon piscivorus,8715,4,Clustered_Snake_Venom_Metalloproteinases(SVMP),train
1167,tr,A0A0F7YYV1,A0A0F7YYV1_MICFL,Metalloproteinase (Type III) 2b,Micrurus fulvius,8637,2,Clustered_Snake_Venom_Metalloproteinases(SVMP),train
1168,tr,A0A9F3QUN9,A0A9F3QUN9_PYTBI,Disintegrin and metalloproteinase domain-containing protein 10,Python bivittatus,176946,4,Clustered_Snake_Venom_Metalloproteinases(SVMP),train
1169,tr,Q4QT06,Q4QT06_BITAR,Metalloproteinase MP-2 (Fragment),Bitis arietans,8692,2,Clustered_Snake_Venom_Metalloproteinases(SVMP),train
1170,tr,V8P9I6,V8P9I6_OPHHA,Disintegrin and metalloproteinase domain-containing protein 17 (Fragment),Ophiophagus hannah,8665,3,Clustered_Snake_Venom_Metalloproteinases(SVMP),train
1171,tr,A0A098M219,A0A098M219_9SAUR,Metalloproteinase (Type III) 14b,Hypsiglena sp. JMG-2014,1550645,4,Clustered_Snake_Venom_Metalloproteinases(SVMP),train
1172,tr,A0A098M167,A0A098M167_9SAUR,Metalloproteinase (Type III) 11b,Hypsiglena sp. JMG-2014,1550645,4,Clustered_Snake_Venom_Metalloproteinases(SVMP),train
1173,tr,A0A1I9KNR6,A0A1I9KNR6_VIPAA,Metalloproteinase of class P-III MPIII-1,Vipera ammodytes ammodytes,8705,2,Clustered_Snake_Venom_Metalloproteinases(SVMP),train
1174,tr,A0A6B7FMR4,A0A6B7FMR4_VIPAA,Metalloproteinase of class P-III MPIII-4,Vipera ammodytes ammodytes,8705,2,Clustered_Snake_Venom_Metalloproteinases(SVMP),train
1175,tr,V8NL69,V8NL69_OPHHA,Disintegrin and metalloproteinase domain-containing protein 10 (Fragment),Ophiophagus hannah,8665,4,Clustered_Snake_Venom_Metalloproteinases(SVMP),train
1176,tr,A0AAW1BSW9,A0AAW1BSW9_CROAD,Matrix metalloproteinase-9,Crotalus adamanteus,8729,3,Clustered_Snake_Venom_Metalloproteinases(SVMP),test
1177,tr,A0AAW1AP29,A0AAW1AP29_CROAD,Disintegrin and metalloproteinase domain-containing protein 15,Crotalus adamanteus,8729,4,Clustered_Snake_Venom_Metalloproteinases(SVMP),train
1178,tr,V8PIE2,V8PIE2_OPHHA,Matrix metalloproteinase-19,Ophiophagus hannah,8665,3,Clustered_Snake_Venom_Metalloproteinases(SVMP),train
1179,tr,A0AAW1B0F2,A0AAW1B0F2_CROAD,Disintegrin and metalloproteinase domain-containing protein 9,Crotalus adamanteus,8729,4,Clustered_Snake_Venom_Metalloproteinases(SVMP),train
1180,tr,A0A223PK14,A0A223PK14_DABRR,Disintegrin and metalloproteinase domain-containing protein 11,Daboia russelii,8707,2,Clustered_Snake_Venom_Metalloproteinases(SVMP),train
1181,tr,A0AAW1B982,A0AAW1B982_CROAD,Disintegrin and metalloproteinase domain-containing protein 33,Crotalus adamanteus,8729,4,Clustered_Snake_Venom_Metalloproteinases(SVMP),train
1182,tr,A0AAW1B012,A0AAW1B012_CROAD,Disintegrin and metalloproteinase domain-containing protein 32,Crotalus adamanteus,8729,4,Clustered_Snake_Venom_Metalloproteinases(SVMP),val
1183,tr,A0AAW1BW52,A0AAW1BW52_CROAD,Disintegrin and metalloproteinase domain-containing protein 19,Crotalus adamanteus,8729,4,Clustered_Snake_Venom_Metalloproteinases(SVMP),val
1184,tr,V8NVY5,V8NVY5_OPHHA,Disintegrin and metalloproteinase domain-containing protein 11 (Fragment),Ophiophagus hannah,8665,3,Clustered_Snake_Venom_Metalloproteinases(SVMP),train
1185,tr,V8P328,V8P328_OPHHA,Disintegrin and metalloproteinase domain-containing protein 22 (Fragment),Ophiophagus hannah,8665,3,Clustered_Snake_Venom_Metalloproteinases(SVMP),train
1186,tr,A0A1I9KNP4,A0A1I9KNP4_VIPAA,Endogenous tripeptide metalloproteinase inhibitor,Vipera ammodytes ammodytes,8705,2,Clustered_Snake_Venom_Metalloproteinases(SVMP),val
1187,tr,A0A1I9KNP8,A0A1I9KNP8_VIPAA,Endogenous tripeptide metalloproteinase inhibitor,Vipera ammodytes ammodytes,8705,2,Clustered_Snake_Venom_Metalloproteinases(SVMP),train
1188,tr,A0AAW1BFF7,A0AAW1BFF7_CROAD,Disintegrin and metalloproteinase domain-containing protein 9-like,Crotalus adamanteus,8729,4,Clustered_Snake_Venom_Metalloproteinases(SVMP),val
1189,tr,A0A0A1WCB6,A0A0A1WCB6_ECHCO,Snake venom metalloproteinase M (Fragment),Echis coloratus,64175,2,Clustered_Snake_Venom_Metalloproteinases(SVMP),train
1190,tr,A0AAW1BLM9,A0AAW1BLM9_CROAD,Disintegrin and metalloproteinase domain-containing protein 29-like,Crotalus adamanteus,8729,4,Clustered_Snake_Venom_Metalloproteinases(SVMP),train
1191,tr,A0AAW1C6Y2,A0AAW1C6Y2_CROAD,ADAM20: Disintegrin and metalloproteinase domain-containing protein 20,Crotalus adamanteus,8729,4,Clustered_Snake_Venom_Metalloproteinases(SVMP),train
1192,tr,A0AAW1BLL2,A0AAW1BLL2_CROAD,Disintegrin and metalloproteinase domain-containing protein 20-like,Crotalus adamanteus,8729,4,Clustered_Snake_Venom_Metalloproteinases(SVMP),train
1193,tr,A0A6B7FPT0,A0A6B7FPT0_VIPAA,Endogenous tripeptide metalloproteinase inhibitor MPi-5,Vipera ammodytes ammodytes,8705,2,Clustered_Snake_Venom_Metalloproteinases(SVMP),train
1194,tr,A0AAW1BMH7,A0AAW1BMH7_CROAD,Matrix metalloproteinase-16,Crotalus adamanteus,8729,3,Clustered_Snake_Venom_Metalloproteinases(SVMP),train
1195,tr,A0AAW1AQT8,A0AAW1AQT8_CROAD,Matrix metalloproteinase-23,Crotalus adamanteus,8729,3,Clustered_Snake_Venom_Metalloproteinases(SVMP),test
1196,tr,V8NKR8,V8NKR8_OPHHA,Disintegrin and metalloproteinase domain-containing protein 28,Ophiophagus hannah,8665,3,Clustered_Snake_Venom_Metalloproteinases(SVMP),train
1197,tr,V8NLB6,V8NLB6_OPHHA,Matrix metalloproteinase-14 (Fragment),Ophiophagus hannah,8665,3,Clustered_Snake_Venom_Metalloproteinases(SVMP),train
1198,tr,V8PD46,V8PD46_OPHHA,Matrix metalloproteinase-25 (Fragment),Ophiophagus hannah,8665,3,Clustered_Snake_Venom_Metalloproteinases(SVMP),test
1199,tr,V8P548,V8P548_OPHHA,Matrix metalloproteinase-24 (Fragment),Ophiophagus hannah,8665,3,Clustered_Snake_Venom_Metalloproteinases(SVMP),train
1200,tr,V8NC56,V8NC56_OPHHA,Disintegrin and metalloproteinase domain-containing protein 2 (Fragment),Ophiophagus hannah,8665,3,Clustered_Snake_Venom_Metalloproteinases(SVMP),train
1201,tr,V8PFL7,V8PFL7_OPHHA,Disintegrin and metalloproteinase domain-containing protein 23 (Fragment),Ophiophagus hannah,8665,3,Clustered_Snake_Venom_Metalloproteinases(SVMP),train
1202,tr,V8N6T1,V8N6T1_OPHHA,Disintegrin and metalloproteinase domain-containing protein 21 (Fragment),Ophiophagus hannah,8665,4,Clustered_Snake_Venom_Metalloproteinases(SVMP),train
1203,tr,A0AAW1B694,A0AAW1B694_CROAD,Matrix metalloproteinase-25-like,Crotalus adamanteus,8729,3,Clustered_Snake_Venom_Metalloproteinases(SVMP),val
1204,tr,V5Z141,V5Z141_DEIAC,Metalloproteinase,Deinagkistrodon acutus,36307,2,Clustered_Snake_Venom_Metalloproteinases(SVMP),train
1205,tr,A0A2Z4N9R6,A0A2Z4N9R6_9SAUR,Metalloproteinase (Fragment),Philothamnus irregularis,1899461,2,Clustered_Snake_Venom_Metalloproteinases(SVMP),train
1206,tr,A0AAW1BL29,A0AAW1BL29_CROAD,Collagenase 3,Crotalus adamanteus,8729,3,Clustered_Snake_Venom_Metalloproteinases(SVMP),train
1207,tr,R4G2G3,R4G2G3_9SAUR,SVMP-Fur-1 (Fragment),Furina ornata,529697,2,Clustered_Snake_Venom_Metalloproteinases(SVMP),train
1208,tr,A0A2D4Q6G9,A0A2D4Q6G9_MICSU,Metalloproteinase inhibitor 2 (Fragment),Micrurus surinamensis,129470,3,Clustered_Snake_Venom_Metalloproteinases(SVMP),train
1209,tr,A0A6I9YBF4,A0A6I9YBF4_9SAUR,Snake venom metalloproteinase-disintegrin-like mocarhagin,Thamnophis sirtalis,35019,4,Clustered_Snake_Venom_Metalloproteinases(SVMP),train
1210,tr,A0AAW1CA13,A0AAW1CA13_CROAD,Acireductone dioxygenase,Crotalus adamanteus,8729,3,Clustered_Snake_Venom_Metalloproteinases(SVMP),train
1211,tr,H2FLD2,H2FLD2_9SAUR,Matrix metalloproteinase,Mesotes strigatus,3148976,2,Clustered_Snake_Venom_Metalloproteinases(SVMP),train
1212,tr,H2FLD5,H2FLD5_9SAUR,Matrix metalloproteinase,Mesotes strigatus,3148976,2,Clustered_Snake_Venom_Metalloproteinases(SVMP),train
1213,tr,V8NZD2,V8NZD2_OPHHA,A disintegrin and metalloproteinase with thrombospondin motifs 8 (Fragment),Ophiophagus hannah,8665,4,Clustered_Snake_Venom_Metalloproteinases(SVMP),train
1214,tr,V8P032,V8P032_OPHHA,A disintegrin and metalloproteinase with thrombospondin motifs 1 (Fragment),Ophiophagus hannah,8665,4,Clustered_Snake_Venom_Metalloproteinases(SVMP),train
1215,tr,A0A6I9Z3Y9,A0A6I9Z3Y9_9SAUR,Zinc metalloproteinase-disintegrin-like NaMP,Thamnophis sirtalis,35019,4,Clustered_Snake_Venom_Metalloproteinases(SVMP),train
1216,tr,A0AAW1AMS2,A0AAW1AMS2_CROAD,A disintegrin and metalloproteinase with thrombospondin motifs 4,Crotalus adamanteus,8729,4,Clustered_Snake_Venom_Metalloproteinases(SVMP),train
1217,tr,V8N6X6,V8N6X6_OPHHA,A disintegrin and metalloproteinase with thrombospondin motifs 4 (Fragment),Ophiophagus hannah,8665,4,Clustered_Snake_Venom_Metalloproteinases(SVMP),train
1218,tr,A0A6P9AVX1,A0A6P9AVX1_PANGU,Disintegrin and metalloproteinase domain-containing protein 15,Pantherophis guttatus,94885,4,Clustered_Snake_Venom_Metalloproteinases(SVMP),test
1219,tr,A0A6I9YME4,A0A6I9YME4_9SAUR,Disintegrin and metalloproteinase domain-containing protein 28,Thamnophis sirtalis,35019,4,Clustered_Snake_Venom_Metalloproteinases(SVMP),train
1220,tr,A0A6J1U1P8,A0A6J1U1P8_9SAUR,Disintegrin and metalloproteinase domain-containing protein 12,Notechis scutatus,8663,4,Clustered_Snake_Venom_Metalloproteinases(SVMP),test
1221,tr,A0A6H0D994,A0A6H0D994_CROHD,Metalloproteinase disintegrin and cysteine-rich protein 8,Crotalus horridus,35024,4,Clustered_Snake_Venom_Metalloproteinases(SVMP),train
1222,tr,A0A9F5INE8,A0A9F5INE8_PYTBI,Disintegrin and metalloproteinase domain-containing protein 33,Python bivittatus,176946,4,Clustered_Snake_Venom_Metalloproteinases(SVMP),train
1223,tr,A0A6J1V116,A0A6J1V116_9SAUR,LOW QUALITY PROTEIN: zinc metalloproteinase-disintegrin-like NaMP,Notechis scutatus,8663,4,Clustered_Snake_Venom_Metalloproteinases(SVMP),val
1224,tr,A0A6I9YVG2,A0A6I9YVG2_9SAUR,Disintegrin and metalloproteinase domain-containing protein 21-like,Thamnophis sirtalis,35019,4,Clustered_Snake_Venom_Metalloproteinases(SVMP),train
1225,tr,A0A6P9AXX0,A0A6P9AXX0_PANGU,Disintegrin and metalloproteinase domain-containing protein 33-like,Pantherophis guttatus,94885,4,Clustered_Snake_Venom_Metalloproteinases(SVMP),train
1226,tr,A0A6P9AWV9,A0A6P9AWV9_PANGU,Disintegrin and metalloproteinase domain-containing protein 20-like,Pantherophis guttatus,94885,4,Clustered_Snake_Venom_Metalloproteinases(SVMP),train
1227,tr,A0A6P9CNF9,A0A6P9CNF9_PANGU,Disintegrin and metalloproteinase domain-containing protein 21-like,Pantherophis guttatus,94885,4,Clustered_Snake_Venom_Metalloproteinases(SVMP),train
1228,tr,A0A6P9DKK0,A0A6P9DKK0_PANGU,Disintegrin and metalloproteinase domain-containing protein 26A-like,Pantherophis guttatus,94885,4,Clustered_Snake_Venom_Metalloproteinases(SVMP),val
1229,tr,A0A9F5MYR7,A0A9F5MYR7_PYTBI,Disintegrin and metalloproteinase domain-containing protein 9-like,Python bivittatus,176946,4,Clustered_Snake_Venom_Metalloproteinases(SVMP),train
1230,tr,A0A9F2NCH3,A0A9F2NCH3_PYTBI,Disintegrin and metalloproteinase domain-containing protein 20-like,Python bivittatus,176946,4,Clustered_Snake_Venom_Metalloproteinases(SVMP),test
1231,tr,A0A9F5N2P8,A0A9F5N2P8_PYTBI,Disintegrin and metalloproteinase domain-containing protein 21-like,Python bivittatus,176946,4,Clustered_Snake_Venom_Metalloproteinases(SVMP),train
1232,tr,A0A6I9Z681,A0A6I9Z681_9SAUR,Zinc metalloproteinase-disintegrin-like MTP9,Thamnophis sirtalis,35019,4,Clustered_Snake_Venom_Metalloproteinases(SVMP),train
1233,tr,A0A6P9DN89,A0A6P9DN89_PANGU,Zinc metalloproteinase-disintegrin-like NaMP,Pantherophis guttatus,94885,4,Clustered_Snake_Venom_Metalloproteinases(SVMP),train
1234,tr,A0A6P9AM21,A0A6P9AM21_PANGU,Disintegrin and metalloproteinase domain-containing protein 22 isoform X1,Pantherophis guttatus,94885,4,Clustered_Snake_Venom_Metalloproteinases(SVMP),train
1235,tr,A0A6P9BVN6,A0A6P9BVN6_PANGU,Disintegrin and metalloproteinase domain-containing protein 11 isoform X3,Pantherophis guttatus,94885,4,Clustered_Snake_Venom_Metalloproteinases(SVMP),train
1236,tr,A0A6I9Y427,A0A6I9Y427_9SAUR,Zinc metalloproteinase-disintegrin-like BmMP,Thamnophis sirtalis,35019,4,Clustered_Snake_Venom_Metalloproteinases(SVMP),val
1237,tr,A0A9F3VZC3,A0A9F3VZC3_PYTBI,Disintegrin and metalloproteinase domain-containing protein 9-like isoform X2,Python bivittatus,176946,4,Clustered_Snake_Venom_Metalloproteinases(SVMP),val
1238,tr,A0A6I9YZ17,A0A6I9YZ17_9SAUR,Zinc metalloproteinase-disintegrin-like VLAIP-B,Thamnophis sirtalis,35019,4,Clustered_Snake_Venom_Metalloproteinases(SVMP),train
1239,tr,A0A9F5J652,A0A9F5J652_PYTBI,Disintegrin and metalloproteinase domain-containing protein 15,Python bivittatus,176946,4,Clustered_Snake_Venom_Metalloproteinases(SVMP),train
1240,tr,A0A6J1VLQ1,A0A6J1VLQ1_9SAUR,Disintegrin and metalloproteinase domain-containing protein 5,Notechis scutatus,8663,4,Clustered_Snake_Venom_Metalloproteinases(SVMP),train
1241,tr,A0A9F5IUH2,A0A9F5IUH2_PYTBI,Disintegrin and metalloproteinase domain-containing protein 32,Python bivittatus,176946,4,Clustered_Snake_Venom_Metalloproteinases(SVMP),train
1242,tr,A0A9F5MX01,A0A9F5MX01_PYTBI,Disintegrin and metalloproteinase domain-containing protein 21-like,Python bivittatus,176946,4,Clustered_Snake_Venom_Metalloproteinases(SVMP),test
1243,tr,A0A6I9XD44,A0A6I9XD44_9SAUR,Disintegrin and metalloproteinase domain-containing protein 33-like,Thamnophis sirtalis,35019,4,Clustered_Snake_Venom_Metalloproteinases(SVMP),train
1244,tr,A0A9F3W0P3,A0A9F3W0P3_PYTBI,LOW QUALITY PROTEIN: zinc metalloproteinase-disintegrin-like NaMP,Python bivittatus,176946,4,Clustered_Snake_Venom_Metalloproteinases(SVMP),train
1245,tr,A0A9F5JBQ1,A0A9F5JBQ1_PYTBI,Disintegrin and metalloproteinase domain-containing protein 21-like,Python bivittatus,176946,4,Clustered_Snake_Venom_Metalloproteinases(SVMP),train
1246,tr,A0A9F5JFY3,A0A9F5JFY3_PYTBI,LOW QUALITY PROTEIN: zinc metalloproteinase-disintegrin-like NaMP,Python bivittatus,176946,4,Clustered_Snake_Venom_Metalloproteinases(SVMP),train
1247,tr,A0A9F5IM86,A0A9F5IM86_PYTBI,Disintegrin and metalloproteinase domain-containing protein 2-like,Python bivittatus,176946,4,Clustered_Snake_Venom_Metalloproteinases(SVMP),train
1248,tr,A0A6P9CW99,A0A6P9CW99_PANGU,Disintegrin and metalloproteinase domain-containing protein 23 isoform X1,Pantherophis guttatus,94885,4,Clustered_Snake_Venom_Metalloproteinases(SVMP),train
1249,tr,Q9PT50,Q9PT50_9SAUR,Metalloproteinase (Fragment),Atractaspis andersonii,8600,2,Clustered_Snake_Venom_Metalloproteinases(SVMP),train
1250,tr,A7X6J6,A7X6J6_TELDH,SVMP-Tel1 (Fragment),Telescopus dhara,338837,2,Clustered_Snake_Venom_Metalloproteinases(SVMP),test
1251,tr,A7X4G0,A7X4G0_THRJA,SVMP-Thr1 (Fragment),Thrasops jacksonii,186611,2,Clustered_Snake_Venom_Metalloproteinases(SVMP),val
1252,tr,A7X4H7,A7X4H7_LEIMD,SVMP-Lei1 (Fragment),Leioheterodon madagascariensis,46577,2,Clustered_Snake_Venom_Metalloproteinases(SVMP),train
1253,tr,A0AAW1AYW2,A0AAW1AYW2_CROAD,Matrix metalloproteinase-17,Crotalus adamanteus,8729,3,Clustered_Snake_Venom_Metalloproteinases(SVMP),val
1254,tr,A0AAW1CDR2,A0AAW1CDR2_CROAD,Matrix metalloproteinase-28,Crotalus adamanteus,8729,3,Clustered_Snake_Venom_Metalloproteinases(SVMP),train
1255,tr,A0AAW1C0S8,A0AAW1C0S8_CROAD,Matrix metalloproteinase-19,Crotalus adamanteus,8729,3,Clustered_Snake_Venom_Metalloproteinases(SVMP),train
1256,tr,V8N990,V8N990_OPHHA,Matrix metalloproteinase-20 (Fragment),Ophiophagus hannah,8665,3,Clustered_Snake_Venom_Metalloproteinases(SVMP),train
1257,tr,V8P1R4,V8P1R4_OPHHA,Metalloproteinase inhibitor 4 (Fragment),Ophiophagus hannah,8665,4,Clustered_Snake_Venom_Metalloproteinases(SVMP),train
1258,tr,V8P931,V8P931_OPHHA,Pitrilysin metalloproteinase 1 (Fragment),Ophiophagus hannah,8665,4,Clustered_Snake_Venom_Metalloproteinases(SVMP),val
1259,tr,V8PBN6,V8PBN6_OPHHA,Matrix metalloproteinase-17 (Fragment),Ophiophagus hannah,8665,3,Clustered_Snake_Venom_Metalloproteinases(SVMP),train
1260,tr,V8N5G1,V8N5G1_OPHHA,Matrix metalloproteinase-9 (Fragment),Ophiophagus hannah,8665,3,Clustered_Snake_Venom_Metalloproteinases(SVMP),train
1261,tr,V8NC78,V8NC78_OPHHA,Matrix metalloproteinase-17 (Fragment),Ophiophagus hannah,8665,3,Clustered_Snake_Venom_Metalloproteinases(SVMP),train
1262,tr,V8NU16,V8NU16_OPHHA,Matrix metalloproteinase-15,Ophiophagus hannah,8665,3,Clustered_Snake_Venom_Metalloproteinases(SVMP),train
1263,tr,V8NKV4,V8NKV4_OPHHA,Matrix metalloproteinase-9 (Fragment),Ophiophagus hannah,8665,3,Clustered_Snake_Venom_Metalloproteinases(SVMP),train
1264,tr,V8P1M2,V8P1M2_OPHHA,Matrix metalloproteinase-28,Ophiophagus hannah,8665,3,Clustered_Snake_Venom_Metalloproteinases(SVMP),test
1265,tr,V8NE62,V8NE62_OPHHA,Matrix metalloproteinase-23 (Fragment),Ophiophagus hannah,8665,3,Clustered_Snake_Venom_Metalloproteinases(SVMP),train
1266,tr,A0A023J5I1,A0A023J5I1_CROSS,GP-II metalloproteinase (Fragment),Crotalus scutulatus scutulatus,8738,4,Clustered_Snake_Venom_Metalloproteinases(SVMP),train
1267,tr,A0AAW1B4W5,A0AAW1B4W5_CROAD,MMP9: Matrix metalloproteinase-9 (Fragment),Crotalus adamanteus,8729,3,Clustered_Snake_Venom_Metalloproteinases(SVMP),train
1268,tr,A0AAW1BKJ2,A0AAW1BKJ2_CROAD,Matrix metalloproteinase-18-like,Crotalus adamanteus,8729,3,Clustered_Snake_Venom_Metalloproteinases(SVMP),train
1269,tr,A0AAW1BKV4,A0AAW1BKV4_CROAD,Collagenase 3,Crotalus adamanteus,8729,3,Clustered_Snake_Venom_Metalloproteinases(SVMP),train
1270,tr,A0AAW1B2A6,A0AAW1B2A6_CROAD,"Presequence protease, mitochondrial",Crotalus adamanteus,8729,3,Clustered_Snake_Venom_Metalloproteinases(SVMP),train
1271,tr,A0AAW1BYY7,A0AAW1BYY7_CROAD,Archaemetzincin-2,Crotalus adamanteus,8729,3,Clustered_Snake_Venom_Metalloproteinases(SVMP),train
1272,tr,V8PCY3,V8PCY3_OPHHA,Archaemetzincin-2 (Fragment),Ophiophagus hannah,8665,3,Clustered_Snake_Venom_Metalloproteinases(SVMP),val
1273,tr,E9JG32,E9JG32_ECHCS,Metalloproteinase,Echis carinatus sochureki,124223,2,Clustered_Snake_Venom_Metalloproteinases(SVMP),train
1274,tr,E9JGH6,E9JGH6_ECHCS,Metalloproteinase,Echis carinatus sochureki,124223,2,Clustered_Snake_Venom_Metalloproteinases(SVMP),train
1275,tr,A0A7R7T1Q6,A0A7R7T1Q6_9SAUR,Zinc metalloproteinase,Montivipera raddei,110212,2,Clustered_Snake_Venom_Metalloproteinases(SVMP),train
1276,tr,A0AAW1AR10,A0AAW1AR10_CROAD,Disintegrin and metalloproteinase domain-containing protein 9-like,Crotalus adamanteus,8729,4,Clustered_Snake_Venom_Metalloproteinases(SVMP),train
1277,tr,A0AAW1BAQ4,A0AAW1BAQ4_CROAD,A disintegrin and metalloproteinase with thrombospondin motifs 3,Crotalus adamanteus,8729,4,Clustered_Snake_Venom_Metalloproteinases(SVMP),val
1278,tr,A0AAW1BZH1,A0AAW1BZH1_CROAD,Metalloproteinase inhibitor 1,Crotalus adamanteus,8729,4,Clustered_Snake_Venom_Metalloproteinases(SVMP),train
1279,tr,A0AAW1C1E3,A0AAW1C1E3_CROAD,Metalloproteinase inhibitor 1,Crotalus adamanteus,8729,3,Clustered_Snake_Venom_Metalloproteinases(SVMP),train
1280,tr,A0AAW1AXC7,A0AAW1AXC7_CROAD,A disintegrin and metalloproteinase with thrombospondin motifs 7,Crotalus adamanteus,8729,4,Clustered_Snake_Venom_Metalloproteinases(SVMP),train
1281,tr,A0AAW1BV30,A0AAW1BV30_CROAD,A disintegrin and metalloproteinase with thrombospondin motifs 9,Crotalus adamanteus,8729,4,Clustered_Snake_Venom_Metalloproteinases(SVMP),val
1282,tr,A0AAW1C0X1,A0AAW1C0X1_CROAD,A disintegrin and metalloproteinase with thrombospondin motifs 19,Crotalus adamanteus,8729,4,Clustered_Snake_Venom_Metalloproteinases(SVMP),train
1283,tr,A0AAW1C4X2,A0AAW1C4X2_CROAD,A disintegrin and metalloproteinase with thrombospondin motifs 10,Crotalus adamanteus,8729,4,Clustered_Snake_Venom_Metalloproteinases(SVMP),train
1284,tr,A0AAW1AS39,A0AAW1AS39_CROAD,A disintegrin and metalloproteinase with thrombospondin motifs 13,Crotalus adamanteus,8729,4,Clustered_Snake_Venom_Metalloproteinases(SVMP),train
1285,tr,A0AAW1B0W0,A0AAW1B0W0_CROAD,A disintegrin and metalloproteinase with thrombospondin motifs 15,Crotalus adamanteus,8729,4,Clustered_Snake_Venom_Metalloproteinases(SVMP),train
1286,tr,A0AAW1BCR0,A0AAW1BCR0_CROAD,Metalloproteinase inhibitor 3,Crotalus adamanteus,8729,3,Clustered_Snake_Venom_Metalloproteinases(SVMP),val
1287,tr,A0AAW1BES3,A0AAW1BES3_CROAD,A disintegrin and metalloproteinase with thrombospondin motifs 14,Crotalus adamanteus,8729,4,Clustered_Snake_Venom_Metalloproteinases(SVMP),train
1288,tr,A0AAW1BZJ4,A0AAW1BZJ4_CROAD,Metalloproteinase inhibitor 1,Crotalus adamanteus,8729,4,Clustered_Snake_Venom_Metalloproteinases(SVMP),train
1289,tr,A0AAW1ATC3,A0AAW1ATC3_CROAD,A disintegrin and metalloproteinase with thrombospondin motifs 18,Crotalus adamanteus,8729,4,Clustered_Snake_Venom_Metalloproteinases(SVMP),train
1290,tr,V8NI74,V8NI74_OPHHA,A disintegrin and metalloproteinase with thrombospondin motifs 7 (Fragment),Ophiophagus hannah,8665,4,Clustered_Snake_Venom_Metalloproteinases(SVMP),val
1291,tr,V8NQF8,V8NQF8_OPHHA,A disintegrin and metalloproteinase with thrombospondin motifs 16 (Fragment),Ophiophagus hannah,8665,4,Clustered_Snake_Venom_Metalloproteinases(SVMP),train
1292,tr,V8NWJ2,V8NWJ2_OPHHA,A disintegrin and metalloproteinase with thrombospondin motifs 18 (Fragment),Ophiophagus hannah,8665,4,Clustered_Snake_Venom_Metalloproteinases(SVMP),train
1293,tr,V8P3L5,V8P3L5_OPHHA,A disintegrin and metalloproteinase with thrombospondin motifs 12 (Fragment),Ophiophagus hannah,8665,4,Clustered_Snake_Venom_Metalloproteinases(SVMP),val
1294,tr,V8P507,V8P507_OPHHA,A disintegrin and metalloproteinase with thrombospondin motifs 6 (Fragment),Ophiophagus hannah,8665,4,Clustered_Snake_Venom_Metalloproteinases(SVMP),test
1295,tr,V8NTJ6,V8NTJ6_OPHHA,A disintegrin and metalloproteinase with thrombospondin motifs 19 (Fragment),Ophiophagus hannah,8665,4,Clustered_Snake_Venom_Metalloproteinases(SVMP),val
1296,tr,V8NL76,V8NL76_OPHHA,A disintegrin and metalloproteinase with thrombospondin motifs 15 (Fragment),Ophiophagus hannah,8665,4,Clustered_Snake_Venom_Metalloproteinases(SVMP),train
1297,tr,V8NLN7,V8NLN7_OPHHA,A disintegrin and metalloproteinase with thrombospondin motifs 7 (Fragment),Ophiophagus hannah,8665,4,Clustered_Snake_Venom_Metalloproteinases(SVMP),train
1298,tr,V8P8T6,V8P8T6_OPHHA,A disintegrin and metalloproteinase with thrombospondin motifs 17 (Fragment),Ophiophagus hannah,8665,4,Clustered_Snake_Venom_Metalloproteinases(SVMP),train
1299,tr,V8NC79,V8NC79_OPHHA,A disintegrin and metalloproteinase with thrombospondin motifs 3 (Fragment),Ophiophagus hannah,8665,4,Clustered_Snake_Venom_Metalloproteinases(SVMP),test
1300,tr,V8NYL9,V8NYL9_OPHHA,A disintegrin and metalloproteinase with thrombospondin motifs 14 (Fragment),Ophiophagus hannah,8665,4,Clustered_Snake_Venom_Metalloproteinases(SVMP),train
1301,tr,V8P870,V8P870_OPHHA,A disintegrin and metalloproteinase with thrombospondin motifs 9 (Fragment),Ophiophagus hannah,8665,4,Clustered_Snake_Venom_Metalloproteinases(SVMP),train
1302,tr,A0AAW1BJY9,A0AAW1BJY9_CROAD,A disintegrin and metalloproteinase with thrombospondin motifs 5,Crotalus adamanteus,8729,4,Clustered_Snake_Venom_Metalloproteinases(SVMP),train
1303,tr,A7X4D4,A7X4D4_PSAMO,SVMP-PP-Psa23,Psammophis mossambicus,234064,2,Clustered_Snake_Venom_Metalloproteinases(SVMP),train
1304,tr,A7X497,A7X497_PSAMO,SVMP-PP-Psa15,Psammophis mossambicus,234064,2,Clustered_Snake_Venom_Metalloproteinases(SVMP),train
1305,tr,A7X4H1,A7X4H1_DISTY,SVMP-Dis3 (Fragment),Dispholidus typus,46295,2,Clustered_Snake_Venom_Metalloproteinases(SVMP),test
1306,tr,A7X4I2,A7X4I2_LEIMD,SVMP-Lei2 (Fragment),Leioheterodon madagascariensis,46577,2,Clustered_Snake_Venom_Metalloproteinases(SVMP),train
1307,tr,A7X4Z3,A7X4Z3_CAURH,SVMP-Cau3 (Fragment),Causus rhombeatus,44735,2,Clustered_Snake_Venom_Metalloproteinases(SVMP),test
1308,tr,A7X461,A7X461_PSAMO,SVMP-PP-Psa6,Psammophis mossambicus,234064,2,Clustered_Snake_Venom_Metalloproteinases(SVMP),train
1309,tr,A7X476,A7X476_PSAMO,SVMP-PP-Psa10,Psammophis mossambicus,234064,2,Clustered_Snake_Venom_Metalloproteinases(SVMP),train
1310,tr,A0AAW1AZI7,A0AAW1AZI7_CROAD,SVMP complex genomic sequence,Crotalus adamanteus,8729,4,Clustered_Snake_Venom_Metalloproteinases(SVMP),train
1311,tr,A0A141DWL7,A0A141DWL7_9SAUR,Metalloproteinase (Fragment),Pseudagkistrodon rudis,2759634,4,Clustered_Snake_Venom_Metalloproteinases(SVMP),train
1312,tr,A0A6I9YE12,A0A6I9YE12_9SAUR,Hemorrhagic metalloproteinase-disintegrin-like kaouthiagin,Thamnophis sirtalis,35019,4,Clustered_Snake_Venom_Metalloproteinases(SVMP),train
1313,tr,A0A6I9YQR0,A0A6I9YQR0_9SAUR,Zinc metalloproteinase-disintegrin-like ohanin,Thamnophis sirtalis,35019,4,Clustered_Snake_Venom_Metalloproteinases(SVMP),val
1314,tr,A0A6I9YUC4,A0A6I9YUC4_9SAUR,Disintegrin and metalloproteinase domain-containing protein 12-like,Thamnophis sirtalis,35019,4,Clustered_Snake_Venom_Metalloproteinases(SVMP),train
1315,tr,A0AAW1BZI0,A0AAW1BZI0_CROAD,Metalloproteinase inhibitor 1,Crotalus adamanteus,8729,4,Clustered_Snake_Venom_Metalloproteinases(SVMP),train
1316,tr,A0AAW1BZT5,A0AAW1BZT5_CROAD,Metalloproteinase inhibitor 1,Crotalus adamanteus,8729,4,Clustered_Snake_Venom_Metalloproteinases(SVMP),train
1317,tr,A0AAW1C034,A0AAW1C034_CROAD,Metalloproteinase inhibitor 1,Crotalus adamanteus,8729,4,Clustered_Snake_Venom_Metalloproteinases(SVMP),train
1318,tr,A0AAW1B4S9,A0AAW1B4S9_CROAD,MMP9: Matrix metalloproteinase-9,Crotalus adamanteus,8729,4,Clustered_Snake_Venom_Metalloproteinases(SVMP),train
1319,tr,A0AAW1AQA0,A0AAW1AQA0_CROAD,MMP17: Matrix metalloproteinase-17,Crotalus adamanteus,8729,4,Clustered_Snake_Venom_Metalloproteinases(SVMP),train
1320,tr,A0AAW1B951,A0AAW1B951_CROAD,Matrix metalloproteinase-14-like,Crotalus adamanteus,8729,4,Clustered_Snake_Venom_Metalloproteinases(SVMP),train
1321,tr,A0AAW1BKS1,A0AAW1BKS1_CROAD,Matrix metalloproteinase-20-like,Crotalus adamanteus,8729,4,Clustered_Snake_Venom_Metalloproteinases(SVMP),train
1322,tr,A0A6B7FRE2,A0A6B7FRE2_VIPAA,Endogenous tripeptide metalloproteinase inhibitor MPi-4,Vipera ammodytes ammodytes,8705,2,Clustered_Snake_Venom_Metalloproteinases(SVMP),train
1323,tr,A0AAW1B8U8,A0AAW1B8U8_CROAD,Disintegrin and metalloproteinase domain-containing protein 33,Crotalus adamanteus,8729,4,Clustered_Snake_Venom_Metalloproteinases(SVMP),train
1324,tr,V8P102,V8P102_OPHHA,Disintegrin and metalloproteinase domain-containing protein 12 (Fragment),Ophiophagus hannah,8665,4,Clustered_Snake_Venom_Metalloproteinases(SVMP),train
1325,tr,V8N4Z9,V8N4Z9_OPHHA,Disintegrin and metalloproteinase domain-containing protein 9 (Fragment),Ophiophagus hannah,8665,4,Clustered_Snake_Venom_Metalloproteinases(SVMP),train
1326,tr,V8N2F9,V8N2F9_OPHHA,Disintegrin and metalloproteinase domain-containing protein 33 (Fragment),Ophiophagus hannah,8665,4,Clustered_Snake_Venom_Metalloproteinases(SVMP),train
1327,tr,A0AAW1AZ65,A0AAW1AZ65_CROAD,A disintegrin and metalloproteinase with thrombospondin motifs 8,Crotalus adamanteus,8729,4,Clustered_Snake_Venom_Metalloproteinases(SVMP),train
1328,tr,A0AAW1C5L9,A0AAW1C5L9_CROAD,Disintegrin and metalloproteinase domain-containing protein 20-like,Crotalus adamanteus,8729,4,Clustered_Snake_Venom_Metalloproteinases(SVMP),train
1329,tr,A0AAW1AYP5,A0AAW1AYP5_CROAD,A disintegrin and metalloproteinase with thrombospondin motifs 15,Crotalus adamanteus,8729,4,Clustered_Snake_Venom_Metalloproteinases(SVMP),test
1330,tr,A0AAW1B9A6,A0AAW1B9A6_CROAD,A disintegrin and metalloproteinase with thrombospondin motifs 3,Crotalus adamanteus,8729,4,Clustered_Snake_Venom_Metalloproteinases(SVMP),train
1331,tr,A0AAW1BWX2,A0AAW1BWX2_CROAD,A disintegrin and metalloproteinase with thrombospondin motifs 2,Crotalus adamanteus,8729,4,Clustered_Snake_Venom_Metalloproteinases(SVMP),val
1332,tr,A0AAW1AWY4,A0AAW1AWY4_CROAD,A disintegrin and metalloproteinase with thrombospondin motifs 17,Crotalus adamanteus,8729,4,Clustered_Snake_Venom_Metalloproteinases(SVMP),train
1333,tr,A0AAW1C238,A0AAW1C238_CROAD,A disintegrin and metalloproteinase with thrombospondin motifs 12,Crotalus adamanteus,8729,4,Clustered_Snake_Venom_Metalloproteinases(SVMP),val
1334,tr,A0AAW1C5R8,A0AAW1C5R8_CROAD,ADAM10: Disintegrin and metalloproteinase domain-containing protein 10,Crotalus adamanteus,8729,4,Clustered_Snake_Venom_Metalloproteinases(SVMP),val
1335,tr,A0AAW1C1S4,A0AAW1C1S4_CROAD,A disintegrin and metalloproteinase with thrombospondin motifs 6 (Fragment),Crotalus adamanteus,8729,4,Clustered_Snake_Venom_Metalloproteinases(SVMP),train
1336,tr,A0AAW1C6M3,A0AAW1C6M3_CROAD,Disintegrin and metalloproteinase domain-containing protein 20-like,Crotalus adamanteus,8729,4,Clustered_Snake_Venom_Metalloproteinases(SVMP),train
1337,tr,V8N6N5,V8N6N5_OPHHA,A disintegrin and metalloproteinase with thrombospondin motifs 3 (Fragment),Ophiophagus hannah,8665,4,Clustered_Snake_Venom_Metalloproteinases(SVMP),train
1338,tr,V8NQE7,V8NQE7_OPHHA,A disintegrin and metalloproteinase with thrombospondin motifs 17 (Fragment),Ophiophagus hannah,8665,4,Clustered_Snake_Venom_Metalloproteinases(SVMP),train
1339,tr,V8P6K7,V8P6K7_OPHHA,A disintegrin and metalloproteinase with thrombospondin motifs 2 (Fragment),Ophiophagus hannah,8665,4,Clustered_Snake_Venom_Metalloproteinases(SVMP),train
1340,tr,V8NLT9,V8NLT9_OPHHA,A disintegrin and metalloproteinase with thrombospondin motifs 15 (Fragment),Ophiophagus hannah,8665,4,Clustered_Snake_Venom_Metalloproteinases(SVMP),train
1341,tr,V8NCM5,V8NCM5_OPHHA,A disintegrin and metalloproteinase with thrombospondin motifs 3 (Fragment),Ophiophagus hannah,8665,4,Clustered_Snake_Venom_Metalloproteinases(SVMP),test
1342,tr,V8NDQ2,V8NDQ2_OPHHA,A disintegrin and metalloproteinase with thrombospondin motifs 3 (Fragment),Ophiophagus hannah,8665,4,Clustered_Snake_Venom_Metalloproteinases(SVMP),train
1343,tr,A0AAW1BNL7,A0AAW1BNL7_CROAD,A disintegrin and metalloproteinase with thrombospondin motifs 16-like,Crotalus adamanteus,8729,4,Clustered_Snake_Venom_Metalloproteinases(SVMP),train
1344,tr,A0AAW1AWB2,A0AAW1AWB2_CROAD,A disintegrin and metalloproteinase with thrombospondin motifs 17-like,Crotalus adamanteus,8729,4,Clustered_Snake_Venom_Metalloproteinases(SVMP),train
1345,tr,A0AAW1BWI7,A0AAW1BWI7_CROAD,A disintegrin and metalloproteinase with thrombospondin motifs 2-like,Crotalus adamanteus,8729,4,Clustered_Snake_Venom_Metalloproteinases(SVMP),train
1346,sp,B3EWF8,3SX1_MICMP,Mipartoxin-1,Micrurus mipartitus,430902,1,Clustered_Three-Finger_Toxins(3FTX),train
1347,sp,U3FAE1,3SXA_MICFL,Fulditoxin,Micrurus fulvius,8637,1,Clustered_Three-Finger_Toxins(3FTX),train
1348,sp,P0CAR7,3SX_MICPY,Venom protein E2 (Fragment),Micrurus pyrrhocryptus,129468,1,Clustered_Three-Finger_Toxins(3FTX),val
1349,sp,P0DQP2,3SIH_DENJJ,Venom protein SynTx (Fragment),Dendroaspis jamesoni jamesoni,2032609,1,Clustered_Three-Finger_Toxins(3FTX),train
1350,sp,C1IC49,3NO25_WALAE,Three-finger toxin W-V,Walterinnesia aegyptia,64182,1,Clustered_Three-Finger_Toxins(3FTX),train
1351,sp,C1IC47,3S13_WALAE,Three-finger toxin W-III,Walterinnesia aegyptia,64182,1,Clustered_Three-Finger_Toxins(3FTX),train
1352,sp,A0A346CIA0,3NBA_SPISL,Sulditoxin subunit A,Spilotes sulphureus,1899469,1,Clustered_Three-Finger_Toxins(3FTX),train
1353,sp,A0A346CIB3,3NBB_SPISL,Sulditoxin subunit B,Spilotes sulphureus,1899469,1,Clustered_Three-Finger_Toxins(3FTX),train
1354,sp,E2ITZ3,3S11A_NAJAT,Alpha-elapitoxin-Na1a,Naja atra,8656,1,Clustered_Three-Finger_Toxins(3FTX),train
1355,sp,C6JUP3,3SX3_MICCO,Three-finger toxin MicTx3,Micrurus corallinus,54390,1,Clustered_Three-Finger_Toxins(3FTX),train
1356,sp,K9MCH1,3S11_MICLL,Three-finger toxin A1,Micrurus laticollaris,1240351,1,Clustered_Three-Finger_Toxins(3FTX),test
1357,sp,F5CPE0,3SX9_MICAT,Three-finger toxin MALT0059C,Micrurus altirostris,129457,1,Clustered_Three-Finger_Toxins(3FTX),train
1358,sp,F5CPE2,3SX3_MICAT,Three-finger toxin MALT0063C,Micrurus altirostris,129457,1,Clustered_Three-Finger_Toxins(3FTX),test
1359,sp,F5CPD3,3SX4_MICAT,Three-finger toxin MALT0044C,Micrurus altirostris,129457,1,Clustered_Three-Finger_Toxins(3FTX),train
1360,sp,F5CPE3,3SX5_MICAT,Three-finger toxin MALT0065C,Micrurus altirostris,129457,1,Clustered_Three-Finger_Toxins(3FTX),test
1361,sp,P86094,3SX_MICSU,Short neurotoxin MS11,Micrurus surinamensis,129470,1,Clustered_Three-Finger_Toxins(3FTX),train
1362,sp,P0DSN0,3SX_NAJKA,Nakoroxin,Naja kaouthia,8649,1,Clustered_Three-Finger_Toxins(3FTX),train
1363,sp,A0A4P1LYC9,3SX9_DENPO,Dendroaspis polylepis MT9,Dendroaspis polylepis polylepis,8620,1,Clustered_Three-Finger_Toxins(3FTX),train
1364,sp,Q53B47,3SX5_OPHHA,Short neurotoxin OH-5,Ophiophagus hannah,8665,1,Clustered_Three-Finger_Toxins(3FTX),train
1365,sp,F5CPD9,3S158_MICAT,Three-finger toxin MALT0058C,Micrurus altirostris,129457,1,Clustered_Three-Finger_Toxins(3FTX),train
1366,sp,F5CPD8,3S157_MICAT,Three-finger toxin MALT0057C,Micrurus altirostris,129457,1,Clustered_Three-Finger_Toxins(3FTX),val
1367,sp,F5CPE4,3S166_MICAT,Three-finger toxin MALT0066C,Micrurus altirostris,129457,1,Clustered_Three-Finger_Toxins(3FTX),train
1368,sp,A0A346CIB2,3NB1_SPISL,Sulmotoxin 1,Spilotes sulphureus,1899469,1,Clustered_Three-Finger_Toxins(3FTX),train
1369,sp,P86097,3S13_MICSU,Three-finger toxin MS3,Micrurus surinamensis,129470,1,Clustered_Three-Finger_Toxins(3FTX),train
1370,sp,A2CKF6,3NO28_BUNFA,Neurotoxin 3FTx-8a,Bungarus fasciatus,8613,1,Clustered_Three-Finger_Toxins(3FTX),train
1371,sp,A7X4S7,3SX5_OXYMI,Toxin 3FTx-Oxy5,Oxyuranus microlepidotus,111177,3,Clustered_Three-Finger_Toxins(3FTX),val
1372,sp,C6JUP2,3NO22_MICCO,Three-finger toxin 3FTx-2,Micrurus corallinus,54390,1,Clustered_Three-Finger_Toxins(3FTX),train
1373,sp,C0HJW9,3NO21_NAJKA,Neurotoxin Nk-3FTx (Fragment),Naja kaouthia,8649,1,Clustered_Three-Finger_Toxins(3FTX),train
1374,sp,A7X4T2,3SX6_OXYMI,Three-finger toxin 3FTx-Oxy6,Oxyuranus microlepidotus,111177,3,Clustered_Three-Finger_Toxins(3FTX),train
1375,sp,C6JUP1,3SX1_MICCO,Three-finger toxin 3FTx-1,Micrurus corallinus,54390,1,Clustered_Three-Finger_Toxins(3FTX),train
1376,sp,P0C552,3SOIK_BUNFA,Neurotoxin 3FTx-LK,Bungarus fasciatus,8613,1,Clustered_Three-Finger_Toxins(3FTX),train
1377,sp,P0C553,3SOII_BUNFA,Neurotoxin 3FTx-LI,Bungarus fasciatus,8613,1,Clustered_Three-Finger_Toxins(3FTX),train
1378,sp,P0C554,3SO3_BUNFA,Neurotoxin 3FTx-RK,Bungarus fasciatus,8613,1,Clustered_Three-Finger_Toxins(3FTX),train
1379,sp,B3EWH9,3SBH_HEMHA,Three-finger hemachatoxin,Hemachatus haemachatus,8626,1,Clustered_Three-Finger_Toxins(3FTX),test
1380,sp,F5CPE6,3SX0_MICAT,Three-finger toxin MALT0070C,Micrurus altirostris,129457,1,Clustered_Three-Finger_Toxins(3FTX),train
1381,sp,Q2VBN3,3SX3_OPHHA,Weak neurotoxin WNTX33,Ophiophagus hannah,8665,3,Clustered_Three-Finger_Toxins(3FTX),val
1382,sp,A0A2P1BSU3,3SX3_MICMP,Mipartoxin-3,Micrurus mipartitus,430902,2,Clustered_Three-Finger_Toxins(3FTX),train
1383,sp,A0A2P1BSS8,3SX4_MICMP,Mipartoxin-4,Micrurus mipartitus,430902,2,Clustered_Three-Finger_Toxins(3FTX),train
1384,sp,A7X3V0,3NB4_TELDH,Toxin 3FTx-Tel4,Telescopus dhara,338837,3,Clustered_Three-Finger_Toxins(3FTX),val
1385,sp,A7X3S0,3NB2_TRIBI,Toxin 3FTx-Tri2,Trimorphodon biscutatus,338818,3,Clustered_Three-Finger_Toxins(3FTX),train
1386,sp,A7X3S2,3NB3_TRIBI,Toxin 3FTx-Tri3,Trimorphodon biscutatus,338818,3,Clustered_Three-Finger_Toxins(3FTX),train
1387,sp,K9MCX0,3SX2_MICLL,Three-finger toxin A2,Micrurus laticollaris,1240351,3,Clustered_Three-Finger_Toxins(3FTX),train
1388,sp,A7X3R6,3NX1_LEIMD,Toxin 3FTx-Lei1,Leioheterodon madagascariensis,46577,3,Clustered_Three-Finger_Toxins(3FTX),train
1389,sp,A7X6I4,3NX5_THRJA,Toxin 3FTx-Thr5,Thrasops jacksonii,186611,3,Clustered_Three-Finger_Toxins(3FTX),train
1390,sp,A7X3M3,3NX1_PSAMO,Toxin 3FTx-Psa1,Psammophis mossambicus,234064,3,Clustered_Three-Finger_Toxins(3FTX),train
1391,sp,A5X2W8,3NX3_SISCA,Three-finger toxin 3,Sistrurus catenatus edwardsii,8762,1,Clustered_Three-Finger_Toxins(3FTX),train
1392,sp,P0C555,3S1RI_BUNFA,Neurotoxin 3FTx-RI,Bungarus fasciatus,8613,3,Clustered_Three-Finger_Toxins(3FTX),train
1393,sp,A7X4R5,3S13_OXYMI,Short neurotoxin 3FTx-Oxy3,Oxyuranus microlepidotus,111177,3,Clustered_Three-Finger_Toxins(3FTX),train
1394,sp,A7X4Q3,3L2O1_OXYMI,Long neurotoxin 3FTx-Oxy1,Oxyuranus microlepidotus,111177,3,Clustered_Three-Finger_Toxins(3FTX),train
1395,sp,A7X3M9,3NX1_ERYPO,Probable weak neurotoxin 3FTx-Lio1,Erythrolamprus poecilogyrus,338838,3,Clustered_Three-Finger_Toxins(3FTX),train
1396,tr,A0A1W7RBC9,A0A1W7RBC9_CROAD,Cadam10_3FTx-2,Crotalus adamanteus,8729,4,Clustered_Three-Finger_Toxins(3FTX),train
1397,tr,A0A098LYH6,A0A098LYH6_PANGU,Three finger toxin,Pantherophis guttatus,94885,2,Clustered_Three-Finger_Toxins(3FTX),train
1398,tr,A0A098LYG6,A0A098LYG6_PANGU,Three finger toxin,Pantherophis guttatus,94885,2,Clustered_Three-Finger_Toxins(3FTX),train
1399,tr,A0A0B8RS42,A0A0B8RS42_9SAUR,Three-finger toxin 3c,Philothamnus irregularis,1899461,3,Clustered_Three-Finger_Toxins(3FTX),val
1400,tr,U3FVH8,U3FVH8_MICFL,Three-finger toxin 4a,Micrurus fulvius,8637,2,Clustered_Three-Finger_Toxins(3FTX),train
1401,tr,A0A194APF0,A0A194APF0_9SAUR,Three-finger toxin 7a,Micrurus tener,1114301,4,Clustered_Three-Finger_Toxins(3FTX),train
1402,tr,U3EPL9,U3EPL9_MICFL,Three-finger toxin 2a,Micrurus fulvius,8637,2,Clustered_Three-Finger_Toxins(3FTX),train
1403,tr,U3FYQ5,U3FYQ5_MICFL,Three-finger toxin 13,Micrurus fulvius,8637,2,Clustered_Three-Finger_Toxins(3FTX),train
1404,tr,A0A194ARE8,A0A194ARE8_9SAUR,Three-finger toxin 13a,Micrurus tener,1114301,4,Clustered_Three-Finger_Toxins(3FTX),train
1405,tr,U3FVH6,U3FVH6_MICFL,Three-finger toxin 2,Micrurus fulvius,8637,2,Clustered_Three-Finger_Toxins(3FTX),train
1406,tr,U3FYQ9,U3FYQ9_MICFL,Three-finger toxin 12,Micrurus fulvius,8637,2,Clustered_Three-Finger_Toxins(3FTX),train
1407,tr,U3F5E9,U3F5E9_MICFL,Three-finger toxin 13,Micrurus fulvius,8637,2,Clustered_Three-Finger_Toxins(3FTX),train
1408,tr,A0A193CHL5,A0A193CHL5_9SAUR,Three finger toxin 2,Ahaetulla prasina,499056,2,Clustered_Three-Finger_Toxins(3FTX),train
1409,tr,U3EPK7,U3EPK7_MICFL,Three-finger toxin 10a,Micrurus fulvius,8637,2,Clustered_Three-Finger_Toxins(3FTX),train
1410,tr,A0A481MQL7,A0A481MQL7_BOIDE,Three-Finger Toxin 00,Boiga dendrophila,46286,4,Clustered_Three-Finger_Toxins(3FTX),train
1411,tr,A0A898IJN7,A0A898IJN7_CALBG,Three-finger toxin,Calliophis bivirgatus,8633,2,Clustered_Three-Finger_Toxins(3FTX),test
1412,tr,A0A898IN70,A0A898IN70_CALBG,Three-finger toxin,Calliophis bivirgatus,8633,2,Clustered_Three-Finger_Toxins(3FTX),val
1413,tr,A0A898INK0,A0A898INK0_CALBG,Three-finger toxin,Calliophis bivirgatus,8633,2,Clustered_Three-Finger_Toxins(3FTX),test
1414,tr,A0A898IMW8,A0A898IMW8_CALBG,Three-finger toxin,Calliophis bivirgatus,8633,2,Clustered_Three-Finger_Toxins(3FTX),val
1415,tr,A0A898IMX4,A0A898IMX4_CALBG,Three-finger toxin,Calliophis bivirgatus,8633,2,Clustered_Three-Finger_Toxins(3FTX),test
1416,tr,U3T794,U3T794_PROFL,Three-finger toxin,Protobothrops flavoviridis,88087,2,Clustered_Three-Finger_Toxins(3FTX),train
1417,tr,A0A898IPP4,A0A898IPP4_CALBG,Three-finger toxin,Calliophis bivirgatus,8633,2,Clustered_Three-Finger_Toxins(3FTX),train
1418,tr,A0A098LYI5,A0A098LYI5_PANGU,Three finger toxin,Pantherophis guttatus,94885,2,Clustered_Three-Finger_Toxins(3FTX),train
1419,tr,A0A098LY67,A0A098LY67_PYTRG,Three finger toxin,Python regius,51751,2,Clustered_Three-Finger_Toxins(3FTX),train
1420,tr,A0A098LY55,A0A098LY55_PYTRG,Three finger toxin,Python regius,51751,2,Clustered_Three-Finger_Toxins(3FTX),train
1421,tr,A0A898IKP8,A0A898IKP8_CALBG,Three-finger toxin,Calliophis bivirgatus,8633,2,Clustered_Three-Finger_Toxins(3FTX),test
1422,tr,A0A898IN64,A0A898IN64_CALBG,Three-finger toxin,Calliophis bivirgatus,8633,2,Clustered_Three-Finger_Toxins(3FTX),train
1423,tr,A0A898INL5,A0A898INL5_CALBG,Three-finger toxin,Calliophis bivirgatus,8633,2,Clustered_Three-Finger_Toxins(3FTX),train
1424,tr,A0A898ILL6,A0A898ILL6_CALBG,Three-finger toxin,Calliophis bivirgatus,8633,2,Clustered_Three-Finger_Toxins(3FTX),train
1425,tr,A0A898IN41,A0A898IN41_CALBG,Three-finger toxin,Calliophis bivirgatus,8633,2,Clustered_Three-Finger_Toxins(3FTX),train
1426,tr,A0A898IPP1,A0A898IPP1_CALBG,Three-finger toxin,Calliophis bivirgatus,8633,2,Clustered_Three-Finger_Toxins(3FTX),val
1427,tr,A0A898ILD4,A0A898ILD4_CALBG,Three-finger toxin,Calliophis bivirgatus,8633,2,Clustered_Three-Finger_Toxins(3FTX),train
1428,tr,A0A898IKR2,A0A898IKR2_CALBG,Three-finger toxin,Calliophis bivirgatus,8633,2,Clustered_Three-Finger_Toxins(3FTX),val
1429,tr,A0A898IPK7,A0A898IPK7_CALBG,Three-finger toxin,Calliophis bivirgatus,8633,2,Clustered_Three-Finger_Toxins(3FTX),train
1430,tr,A0A898IL68,A0A898IL68_CALBG,Three-finger toxin,Calliophis bivirgatus,8633,2,Clustered_Three-Finger_Toxins(3FTX),train
1431,tr,A0A898ILP2,A0A898ILP2_CALBG,Three-finger toxin,Calliophis bivirgatus,8633,2,Clustered_Three-Finger_Toxins(3FTX),train
1432,tr,A0A898IPK1,A0A898IPK1_CALBG,Three-finger toxin,Calliophis bivirgatus,8633,2,Clustered_Three-Finger_Toxins(3FTX),test
1433,tr,U3FYQ6,U3FYQ6_MICFL,Three-finger toxin 4,Micrurus fulvius,8637,2,Clustered_Three-Finger_Toxins(3FTX),train
1434,tr,A0A194ARB6,A0A194ARB6_9SAUR,Three-finger toxin 6,Micrurus tener,1114301,4,Clustered_Three-Finger_Toxins(3FTX),train
1435,tr,F5CPE1,F5CPE1_MICAT,Putative three finger toxin,Micrurus altirostris,129457,2,Clustered_Three-Finger_Toxins(3FTX),train
1436,tr,F5CPD2,F5CPD2_MICAT,Putative three finger toxin,Micrurus altirostris,129457,2,Clustered_Three-Finger_Toxins(3FTX),train
1437,tr,A0A098LY61,A0A098LY61_PYTRG,Three finger toxin,Python regius,51751,2,Clustered_Three-Finger_Toxins(3FTX),train
1438,tr,A0A898IK11,A0A898IK11_CALBG,Three-finger toxin,Calliophis bivirgatus,8633,2,Clustered_Three-Finger_Toxins(3FTX),train
1439,tr,A0A898IN56,A0A898IN56_CALBG,Three-finger toxin,Calliophis bivirgatus,8633,2,Clustered_Three-Finger_Toxins(3FTX),train
1440,tr,A0A898INM0,A0A898INM0_CALBG,Three-finger toxin,Calliophis bivirgatus,8633,2,Clustered_Three-Finger_Toxins(3FTX),train
1441,tr,A0A898IPF7,A0A898IPF7_CALBG,Three-finger toxin,Calliophis bivirgatus,8633,2,Clustered_Three-Finger_Toxins(3FTX),train
1442,tr,A0A898IN96,A0A898IN96_CALBG,Three-finger toxin,Calliophis bivirgatus,8633,2,Clustered_Three-Finger_Toxins(3FTX),train
1443,tr,A0A898IPM2,A0A898IPM2_CALBG,Three-finger toxin,Calliophis bivirgatus,8633,2,Clustered_Three-Finger_Toxins(3FTX),train
1444,tr,A0A098M253,A0A098M253_9SAUR,Three-finger toxin,Hypsiglena sp. JMG-2014,1550645,4,Clustered_Three-Finger_Toxins(3FTX),test
1445,tr,A0A898IN21,A0A898IN21_CALBG,Three-finger toxin,Calliophis bivirgatus,8633,2,Clustered_Three-Finger_Toxins(3FTX),train
1446,tr,A0A193CHL3,A0A193CHL3_9SAUR,Three finger toxin 1,Ahaetulla prasina,499056,2,Clustered_Three-Finger_Toxins(3FTX),train
1447,tr,A5X2W9,A5X2W9_SISCA,Three finger toxin 4A,Sistrurus catenatus edwardsii,8762,2,Clustered_Three-Finger_Toxins(3FTX),train
1448,tr,A0A098LWQ5,A0A098LWQ5_PYTRG,Three finger toxin,Python regius,51751,2,Clustered_Three-Finger_Toxins(3FTX),val
1449,tr,A0A898IK81,A0A898IK81_CALBG,Three-finger toxin,Calliophis bivirgatus,8633,2,Clustered_Three-Finger_Toxins(3FTX),train
1450,tr,A0A898IKH0,A0A898IKH0_CALBG,Three-finger toxin,Calliophis bivirgatus,8633,2,Clustered_Three-Finger_Toxins(3FTX),train
1451,tr,A0A898INM6,A0A898INM6_CALBG,Three-finger toxin,Calliophis bivirgatus,8633,2,Clustered_Three-Finger_Toxins(3FTX),train
1452,tr,A0A898IKB4,A0A898IKB4_CALBG,Three-finger toxin,Calliophis bivirgatus,8633,2,Clustered_Three-Finger_Toxins(3FTX),train
1453,tr,A0A898INB4,A0A898INB4_CALBG,Three-finger toxin,Calliophis bivirgatus,8633,2,Clustered_Three-Finger_Toxins(3FTX),train
1454,tr,A0A898IN63,A0A898IN63_CALBG,Three-finger toxin,Calliophis bivirgatus,8633,2,Clustered_Three-Finger_Toxins(3FTX),val
1455,tr,A0A898ILU1,A0A898ILU1_CALBG,Three-finger toxin,Calliophis bivirgatus,8633,2,Clustered_Three-Finger_Toxins(3FTX),train
1456,tr,A0A898IKW1,A0A898IKW1_CALBG,Three-finger toxin,Calliophis bivirgatus,8633,2,Clustered_Three-Finger_Toxins(3FTX),train
1457,tr,A0A898IL83,A0A898IL83_CALBG,Three-finger toxin,Calliophis bivirgatus,8633,2,Clustered_Three-Finger_Toxins(3FTX),train
1458,tr,A0A898IMZ3,A0A898IMZ3_CALBG,Three-finger toxin,Calliophis bivirgatus,8633,2,Clustered_Three-Finger_Toxins(3FTX),train
1459,tr,A0A0B8RSZ2,A0A0B8RSZ2_9SAUR,Three-finger toxin 10i,Philothamnus irregularis,1899461,4,Clustered_Three-Finger_Toxins(3FTX),train
1460,tr,A0A346CIA8,A0A346CIA8_SPISL,Three-finger toxin 16 (Fragment),Spilotes sulphureus,1899469,2,Clustered_Three-Finger_Toxins(3FTX),train
1461,tr,A0A346CM25,A0A346CM25_9SAUR,Three-finger toxin 2 (Fragment),Ahaetulla prasina,499056,2,Clustered_Three-Finger_Toxins(3FTX),train
1462,tr,A0A346CM08,A0A346CM08_9SAUR,Three-finger toxin 9 (Fragment),Ahaetulla prasina,499056,2,Clustered_Three-Finger_Toxins(3FTX),test
1463,tr,A0A6G1S2M3,A0A6G1S2M3_9SAUR,Three-Finger Toxin 01,Boiga nigriceps,1867089,3,Clustered_Three-Finger_Toxins(3FTX),train
1464,tr,Q27J50,Q27J50_LACMT,Three finger toxin-like,Lachesis muta,8752,2,Clustered_Three-Finger_Toxins(3FTX),train
1465,tr,A0A481MQL5,A0A481MQL5_BOIDE,Three-Finger Toxin 10,Boiga dendrophila,46286,3,Clustered_Three-Finger_Toxins(3FTX),train
1466,tr,S6CB76,S6CB76_PSERS,Three-finger toxin,Pseudechis rossignolii,1489342,2,Clustered_Three-Finger_Toxins(3FTX),train
1467,tr,A0A346CI88,A0A346CI88_SPISL,Three-finger toxin 15 (Fragment),Spilotes sulphureus,1899469,2,Clustered_Three-Finger_Toxins(3FTX),train
1468,tr,A0A346CI89,A0A346CI89_SPISL,Three-finger toxin 13 (Fragment),Spilotes sulphureus,1899469,2,Clustered_Three-Finger_Toxins(3FTX),val
1469,tr,A0A194ARJ0,A0A194ARJ0_9SAUR,Three-finger toxin 19,Micrurus tener,1114301,4,Clustered_Three-Finger_Toxins(3FTX),train
1470,tr,A0A0B8RVA6,A0A0B8RVA6_9SAUR,Three-finger toxin 5,Philothamnus irregularis,1899461,4,Clustered_Three-Finger_Toxins(3FTX),train
1471,tr,A0A194ASE3,A0A194ASE3_9SAUR,Three-finger toxin 18,Micrurus tener,1114301,4,Clustered_Three-Finger_Toxins(3FTX),train
1472,tr,A0A194APG0,A0A194APG0_9SAUR,Three-finger toxin 2,Micrurus tener,1114301,4,Clustered_Three-Finger_Toxins(3FTX),val
1473,tr,A0A346CLY6,A0A346CLY6_9SAUR,Three-finger toxin 8 (Fragment),Ahaetulla prasina,499056,2,Clustered_Three-Finger_Toxins(3FTX),train
1474,tr,A0A481MQM5,A0A481MQM5_9SAUR,Three-finger toxin 00,Boiga cynodon,39278,4,Clustered_Three-Finger_Toxins(3FTX),train
1475,tr,A0A481MQK0,A0A481MQK0_BOIDE,Three-Finger Toxin 05,Boiga dendrophila,46286,4,Clustered_Three-Finger_Toxins(3FTX),train
1476,tr,A0A481MQJ6,A0A481MQJ6_BOIDE,Three-Finger Toxin 08,Boiga dendrophila,46286,4,Clustered_Three-Finger_Toxins(3FTX),train
1477,tr,A5X2W6,A5X2W6_SISCA,Three finger toxin 1,Sistrurus catenatus edwardsii,8762,2,Clustered_Three-Finger_Toxins(3FTX),train
1478,tr,A0A0H4BJD1,A0A0H4BJD1_MICLL,Three-finger toxin L.F,Micrurus laticollaris,1240351,2,Clustered_Three-Finger_Toxins(3FTX),train
1479,tr,A0A0H4BLZ2,A0A0H4BLZ2_9SAUR,Three-finger toxin D.L,Micrurus diastema,39023,2,Clustered_Three-Finger_Toxins(3FTX),train
1480,tr,D5J9P5,D5J9P5_9SAUR,Non-conventional three finger toxin isoform 1,Bungarus flaviceps,8614,2,Clustered_Three-Finger_Toxins(3FTX),train
1481,tr,E2IU15,E2IU15_BUNMU,Three-finger toxin,Bungarus multicinctus,8616,4,Clustered_Three-Finger_Toxins(3FTX),train
1482,tr,A0A0H4BFQ5,A0A0H4BFQ5_9SAUR,Three-finger toxin D.Q,Micrurus diastema,39023,2,Clustered_Three-Finger_Toxins(3FTX),val
1483,tr,A0AA50S1V1,A0AA50S1V1_OXYAE,Three finger toxin (Fragment),Oxybelis aeneus,121354,2,Clustered_Three-Finger_Toxins(3FTX),train
1484,tr,A0AA50S1U2,A0AA50S1U2_9SAUR,Three finger toxin (Fragment),Rhinobothryum bovallii,2478844,2,Clustered_Three-Finger_Toxins(3FTX),val
1485,tr,A0AA50NYJ2,A0AA50NYJ2_9SAUR,Three finger toxin (Fragment),Chironius multiventris,876614,2,Clustered_Three-Finger_Toxins(3FTX),train
1486,tr,A0A2Z4N9V0,A0A2Z4N9V0_9SAUR,Three-finger toxin (Fragment),Philothamnus irregularis,1899461,2,Clustered_Three-Finger_Toxins(3FTX),train
1487,tr,A0A2Z4N9W2,A0A2Z4N9W2_9SAUR,Three-finger toxin (Fragment),Philothamnus irregularis,1899461,2,Clustered_Three-Finger_Toxins(3FTX),train
1488,tr,A0A2Z4N9Z1,A0A2Z4N9Z1_9SAUR,Three-finger toxin (Fragment),Philothamnus irregularis,1899461,2,Clustered_Three-Finger_Toxins(3FTX),train
1489,tr,E2IU01,E2IU01_NAJAT,Three-finger toxin (Fragment),Naja atra,8656,4,Clustered_Three-Finger_Toxins(3FTX),train
1490,tr,E2ITZ9,E2ITZ9_NAJAT,Three-finger toxin (Fragment),Naja atra,8656,4,Clustered_Three-Finger_Toxins(3FTX),train
1491,tr,E2ITZ2,E2ITZ2_NAJAT,Three-finger toxin,Naja atra,8656,4,Clustered_Three-Finger_Toxins(3FTX),train
1492,tr,E2ITZ6,E2ITZ6_NAJAT,Three-finger toxin,Naja atra,8656,4,Clustered_Three-Finger_Toxins(3FTX),train
1493,tr,E2IU04,E2IU04_NAJAT,Three-finger toxin (Fragment),Naja atra,8656,4,Clustered_Three-Finger_Toxins(3FTX),train
1494,tr,A0A2Z4NA19,A0A2Z4NA19_9SAUR,Three-finger toxin (Fragment),Philothamnus irregularis,1899461,2,Clustered_Three-Finger_Toxins(3FTX),train
1495,tr,E2ITZ7,E2ITZ7_NAJAT,Three-finger toxin,Naja atra,8656,4,Clustered_Three-Finger_Toxins(3FTX),train
1496,tr,A0AA50NXL8,A0AA50NXL8_OXYAE,Three finger toxin (Fragment),Oxybelis aeneus,121354,2,Clustered_Three-Finger_Toxins(3FTX),train
1497,tr,A0AA50RTI9,A0AA50RTI9_9SAUR,Three finger toxin (Fragment),Chironius multiventris,876614,2,Clustered_Three-Finger_Toxins(3FTX),train
1498,tr,A0AA50RSC4,A0AA50RSC4_9SAUR,Three finger toxin (Fragment),Chironius multiventris,876614,2,Clustered_Three-Finger_Toxins(3FTX),val
1499,tr,A0AA50NZJ7,A0AA50NZJ7_SPISL,Three finger toxin (Fragment),Spilotes sulphureus,1899469,2,Clustered_Three-Finger_Toxins(3FTX),train
1500,tr,A0AA50NXU0,A0AA50NXU0_OXYAE,Three finger toxin (Fragment),Oxybelis aeneus,121354,2,Clustered_Three-Finger_Toxins(3FTX),train
1501,tr,A0AA50NYC5,A0AA50NYC5_OXYAE,Three finger toxin (Fragment),Oxybelis aeneus,121354,2,Clustered_Three-Finger_Toxins(3FTX),train
1502,tr,A0AA50P0P5,A0AA50P0P5_OXYAE,Three finger toxin (Fragment),Oxybelis aeneus,121354,2,Clustered_Three-Finger_Toxins(3FTX),train
1503,tr,D5J9P3,D5J9P3_9SAUR,Short-chain three finger toxin isoform 6,Bungarus flaviceps,8614,2,Clustered_Three-Finger_Toxins(3FTX),train
1504,tr,D5J9N8,D5J9N8_9SAUR,Short-chain three finger toxin isoform 1,Bungarus flaviceps,8614,2,Clustered_Three-Finger_Toxins(3FTX),train
1505,tr,D5J9P2,D5J9P2_9SAUR,Short-chain three finger toxin isoform 5,Bungarus flaviceps,8614,2,Clustered_Three-Finger_Toxins(3FTX),test
1506,tr,D5J9P4,D5J9P4_9SAUR,Short-chain three finger toxin isoform 7,Bungarus flaviceps,8614,2,Clustered_Three-Finger_Toxins(3FTX),train
1507,tr,E2IU19,E2IU19_BUNMU,Three-finger toxin (Fragment),Bungarus multicinctus,8616,4,Clustered_Three-Finger_Toxins(3FTX),test
1508,tr,E2IU10,E2IU10_BUNMU,Three-finger toxin (Fragment),Bungarus multicinctus,8616,4,Clustered_Three-Finger_Toxins(3FTX),train
1509,tr,A0A2Z4N9S7,A0A2Z4N9S7_9SAUR,Three-finger toxin (Fragment),Philothamnus irregularis,1899461,2,Clustered_Three-Finger_Toxins(3FTX),train
1510,tr,A0A2Z4N9Y7,A0A2Z4N9Y7_9SAUR,Three-finger toxin (Fragment),Philothamnus irregularis,1899461,2,Clustered_Three-Finger_Toxins(3FTX),train
1511,tr,E2IU08,E2IU08_BUNMU,Three-finger toxin (Fragment),Bungarus multicinctus,8616,4,Clustered_Three-Finger_Toxins(3FTX),train
1512,tr,A0A6P9C806,A0A6P9C806_PANGU,Toxin 3FTx-Dis4-like,Pantherophis guttatus,94885,4,Clustered_Three-Finger_Toxins(3FTX),train
1513,tr,D2N121,D2N121_BUNMU,Alpha-bungarotoxin (A31) (Fragment),Bungarus multicinctus,8616,4,Clustered_Three-Finger_Toxins(3FTX),train
1514,tr,R4G7H1,R4G7H1_9SAUR,3FTx-Ech-35,Echiopsis curta,529692,2,Clustered_Three-Finger_Toxins(3FTX),train
1515,tr,R4G7I7,R4G7I7_9SAUR,3FTx-Hem-2,Hemiaspis signata,355698,2,Clustered_Three-Finger_Toxins(3FTX),train
1516,tr,R4G7H8,R4G7H8_9SAUR,3FTx-Fur-10,Furina ornata,529697,2,Clustered_Three-Finger_Toxins(3FTX),train
1517,tr,R4G2F2,R4G2F2_9SAUR,3FTx-Cac-16,Cacophis squamulosus,505434,2,Clustered_Three-Finger_Toxins(3FTX),train
1518,tr,R4FIB4,R4FIB4_9SAUR,3FTx-Cac-236,Cacophis squamulosus,505434,2,Clustered_Three-Finger_Toxins(3FTX),test
1519,tr,A0A098LWU4,A0A098LWU4_9SAUR,3Ftx,Opheodrys aestivus,186591,2,Clustered_Three-Finger_Toxins(3FTX),train
1520,tr,R4G7K6,R4G7K6_9SAUR,3FTx-Pse-239,Pseudonaja modesta,340912,2,Clustered_Three-Finger_Toxins(3FTX),train
1521,tr,A7X3T6,A7X3T6_THRJA,3FTx-Thr1,Thrasops jacksonii,186611,2,Clustered_Three-Finger_Toxins(3FTX),val
1522,tr,A7X3U0,A7X3U0_DISTY,3FTx-Dis3,Dispholidus typus,46295,2,Clustered_Three-Finger_Toxins(3FTX),train
1523,tr,A7X3S5,A7X3S5_TELDH,3FTx-Tel2,Telescopus dhara,338837,2,Clustered_Three-Finger_Toxins(3FTX),train
1524,tr,A7X3U7,A7X3U7_THRJA,3FTx-Thr3,Thrasops jacksonii,186611,2,Clustered_Three-Finger_Toxins(3FTX),train
1525,tr,R4FIY3,R4FIY3_9SAUR,3FTx-Sut-134,Suta fasciata,529716,2,Clustered_Three-Finger_Toxins(3FTX),train
1526,tr,R4G2H7,R4G2H7_9SAUR,3FTx-Hem-14,Hemiaspis signata,355698,2,Clustered_Three-Finger_Toxins(3FTX),train
1527,tr,R4G2F6,R4G2F6_DENDV,3FTx-Den-5,Denisonia devisi,529689,2,Clustered_Three-Finger_Toxins(3FTX),train
1528,tr,R4FIC0,R4FIC0_9SAUR,3FTx-Cac-81,Cacophis squamulosus,505434,2,Clustered_Three-Finger_Toxins(3FTX),train
1529,tr,R4FIT5,R4FIT5_9SAUR,3FTx-Pse-89,Pseudonaja modesta,340912,2,Clustered_Three-Finger_Toxins(3FTX),train
1530,tr,R4G2D8,R4G2D8_9SAUR,3FTx-Aca-57,Acanthophis wellsi,239747,2,Clustered_Three-Finger_Toxins(3FTX),train
1531,tr,R4G2G2,R4G2G2_9SAUR,3FTx-Ech-25,Echiopsis curta,529692,2,Clustered_Three-Finger_Toxins(3FTX),train
1532,tr,R4G2W0,R4G2W0_9SAUR,3FTx-Fur-46,Furina ornata,529697,2,Clustered_Three-Finger_Toxins(3FTX),train
1533,tr,R4FJH6,R4FJH6_9SAUR,3FTx-Bra-3,Brachyurophis roperi,1295043,2,Clustered_Three-Finger_Toxins(3FTX),train
1534,tr,R4FK68,R4FK68_9SAUR,3FTx-Pse-105,Pseudonaja modesta,340912,2,Clustered_Three-Finger_Toxins(3FTX),train
1535,tr,R4G2D7,R4G2D7_9SAUR,3FTx-Aca-112,Acanthophis wellsi,239747,2,Clustered_Three-Finger_Toxins(3FTX),train
1536,tr,R4G2E4,R4G2E4_9SAUR,3FTx-Bra-17,Brachyurophis roperi,1295043,2,Clustered_Three-Finger_Toxins(3FTX),train
1537,tr,R4G2L7,R4G2L7_9SAUR,3FTx-Ver-7,Vermicella annulata,1295044,2,Clustered_Three-Finger_Toxins(3FTX),train
1538,tr,R4G2P2,R4G2P2_9SAUR,3FTx-Aca-108,Acanthophis wellsi,239747,2,Clustered_Three-Finger_Toxins(3FTX),train
1539,tr,R4G2Q5,R4G2Q5_9SAUR,3FTx-Bra-28,Brachyurophis roperi,1295043,2,Clustered_Three-Finger_Toxins(3FTX),test
1540,tr,R4G7F4,R4G7F4_9SAUR,3FTx-Bra-9,Brachyurophis roperi,1295043,2,Clustered_Three-Finger_Toxins(3FTX),val
1541,tr,R4G7K4,R4G7K4_9SAUR,3FTx-Pse-39,Pseudonaja modesta,340912,2,Clustered_Three-Finger_Toxins(3FTX),test
1542,tr,R4G2E3,R4G2E3_9SAUR,3FTx-Bra-30,Brachyurophis roperi,1295043,2,Clustered_Three-Finger_Toxins(3FTX),test
1543,tr,R4G2Q9,R4G2Q9_9SAUR,3FTx-Bra-6,Brachyurophis roperi,1295043,2,Clustered_Three-Finger_Toxins(3FTX),test
1544,tr,R4FIQ0,R4FIQ0_9SAUR,3FTx-Hop-7,Hoplocephalus bungaroides,83403,2,Clustered_Three-Finger_Toxins(3FTX),train
1545,tr,R4FJX3,R4FJX3_9SAUR,3FTx-Hem-11,Hemiaspis signata,355698,2,Clustered_Three-Finger_Toxins(3FTX),train
1546,tr,R4FK75,R4FK75_9SAUR,3FTx-Pse-110,Pseudonaja modesta,340912,2,Clustered_Three-Finger_Toxins(3FTX),train
1547,tr,R4G2J4,R4G2J4_9SAUR,3FTx-Pse-116,Pseudonaja modesta,340912,2,Clustered_Three-Finger_Toxins(3FTX),train
1548,tr,R4FKG3,R4FKG3_9SAUR,3FTx-Ver-5,Vermicella annulata,1295044,2,Clustered_Three-Finger_Toxins(3FTX),train
1549,tr,R4G352,R4G352_9SAUR,3FTx-Ver-10,Vermicella annulata,1295044,2,Clustered_Three-Finger_Toxins(3FTX),val
1550,tr,A7X3Q4,A7X3Q4_DISTY,3FTx-Dis1,Dispholidus typus,46295,2,Clustered_Three-Finger_Toxins(3FTX),train
1551,tr,A7X3Q9,A7X3Q9_TRIBI,3FTx-Tri1,Trimorphodon biscutatus,338818,2,Clustered_Three-Finger_Toxins(3FTX),train
1552,tr,R4FJS0,R4FJS0_9SAUR,3FTx-Fur-61,Furina ornata,529697,2,Clustered_Three-Finger_Toxins(3FTX),train
1553,tr,R4G2J6,R4G2J6_9SAUR,3FTx-Pse-287,Pseudonaja modesta,340912,2,Clustered_Three-Finger_Toxins(3FTX),val
1554,tr,A7X3U4,A7X3U4_THRJA,3FTx-Thr2,Thrasops jacksonii,186611,2,Clustered_Three-Finger_Toxins(3FTX),train
1555,tr,A0A182C5Y1,A0A182C5Y1_9SAUR,Three finger toxins,Phalotris mertensi,1260334,4,Clustered_Three-Finger_Toxins(3FTX),train
1556,tr,R4FJR7,R4FJR7_9SAUR,3FTx-Fur-74,Furina ornata,529697,2,Clustered_Three-Finger_Toxins(3FTX),val
1557,tr,R4G2J9,R4G2J9_9SAUR,3FTx-Pse-263,Pseudonaja modesta,340912,2,Clustered_Three-Finger_Toxins(3FTX),test
1558,tr,R4G354,R4G354_9SAUR,3FTx-Ver-124,Vermicella annulata,1295044,2,Clustered_Three-Finger_Toxins(3FTX),test
1559,tr,R4G7H5,R4G7H5_9SAUR,3FTx-Fur-64,Furina ornata,529697,2,Clustered_Three-Finger_Toxins(3FTX),train
1560,tr,R4G2M0,R4G2M0_9SAUR,3FTx-Ver-128,Vermicella annulata,1295044,2,Clustered_Three-Finger_Toxins(3FTX),test
1561,tr,A7X3P8,A7X3P8_ERYPO,3FTx-Lio3,Erythrolamprus poecilogyrus,338838,2,Clustered_Three-Finger_Toxins(3FTX),train
1562,tr,R4FJK0,R4FJK0_9SAUR,3FTx-Cac-220,Cacophis squamulosus,505434,2,Clustered_Three-Finger_Toxins(3FTX),train
1563,tr,R4G7K5,R4G7K5_9SAUR,3FTx-Pse-197,Pseudonaja modesta,340912,2,Clustered_Three-Finger_Toxins(3FTX),train
1564,tr,R4G7L9,R4G7L9_9SAUR,3FTx-Ver-130,Vermicella annulata,1295044,2,Clustered_Three-Finger_Toxins(3FTX),test
1565,tr,R4FIZ8,R4FIZ8_9SAUR,3FTx-Ver-49,Vermicella annulata,1295044,2,Clustered_Three-Finger_Toxins(3FTX),train
1566,tr,A0A098LWV3,A0A098LWV3_9SAUR,3Ftx B,Opheodrys aestivus,186591,2,Clustered_Three-Finger_Toxins(3FTX),train
1567,tr,R4FKC0,R4FKC0_9SAUR,3FTx-Pse-273,Pseudonaja modesta,340912,2,Clustered_Three-Finger_Toxins(3FTX),train
1568,tr,R4G2K4,R4G2K4_9SAUR,3FTx-Pse-178,Pseudonaja modesta,340912,2,Clustered_Three-Finger_Toxins(3FTX),test
1569,tr,A0A182C5S7,A0A182C5S7_9SAUR,Three finger toxins,Phalotris mertensi,1260334,4,Clustered_Three-Finger_Toxins(3FTX),train
1570,tr,A7X3L3,A7X3L3_PSEPL,3FTx-Enh1,Pseudoferania polylepis,338839,2,Clustered_Three-Finger_Toxins(3FTX),train
1571,tr,M9SZR1,M9SZR1_CYLRU,3FTx-Cyl-1,Cylindrophis ruffus,186578,2,Clustered_Three-Finger_Toxins(3FTX),train
1572,tr,A7X3P2,A7X3P2_ERYPO,3FTx-Lio2,Erythrolamprus poecilogyrus,338838,2,Clustered_Three-Finger_Toxins(3FTX),train
1573,tr,R4G7F3,R4G7F3_9SAUR,3FTx-Bra-25,Brachyurophis roperi,1295043,2,Clustered_Three-Finger_Toxins(3FTX),train
1574,tr,M9T271,M9T271_ASPME,3FTx-Asp-2,Aspidites melanocephalus,51883,2,Clustered_Three-Finger_Toxins(3FTX),train
1575,tr,M9SZV9,M9SZV9_CYLRU,3FTx-Cyl-2,Cylindrophis ruffus,186578,2,Clustered_Three-Finger_Toxins(3FTX),train
1576,tr,M9T2J4,M9T2J4_AZEFE,3FTx-Aze-1,Azemiops feae,8773,2,Clustered_Three-Finger_Toxins(3FTX),val
1577,tr,A0A6P9CDN4,A0A6P9CDN4_PANGU,Neurotoxin 3FTx-LT-like,Pantherophis guttatus,94885,4,Clustered_Three-Finger_Toxins(3FTX),train
1578,sp,P83519,LECG_BOTJR,C-type lectin BJcuL,Bothrops jararacussu,8726,1,Clustered_C-Type_Lectins_or_Lectin-Like_Proteins,train
1579,sp,Q9YGP1,LECG_TRIST,C-type lectin TsL,Trimeresurus stejnegeri,39682,1,Clustered_C-Type_Lectins_or_Lectin-Like_Proteins,train
1580,sp,Q4PRD1,SLLC1_DABSI,Snaclec coagulation factor X-activating enzyme light chain 1,Daboia siamensis,343250,1,Clustered_C-Type_Lectins_or_Lectin-Like_Proteins,val
1581,sp,Q4PRD2,SLLC2_DABSI,Snaclec coagulation factor X-activating enzyme light chain 2,Daboia siamensis,343250,1,Clustered_C-Type_Lectins_or_Lectin-Like_Proteins,test
1582,sp,D2YVK1,LECG_HOPST,C-type lectin galactose-binding isoform,Hoplocephalus stephensii,196418,2,Clustered_C-Type_Lectins_or_Lectin-Like_Proteins,train
1583,sp,Q6X5T3,SL5_BITAR,Snaclec 5,Bitis arietans,8692,1,Clustered_C-Type_Lectins_or_Lectin-Like_Proteins,train
1584,sp,D8VNS6,LECM_CERRY,C-type lectin,Cerberus rynchops,46267,1,Clustered_C-Type_Lectins_or_Lectin-Like_Proteins,train
1585,sp,C6JUN9,LEC1_MICCO,C-type lectin,Micrurus corallinus,54390,1,Clustered_C-Type_Lectins_or_Lectin-Like_Proteins,train
1586,sp,D2YVH7,LECM_OXYSU,C-type lectin mannose-binding isoform,Oxyuranus scutellatus,8668,1,Clustered_C-Type_Lectins_or_Lectin-Like_Proteins,test
1587,sp,Q38L02,SLA_DABSI,Snaclec dabocetin subunit alpha,Daboia siamensis,343250,1,Clustered_C-Type_Lectins_or_Lectin-Like_Proteins,test
1588,sp,I7ICN3,SLRB_BITRH,Snaclec rhinocetin subunit beta,Bitis rhinoceros,715877,1,Clustered_C-Type_Lectins_or_Lectin-Like_Proteins,test
1589,sp,I7JUQ0,SLRA_BITRH,Snaclec rhinocetin subunit alpha,Bitis rhinoceros,715877,1,Clustered_C-Type_Lectins_or_Lectin-Like_Proteins,train
1590,sp,Q6T7B7,LEC1_BITGA,C-type lectin 1,Bitis gabonica,8694,2,Clustered_C-Type_Lectins_or_Lectin-Like_Proteins,train
1591,sp,Q90WI6,LECG1_BUNMU,C-type lectin BML-1,Bungarus multicinctus,8616,2,Clustered_C-Type_Lectins_or_Lectin-Like_Proteins,train
1592,sp,Q09GK0,SLB_PHIOL,Snaclec subunit B,Philodryas olfersii,120305,2,Clustered_C-Type_Lectins_or_Lectin-Like_Proteins,train
1593,sp,B5U6Y6,SL124_ECHOC,Snaclec CTL-Eoc124,Echis ocellatus,99586,2,Clustered_C-Type_Lectins_or_Lectin-Like_Proteins,train
1594,sp,B5U6Y7,SL125_ECHOC,Snaclec CTL-Eoc125,Echis ocellatus,99586,2,Clustered_C-Type_Lectins_or_Lectin-Like_Proteins,test
1595,sp,A7X3W1,LECM1_PSEPL,C-type lectin lectoxin-Enh1,Pseudoferania polylepis,338839,2,Clustered_C-Type_Lectins_or_Lectin-Like_Proteins,test
1596,sp,Q6T7B6,SL2_BITGA,Snaclec 2,Bitis gabonica,8694,1,Clustered_C-Type_Lectins_or_Lectin-Like_Proteins,train
1597,sp,Q6X5S9,SL1_ECHCS,Snaclec 1,Echis carinatus sochureki,124223,2,Clustered_C-Type_Lectins_or_Lectin-Like_Proteins,val
1598,sp,Q6X5S4,SL9_ECHCS,Snaclec 9,Echis carinatus sochureki,124223,2,Clustered_C-Type_Lectins_or_Lectin-Like_Proteins,train
1599,sp,A3FM55,LECM1_HYDHA,C-type lectin 1,Hydrophis hardwickii,8781,2,Clustered_C-Type_Lectins_or_Lectin-Like_Proteins,train
1600,sp,Q4PRC6,SL7_DABSI,Snaclec 7,Daboia siamensis,343250,2,Clustered_C-Type_Lectins_or_Lectin-Like_Proteins,train
1601,sp,Q4PRC8,SL5_DABSI,Snaclec 5,Daboia siamensis,343250,2,Clustered_C-Type_Lectins_or_Lectin-Like_Proteins,test
1602,sp,A7X3Z4,LECM1_ERYPO,C-type lectin lectoxin-Lio1,Erythrolamprus poecilogyrus,338838,2,Clustered_C-Type_Lectins_or_Lectin-Like_Proteins,train
1603,sp,J3RY43,SLD_CROAD,C-type lectin 13,Crotalus adamanteus,8729,1,Clustered_C-Type_Lectins_or_Lectin-Like_Proteins,val
1604,sp,J3S3U6,SLG_CROAD,C-type lectin 16,Crotalus adamanteus,8729,1,Clustered_C-Type_Lectins_or_Lectin-Like_Proteins,train
1605,sp,A7X409,LECM2_PHIOL,C-type lectin lectoxin-Phi2,Philodryas olfersii,120305,2,Clustered_C-Type_Lectins_or_Lectin-Like_Proteins,train
1606,sp,A7X401,LEC1_LEIMD,C-type lectin lectoxin-Lei1,Leioheterodon madagascariensis,46577,2,Clustered_C-Type_Lectins_or_Lectin-Like_Proteins,train
1607,sp,A7X413,LECM3_ERYPO,C-type lectin lectoxin-Lio3,Erythrolamprus poecilogyrus,338838,2,Clustered_C-Type_Lectins_or_Lectin-Like_Proteins,train
1608,sp,B4XSZ5,SLA5_MACLB,Snaclec A5,Macrovipera lebetinus,3148341,2,Clustered_C-Type_Lectins_or_Lectin-Like_Proteins,train
1609,sp,B4XT00,SLB1_MACLB,Snaclec B1,Macrovipera lebetinus,3148341,2,Clustered_C-Type_Lectins_or_Lectin-Like_Proteins,train
1610,sp,B4XT07,SLB8_MACLB,Snaclec B8 (Fragment),Macrovipera lebetinus,3148341,2,Clustered_C-Type_Lectins_or_Lectin-Like_Proteins,train
1611,sp,B4XT05,SLB6_MACLB,Snaclec B6 (Fragment),Macrovipera lebetinus,3148341,2,Clustered_C-Type_Lectins_or_Lectin-Like_Proteins,train
1612,sp,B4XSZ1,SLAG_MACLB,Snaclec A16,Macrovipera lebetinus,3148341,2,Clustered_C-Type_Lectins_or_Lectin-Like_Proteins,train
1613,sp,P86534,LEC2_DABRR,C-type lectin domain-containing protein 2 (Fragment),Daboia russelii,8707,1,Clustered_C-Type_Lectins_or_Lectin-Like_Proteins,train
1614,sp,Q6T7B5,SL3_BITGA,Snaclec 3,Bitis gabonica,8694,2,Clustered_C-Type_Lectins_or_Lectin-Like_Proteins,train
1615,sp,B0VXV1,SL2_SISCA,Snaclec 2,Sistrurus catenatus edwardsii,8762,2,Clustered_C-Type_Lectins_or_Lectin-Like_Proteins,train
1616,sp,B0VXV0,SL1_SISCA,Snaclec 1,Sistrurus catenatus edwardsii,8762,2,Clustered_C-Type_Lectins_or_Lectin-Like_Proteins,train
1617,sp,Q09GJ8,SLA_PHIOL,Snaclec subunit A,Philodryas olfersii,120305,2,Clustered_C-Type_Lectins_or_Lectin-Like_Proteins,train
1618,sp,Q8JIV8,SL_DEIAC,Snaclec clone 2100755,Deinagkistrodon acutus,36307,1,Clustered_C-Type_Lectins_or_Lectin-Like_Proteins,train
1619,tr,D2YVI4,D2YVI4_PSEAU,C-type lectin galactose-binding isoform,Pseudechis australis,8670,2,Clustered_C-Type_Lectins_or_Lectin-Like_Proteins,test
1620,tr,D2YVL9,D2YVL9_PSEPO,C-type lectin galactose-binding isoform,Pseudechis porphyriacus,8671,2,Clustered_C-Type_Lectins_or_Lectin-Like_Proteins,train
1621,tr,D2YVI8,D2YVI8_PSEAU,C-type lectin galactose-binding isoform,Pseudechis australis,8670,2,Clustered_C-Type_Lectins_or_Lectin-Like_Proteins,train
1622,tr,A0A6J1VUW4,A0A6J1VUW4_9SAUR,C-type lectin domain family 2 member D-like,Notechis scutatus,8663,3,Clustered_C-Type_Lectins_or_Lectin-Like_Proteins,train
1623,tr,A0A8C6VRF4,A0A8C6VRF4_NAJNA,C-type lectin domain-containing protein,Naja naja,35670,3,Clustered_C-Type_Lectins_or_Lectin-Like_Proteins,train
1624,tr,A0A2D4NJB2,A0A2D4NJB2_9SAUR,C-type lectin domain-containing protein,Micrurus spixii,129469,3,Clustered_C-Type_Lectins_or_Lectin-Like_Proteins,train
1625,tr,A0A2D4K484,A0A2D4K484_9SAUR,C-type lectin domain-containing protein (Fragment),Micrurus paraensis,1970185,3,Clustered_C-Type_Lectins_or_Lectin-Like_Proteins,train
1626,tr,A0A8C6VQC9,A0A8C6VQC9_NAJNA,C-type lectin domain-containing protein,Naja naja,35670,3,Clustered_C-Type_Lectins_or_Lectin-Like_Proteins,train
1627,tr,A0A8C5WXU7,A0A8C5WXU7_LATLA,C-type lectin domain-containing protein,Laticauda laticaudata,8630,3,Clustered_C-Type_Lectins_or_Lectin-Like_Proteins,train
1628,tr,A0A8C6X0J8,A0A8C6X0J8_NAJNA,C-type lectin domain-containing protein,Naja naja,35670,3,Clustered_C-Type_Lectins_or_Lectin-Like_Proteins,train
1629,tr,A0A8C5SUH3,A0A8C5SUH3_LATLA,C-type lectin domain-containing protein,Laticauda laticaudata,8630,3,Clustered_C-Type_Lectins_or_Lectin-Like_Proteins,train
1630,tr,A0A8C6V3Y2,A0A8C6V3Y2_NAJNA,C-type lectin domain-containing protein,Naja naja,35670,3,Clustered_C-Type_Lectins_or_Lectin-Like_Proteins,train
1631,tr,A0A8C6V5F9,A0A8C6V5F9_NAJNA,C-type lectin domain-containing protein,Naja naja,35670,3,Clustered_C-Type_Lectins_or_Lectin-Like_Proteins,train
1632,tr,A0A8C6VC08,A0A8C6VC08_NAJNA,C-type lectin domain-containing protein,Naja naja,35670,3,Clustered_C-Type_Lectins_or_Lectin-Like_Proteins,test
1633,tr,A0A2D4HM07,A0A2D4HM07_MICLE,C-type lectin domain-containing protein (Fragment),Micrurus lemniscatus lemniscatus,129467,3,Clustered_C-Type_Lectins_or_Lectin-Like_Proteins,test
1634,tr,A0A8C6V911,A0A8C6V911_NAJNA,C-type lectin domain-containing protein,Naja naja,35670,3,Clustered_C-Type_Lectins_or_Lectin-Like_Proteins,train
1635,tr,A0A8C6VN69,A0A8C6VN69_NAJNA,C-type lectin domain-containing protein,Naja naja,35670,3,Clustered_C-Type_Lectins_or_Lectin-Like_Proteins,train
1636,tr,A0A8C6XYE5,A0A8C6XYE5_NAJNA,C-type lectin domain-containing protein,Naja naja,35670,3,Clustered_C-Type_Lectins_or_Lectin-Like_Proteins,train
1637,tr,A0A8C5SD07,A0A8C5SD07_LATLA,C-type lectin domain-containing protein,Laticauda laticaudata,8630,3,Clustered_C-Type_Lectins_or_Lectin-Like_Proteins,train
1638,tr,A0A2H6MX90,A0A2H6MX90_9SAUR,C-type lectin domain-containing protein,Micrurus carvalhoi,3147026,3,Clustered_C-Type_Lectins_or_Lectin-Like_Proteins,train
1639,tr,A0A8C6VMP5,A0A8C6VMP5_NAJNA,C-type lectin domain-containing protein,Naja naja,35670,3,Clustered_C-Type_Lectins_or_Lectin-Like_Proteins,train
1640,tr,A0A8C5SKQ2,A0A8C5SKQ2_LATLA,C-type lectin domain-containing protein,Laticauda laticaudata,8630,3,Clustered_C-Type_Lectins_or_Lectin-Like_Proteins,val
1641,tr,A0A8C5S3S7,A0A8C5S3S7_LATLA,C-type lectin domain-containing protein,Laticauda laticaudata,8630,3,Clustered_C-Type_Lectins_or_Lectin-Like_Proteins,test
1642,tr,A0A8C5S517,A0A8C5S517_LATLA,C-type lectin domain-containing protein,Laticauda laticaudata,8630,3,Clustered_C-Type_Lectins_or_Lectin-Like_Proteins,train
1643,tr,A0A2D4NCM3,A0A2D4NCM3_9SAUR,C-type lectin domain-containing protein,Micrurus spixii,129469,3,Clustered_C-Type_Lectins_or_Lectin-Like_Proteins,train
1644,tr,A0A8C5SDW4,A0A8C5SDW4_LATLA,C-type lectin domain-containing protein,Laticauda laticaudata,8630,3,Clustered_C-Type_Lectins_or_Lectin-Like_Proteins,train
1645,tr,A0A8C5SA22,A0A8C5SA22_LATLA,C-type lectin domain-containing protein,Laticauda laticaudata,8630,3,Clustered_C-Type_Lectins_or_Lectin-Like_Proteins,val
1646,tr,A0A8C5RQ61,A0A8C5RQ61_LATLA,C-type lectin domain-containing protein,Laticauda laticaudata,8630,3,Clustered_C-Type_Lectins_or_Lectin-Like_Proteins,train
1647,tr,A0A670ZLF0,A0A670ZLF0_PSETE,C-type lectin domain-containing protein,Pseudonaja textilis,8673,3,Clustered_C-Type_Lectins_or_Lectin-Like_Proteins,train
1648,tr,A0A8C5SNJ3,A0A8C5SNJ3_LATLA,C-type lectin domain-containing protein,Laticauda laticaudata,8630,3,Clustered_C-Type_Lectins_or_Lectin-Like_Proteins,train
1649,tr,A0A2D4G4Q2,A0A2D4G4Q2_MICCO,C-type lectin domain-containing protein (Fragment),Micrurus corallinus,54390,3,Clustered_C-Type_Lectins_or_Lectin-Like_Proteins,train
1650,tr,A0A2D4IGM5,A0A2D4IGM5_MICLE,C-type lectin domain-containing protein,Micrurus lemniscatus lemniscatus,129467,3,Clustered_C-Type_Lectins_or_Lectin-Like_Proteins,train
1651,tr,A0A670YUE4,A0A670YUE4_PSETE,C-type lectin domain-containing protein,Pseudonaja textilis,8673,3,Clustered_C-Type_Lectins_or_Lectin-Like_Proteins,train
1652,tr,A0A2H6NCC9,A0A2H6NCC9_9SAUR,C-type lectin domain-containing protein,Micrurus carvalhoi,3147026,3,Clustered_C-Type_Lectins_or_Lectin-Like_Proteins,train
1653,tr,A0A2D4HQX4,A0A2D4HQX4_MICLE,C-type lectin domain-containing protein (Fragment),Micrurus lemniscatus lemniscatus,129467,3,Clustered_C-Type_Lectins_or_Lectin-Like_Proteins,test
1654,tr,V8NIW0,V8NIW0_OPHHA,C-type lectin domain-containing protein (Fragment),Ophiophagus hannah,8665,3,Clustered_C-Type_Lectins_or_Lectin-Like_Proteins,train
1655,tr,A0A8T1N2H8,A0A8T1N2H8_BOTJA,Venom C-type lectin,Bothrops jararaca,8724,3,Clustered_C-Type_Lectins_or_Lectin-Like_Proteins,train
1656,tr,A0AAW1BWK2,A0AAW1BWK2_CROAD,C-type lectin domain-containing protein,Crotalus adamanteus,8729,4,Clustered_C-Type_Lectins_or_Lectin-Like_Proteins,train
1657,tr,A0A6J1UBZ4,A0A6J1UBZ4_9SAUR,C-type lectin domain family 11 member A,Notechis scutatus,8663,3,Clustered_C-Type_Lectins_or_Lectin-Like_Proteins,val
1658,tr,A0A670Z8W6,A0A670Z8W6_PSETE,C-type lectin domain family 3 member B,Pseudonaja textilis,8673,3,Clustered_C-Type_Lectins_or_Lectin-Like_Proteins,train
1659,tr,A0A8T1N374,A0A8T1N374_BOTJA,Snake venom C-type Lectin,Bothrops jararaca,8724,3,Clustered_C-Type_Lectins_or_Lectin-Like_Proteins,train
1660,tr,A0A8T1N2Z0,A0A8T1N2Z0_BOTJA,Snake venom C-type Lectin,Bothrops jararaca,8724,3,Clustered_C-Type_Lectins_or_Lectin-Like_Proteins,val
1661,tr,V8NYX2,V8NYX2_OPHHA,C-type lectin domain family 4 member E (Fragment),Ophiophagus hannah,8665,3,Clustered_C-Type_Lectins_or_Lectin-Like_Proteins,train
1662,tr,A0A223PK18,A0A223PK18_DABRR,C-type lectin domain family 16 member A (Fragment),Daboia russelii,8707,2,Clustered_C-Type_Lectins_or_Lectin-Like_Proteins,train
1663,tr,A0AAW1C5E7,A0AAW1C5E7_CROAD,C-type lectin domain family 14 member A,Crotalus adamanteus,8729,4,Clustered_C-Type_Lectins_or_Lectin-Like_Proteins,train
1664,tr,A0A8T1N5V4,A0A8T1N5V4_BOTJA,Encode snake venom C-type Lectin protein,Bothrops jararaca,8724,3,Clustered_C-Type_Lectins_or_Lectin-Like_Proteins,train
1665,tr,A0AAW1BDN4,A0AAW1BDN4_CROAD,VENOM COMPONENT: C-type lectin-snaclec-subunit-beta 3 like,Crotalus adamanteus,8729,3,Clustered_C-Type_Lectins_or_Lectin-Like_Proteins,train
1666,tr,A0AAW1BEF1,A0AAW1BEF1_CROAD,VENOM COMPONENT: C-type lectin-snaclec-subunit-alpha 1 like,Crotalus adamanteus,8729,3,Clustered_C-Type_Lectins_or_Lectin-Like_Proteins,train
1667,tr,F8S0Z1,F8S0Z1_CROAD,C-type lectin 10,Crotalus adamanteus,8729,2,Clustered_C-Type_Lectins_or_Lectin-Like_Proteins,train
1668,tr,A0A193CHJ9,A0A193CHJ9_CROTA,C-type lectin 3,Crotalus tzabcan,1043006,2,Clustered_C-Type_Lectins_or_Lectin-Like_Proteins,train
1669,tr,D2YVL0,D2YVL0_DEMVE,Venom C-type lectin galactose binding isoform variant 1,Demansia vestigiata,412038,2,Clustered_C-Type_Lectins_or_Lectin-Like_Proteins,train
1670,tr,D2YVL1,D2YVL1_DEMVE,Venom C-type lectin galactose binding isoform variant 2,Demansia vestigiata,412038,2,Clustered_C-Type_Lectins_or_Lectin-Like_Proteins,val
1671,tr,A0A6B7FMP6,A0A6B7FMP6_VIPAA,C-type lectin-like Snaclec-9,Vipera ammodytes ammodytes,8705,2,Clustered_C-Type_Lectins_or_Lectin-Like_Proteins,train
1672,tr,D2YVH9,D2YVH9_OXYSU,Venom C-type lectin mannose binding isoform 5 variant 1,Oxyuranus scutellatus,8668,2,Clustered_C-Type_Lectins_or_Lectin-Like_Proteins,train
1673,tr,T1E3D8,T1E3D8_CROHD,C-type lectin 11,Crotalus horridus,35024,2,Clustered_C-Type_Lectins_or_Lectin-Like_Proteins,val
1674,tr,T1D6Q8,T1D6Q8_CROHD,C-type lectin 4,Crotalus horridus,35024,2,Clustered_C-Type_Lectins_or_Lectin-Like_Proteins,train
1675,tr,A0A077L7Y5,A0A077L7Y5_PROEL,C-type lectin B (Fragment),Protobothrops elegans,88086,2,Clustered_C-Type_Lectins_or_Lectin-Like_Proteins,train
1676,tr,A0A0A1WCM8,A0A0A1WCM8_ECHCO,C-type lectin A,Echis coloratus,64175,2,Clustered_C-Type_Lectins_or_Lectin-Like_Proteins,train
1677,tr,A0A6J1VJI9,A0A6J1VJI9_9SAUR,C-type lectin-like,Notechis scutatus,8663,3,Clustered_C-Type_Lectins_or_Lectin-Like_Proteins,train
1678,tr,A0A6P9B9E4,A0A6P9B9E4_PANGU,C-type lectin-like,Pantherophis guttatus,94885,3,Clustered_C-Type_Lectins_or_Lectin-Like_Proteins,train
1679,tr,A0A9F2WIG5,A0A9F2WIG5_PYTBI,C-type lectin-like,Python bivittatus,176946,3,Clustered_C-Type_Lectins_or_Lectin-Like_Proteins,train
1680,tr,J3SDV4,J3SDV4_CROAD,C-type lectin 4e,Crotalus adamanteus,8729,2,Clustered_C-Type_Lectins_or_Lectin-Like_Proteins,train
1681,tr,G9DCI0,G9DCI0_CROHE,C-type lectin 4,Crotalus helleri,8741,2,Clustered_C-Type_Lectins_or_Lectin-Like_Proteins,train
1682,tr,J3SDV3,J3SDV3_CROAD,C-type lectin 3f,Crotalus adamanteus,8729,2,Clustered_C-Type_Lectins_or_Lectin-Like_Proteins,train
1683,tr,A0A077LD04,A0A077LD04_PROEL,C-type lectin B subunit (Fragment),Protobothrops elegans,88086,2,Clustered_C-Type_Lectins_or_Lectin-Like_Proteins,train
1684,tr,A0A194ART9,A0A194ART9_9SAUR,C-type lectin 7b,Agkistrodon piscivorus,8715,3,Clustered_C-Type_Lectins_or_Lectin-Like_Proteins,train
1685,tr,A0A194AQQ0,A0A194AQQ0_9SAUR,C-type lectin 1a,Agkistrodon piscivorus,8715,3,Clustered_C-Type_Lectins_or_Lectin-Like_Proteins,train
1686,tr,A0A194APM7,A0A194APM7_9SAUR,C-type lectin 9d,Agkistrodon piscivorus,8715,3,Clustered_C-Type_Lectins_or_Lectin-Like_Proteins,train
1687,tr,T1E3E0,T1E3E0_CROHD,C-type lectin 10,Crotalus horridus,35024,2,Clustered_C-Type_Lectins_or_Lectin-Like_Proteins,val
1688,tr,A0A1W7RK05,A0A1W7RK05_AGKCO,C-type lectin 4,Agkistrodon contortrix contortrix,8713,3,Clustered_C-Type_Lectins_or_Lectin-Like_Proteins,train
1689,tr,A0A1W7RJX7,A0A1W7RJX7_AGKCO,C-type lectin 6,Agkistrodon contortrix contortrix,8713,3,Clustered_C-Type_Lectins_or_Lectin-Like_Proteins,test
1690,tr,A0A194APW2,A0A194APW2_SISTE,C-type lectin 12b,Sistrurus tergeminus,8757,3,Clustered_C-Type_Lectins_or_Lectin-Like_Proteins,val
1691,tr,A0A194AS16,A0A194AS16_SISMB,C-type lectin 6c,Sistrurus miliarius barbouri,8759,3,Clustered_C-Type_Lectins_or_Lectin-Like_Proteins,train
1692,tr,A0A194APU3,A0A194APU3_SISTE,C-type lectin 2,Sistrurus tergeminus,8757,3,Clustered_C-Type_Lectins_or_Lectin-Like_Proteins,train
1693,tr,A0A194AQA5,A0A194AQA5_AGKCO,C-type lectin 10a,Agkistrodon contortrix contortrix,8713,3,Clustered_C-Type_Lectins_or_Lectin-Like_Proteins,train
1694,tr,A0A1W7RJZ6,A0A1W7RJZ6_AGKCO,C-type lectin 3,Agkistrodon contortrix contortrix,8713,3,Clustered_C-Type_Lectins_or_Lectin-Like_Proteins,train
1695,tr,A0A194ASN9,A0A194ASN9_SISTE,C-type lectin 3,Sistrurus tergeminus,8757,3,Clustered_C-Type_Lectins_or_Lectin-Like_Proteins,train
1696,tr,A0A194ARP7,A0A194ARP7_SISTE,C-type lectin 6,Sistrurus tergeminus,8757,3,Clustered_C-Type_Lectins_or_Lectin-Like_Proteins,test
1697,tr,A0A194ATU4,A0A194ATU4_SISMB,C-type lectin 8c,Sistrurus miliarius barbouri,8759,3,Clustered_C-Type_Lectins_or_Lectin-Like_Proteins,train
1698,tr,A0A0A1WCM3,A0A0A1WCM3_ECHCO,C-type lectin F,Echis coloratus,64175,2,Clustered_C-Type_Lectins_or_Lectin-Like_Proteins,train
1699,tr,A0A0A1WCD4,A0A0A1WCD4_ECHCO,C-type lectin I,Echis coloratus,64175,2,Clustered_C-Type_Lectins_or_Lectin-Like_Proteins,train
1700,tr,A0A0A1WDX5,A0A0A1WDX5_ECHCO,C-type lectin E (Fragment),Echis coloratus,64175,2,Clustered_C-Type_Lectins_or_Lectin-Like_Proteins,train
1701,tr,A0A0A1WD30,A0A0A1WD30_ECHCO,C-type lectin G (Fragment),Echis coloratus,64175,2,Clustered_C-Type_Lectins_or_Lectin-Like_Proteins,test
1702,tr,A0A0A1WCL8,A0A0A1WCL8_ECHCO,C-type lectin K,Echis coloratus,64175,2,Clustered_C-Type_Lectins_or_Lectin-Like_Proteins,train
1703,tr,A0A1B3AXS5,A0A1B3AXS5_BITAR,C-type lectin-like protein,Bitis arietans,8692,2,Clustered_C-Type_Lectins_or_Lectin-Like_Proteins,val
1704,tr,A0A9F2R5Z6,A0A9F2R5Z6_PYTBI,C-type lectin BPL-like,Python bivittatus,176946,3,Clustered_C-Type_Lectins_or_Lectin-Like_Proteins,val
1705,tr,A0A9F5IUU9,A0A9F5IUU9_PYTBI,C-type lectin BpLec-like,Python bivittatus,176946,3,Clustered_C-Type_Lectins_or_Lectin-Like_Proteins,train
1706,tr,A0A6I9YNT3,A0A6I9YNT3_9SAUR,C-type lectin BPL-like,Thamnophis sirtalis,35019,3,Clustered_C-Type_Lectins_or_Lectin-Like_Proteins,train
1707,tr,A0A6P9B9E0,A0A6P9B9E0_PANGU,C-type lectin BpLec-like,Pantherophis guttatus,94885,3,Clustered_C-Type_Lectins_or_Lectin-Like_Proteins,train
1708,tr,T2HP30,T2HP30_PROFL,C-type lectin alpha subunit (Fragment),Protobothrops flavoviridis,88087,2,Clustered_C-Type_Lectins_or_Lectin-Like_Proteins,val
1709,tr,T2HQ64,T2HQ64_PROFL,C-type lectin alpha subunit,Protobothrops flavoviridis,88087,2,Clustered_C-Type_Lectins_or_Lectin-Like_Proteins,train
1710,tr,A0A2H4N3D3,A0A2H4N3D3_BOTMO,C-type lectin isoform 1 (Fragment),Bothrops moojeni,98334,2,Clustered_C-Type_Lectins_or_Lectin-Like_Proteins,test
1711,tr,A0A2H4N3D1,A0A2H4N3D1_BOTMO,C-type lectin isoform 2 (Fragment),Bothrops moojeni,98334,2,Clustered_C-Type_Lectins_or_Lectin-Like_Proteins,val
1712,tr,T2HP53,T2HP53_PROFL,C-type lectin beta subunit (Fragment),Protobothrops flavoviridis,88087,2,Clustered_C-Type_Lectins_or_Lectin-Like_Proteins,train
1713,tr,T2HQM1,T2HQM1_OVOOK,C-type lectin alpha subunit,Ovophis okinavensis,8769,2,Clustered_C-Type_Lectins_or_Lectin-Like_Proteins,train
1714,tr,A0A077LD34,A0A077LD34_PROFL,C-type lectin F IX/X A (Fragment),Protobothrops flavoviridis,88087,2,Clustered_C-Type_Lectins_or_Lectin-Like_Proteins,val
1715,tr,A0AAW1B6H4,A0AAW1B6H4_CROAD,C-type lectin LmsL-like,Crotalus adamanteus,8729,3,Clustered_C-Type_Lectins_or_Lectin-Like_Proteins,train
1716,tr,A0A346CI85,A0A346CI85_SPISL,C-type lectin 4 (Fragment),Spilotes sulphureus,1899469,2,Clustered_C-Type_Lectins_or_Lectin-Like_Proteins,train
1717,tr,A0A6P9CN74,A0A6P9CN74_PANGU,C-type lectin lectoxin-Thr1-like,Pantherophis guttatus,94885,3,Clustered_C-Type_Lectins_or_Lectin-Like_Proteins,train
1718,tr,A0A6P9AV05,A0A6P9AV05_PANGU,C-type lectin BfL-1-like,Pantherophis guttatus,94885,3,Clustered_C-Type_Lectins_or_Lectin-Like_Proteins,train
1719,tr,I7JA31,I7JA31_BITRH,C-type lectin like protein 4,Bitis rhinoceros,715877,2,Clustered_C-Type_Lectins_or_Lectin-Like_Proteins,test
1720,tr,A0A6J1W4U1,A0A6J1W4U1_9SAUR,C-type lectin lectoxin-Lei1-like,Notechis scutatus,8663,3,Clustered_C-Type_Lectins_or_Lectin-Like_Proteins,train
1721,tr,A0A8C6XI95,A0A8C6XI95_NAJNA,Mannose receptor C-type 1,Naja naja,35670,3,Clustered_C-Type_Lectins_or_Lectin-Like_Proteins,train
1722,tr,A0A670ZUQ1,A0A670ZUQ1_PSETE,Mannose receptor C-type 1,Pseudonaja textilis,8673,3,Clustered_C-Type_Lectins_or_Lectin-Like_Proteins,train
1723,tr,A0A670ZUD2,A0A670ZUD2_PSETE,Mannose receptor C-type 1,Pseudonaja textilis,8673,3,Clustered_C-Type_Lectins_or_Lectin-Like_Proteins,train
1724,tr,A0A670ZUR1,A0A670ZUR1_PSETE,Mannose receptor C-type 1,Pseudonaja textilis,8673,3,Clustered_C-Type_Lectins_or_Lectin-Like_Proteins,train
1725,tr,A0A8C6XJU5,A0A8C6XJU5_NAJNA,Mannose receptor C-type 1,Naja naja,35670,3,Clustered_C-Type_Lectins_or_Lectin-Like_Proteins,train
1726,tr,A0AAW1BDT3,A0AAW1BDT3_CROAD,C-type lectin lectoxin-Thr1-like,Crotalus adamanteus,8729,3,Clustered_C-Type_Lectins_or_Lectin-Like_Proteins,train
1727,tr,A0AAW1BEF2,A0AAW1BEF2_CROAD,C-type lectin lectoxin-Thr1-like,Crotalus adamanteus,8729,3,Clustered_C-Type_Lectins_or_Lectin-Like_Proteins,train
1728,tr,A0AAW1B710,A0AAW1B710_CROAD,C-type lectin BpLec-like,Crotalus adamanteus,8729,4,Clustered_C-Type_Lectins_or_Lectin-Like_Proteins,test
1729,tr,A0A6P9CS48,A0A6P9CS48_PANGU,C-type lectin mannose-binding isoform-like,Pantherophis guttatus,94885,3,Clustered_C-Type_Lectins_or_Lectin-Like_Proteins,val
1730,tr,A0AAW1B7J7,A0AAW1B7J7_CROAD,C-type lectin LmsL-like,Crotalus adamanteus,8729,4,Clustered_C-Type_Lectins_or_Lectin-Like_Proteins,train
1731,tr,A0AAW1B6Z3,A0AAW1B6Z3_CROAD,C-type lectin Cal-like,Crotalus adamanteus,8729,4,Clustered_C-Type_Lectins_or_Lectin-Like_Proteins,train
1732,tr,A0A6J1VXV3,A0A6J1VXV3_9SAUR,C-type lectin mannose-binding isoform-like,Notechis scutatus,8663,3,Clustered_C-Type_Lectins_or_Lectin-Like_Proteins,train
1733,tr,A0A346CI83,A0A346CI83_SPISL,C-type lectin 2 (Fragment),Spilotes sulphureus,1899469,2,Clustered_C-Type_Lectins_or_Lectin-Like_Proteins,train
1734,tr,A0A346CI86,A0A346CI86_SPISL,C-type lectin 3 (Fragment),Spilotes sulphureus,1899469,2,Clustered_C-Type_Lectins_or_Lectin-Like_Proteins,train
1735,tr,A0A346CI84,A0A346CI84_SPISL,C-type lectin 1 (Fragment),Spilotes sulphureus,1899469,2,Clustered_C-Type_Lectins_or_Lectin-Like_Proteins,train
1736,tr,A0A068B4V7,A0A068B4V7_GLOIT,C-type lectin alpha,Gloydius intermedius,44732,2,Clustered_C-Type_Lectins_or_Lectin-Like_Proteins,train
1737,tr,A0A068B2C1,A0A068B2C1_GLOIT,C-type lectin beta,Gloydius intermedius,44732,2,Clustered_C-Type_Lectins_or_Lectin-Like_Proteins,train
1738,tr,A0A0B8RV90,A0A0B8RV90_9SAUR,C-type lectin 9a,Philothamnus irregularis,1899461,3,Clustered_C-Type_Lectins_or_Lectin-Like_Proteins,val
1739,tr,T2HPA6,T2HPA6_PROFL,C-type lectin factor IX/X binding protein A subunit (Fragment),Protobothrops flavoviridis,88087,2,Clustered_C-Type_Lectins_or_Lectin-Like_Proteins,train
1740,tr,A0A182C5T0,A0A182C5T0_9SAUR,C-type lectin,Phalotris mertensi,1260334,3,Clustered_C-Type_Lectins_or_Lectin-Like_Proteins,train
1741,tr,A0A646QCY7,A0A646QCY7_9SAUR,C-type lectin,Thelotornis mossambicanus,1328036,3,Clustered_C-Type_Lectins_or_Lectin-Like_Proteins,train
1742,tr,A0A646QBS2,A0A646QBS2_9SAUR,C-type lectin,Thelotornis mossambicanus,1328036,3,Clustered_C-Type_Lectins_or_Lectin-Like_Proteins,train
1743,tr,D5J9S1,D5J9S1_9SAUR,C-type lectin,Bungarus flaviceps,8614,2,Clustered_C-Type_Lectins_or_Lectin-Like_Proteins,val
1744,tr,A0A182C5T5,A0A182C5T5_9SAUR,C-type lectin,Phalotris mertensi,1260334,3,Clustered_C-Type_Lectins_or_Lectin-Like_Proteins,train
1745,tr,A0A646QEJ2,A0A646QEJ2_9SAUR,C-type lectin,Thelotornis mossambicanus,1328036,3,Clustered_C-Type_Lectins_or_Lectin-Like_Proteins,train
1746,tr,A0AAW1BEZ9,A0AAW1BEZ9_CROAD,C-type lectin lectoxin-Thr1-like,Crotalus adamanteus,8729,4,Clustered_C-Type_Lectins_or_Lectin-Like_Proteins,test
1747,tr,A0A098LYB4,A0A098LYB4_9SAUR,C-type lectin,Opheodrys aestivus,186591,2,Clustered_C-Type_Lectins_or_Lectin-Like_Proteins,train
1748,tr,C6JUN6,C6JUN6_MICCO,C-type lectin,Micrurus corallinus,54390,2,Clustered_C-Type_Lectins_or_Lectin-Like_Proteins,train
1749,tr,A0A6B2FAF0,A0A6B2FAF0_9SAUR,C-type lectin domain-containing protein,Bothriechis nubestris,1766655,3,Clustered_C-Type_Lectins_or_Lectin-Like_Proteins,train
1750,tr,A0A6B2F4T7,A0A6B2F4T7_9SAUR,C-type lectin domain-containing protein,Bothriechis nubestris,1766655,3,Clustered_C-Type_Lectins_or_Lectin-Like_Proteins,train
1751,tr,C6JUN7,C6JUN7_MICCO,C-type lectin,Micrurus corallinus,54390,2,Clustered_C-Type_Lectins_or_Lectin-Like_Proteins,train
1752,tr,A0A6B2FD68,A0A6B2FD68_9SAUR,C-type lectin domain-containing protein,Bothriechis nubestris,1766655,3,Clustered_C-Type_Lectins_or_Lectin-Like_Proteins,train
1753,tr,A0AAW1BEV9,A0AAW1BEV9_CROAD,C-type lectin lectoxin-Thr1-like,Crotalus adamanteus,8729,4,Clustered_C-Type_Lectins_or_Lectin-Like_Proteins,train
1754,tr,A0A6B2F7N8,A0A6B2F7N8_9SAUR,C-type lectin domain-containing protein,Bothriechis nubestris,1766655,3,Clustered_C-Type_Lectins_or_Lectin-Like_Proteins,test
1755,tr,A0A6B2F3W9,A0A6B2F3W9_BOTNI,C-type lectin domain-containing protein,Bothriechis nigroviridis,88079,3,Clustered_C-Type_Lectins_or_Lectin-Like_Proteins,train
1756,tr,A0A098M244,A0A098M244_9SAUR,C-type lectin 7a,Hypsiglena sp. JMG-2014,1550645,4,Clustered_C-Type_Lectins_or_Lectin-Like_Proteins,train
1757,tr,A0AAW1BLE4,A0AAW1BLE4_CROAD,F5/8 type C domain-containing protein,Crotalus adamanteus,8729,3,Clustered_C-Type_Lectins_or_Lectin-Like_Proteins,train
1758,tr,A0AAW1BKU4,A0AAW1BKU4_CROAD,F5/8 type C domain-containing protein,Crotalus adamanteus,8729,3,Clustered_C-Type_Lectins_or_Lectin-Like_Proteins,train
1759,tr,A0A6J1VUB9,A0A6J1VUB9_9SAUR,C-type lectin domain family 2 member B-like,Notechis scutatus,8663,3,Clustered_C-Type_Lectins_or_Lectin-Like_Proteins,test
1760,tr,A0A6J1VI19,A0A6J1VI19_9SAUR,C-type lectin domain family 2 member D-like,Notechis scutatus,8663,3,Clustered_C-Type_Lectins_or_Lectin-Like_Proteins,train
1761,tr,A0A6J1VT64,A0A6J1VT64_9SAUR,C-type lectin domain family 2 member B-like,Notechis scutatus,8663,3,Clustered_C-Type_Lectins_or_Lectin-Like_Proteins,test
1762,tr,A0A6J1W0Q0,A0A6J1W0Q0_9SAUR,C-type lectin domain family 2 member D-like,Notechis scutatus,8663,3,Clustered_C-Type_Lectins_or_Lectin-Like_Proteins,train
1763,tr,A0A6J1VBX7,A0A6J1VBX7_9SAUR,C-type lectin domain family 2 member D-like,Notechis scutatus,8663,3,Clustered_C-Type_Lectins_or_Lectin-Like_Proteins,train
1764,tr,A0A6J1W173,A0A6J1W173_9SAUR,C-type lectin domain family 2 member B-like,Notechis scutatus,8663,3,Clustered_C-Type_Lectins_or_Lectin-Like_Proteins,train
1765,tr,A0A6J1W2F9,A0A6J1W2F9_9SAUR,C-type lectin domain family 4 member F-like,Notechis scutatus,8663,3,Clustered_C-Type_Lectins_or_Lectin-Like_Proteins,train
1766,tr,A0A6J1VAF7,A0A6J1VAF7_9SAUR,C-type lectin domain family 2 member F-like,Notechis scutatus,8663,3,Clustered_C-Type_Lectins_or_Lectin-Like_Proteins,train
1767,tr,A0A6P9AWH5,A0A6P9AWH5_PANGU,C-type lectin mannose-binding isoform-like isoform X1,Pantherophis guttatus,94885,3,Clustered_C-Type_Lectins_or_Lectin-Like_Proteins,train
1768,tr,A0A670YU35,A0A670YU35_PSETE,C-type lectin domain family 5 member A-like,Pseudonaja textilis,8673,3,Clustered_C-Type_Lectins_or_Lectin-Like_Proteins,train
1769,tr,V8N2G7,V8N2G7_OPHHA,F5/8 type C domain-containing protein (Fragment),Ophiophagus hannah,8665,3,Clustered_C-Type_Lectins_or_Lectin-Like_Proteins,train
1770,tr,A0A346CLX7,A0A346CLX7_9SAUR,C-type lectin 4 (Fragment),Ahaetulla prasina,499056,2,Clustered_C-Type_Lectins_or_Lectin-Like_Proteins,train
1771,tr,A0A346CLX8,A0A346CLX8_9SAUR,C-type lectin 7 (Fragment),Ahaetulla prasina,499056,2,Clustered_C-Type_Lectins_or_Lectin-Like_Proteins,test
1772,tr,A0A6J1VVC3,A0A6J1VVC3_9SAUR,C-type lectin domain family 2 member B-like,Notechis scutatus,8663,3,Clustered_C-Type_Lectins_or_Lectin-Like_Proteins,test
1773,tr,A0A0B8RS02,A0A0B8RS02_9SAUR,C-type lectin 7,Philothamnus irregularis,1899461,3,Clustered_C-Type_Lectins_or_Lectin-Like_Proteins,train
1774,tr,A0A1W7RK10,A0A1W7RK10_AGKCO,C-type lectin 5,Agkistrodon contortrix contortrix,8713,3,Clustered_C-Type_Lectins_or_Lectin-Like_Proteins,train
1775,tr,A0A346CLW6,A0A346CLW6_BORPO,C-type lectin 6 (Fragment),Borikenophis portoricensis,1260276,2,Clustered_C-Type_Lectins_or_Lectin-Like_Proteins,train
1776,tr,A0A182C5T6,A0A182C5T6_9SAUR,C-type lectin,Phalotris mertensi,1260334,4,Clustered_C-Type_Lectins_or_Lectin-Like_Proteins,train
1777,tr,A0A182C5Z4,A0A182C5Z4_9SAUR,C-type lectin,Phalotris mertensi,1260334,4,Clustered_C-Type_Lectins_or_Lectin-Like_Proteins,train
1778,tr,A0A175KDY2,A0A175KDY2_9SAUR,C-type lectin,Phalotris mertensi,1260334,4,Clustered_C-Type_Lectins_or_Lectin-Like_Proteins,train
1779,tr,A0A175KDZ1,A0A175KDZ1_9SAUR,C-type lectin,Phalotris mertensi,1260334,4,Clustered_C-Type_Lectins_or_Lectin-Like_Proteins,train
1780,tr,A0A182C5T3,A0A182C5T3_9SAUR,C-type lectin,Phalotris mertensi,1260334,4,Clustered_C-Type_Lectins_or_Lectin-Like_Proteins,train
1781,tr,A0A182C5Y9,A0A182C5Y9_9SAUR,C-type lectin,Phalotris mertensi,1260334,4,Clustered_C-Type_Lectins_or_Lectin-Like_Proteins,train
1782,tr,A0A182C6E1,A0A182C6E1_9SAUR,C-type lectin,Phalotris mertensi,1260334,4,Clustered_C-Type_Lectins_or_Lectin-Like_Proteins,train
1783,tr,A0A182C5T2,A0A182C5T2_9SAUR,C-type lectin,Phalotris mertensi,1260334,4,Clustered_C-Type_Lectins_or_Lectin-Like_Proteins,train
1784,tr,A0A182C5S9,A0A182C5S9_9SAUR,C-type lectin,Phalotris mertensi,1260334,4,Clustered_C-Type_Lectins_or_Lectin-Like_Proteins,train
1785,tr,T1DH48,T1DH48_CROHD,C-type lectin 1b,Crotalus horridus,35024,2,Clustered_C-Type_Lectins_or_Lectin-Like_Proteins,train
1786,tr,A0A098LWS8,A0A098LWS8_PYTRG,C-type lectin (Fragment),Python regius,51751,2,Clustered_C-Type_Lectins_or_Lectin-Like_Proteins,train
1787,tr,A0A8C6YLY6,A0A8C6YLY6_NAJNA,C-type lectin domain-containing protein,Naja naja,35670,3,Clustered_C-Type_Lectins_or_Lectin-Like_Proteins,train
1788,tr,A0A2D4MVW0,A0A2D4MVW0_9SAUR,C-type lectin domain-containing protein,Micrurus spixii,129469,3,Clustered_C-Type_Lectins_or_Lectin-Like_Proteins,train
1789,tr,A0A8C5RMF6,A0A8C5RMF6_LATLA,C-type lectin domain-containing protein,Laticauda laticaudata,8630,3,Clustered_C-Type_Lectins_or_Lectin-Like_Proteins,train
1790,tr,A0A8C6V8M6,A0A8C6V8M6_NAJNA,C-type lectin domain-containing protein,Naja naja,35670,3,Clustered_C-Type_Lectins_or_Lectin-Like_Proteins,test
1791,tr,A0A8C6VQZ2,A0A8C6VQZ2_NAJNA,C-type lectin domain-containing protein,Naja naja,35670,3,Clustered_C-Type_Lectins_or_Lectin-Like_Proteins,train
1792,tr,A0A670YQV4,A0A670YQV4_PSETE,C-type lectin domain-containing protein,Pseudonaja textilis,8673,3,Clustered_C-Type_Lectins_or_Lectin-Like_Proteins,train
1793,tr,A0A8C6YFM5,A0A8C6YFM5_NAJNA,C-type lectin domain-containing protein,Naja naja,35670,3,Clustered_C-Type_Lectins_or_Lectin-Like_Proteins,train
1794,tr,A0A8C7E6R6,A0A8C7E6R6_NAJNA,C-type lectin domain-containing protein,Naja naja,35670,3,Clustered_C-Type_Lectins_or_Lectin-Like_Proteins,train
1795,tr,A0A2D4MN31,A0A2D4MN31_9SAUR,C-type lectin domain-containing protein,Micrurus spixii,129469,3,Clustered_C-Type_Lectins_or_Lectin-Like_Proteins,train
1796,tr,A0A670ZMU3,A0A670ZMU3_PSETE,C-type lectin domain-containing protein,Pseudonaja textilis,8673,3,Clustered_C-Type_Lectins_or_Lectin-Like_Proteins,train
1797,tr,A0A8C6X4J5,A0A8C6X4J5_NAJNA,C-type lectin domain-containing protein,Naja naja,35670,3,Clustered_C-Type_Lectins_or_Lectin-Like_Proteins,train
1798,tr,A0A2D4GXW8,A0A2D4GXW8_MICCO,C-type lectin domain-containing protein (Fragment),Micrurus corallinus,54390,3,Clustered_C-Type_Lectins_or_Lectin-Like_Proteins,train
1799,tr,A0A8C6VTT9,A0A8C6VTT9_NAJNA,C-type lectin domain-containing protein,Naja naja,35670,3,Clustered_C-Type_Lectins_or_Lectin-Like_Proteins,train
1800,tr,A0A8C5RJ98,A0A8C5RJ98_LATLA,C-type lectin domain-containing protein,Laticauda laticaudata,8630,3,Clustered_C-Type_Lectins_or_Lectin-Like_Proteins,val
1801,tr,A0A8C5WS76,A0A8C5WS76_LATLA,C-type lectin domain-containing protein,Laticauda laticaudata,8630,3,Clustered_C-Type_Lectins_or_Lectin-Like_Proteins,train
1802,tr,A0A670ZKY8,A0A670ZKY8_PSETE,C-type lectin domain-containing protein,Pseudonaja textilis,8673,3,Clustered_C-Type_Lectins_or_Lectin-Like_Proteins,train
1803,tr,A0A8C5SZJ2,A0A8C5SZJ2_LATLA,C-type lectin domain-containing protein,Laticauda laticaudata,8630,3,Clustered_C-Type_Lectins_or_Lectin-Like_Proteins,train
1804,tr,A0A8C5WXW8,A0A8C5WXW8_LATLA,C-type lectin domain-containing protein,Laticauda laticaudata,8630,3,Clustered_C-Type_Lectins_or_Lectin-Like_Proteins,train
1805,tr,A0A2D4IMQ5,A0A2D4IMQ5_MICLE,C-type lectin domain-containing protein,Micrurus lemniscatus lemniscatus,129467,3,Clustered_C-Type_Lectins_or_Lectin-Like_Proteins,train
1806,tr,A0A8C6YCG8,A0A8C6YCG8_NAJNA,C-type lectin domain-containing protein,Naja naja,35670,3,Clustered_C-Type_Lectins_or_Lectin-Like_Proteins,test
1807,tr,A0A8C6VCY4,A0A8C6VCY4_NAJNA,C-type lectin domain-containing protein,Naja naja,35670,3,Clustered_C-Type_Lectins_or_Lectin-Like_Proteins,test
1808,tr,A0A2H6NJP6,A0A2H6NJP6_9SAUR,C-type lectin domain-containing protein (Fragment),Micrurus carvalhoi,3147026,3,Clustered_C-Type_Lectins_or_Lectin-Like_Proteins,train
1809,tr,A0A670ZKS3,A0A670ZKS3_PSETE,C-type lectin domain-containing protein,Pseudonaja textilis,8673,3,Clustered_C-Type_Lectins_or_Lectin-Like_Proteins,train
1810,tr,A0A670ZLA2,A0A670ZLA2_PSETE,C-type lectin domain-containing protein,Pseudonaja textilis,8673,3,Clustered_C-Type_Lectins_or_Lectin-Like_Proteins,train
1811,tr,A0A8C6V8T8,A0A8C6V8T8_NAJNA,C-type lectin domain-containing protein,Naja naja,35670,3,Clustered_C-Type_Lectins_or_Lectin-Like_Proteins,train
1812,tr,A0A2H6NIH3,A0A2H6NIH3_9SAUR,C-type lectin domain-containing protein,Micrurus carvalhoi,3147026,3,Clustered_C-Type_Lectins_or_Lectin-Like_Proteins,train
1813,tr,A0A6J1VJU6,A0A6J1VJU6_9SAUR,C-type lectin domain family 2 member D-like isoform X1,Notechis scutatus,8663,3,Clustered_C-Type_Lectins_or_Lectin-Like_Proteins,train
1814,tr,A0A2D4KF17,A0A2D4KF17_9SAUR,C-type lectin domain-containing protein (Fragment),Micrurus paraensis,1970185,3,Clustered_C-Type_Lectins_or_Lectin-Like_Proteins,train
1815,tr,A0A8C6XE09,A0A8C6XE09_NAJNA,C-type lectin domain-containing protein,Naja naja,35670,3,Clustered_C-Type_Lectins_or_Lectin-Like_Proteins,train
1816,tr,A0A8C5RVB0,A0A8C5RVB0_LATLA,C-type lectin domain-containing protein,Laticauda laticaudata,8630,3,Clustered_C-Type_Lectins_or_Lectin-Like_Proteins,train
1817,tr,A0A8C6V490,A0A8C6V490_NAJNA,C-type lectin domain-containing protein,Naja naja,35670,3,Clustered_C-Type_Lectins_or_Lectin-Like_Proteins,train
1818,tr,A0A2H6ND91,A0A2H6ND91_9SAUR,C-type lectin domain-containing protein (Fragment),Micrurus carvalhoi,3147026,3,Clustered_C-Type_Lectins_or_Lectin-Like_Proteins,train
1819,tr,A0A8C5RCD4,A0A8C5RCD4_LATLA,C-type lectin domain-containing protein,Laticauda laticaudata,8630,3,Clustered_C-Type_Lectins_or_Lectin-Like_Proteins,train
1820,tr,A0A8C5WRV9,A0A8C5WRV9_LATLA,C-type lectin domain-containing protein,Laticauda laticaudata,8630,3,Clustered_C-Type_Lectins_or_Lectin-Like_Proteins,train
1821,tr,A0A8C5WZS8,A0A8C5WZS8_LATLA,C-type lectin domain-containing protein,Laticauda laticaudata,8630,3,Clustered_C-Type_Lectins_or_Lectin-Like_Proteins,val
1822,tr,A0A2D4PZG2,A0A2D4PZG2_MICSU,C-type lectin domain-containing protein (Fragment),Micrurus surinamensis,129470,3,Clustered_C-Type_Lectins_or_Lectin-Like_Proteins,train
1823,tr,A0A8C5WMM7,A0A8C5WMM7_LATLA,C-type lectin domain-containing protein,Laticauda laticaudata,8630,3,Clustered_C-Type_Lectins_or_Lectin-Like_Proteins,train
1824,tr,A0A6J1UPC4,A0A6J1UPC4_9SAUR,C-type lectin domain family 2 member L-like isoform X1,Notechis scutatus,8663,3,Clustered_C-Type_Lectins_or_Lectin-Like_Proteins,val
1825,tr,A0A2D4JQY1,A0A2D4JQY1_MICLE,C-type lectin domain-containing protein,Micrurus lemniscatus lemniscatus,129467,3,Clustered_C-Type_Lectins_or_Lectin-Like_Proteins,train
1826,tr,A0A2D4LY87,A0A2D4LY87_9SAUR,C-type lectin domain-containing protein (Fragment),Micrurus spixii,129469,3,Clustered_C-Type_Lectins_or_Lectin-Like_Proteins,train
1827,tr,H8PG89,H8PG89_9SAUR,C-type lectin isoform 1,Suta nigriceps,687874,2,Clustered_C-Type_Lectins_or_Lectin-Like_Proteins,train
1828,tr,A0A8C5S9D0,A0A8C5S9D0_LATLA,C-type lectin domain-containing protein,Laticauda laticaudata,8630,3,Clustered_C-Type_Lectins_or_Lectin-Like_Proteins,train
1829,tr,A0A670ZMH4,A0A670ZMH4_PSETE,C-type lectin domain-containing protein,Pseudonaja textilis,8673,3,Clustered_C-Type_Lectins_or_Lectin-Like_Proteins,val
1830,tr,A0A8C7E6U6,A0A8C7E6U6_NAJNA,C-type lectin domain-containing protein,Naja naja,35670,3,Clustered_C-Type_Lectins_or_Lectin-Like_Proteins,train
1831,tr,A0A2D4LYY9,A0A2D4LYY9_9SAUR,C-type lectin domain-containing protein (Fragment),Micrurus spixii,129469,3,Clustered_C-Type_Lectins_or_Lectin-Like_Proteins,train
1832,tr,A0A670XZM5,A0A670XZM5_PSETE,C-type lectin domain-containing protein,Pseudonaja textilis,8673,3,Clustered_C-Type_Lectins_or_Lectin-Like_Proteins,train
1833,tr,A0A670YUE9,A0A670YUE9_PSETE,C-type lectin domain-containing protein,Pseudonaja textilis,8673,3,Clustered_C-Type_Lectins_or_Lectin-Like_Proteins,train
1834,tr,A0A8C5RN46,A0A8C5RN46_LATLA,C-type lectin domain-containing protein,Laticauda laticaudata,8630,3,Clustered_C-Type_Lectins_or_Lectin-Like_Proteins,train
1835,tr,A0A8C6XEE7,A0A8C6XEE7_NAJNA,C-type lectin domain-containing protein,Naja naja,35670,3,Clustered_C-Type_Lectins_or_Lectin-Like_Proteins,train
1836,tr,A0A2D4L3T6,A0A2D4L3T6_9SAUR,C-type lectin domain-containing protein (Fragment),Micrurus paraensis,1970185,3,Clustered_C-Type_Lectins_or_Lectin-Like_Proteins,train
1837,tr,A0A8C6XD42,A0A8C6XD42_NAJNA,C-type lectin domain-containing protein,Naja naja,35670,3,Clustered_C-Type_Lectins_or_Lectin-Like_Proteins,train
1838,tr,A0A8C6XMA3,A0A8C6XMA3_NAJNA,C-type lectin domain-containing protein,Naja naja,35670,3,Clustered_C-Type_Lectins_or_Lectin-Like_Proteins,train
1839,tr,A0A2D4LY76,A0A2D4LY76_9SAUR,C-type lectin domain-containing protein,Micrurus spixii,129469,3,Clustered_C-Type_Lectins_or_Lectin-Like_Proteins,val
1840,tr,A0A670Z485,A0A670Z485_PSETE,C-type lectin domain-containing protein,Pseudonaja textilis,8673,3,Clustered_C-Type_Lectins_or_Lectin-Like_Proteins,val
1841,tr,A0A670ZMV3,A0A670ZMV3_PSETE,C-type lectin domain-containing protein,Pseudonaja textilis,8673,3,Clustered_C-Type_Lectins_or_Lectin-Like_Proteins,val
1842,tr,A0A8C6XDC6,A0A8C6XDC6_NAJNA,C-type lectin domain-containing protein,Naja naja,35670,3,Clustered_C-Type_Lectins_or_Lectin-Like_Proteins,train
1843,tr,A0A8C6XJI2,A0A8C6XJI2_NAJNA,C-type lectin domain-containing protein,Naja naja,35670,3,Clustered_C-Type_Lectins_or_Lectin-Like_Proteins,val
1844,tr,A0A670ZP28,A0A670ZP28_PSETE,C-type lectin domain-containing protein,Pseudonaja textilis,8673,3,Clustered_C-Type_Lectins_or_Lectin-Like_Proteins,test
1845,tr,A0A8C6YFN5,A0A8C6YFN5_NAJNA,C-type lectin domain-containing protein,Naja naja,35670,3,Clustered_C-Type_Lectins_or_Lectin-Like_Proteins,train
1846,tr,A0A2D4J2H5,A0A2D4J2H5_MICLE,C-type lectin domain-containing protein (Fragment),Micrurus lemniscatus lemniscatus,129467,3,Clustered_C-Type_Lectins_or_Lectin-Like_Proteins,train
1847,tr,A0A670YI81,A0A670YI81_PSETE,C-type lectin domain-containing protein,Pseudonaja textilis,8673,3,Clustered_C-Type_Lectins_or_Lectin-Like_Proteins,val
1848,tr,A0A8C5SHV0,A0A8C5SHV0_LATLA,C-type lectin domain-containing protein,Laticauda laticaudata,8630,3,Clustered_C-Type_Lectins_or_Lectin-Like_Proteins,train
1849,tr,A0A2D4GAZ3,A0A2D4GAZ3_MICCO,C-type lectin domain-containing protein (Fragment),Micrurus corallinus,54390,3,Clustered_C-Type_Lectins_or_Lectin-Like_Proteins,train
1850,tr,A0A8C5SJ92,A0A8C5SJ92_LATLA,C-type lectin domain-containing protein,Laticauda laticaudata,8630,3,Clustered_C-Type_Lectins_or_Lectin-Like_Proteins,train
1851,tr,A0A2D4GB09,A0A2D4GB09_MICCO,C-type lectin domain-containing protein (Fragment),Micrurus corallinus,54390,3,Clustered_C-Type_Lectins_or_Lectin-Like_Proteins,train
1852,tr,A0A2D4GSD3,A0A2D4GSD3_MICCO,C-type lectin domain-containing protein (Fragment),Micrurus corallinus,54390,3,Clustered_C-Type_Lectins_or_Lectin-Like_Proteins,train
1853,tr,A0A670Z755,A0A670Z755_PSETE,C-type lectin domain-containing protein,Pseudonaja textilis,8673,3,Clustered_C-Type_Lectins_or_Lectin-Like_Proteins,val
1854,tr,A0A8C5SBF0,A0A8C5SBF0_LATLA,C-type lectin domain-containing protein,Laticauda laticaudata,8630,3,Clustered_C-Type_Lectins_or_Lectin-Like_Proteins,train
1855,tr,A0A2D4H3K2,A0A2D4H3K2_MICCO,C-type lectin domain-containing protein (Fragment),Micrurus corallinus,54390,3,Clustered_C-Type_Lectins_or_Lectin-Like_Proteins,train
1856,tr,A0A2D4L0C8,A0A2D4L0C8_9SAUR,C-type lectin domain-containing protein (Fragment),Micrurus paraensis,1970185,3,Clustered_C-Type_Lectins_or_Lectin-Like_Proteins,train
1857,tr,A0A670Z1J1,A0A670Z1J1_PSETE,C-type lectin domain-containing protein,Pseudonaja textilis,8673,3,Clustered_C-Type_Lectins_or_Lectin-Like_Proteins,train
1858,tr,A0A8C6VMR8,A0A8C6VMR8_NAJNA,C-type lectin domain-containing protein,Naja naja,35670,3,Clustered_C-Type_Lectins_or_Lectin-Like_Proteins,train
1859,tr,A0A2D4G9B5,A0A2D4G9B5_MICCO,C-type lectin domain-containing protein (Fragment),Micrurus corallinus,54390,3,Clustered_C-Type_Lectins_or_Lectin-Like_Proteins,train
1860,tr,A0A670Z0Z1,A0A670Z0Z1_PSETE,C-type lectin domain-containing protein,Pseudonaja textilis,8673,3,Clustered_C-Type_Lectins_or_Lectin-Like_Proteins,train
1861,tr,A0A670YUE1,A0A670YUE1_PSETE,C-type lectin domain-containing protein,Pseudonaja textilis,8673,3,Clustered_C-Type_Lectins_or_Lectin-Like_Proteins,train
1862,tr,A0A8C6VPK9,A0A8C6VPK9_NAJNA,C-type lectin domain-containing protein,Naja naja,35670,3,Clustered_C-Type_Lectins_or_Lectin-Like_Proteins,train
1863,tr,A0A2D4GSC5,A0A2D4GSC5_MICCO,C-type lectin domain-containing protein (Fragment),Micrurus corallinus,54390,3,Clustered_C-Type_Lectins_or_Lectin-Like_Proteins,train
1864,tr,A0A8C5S6B5,A0A8C5S6B5_LATLA,C-type lectin domain-containing protein,Laticauda laticaudata,8630,3,Clustered_C-Type_Lectins_or_Lectin-Like_Proteins,train
1865,tr,A0A2D4KA90,A0A2D4KA90_9SAUR,C-type lectin domain-containing protein (Fragment),Micrurus paraensis,1970185,3,Clustered_C-Type_Lectins_or_Lectin-Like_Proteins,train
1866,tr,A0A2D4PF94,A0A2D4PF94_MICSU,C-type lectin domain-containing protein (Fragment),Micrurus surinamensis,129470,3,Clustered_C-Type_Lectins_or_Lectin-Like_Proteins,train
1867,tr,A0A8C6VR17,A0A8C6VR17_NAJNA,C-type lectin domain-containing protein,Naja naja,35670,3,Clustered_C-Type_Lectins_or_Lectin-Like_Proteins,test
1868,tr,A0A8C5SA63,A0A8C5SA63_LATLA,C-type lectin domain-containing protein,Laticauda laticaudata,8630,3,Clustered_C-Type_Lectins_or_Lectin-Like_Proteins,train
1869,tr,A0A8C5S740,A0A8C5S740_LATLA,C-type lectin domain-containing protein,Laticauda laticaudata,8630,3,Clustered_C-Type_Lectins_or_Lectin-Like_Proteins,train
1870,tr,A0AAW1BUK1,A0AAW1BUK1_CROAD,C-type lectin domain family 2 member D-like,Crotalus adamanteus,8729,4,Clustered_C-Type_Lectins_or_Lectin-Like_Proteins,test
1871,tr,A0AAW1BV42,A0AAW1BV42_CROAD,C-type lectin domain family 2 member D-like,Crotalus adamanteus,8729,4,Clustered_C-Type_Lectins_or_Lectin-Like_Proteins,test
1872,tr,A0AAW1BTZ5,A0AAW1BTZ5_CROAD,C-type lectin domain family 2 member D-like,Crotalus adamanteus,8729,4,Clustered_C-Type_Lectins_or_Lectin-Like_Proteins,test
1873,tr,A0AAW1BUU4,A0AAW1BUU4_CROAD,C-type lectin domain family 2 member D-like,Crotalus adamanteus,8729,4,Clustered_C-Type_Lectins_or_Lectin-Like_Proteins,train
1874,tr,A0AAW1C076,A0AAW1C076_CROAD,C-type lectin domain family 5 member A-like,Crotalus adamanteus,8729,4,Clustered_C-Type_Lectins_or_Lectin-Like_Proteins,test
1875,tr,A0A2D4FIK5,A0A2D4FIK5_MICCO,C-type lectin domain-containing protein (Fragment),Micrurus corallinus,54390,3,Clustered_C-Type_Lectins_or_Lectin-Like_Proteins,train
1876,tr,A0A098M188,A0A098M188_9SAUR,C-type lectin 6a,Hypsiglena sp. JMG-2014,1550645,4,Clustered_C-Type_Lectins_or_Lectin-Like_Proteins,train
1877,tr,A0A346CLY5,A0A346CLY5_9SAUR,C-type lectin 8 (Fragment),Ahaetulla prasina,499056,2,Clustered_C-Type_Lectins_or_Lectin-Like_Proteins,val
1878,tr,A0A346CLW7,A0A346CLW7_BORPO,C-type lectin 7 (Fragment),Borikenophis portoricensis,1260276,2,Clustered_C-Type_Lectins_or_Lectin-Like_Proteins,val
1879,tr,A0A098M247,A0A098M247_9SAUR,C-type lectin 3,Hypsiglena sp. JMG-2014,1550645,4,Clustered_C-Type_Lectins_or_Lectin-Like_Proteins,train
1880,tr,A0A0B8RYV5,A0A0B8RYV5_9SAUR,C-type lectin 4,Philothamnus irregularis,1899461,4,Clustered_C-Type_Lectins_or_Lectin-Like_Proteins,train
1881,tr,A0AAW1BYX8,A0AAW1BYX8_CROAD,C-type lectin domain family 17 member A-like,Crotalus adamanteus,8729,4,Clustered_C-Type_Lectins_or_Lectin-Like_Proteins,train
1882,tr,A0AAW1B958,A0AAW1B958_CROAD,C-type lectin domain family 17 member A-like,Crotalus adamanteus,8729,4,Clustered_C-Type_Lectins_or_Lectin-Like_Proteins,train
1883,tr,A0AAW1BXK5,A0AAW1BXK5_CROAD,C-type lectin domain family 4 member G-like,Crotalus adamanteus,8729,4,Clustered_C-Type_Lectins_or_Lectin-Like_Proteins,train
1884,tr,A0A0B8RSX0,A0A0B8RSX0_9SAUR,C-type lectin 1,Philothamnus irregularis,1899461,4,Clustered_C-Type_Lectins_or_Lectin-Like_Proteins,train
1885,tr,A0A346CLZ2,A0A346CLZ2_9SAUR,C-type lectin 5 (Fragment),Ahaetulla prasina,499056,2,Clustered_C-Type_Lectins_or_Lectin-Like_Proteins,train
1886,tr,A0AAW1B3P7,A0AAW1B3P7_CROAD,C-type mannose receptor 2,Crotalus adamanteus,8729,4,Clustered_C-Type_Lectins_or_Lectin-Like_Proteins,test
1887,tr,A0A670ZQG5,A0A670ZQG5_PSETE,C-type lectin domain-containing protein,Pseudonaja textilis,8673,3,Clustered_C-Type_Lectins_or_Lectin-Like_Proteins,train
1888,tr,A0AAW1BAJ3,A0AAW1BAJ3_CROAD,C-type lectin domain family 4 member K-like,Crotalus adamanteus,8729,4,Clustered_C-Type_Lectins_or_Lectin-Like_Proteins,train
1889,tr,A0AAW1B8J5,A0AAW1B8J5_CROAD,C-type lectin domain family 17 member A-like,Crotalus adamanteus,8729,4,Clustered_C-Type_Lectins_or_Lectin-Like_Proteins,test
1890,tr,A0AAW1B8S0,A0AAW1B8S0_CROAD,C-type lectin domain family 17 member A-like,Crotalus adamanteus,8729,4,Clustered_C-Type_Lectins_or_Lectin-Like_Proteins,train
1891,tr,A0AAW1BEQ4,A0AAW1BEQ4_CROAD,C-type lectin domain family 2 member D6-like,Crotalus adamanteus,8729,4,Clustered_C-Type_Lectins_or_Lectin-Like_Proteins,train
1892,tr,A0AAW1BE90,A0AAW1BE90_CROAD,C-type lectin,Crotalus adamanteus,8729,4,Clustered_C-Type_Lectins_or_Lectin-Like_Proteins,train
1893,tr,V8NAU1,V8NAU1_OPHHA,C-type lectin domain-containing protein (Fragment),Ophiophagus hannah,8665,3,Clustered_C-Type_Lectins_or_Lectin-Like_Proteins,train
1894,tr,V8NFT1,V8NFT1_OPHHA,C-type lectin domain-containing protein (Fragment),Ophiophagus hannah,8665,3,Clustered_C-Type_Lectins_or_Lectin-Like_Proteins,train
1895,tr,V8NGQ0,V8NGQ0_OPHHA,C-type lectin domain-containing protein,Ophiophagus hannah,8665,3,Clustered_C-Type_Lectins_or_Lectin-Like_Proteins,train
1896,tr,V8N8Q5,V8N8Q5_OPHHA,C-type lectin domain-containing protein (Fragment),Ophiophagus hannah,8665,3,Clustered_C-Type_Lectins_or_Lectin-Like_Proteins,train
1897,tr,V8P038,V8P038_OPHHA,C-type lectin domain-containing protein (Fragment),Ophiophagus hannah,8665,3,Clustered_C-Type_Lectins_or_Lectin-Like_Proteins,train
1898,tr,A0A1I9KNS2,A0A1I9KNS2_VIPAA,C-type lectin snaclec-2,Vipera ammodytes ammodytes,8705,2,Clustered_C-Type_Lectins_or_Lectin-Like_Proteins,train
1899,tr,A0A1I9KNP1,A0A1I9KNP1_VIPAA,C-type lectin snaclec-4,Vipera ammodytes ammodytes,8705,2,Clustered_C-Type_Lectins_or_Lectin-Like_Proteins,train
1900,tr,V8N4Y5,V8N4Y5_OPHHA,C-type lectin domain-containing protein (Fragment),Ophiophagus hannah,8665,3,Clustered_C-Type_Lectins_or_Lectin-Like_Proteins,train
1901,tr,V8N6P1,V8N6P1_OPHHA,C-type lectin domain-containing protein (Fragment),Ophiophagus hannah,8665,3,Clustered_C-Type_Lectins_or_Lectin-Like_Proteins,train
1902,tr,V8NMR8,V8NMR8_OPHHA,C-type lectin domain-containing protein (Fragment),Ophiophagus hannah,8665,3,Clustered_C-Type_Lectins_or_Lectin-Like_Proteins,train
1903,tr,V8P0A4,V8P0A4_OPHHA,C-type lectin domain-containing protein (Fragment),Ophiophagus hannah,8665,3,Clustered_C-Type_Lectins_or_Lectin-Like_Proteins,train
1904,tr,T2HQM6,T2HQM6_OVOOK,C-type lectin beta subunit (Fragment),Ovophis okinavensis,8769,2,Clustered_C-Type_Lectins_or_Lectin-Like_Proteins,train
1905,tr,A0A8C6XRB2,A0A8C6XRB2_NAJNA,C-type lectin domain containing 5A,Naja naja,35670,3,Clustered_C-Type_Lectins_or_Lectin-Like_Proteins,train
1906,tr,T2HQ69,T2HQ69_OVOOK,C-type lectin beta subunit (Fragment),Ovophis okinavensis,8769,2,Clustered_C-Type_Lectins_or_Lectin-Like_Proteins,train
1907,tr,V8N718,V8N718_OPHHA,C-type lectin domain-containing protein (Fragment),Ophiophagus hannah,8665,3,Clustered_C-Type_Lectins_or_Lectin-Like_Proteins,train
1908,tr,V8NBS4,V8NBS4_OPHHA,C-type lectin domain-containing protein (Fragment),Ophiophagus hannah,8665,3,Clustered_C-Type_Lectins_or_Lectin-Like_Proteins,train
1909,tr,V8NQF7,V8NQF7_OPHHA,C-type lectin domain-containing protein (Fragment),Ophiophagus hannah,8665,3,Clustered_C-Type_Lectins_or_Lectin-Like_Proteins,train
1910,tr,A0A8C6XKM2,A0A8C6XKM2_NAJNA,C-type lectin domain containing 19A,Naja naja,35670,3,Clustered_C-Type_Lectins_or_Lectin-Like_Proteins,train
1911,tr,A0A8C6Y6Y9,A0A8C6Y6Y9_NAJNA,C-type lectin domain containing 11A,Naja naja,35670,3,Clustered_C-Type_Lectins_or_Lectin-Like_Proteins,train
1912,tr,A0A8C5SKP2,A0A8C5SKP2_LATLA,C-type lectin domain containing 11A,Laticauda laticaudata,8630,3,Clustered_C-Type_Lectins_or_Lectin-Like_Proteins,train
1913,tr,A0A8C5RDL4,A0A8C5RDL4_LATLA,C-type lectin domain containing 19A,Laticauda laticaudata,8630,3,Clustered_C-Type_Lectins_or_Lectin-Like_Proteins,val
1914,tr,U3TDJ3,U3TDJ3_OVOOK,C-type_lectin_beta-subunit (Fragment),Ovophis okinavensis,8769,2,Clustered_C-Type_Lectins_or_Lectin-Like_Proteins,train
1915,tr,A0A2D4EQW8,A0A2D4EQW8_MICCO,C-type lectin domain-containing protein (Fragment),Micrurus corallinus,54390,4,Clustered_C-Type_Lectins_or_Lectin-Like_Proteins,train
1916,tr,A0A2D4ER09,A0A2D4ER09_MICCO,C-type lectin domain-containing protein (Fragment),Micrurus corallinus,54390,4,Clustered_C-Type_Lectins_or_Lectin-Like_Proteins,val
1917,tr,A0A2D4KX41,A0A2D4KX41_9SAUR,C-type lectin domain-containing protein (Fragment),Micrurus paraensis,1970185,4,Clustered_C-Type_Lectins_or_Lectin-Like_Proteins,train
1918,tr,A0AAW1B712,A0AAW1B712_CROAD,C-type lectin domain-containing protein,Crotalus adamanteus,8729,4,Clustered_C-Type_Lectins_or_Lectin-Like_Proteins,test
1919,tr,A0AAW1AQI2,A0AAW1AQI2_CROAD,C-type lectin domain-containing protein,Crotalus adamanteus,8729,4,Clustered_C-Type_Lectins_or_Lectin-Like_Proteins,train
1920,tr,A0AAW1BWS9,A0AAW1BWS9_CROAD,C-type lectin domain-containing protein (Fragment),Crotalus adamanteus,8729,4,Clustered_C-Type_Lectins_or_Lectin-Like_Proteins,train
1921,tr,A0AAW1B6I4,A0AAW1B6I4_CROAD,C-type lectin domain-containing protein,Crotalus adamanteus,8729,4,Clustered_C-Type_Lectins_or_Lectin-Like_Proteins,train
1922,tr,A0A8C5WY95,A0A8C5WY95_LATLA,C-type lectin domain family 3 member A,Laticauda laticaudata,8630,3,Clustered_C-Type_Lectins_or_Lectin-Like_Proteins,val
1923,tr,A0A6J1V6D5,A0A6J1V6D5_9SAUR,C-type lectin domain family 19 member A,Notechis scutatus,8663,3,Clustered_C-Type_Lectins_or_Lectin-Like_Proteins,train
1924,tr,A0AAW1BES7,A0AAW1BES7_CROAD,C-type lectin domain-containing protein,Crotalus adamanteus,8729,4,Clustered_C-Type_Lectins_or_Lectin-Like_Proteins,train
1925,tr,V8NNF5,V8NNF5_OPHHA,C-type lectin domain family 2 member D (Fragment),Ophiophagus hannah,8665,3,Clustered_C-Type_Lectins_or_Lectin-Like_Proteins,train
1926,tr,V8NDB3,V8NDB3_OPHHA,C-type lectin domain family 2 member D (Fragment),Ophiophagus hannah,8665,3,Clustered_C-Type_Lectins_or_Lectin-Like_Proteins,train
1927,tr,V8NF17,V8NF17_OPHHA,C-type lectin domain family 2 member E (Fragment),Ophiophagus hannah,8665,3,Clustered_C-Type_Lectins_or_Lectin-Like_Proteins,train
1928,tr,A0A223PK21,A0A223PK21_DABRR,C-type lectin domain family 3 member A,Daboia russelii,8707,2,Clustered_C-Type_Lectins_or_Lectin-Like_Proteins,train
1929,tr,V8N534,V8N534_OPHHA,C-type lectin domain family 4 member F (Fragment),Ophiophagus hannah,8665,3,Clustered_C-Type_Lectins_or_Lectin-Like_Proteins,train
1930,tr,V8NDD1,V8NDD1_OPHHA,C-type lectin domain family 4 member F (Fragment),Ophiophagus hannah,8665,3,Clustered_C-Type_Lectins_or_Lectin-Like_Proteins,val
1931,tr,A0AAW1B8N3,A0AAW1B8N3_CROAD,Clec4f: C-type lectin domain family 4 member F,Crotalus adamanteus,8729,4,Clustered_C-Type_Lectins_or_Lectin-Like_Proteins,train
1932,tr,A0A8C5SKB9,A0A8C5SKB9_LATLA,Mannose receptor C-type 1,Laticauda laticaudata,8630,3,Clustered_C-Type_Lectins_or_Lectin-Like_Proteins,train
1933,tr,A0A8C5SQ34,A0A8C5SQ34_LATLA,Mannose receptor C-type 1,Laticauda laticaudata,8630,3,Clustered_C-Type_Lectins_or_Lectin-Like_Proteins,train
