,Unnamed: 0,database,database_id,uniprot_id,title,organism,taxonomy_id,evidence_level,protein,fold,label_index
0,0,sp,Q91516,VSPPA_TRIST,Venom plasminogen activator TSV-PA,Trimeresurus stejnegeri,39682,1,Snake_Venom_Serine_Proteases(SVSP),train,4
1,1,sp,E0Y419,VSPBF_MACLB,Beta-fibrinogenase,Macrovipera lebetinus,3148341,1,Snake_Venom_Serine_Proteases(SVSP),train,4
2,2,sp,Q9PTU8,VSP3_BOTJA,Snake venom serine protease BPA,Bothrops jararaca,8724,1,Snake_Venom_Serine_Proteases(SVSP),train,4
3,3,sp,Q8AY79,VSPS2_TRIST,Beta-fibrinogenase stejnefibrase-2,Trimeresurus stejnegeri,39682,1,Snake_Venom_Serine_Proteases(SVSP),train,4
4,4,sp,Q8JH85,VSPA_MACLB,Alpha-fibrinogenase,Macrovipera lebetinus,3148341,1,Snake_Venom_Serine_Proteases(SVSP),train,4
5,5,sp,Q27J47,VSPPA_LACMU,Venom plasminogen activator LV-PA,Lachesis muta muta,8753,1,Snake_Venom_Serine_Proteases(SVSP),train,4
6,6,sp,P09872,VSPCA_AGKCO,Protein C activator,Agkistrodon contortrix contortrix,8713,1,Snake_Venom_Serine_Proteases(SVSP),val,4
7,7,sp,Q5MCS0,VSPHA_HYDHA,Serine protease harobin,Hydrophis hardwickii,8781,1,Snake_Venom_Serine_Proteases(SVSP),train,4
8,8,sp,A8QL56,VSP1_OPHHA,Alpha- and beta-fibrinogenase OhS1,Ophiophagus hannah,8665,1,Snake_Venom_Serine_Proteases(SVSP),train,4
9,9,sp,P0DPS3,VASP1_VIPAA,Snake venom serine protease VaSP1 (Fragment),Vipera ammodytes ammodytes,8705,1,Snake_Venom_Serine_Proteases(SVSP),train,4
10,10,sp,Q8AY80,VSPS1_TRIST,Alpha- and beta-fibrinogenase stejnefibrase-1,Trimeresurus stejnegeri,39682,1,Snake_Venom_Serine_Proteases(SVSP),test,4
11,11,sp,Q5W959,VSP14_BOTJA,Snake venom serine protease HS114,Bothrops jararaca,8724,1,Snake_Venom_Serine_Proteases(SVSP),train,4
12,12,sp,Q9PT41,VSPF5_MACLB,Factor V activator,Macrovipera lebetinus,3148341,1,Snake_Venom_Serine_Proteases(SVSP),train,4
13,13,sp,K4LLQ2,VSP_BOTBA,Thrombin-like enzyme barnettobin (Fragment),Bothrops barnetti,1051630,1,Snake_Venom_Serine_Proteases(SVSP),train,4
14,14,sp,Q9I8X1,VSPP_DEIAC,Snake venom serine protease Dav-PA,Deinagkistrodon acutus,36307,1,Snake_Venom_Serine_Proteases(SVSP),train,4
15,15,sp,P85109,VSP1_GLOBR,Thrombin-like enzyme kangshuanmei,Gloydius brevicauda,3148161,1,Snake_Venom_Serine_Proteases(SVSP),train,4
16,16,sp,B7S4N9,VKT_OXYSC,Kunitz-type serine protease inhibitor taicotoxin,Oxyuranus scutellatus scutellatus,8667,1,Snake_Venom_Serine_Proteases(SVSP),train,4
17,17,sp,Q8AY81,VSPST_TRIST,Thrombin-like enzyme stejnobin,Trimeresurus stejnegeri,39682,1,Snake_Venom_Serine_Proteases(SVSP),train,4
18,18,sp,E0Y421,VSPY_MACLB,Chymotrypsin-like protease VLCTLP,Macrovipera lebetinus,3148341,1,Snake_Venom_Serine_Proteases(SVSP),train,4
19,19,sp,P0CG03,VSPBH_BOTAL,Thrombin-like enzyme bhalternin,Bothrops alternatus,64174,1,Snake_Venom_Serine_Proteases(SVSP),train,4
20,20,sp,Q072L6,VSPL_BOTAS,Thrombin-like enzyme asperase,Bothrops asper,8722,1,Snake_Venom_Serine_Proteases(SVSP),train,4
21,21,sp,P0DL26,VSP27_BOTPI,Thrombin-like enzyme BpirSP27 (Fragment),Bothrops pirajai,113192,1,Snake_Venom_Serine_Proteases(SVSP),train,4
22,22,sp,P0C5B4,VSPGL_GLOSH,Thrombin-like enzyme gloshedobin,Gloydius shedaoensis,88083,1,Snake_Venom_Serine_Proteases(SVSP),train,4
23,23,sp,P0DL27,VSP41_BOTPI,Thrombin-like enzyme BpirSP41 (Fragment),Bothrops pirajai,113192,1,Snake_Venom_Serine_Proteases(SVSP),test,4
24,24,sp,P0DJE9,VSP1_BOTMA,Thrombin-like enzyme TLBm,Bothrops marajoensis,157554,1,Snake_Venom_Serine_Proteases(SVSP),train,4
25,25,sp,P18965,VSPG_DABSI,Factor V activator RVV-V gamma,Daboia siamensis,343250,1,Snake_Venom_Serine_Proteases(SVSP),test,4
26,26,sp,F8S114,VSPCR_CROAD,Thrombin-like enzyme crotalase,Crotalus adamanteus,8729,1,Snake_Venom_Serine_Proteases(SVSP),test,4
27,27,sp,P0DJG3,VSP1_BOTAN,Thrombin-like enzyme TLBan (Fragment),Bothrocophias andianus,1144373,1,Snake_Venom_Serine_Proteases(SVSP),train,4
28,28,sp,Q58L96,FAXC_OXYSU,Venom prothrombin activator oscutarin-C catalytic subunit,Oxyuranus scutellatus,8668,1,Snake_Venom_Serine_Proteases(SVSP),train,4
29,29,sp,P18964,VSPA_DABSI,Factor V activator RVV-V alpha,Daboia siamensis,343250,1,Snake_Venom_Serine_Proteases(SVSP),val,4
30,30,sp,P82981,VSP2_AGKCO,Thrombin-like enzyme contortrixobin,Agkistrodon contortrix contortrix,8713,1,Snake_Venom_Serine_Proteases(SVSP),train,4
31,31,sp,P84787,VSP2_PROEL,Thrombin-like enzyme elegaxobin-2,Protobothrops elegans,88086,1,Snake_Venom_Serine_Proteases(SVSP),train,4
32,32,sp,P0DJ86,VSPL_BOTLC,Thrombin-like enzyme leucurobin,Bothrops leucurus,157295,1,Snake_Venom_Serine_Proteases(SVSP),train,4
33,33,sp,Q91053,VSP1_GLOUS,Thrombin-like enzyme calobin-1,Gloydius ussuriensis,35671,1,Snake_Venom_Serine_Proteases(SVSP),train,4
34,34,sp,P0C577,VSPG_BITGA,Thrombin-like enzyme gabonase (Fragment),Bitis gabonica,8694,1,Snake_Venom_Serine_Proteases(SVSP),train,4
35,35,sp,P05620,VSP1_PROFL,Thrombin-like enzyme flavoxobin,Protobothrops flavoviridis,88087,1,Snake_Venom_Serine_Proteases(SVSP),train,4
36,36,sp,Q7SZE1,VSPSX_GLOIT,Thrombin-like enzyme saxthrombin,Gloydius intermedius,44732,1,Snake_Venom_Serine_Proteases(SVSP),train,4
37,37,sp,P20005,VSP1_OVOOK,Thrombin-like enzyme okinaxobin-1 (Fragment),Ovophis okinavensis,8769,1,Snake_Venom_Serine_Proteases(SVSP),val,4
38,38,sp,P0DMU0,VSPJN_PROJR,Snake venom serine protease jerdonase (Fragment),Protobothrops jerdonii,242841,1,Snake_Venom_Serine_Proteases(SVSP),train,4
39,39,sp,P00980,VKTHA_DENAN,Kunitz-type serine protease inhibitor homolog alpha-dendrotoxin,Dendroaspis angusticeps,8618,1,Snake_Venom_Serine_Proteases(SVSP),train,4
40,40,sp,P0DJG7,VSP2_DEIAC,Thrombin-like enzyme acutobin-2 (Fragment),Deinagkistrodon acutus,36307,1,Snake_Venom_Serine_Proteases(SVSP),train,4
41,41,sp,P81661,VSPA_BOTJA,Thrombin-like enzyme bothrombin,Bothrops jararaca,8724,1,Snake_Venom_Serine_Proteases(SVSP),test,4
42,42,sp,P00982,VKTHD_DENAN,Kunitz-type serine protease inhibitor homolog delta-dendrotoxin,Dendroaspis angusticeps,8618,1,Snake_Venom_Serine_Proteases(SVSP),train,4
43,43,sp,Q9PT51,VSPB_GLOBL,Beta-fibrinogenase brevinase,Gloydius blomhoffii,242054,1,Snake_Venom_Serine_Proteases(SVSP),train,4
44,44,sp,A0A0S4FKT4,VSP1_CRODO,Thrombin-like enzyme collinein-1,Crotalus durissus collilineatus,221569,1,Snake_Venom_Serine_Proteases(SVSP),train,4
45,45,sp,P0DJF0,VSP48_BOTJR,Thrombin-like enzyme BJ-48 (Fragment),Bothrops jararacussu,8726,1,Snake_Venom_Serine_Proteases(SVSP),train,4
46,46,sp,P33589,VSPF_LACMU,Thrombin-like enzyme gyroxin analog,Lachesis muta muta,8753,1,Snake_Venom_Serine_Proteases(SVSP),train,4
47,47,sp,C0HLA3,VSP4_LACMR,Snake venom serine protease LmrSP-4 (Fragment),Lachesis muta rhombeata,60219,1,Snake_Venom_Serine_Proteases(SVSP),train,4
48,48,sp,P0DJG5,VSPKA_GLOHA,Snake venom serine protease AHP-Ka (Fragment),Gloydius halys,8714,1,Snake_Venom_Serine_Proteases(SVSP),test,4
49,49,sp,P04971,VSPF_BOTAT,Thrombin-like enzyme batroxobin,Bothrops atrox,8725,1,Snake_Venom_Serine_Proteases(SVSP),train,4
50,50,sp,Q6T5L0,VSPSH_GLOSH,Alpha-fibrinogenase shedaoenase,Gloydius shedaoensis,88083,1,Snake_Venom_Serine_Proteases(SVSP),val,4
51,51,sp,P33588,VSPCA_AGKBI,Protein C activator (Fragment),Agkistrodon bilineatus,8718,1,Snake_Venom_Serine_Proteases(SVSP),test,4
52,52,sp,P00981,VKTHK_DENPO,Kunitz-type serine protease inhibitor homolog dendrotoxin K (Fragment),Dendroaspis polylepis polylepis,8620,1,Snake_Venom_Serine_Proteases(SVSP),train,4
53,53,sp,Q9PRW2,VSP3_CROAT,Alpha-fibrinogenase A3 (Fragment),Crotalus atrox,8730,1,Snake_Venom_Serine_Proteases(SVSP),val,4
54,54,sp,Q9PRW4,VSPA1_CROAT,Alpha-fibrinogenase A1 (Fragment),Crotalus atrox,8730,1,Snake_Venom_Serine_Proteases(SVSP),train,4
55,55,sp,Q9PRW3,VSPA2_CROAT,Alpha-fibrinogenase A2 (Fragment),Crotalus atrox,8730,1,Snake_Venom_Serine_Proteases(SVSP),train,4
56,56,sp,P0CJ41,VSPAF_TRIAB,Alpha-fibrinogenase albofibrase,Trimeresurus albolabris,8765,2,Snake_Venom_Serine_Proteases(SVSP),train,4
57,57,sp,Q9DF67,VSP2_PROJR,Snake venom serine protease 2,Protobothrops jerdonii,242841,1,Snake_Venom_Serine_Proteases(SVSP),train,4
58,58,sp,Q8QHK3,VSP1_CROAT,Snake venom serine protease catroxase-1,Crotalus atrox,8730,1,Snake_Venom_Serine_Proteases(SVSP),test,4
59,59,sp,Q91509,VSP3_PROMU,Beta-fibrinogenase mucrofibrase-3,Protobothrops mucrosquamatus,103944,1,Snake_Venom_Serine_Proteases(SVSP),val,4
60,60,sp,Q91510,VSP4_PROMU,Beta-fibrinogenase mucrofibrase-4,Protobothrops mucrosquamatus,103944,1,Snake_Venom_Serine_Proteases(SVSP),train,4
61,61,sp,P86497,VSPR1_BITRH,Snake venom serine protease rhinocerase (Fragment),Bitis rhinoceros,715877,1,Snake_Venom_Serine_Proteases(SVSP),train,4
62,62,sp,P0DMU1,VSPJF_PROJR,Beta-fibrinogenase jerdofibrase (Fragment),Protobothrops jerdonii,242841,1,Snake_Venom_Serine_Proteases(SVSP),train,4
63,63,sp,Q9PRP4,VSPF_LACMR,Thrombin-like enzyme LMR-47 (Fragment),Lachesis muta rhombeata,60219,1,Snake_Venom_Serine_Proteases(SVSP),train,4
64,64,sp,Q91508,VSP2_PROMU,Beta-fibrinogenase mucrofibrase-2,Protobothrops mucrosquamatus,103944,1,Snake_Venom_Serine_Proteases(SVSP),val,4
65,65,sp,Q9PRM8,VSPAA_CERCE,Snake venom serine protease Afaacytin alpha/beta/beta' chains (Fragment),Cerastes cerastes,8697,1,Snake_Venom_Serine_Proteases(SVSP),val,4
66,66,sp,Q7SYF1,VSPP_CERCE,Thrombin-like enzyme cerastocytin,Cerastes cerastes,8697,1,Snake_Venom_Serine_Proteases(SVSP),train,4
67,67,sp,P81176,VSP1_GLOBL,Thrombin-like enzyme halystase,Gloydius blomhoffii,242054,1,Snake_Venom_Serine_Proteases(SVSP),test,4
68,68,sp,P81824,VSP1_BOTJA,Platelet-aggregating proteinase PA-BJ (Fragment),Bothrops jararaca,8724,1,Snake_Venom_Serine_Proteases(SVSP),train,4
69,69,sp,Q91507,VSP1_PROMU,Beta-fibrinogenase mucrofibrase-1,Protobothrops mucrosquamatus,103944,1,Snake_Venom_Serine_Proteases(SVSP),train,4
70,70,sp,Q2PQJ3,VSP1_BOTJR,Thrombin-like enzyme BjussuSP-1,Bothrops jararacussu,8726,1,Snake_Venom_Serine_Proteases(SVSP),train,4
71,71,sp,Q8QHK2,VSP2_CROAT,Snake venom serine protease catroxase-2,Crotalus atrox,8730,1,Snake_Venom_Serine_Proteases(SVSP),train,4
72,72,sp,P0DRJ7,VSPKA_LACMU,Kallikrein-like enzyme LV-Ka (Fragment),Lachesis muta muta,8753,1,Snake_Venom_Serine_Proteases(SVSP),train,4
73,73,sp,P0DM43,VSP_PROJR,Thrombin-like enzyme jerdonobin (Fragment),Protobothrops jerdonii,242841,1,Snake_Venom_Serine_Proteases(SVSP),train,4
74,74,sp,Q9I8X2,VSP1_DEIAC,Thrombin-like enzyme acutobin,Deinagkistrodon acutus,36307,1,Snake_Venom_Serine_Proteases(SVSP),train,4
75,75,sp,P81038,VSPA_CERCE,Thrombin-like enzyme cerastotin (Fragment),Cerastes cerastes,8697,1,Snake_Venom_Serine_Proteases(SVSP),train,4
76,76,sp,Q9PSN3,VSP2_AGKBI,Thrombin-like enzyme bilineobin,Agkistrodon bilineatus,8718,1,Snake_Venom_Serine_Proteases(SVSP),train,4
77,77,sp,Q91511,VSP5_PROMU,Beta-fibrinogenase mucrofibrase-5,Protobothrops mucrosquamatus,103944,1,Snake_Venom_Serine_Proteases(SVSP),train,4
78,78,sp,P0DKY5,VSP_CRODC,Thrombin-like enzyme F202 (Fragment),Crotalus durissus cascavella,184540,1,Snake_Venom_Serine_Proteases(SVSP),train,4
79,79,sp,B0ZT25,VSPH_PROJR,Snake venom serine protease homolog,Protobothrops jerdonii,242841,1,Snake_Venom_Serine_Proteases(SVSP),test,4
80,80,sp,P0DJF6,VSPC_TRIAB,Thrombin-like enzyme chitribrisin,Trimeresurus albolabris,8765,1,Snake_Venom_Serine_Proteases(SVSP),train,4
81,81,sp,P0DJF7,VSPP_TRIPP,Thrombin-like enzyme purpurase (Fragment),Trimeresurus purpureomaculatus,101163,1,Snake_Venom_Serine_Proteases(SVSP),train,4
82,82,sp,P0DJF4,VSPAL_TRIAB,Thrombin-like enzyme albolabrase (Fragment),Trimeresurus albolabris,8765,1,Snake_Venom_Serine_Proteases(SVSP),train,4
83,83,sp,P0DKX3,VSP2_CRODM,Thrombin-like enzyme Cdc SII (Fragment),Crotalus durissus cumanensis,184542,1,Snake_Venom_Serine_Proteases(SVSP),train,4
84,84,sp,P84788,VSP1_PROEL,Thrombin-like enzyme elegaxobin-1,Protobothrops elegans,88086,1,Snake_Venom_Serine_Proteases(SVSP),train,4
85,85,sp,P0DKX2,VSP1_CRODM,Thrombin-like enzyme Cdc SI (Fragment),Crotalus durissus cumanensis,184542,1,Snake_Venom_Serine_Proteases(SVSP),train,4
86,86,sp,P0C590,VSP2_GLOUS,Thrombin-like enzyme calobin-2 (Fragment),Gloydius ussuriensis,35671,1,Snake_Venom_Serine_Proteases(SVSP),train,4
87,87,sp,P0C578,VSP2_OVOOK,Thrombin-like enzyme okinaxobin-2 (Fragment),Ovophis okinavensis,8769,1,Snake_Venom_Serine_Proteases(SVSP),val,4
88,88,sp,P47797,VSPF2_CALRH,Thrombin-like enzyme ancrod-2,Calloselasma rhodostoma,8717,2,Snake_Venom_Serine_Proteases(SVSP),test,4
89,89,sp,Q7SZE2,VSPD_GLOUS,Bradykinin-releasing enzyme KR-E-1,Gloydius ussuriensis,35671,1,Snake_Venom_Serine_Proteases(SVSP),train,4
90,90,sp,P25660,VKT9_BUNFA,Kunitz-type serine protease inhibitor IX,Bungarus fasciatus,8613,1,Snake_Venom_Serine_Proteases(SVSP),train,4
91,91,sp,P26324,VSPF1_CALRH,Thrombin-like enzyme ancrod,Calloselasma rhodostoma,8717,1,Snake_Venom_Serine_Proteases(SVSP),train,4
92,92,sp,Q9YGS1,VSPA_DEIAC,Thrombin-like enzyme acutin (Fragment),Deinagkistrodon acutus,36307,1,Snake_Venom_Serine_Proteases(SVSP),train,4
93,93,sp,P81883,VSPT2_BOTJA,Thrombin-like enzyme TL-BJ 2 (Fragment),Bothrops jararaca,8724,1,Snake_Venom_Serine_Proteases(SVSP),train,4
94,94,sp,P81884,VSPT3_BOTJA,Thrombin-like enzyme TL-BJ 3 (Fragment),Bothrops jararaca,8724,1,Snake_Venom_Serine_Proteases(SVSP),train,4
95,95,sp,P81882,VSPT1_BOTJA,Thrombin-like enzyme TL-BJ 1 (Fragment),Bothrops jararaca,8724,1,Snake_Venom_Serine_Proteases(SVSP),train,4
96,96,sp,P0DJE8,VSPDV_BOTJR,Thrombin-like enzyme D-V (Fragment),Bothrops jararacussu,8726,1,Snake_Venom_Serine_Proteases(SVSP),train,4
97,97,sp,P0DMH6,VSP_BOTFO,Snake venom serine protease (Fragment),Bothrops fonsecai,157549,1,Snake_Venom_Serine_Proteases(SVSP),train,4
98,98,sp,B0FXM2,VSP14_CRODU,Thrombin-like enzyme gyroxin B1.4,Crotalus durissus terrificus,8732,2,Snake_Venom_Serine_Proteases(SVSP),train,4
99,99,sp,Q072L7,VSP_LACST,Snake venom serine protease,Lachesis stenophrys,88085,2,Snake_Venom_Serine_Proteases(SVSP),train,4
100,100,sp,B0FXM3,VSP17_CRODU,Thrombin-like enzyme gyroxin B1.7,Crotalus durissus terrificus,8732,2,Snake_Venom_Serine_Proteases(SVSP),test,4
101,101,sp,Q58G94,VSP21_CRODU,Thrombin-like enzyme gyroxin B2.1,Crotalus durissus terrificus,8732,2,Snake_Venom_Serine_Proteases(SVSP),train,4
102,102,sp,B0FXM1,VSP13_CRODU,Thrombin-like enzyme gyroxin B1.3,Crotalus durissus terrificus,8732,2,Snake_Venom_Serine_Proteases(SVSP),train,4
103,103,sp,Q09GK1,VSP_PHIOL,Snake venom serine protease,Philodryas olfersii,120305,2,Snake_Venom_Serine_Proteases(SVSP),train,4
104,104,sp,Q2QA04,VSP_CRODD,Snake venom serine protease,Crotalus durissus durissus,31150,2,Snake_Venom_Serine_Proteases(SVSP),test,4
105,105,sp,P0DJG6,VSP_CROVV,Snake venom serine protease (Fragment),Crotalus viridis viridis,8742,1,Snake_Venom_Serine_Proteases(SVSP),train,4
106,106,sp,Q71QI5,VSP03_TRIST,Snake venom serine protease KN3,Trimeresurus stejnegeri,39682,2,Snake_Venom_Serine_Proteases(SVSP),train,4
107,107,sp,Q71QI7,VSP11_TRIST,Snake venom serine protease KN11,Trimeresurus stejnegeri,39682,2,Snake_Venom_Serine_Proteases(SVSP),test,4
108,108,sp,Q71QJ0,VSP02_TRIST,Snake venom serine protease KN2,Trimeresurus stejnegeri,39682,2,Snake_Venom_Serine_Proteases(SVSP),train,4
109,109,sp,Q71QJ3,VSP01_TRIST,Snake venom serine protease KN1,Trimeresurus stejnegeri,39682,2,Snake_Venom_Serine_Proteases(SVSP),train,4
110,110,sp,Q8QG86,VSP_BOTIN,Snake venom serine protease BITS01A,Bothrops insularis,8723,2,Snake_Venom_Serine_Proteases(SVSP),train,4
111,111,sp,Q8UVX1,VSPG_GLOUS,Snake venom serine protease gussurobin,Gloydius ussuriensis,35671,2,Snake_Venom_Serine_Proteases(SVSP),train,4
112,112,sp,Q71QH7,VSPP_TRIST,Snake venom serine protease PA,Trimeresurus stejnegeri,39682,2,Snake_Venom_Serine_Proteases(SVSP),train,4
113,113,sp,Q71QI1,VSP12_TRIST,Snake venom serine protease KN12,Trimeresurus stejnegeri,39682,2,Snake_Venom_Serine_Proteases(SVSP),train,4
114,114,sp,Q8UUJ2,VSPUI_GLOUS,Snake venom serine protease ussurin,Gloydius ussuriensis,35671,2,Snake_Venom_Serine_Proteases(SVSP),test,4
115,115,sp,Q71QH6,VSP13_TRIST,Snake venom serine protease KN13,Trimeresurus stejnegeri,39682,2,Snake_Venom_Serine_Proteases(SVSP),train,4
116,116,sp,Q71QJ1,VSP09_TRIST,Snake venom serine protease KN9,Trimeresurus stejnegeri,39682,2,Snake_Venom_Serine_Proteases(SVSP),train,4
117,117,sp,Q8UUJ1,VSPUA_GLOUS,Snake venom serine protease ussurase,Gloydius ussuriensis,35671,2,Snake_Venom_Serine_Proteases(SVSP),train,4
118,118,sp,U5YCR8,VSP_BOTPC,Snake venom serine protease pictobin (Fragment),Bothrops pictus,133440,2,Snake_Venom_Serine_Proteases(SVSP),train,4
119,119,sp,O73800,VSPSN_GLOHA,Snake venom serine protease salmobin,Gloydius halys,8714,2,Snake_Venom_Serine_Proteases(SVSP),train,4
120,120,sp,Q8AY78,VSP5M_TRIST,Snake venom serine protease 5,Trimeresurus stejnegeri,39682,2,Snake_Venom_Serine_Proteases(SVSP),train,4
121,121,sp,Q6IWF1,VSPTL_BOTAL,Snake venom serine protease BthaTL,Bothrops alternatus,64174,2,Snake_Venom_Serine_Proteases(SVSP),train,4
122,122,sp,A8QL53,VSP1_NAJAT,Snake venom serine protease NaSP (Fragment),Naja atra,8656,2,Snake_Venom_Serine_Proteases(SVSP),train,4
123,123,sp,Q5W960,VSP12_BOTJA,Snake venom serine protease HS112,Bothrops jararaca,8724,2,Snake_Venom_Serine_Proteases(SVSP),train,4
124,124,sp,A8QL57,VSP1_BUNMU,Snake venom serine protease BmSP (Fragment),Bungarus multicinctus,8616,2,Snake_Venom_Serine_Proteases(SVSP),val,4
125,125,sp,Q71QI4,VSP05_TRIST,Snake venom serine protease KN5,Trimeresurus stejnegeri,39682,2,Snake_Venom_Serine_Proteases(SVSP),train,4
126,126,sp,Q71QH9,VSP14_TRIST,Snake venom serine protease KN14,Trimeresurus stejnegeri,39682,2,Snake_Venom_Serine_Proteases(SVSP),train,4
127,127,sp,Q71QI2,VSP2_TRIST,Snake venom serine protease CL2,Trimeresurus stejnegeri,39682,2,Snake_Venom_Serine_Proteases(SVSP),train,4
128,128,sp,Q71QI3,VSP5_TRIST,Snake venom serine protease CL5,Trimeresurus stejnegeri,39682,2,Snake_Venom_Serine_Proteases(SVSP),val,4
129,129,sp,Q71QJ2,VSP06_TRIST,Snake venom serine protease KN6,Trimeresurus stejnegeri,39682,2,Snake_Venom_Serine_Proteases(SVSP),train,4
130,130,sp,Q9PTL3,VSPSA_GLOBR,Snake venom serine protease salmonase,Gloydius brevicauda,3148161,2,Snake_Venom_Serine_Proteases(SVSP),train,4
131,131,sp,Q802F0,VSPP1_GLOHA,Snake venom serine protease PTLE1,Gloydius halys,8714,2,Snake_Venom_Serine_Proteases(SVSP),test,4
132,132,sp,Q71QH5,VSP08_TRIST,Snake venom serine protease KN8,Trimeresurus stejnegeri,39682,2,Snake_Venom_Serine_Proteases(SVSP),train,4
133,133,sp,Q71QI8,VSP10_TRIST,Snake venom serine protease KN10,Trimeresurus stejnegeri,39682,2,Snake_Venom_Serine_Proteases(SVSP),train,4
134,134,sp,P00992,VKT3_VIPAA,Kunitz-type serine protease inhibitor 3,Vipera ammodytes ammodytes,8705,1,Snake_Venom_Serine_Proteases(SVSP),train,4
135,135,sp,P00979,VKTH1_DENPO,Kunitz-type serine protease inhibitor homolog dendrotoxin I,Dendroaspis polylepis polylepis,8620,1,Snake_Venom_Serine_Proteases(SVSP),val,4
136,136,sp,Q9I8X0,VSP3_DEIAC,Snake venom serine protease Dav-KN,Deinagkistrodon acutus,36307,2,Snake_Venom_Serine_Proteases(SVSP),train,4
137,137,sp,Q9YGJ2,VSP1_GLOHA,Snake venom serine protease pallabin,Gloydius halys,8714,2,Snake_Venom_Serine_Proteases(SVSP),train,4
138,138,sp,E0Y420,VSP3_MACLB,Serine protease VLSP-3,Macrovipera lebetinus,3148341,2,Snake_Venom_Serine_Proteases(SVSP),train,4
139,139,sp,Q9DG84,VSP7_PROMU,Snake venom serine protease serpentokallikrein-2,Protobothrops mucrosquamatus,103944,2,Snake_Venom_Serine_Proteases(SVSP),train,4
140,140,sp,P00991,VKT1_VIPAA,Kunitz-type serine protease inhibitor 1,Vipera ammodytes ammodytes,8705,1,Snake_Venom_Serine_Proteases(SVSP),test,4
141,141,sp,Q9YGJ9,VSPH2_GLOBR,Snake venom serine protease Haly-2,Gloydius brevicauda,3148161,2,Snake_Venom_Serine_Proteases(SVSP),val,4
142,142,sp,E0Y418,VSP1_MACLB,Serine protease VLSP-1,Macrovipera lebetinus,3148341,2,Snake_Venom_Serine_Proteases(SVSP),train,4
143,143,sp,Q9I8W9,VSP4_DEIAC,Snake venom serine protease Dav-X,Deinagkistrodon acutus,36307,2,Snake_Venom_Serine_Proteases(SVSP),train,4
144,144,sp,O93421,VSPPE_GLOHA,Snake venom serine protease pallase,Gloydius halys,8714,2,Snake_Venom_Serine_Proteases(SVSP),val,4
145,145,sp,Q9DF66,VSP3_PROJR,Snake venom serine protease 3,Protobothrops jerdonii,242841,2,Snake_Venom_Serine_Proteases(SVSP),train,4
146,146,sp,B5U6Y3,VSP_ECHOC,Serine protease sp-Eoc49,Echis ocellatus,99586,2,Snake_Venom_Serine_Proteases(SVSP),train,4
147,147,sp,Q9DG83,VSP6_PROMU,Snake venom serine protease serpentokallikrein-1,Protobothrops mucrosquamatus,103944,2,Snake_Venom_Serine_Proteases(SVSP),train,4
148,148,sp,O13059,VSP1_CRAGM,Snake venom serine protease 1,Craspedocephalus gramineus,8767,2,Snake_Venom_Serine_Proteases(SVSP),train,4
149,149,sp,E5AJX2,VSP_VIPNI,Snake venom serine protease nikobin,Vipera nikolskii,1808362,2,Snake_Venom_Serine_Proteases(SVSP),train,4
150,150,sp,O13062,VSPC_CRAGM,Snake venom serine protease 2C,Craspedocephalus gramineus,8767,2,Snake_Venom_Serine_Proteases(SVSP),train,4
151,151,sp,Q9YGI6,VSP2_GLOHA,Snake venom serine protease pallabin-2,Gloydius halys,8714,2,Snake_Venom_Serine_Proteases(SVSP),train,4
152,152,sp,O13057,VSP2_PROFL,Snake venom serine protease 2,Protobothrops flavoviridis,88087,2,Snake_Venom_Serine_Proteases(SVSP),train,4
153,153,sp,O13063,VSP3_CRAGM,Snake venom serine protease 3,Craspedocephalus gramineus,8767,2,Snake_Venom_Serine_Proteases(SVSP),train,4
154,154,sp,O13058,VSP3_PROFL,Snake venom serine protease 3,Protobothrops flavoviridis,88087,2,Snake_Venom_Serine_Proteases(SVSP),train,4
155,155,sp,O13061,VSPB_CRAGM,Snake venom serine protease 2B,Craspedocephalus gramineus,8767,2,Snake_Venom_Serine_Proteases(SVSP),train,4
156,156,sp,P0DJF1,VSP1_BOTPA,Thrombin-like enzyme BpSP-1 (Fragment),Bothrops pauloensis,1042543,1,Snake_Venom_Serine_Proteases(SVSP),train,4
157,157,sp,Q90WA1,VKT1_PSETT,Kunitz-type serine protease inhibitor textilinin-1,Pseudonaja textilis textilis,169397,1,Snake_Venom_Serine_Proteases(SVSP),train,4
158,158,sp,Q7LZF4,VSP4A_CERCE,Snake venom serine protease IVa (Fragment),Cerastes cerastes,8697,1,Snake_Venom_Serine_Proteases(SVSP),train,4
159,159,sp,D8MIA3,VSPR5_BITRH,Snake venom serine protease rhinocerase 5 (Fragment),Bitis rhinoceros,715877,1,Snake_Venom_Serine_Proteases(SVSP),val,4
160,160,sp,D8MIA2,VSPR4_BITRH,Snake venom serine protease rhinocerase 4 (Fragment),Bitis rhinoceros,715877,1,Snake_Venom_Serine_Proteases(SVSP),train,4
161,161,sp,A0A1I9KNP0,VSPH1_VIPAA,Vaa serine proteinase homolog 1,Vipera ammodytes ammodytes,8705,1,Snake_Venom_Serine_Proteases(SVSP),train,4
162,162,sp,P82966,VKTCI_OPHHA,Kunitz-type serine protease inhibitor,Ophiophagus hannah,8665,1,Snake_Venom_Serine_Proteases(SVSP),train,4
163,163,sp,E5L0E4,VSPB_DABSI,Beta-fibrinogenase-like,Daboia siamensis,343250,2,Snake_Venom_Serine_Proteases(SVSP),train,4
164,164,sp,E5L0E6,VSPCA_AGKPL,Protein C activator,Agkistrodon piscivorus leucostoma,459671,2,Snake_Venom_Serine_Proteases(SVSP),train,4
165,165,sp,E5L0E3,VSPAF_DABSI,Alpha-fibrinogenase-like,Daboia siamensis,343250,2,Snake_Venom_Serine_Proteases(SVSP),train,4
166,166,sp,P0DJF5,VSPPA_TRIAB,Venom plasminogen activator GPV-PA,Trimeresurus albolabris,8765,2,Snake_Venom_Serine_Proteases(SVSP),train,4
167,167,sp,E5L0E5,VSPPA_AGKPL,Venom plasminogen activator,Agkistrodon piscivorus leucostoma,459671,2,Snake_Venom_Serine_Proteases(SVSP),train,4
168,168,sp,Q9DF68,VSPH1_PROJR,Snake venom serine protease homolog,Protobothrops jerdonii,242841,2,Snake_Venom_Serine_Proteases(SVSP),train,4
169,169,sp,Q5W958,VSPH_BOTJA,Snake venom serine protease homolog HS120,Bothrops jararaca,8724,2,Snake_Venom_Serine_Proteases(SVSP),train,4
170,170,sp,J3S833,VSP2_CROAD,Snake venom serine proteinase 2,Crotalus adamanteus,8729,1,Snake_Venom_Serine_Proteases(SVSP),train,4
171,171,sp,Q8UUK2,VSPS1_CROAD,Snake venom serine proteinase Sp1,Crotalus adamanteus,8729,2,Snake_Venom_Serine_Proteases(SVSP),train,4
172,172,sp,J3RY93,VSPC_CROAD,Snake venom serine proteinase 12,Crotalus adamanteus,8729,1,Snake_Venom_Serine_Proteases(SVSP),train,4
173,173,sp,J3S835,VSP8_CROAD,Snake venom serine proteinase 8,Crotalus adamanteus,8729,1,Snake_Venom_Serine_Proteases(SVSP),train,4
174,174,sp,J3SDX0,VSP4_CROAD,Snake venom serine proteinase 4a,Crotalus adamanteus,8729,1,Snake_Venom_Serine_Proteases(SVSP),train,4
175,175,sp,J3RYA3,VSP9_CROAD,Snake venom serine proteinase 9,Crotalus adamanteus,8729,1,Snake_Venom_Serine_Proteases(SVSP),train,4
176,176,sp,J3S832,VSPB_CROAD,Snake venom serine proteinase 11,Crotalus adamanteus,8729,1,Snake_Venom_Serine_Proteases(SVSP),train,4
177,177,sp,J3S3W5,VSP1_CROAD,Snake venom serine proteinase 1,Crotalus adamanteus,8729,1,Snake_Venom_Serine_Proteases(SVSP),train,4
178,178,sp,J3SDW9,VSPE_CROAD,Snake venom serine proteinase 14,Crotalus adamanteus,8729,1,Snake_Venom_Serine_Proteases(SVSP),train,4
179,179,sp,Q6T6S7,VSPH1_BITGA,Snake venom serine protease homolog 1,Bitis gabonica,8694,1,Snake_Venom_Serine_Proteases(SVSP),test,4
180,180,sp,P00983,MAMB7_DENPO,Mambaquaretin-7,Dendroaspis polylepis polylepis,8620,1,Snake_Venom_Serine_Proteases(SVSP),train,4
181,181,sp,Q9PT40,VSPH2_MACLB,Snake venom serine protease homolog 2,Macrovipera lebetinus,3148341,2,Snake_Venom_Serine_Proteases(SVSP),train,4
182,182,sp,I2G9B4,VKT_MACLN,Kunitz-type serine protease inhibitor PIVL,Macrovipera lebetina transmediterranea,384075,1,Snake_Venom_Serine_Proteases(SVSP),train,4
183,183,sp,P86545,VSP_NAJNA,Thrombin-like enzyme TLP (Fragment),Naja naja,35670,1,Snake_Venom_Serine_Proteases(SVSP),train,4
184,184,sp,O13060,VSPHA_CRAGM,Snake venom serine protease homolog 2A,Craspedocephalus gramineus,8767,2,Snake_Venom_Serine_Proteases(SVSP),test,4
185,185,sp,P18692,VSPCE_CERVI,Thrombin-like enzyme cerastobin (Fragment),Cerastes vipera,8698,1,Snake_Venom_Serine_Proteases(SVSP),train,4
186,186,sp,Q7T229,VSPH_BOTJR,Snake venom serine protease homolog,Bothrops jararacussu,8726,1,Snake_Venom_Serine_Proteases(SVSP),train,4
187,187,sp,F8S116,VSP5_CROAD,Snake venom serine proteinase 5,Crotalus adamanteus,8729,1,Snake_Venom_Serine_Proteases(SVSP),train,4
188,188,sp,D8MIA0,VSPH2_BITRH,Snake venom serine protease homolog rhinocerase 2 (Fragment),Bitis rhinoceros,715877,1,Snake_Venom_Serine_Proteases(SVSP),train,4
189,189,sp,D8MIA1,VSPH3_BITRH,Snake venom serine protease homolog rhinocerase 3 (Fragment),Bitis rhinoceros,715877,1,Snake_Venom_Serine_Proteases(SVSP),train,4
190,190,sp,P24541,VKT_ERIMA,Kunitz-type serine protease inhibitor,Eristicophis macmahoni,110227,1,Snake_Venom_Serine_Proteases(SVSP),val,4
191,191,sp,Q9PRY9,VSP_BITAR,Snake venom serine proteinase (Fragment),Bitis arietans,8692,1,Snake_Venom_Serine_Proteases(SVSP),train,4
192,192,sp,J3SBQ3,VSPD_CROAD,Inactive snake venom serine proteinase 13,Crotalus adamanteus,8729,1,Snake_Venom_Serine_Proteases(SVSP),train,4
193,193,sp,Q9PS28,VSPF_CERCE,Thrombin-like enzyme RP34 (Fragment),Cerastes cerastes,8697,1,Snake_Venom_Serine_Proteases(SVSP),test,4
194,194,sp,Q7LZF5,VSPC1_CROAT,Thrombin-like enzyme catroxobin-1 (Fragment),Crotalus atrox,8730,1,Snake_Venom_Serine_Proteases(SVSP),train,4
195,195,sp,Q8AY82,VSPH1_TRIST,Snake venom serine protease homolog 1,Trimeresurus stejnegeri,39682,2,Snake_Venom_Serine_Proteases(SVSP),train,4
196,196,sp,Q71QI0,VSPH7_TRIST,Snake venom serine protease homolog KN7,Trimeresurus stejnegeri,39682,2,Snake_Venom_Serine_Proteases(SVSP),train,4
197,197,sp,Q71QJ4,VSPH4_TRIST,Snake venom serine protease homolog KN4,Trimeresurus stejnegeri,39682,2,Snake_Venom_Serine_Proteases(SVSP),test,4
198,198,sp,O13069,VSP2_BOTJA,Thrombin-like enzyme KN-BJ 2,Bothrops jararaca,8724,1,Snake_Venom_Serine_Proteases(SVSP),train,4
199,199,sp,P00989,VKTH2_BUNMU,Kunitz-type serine protease inhibitor homolog beta-bungarotoxin B2 chain,Bungarus multicinctus,8616,1,Snake_Venom_Serine_Proteases(SVSP),val,4
200,200,sp,C0HJR6,VSP2_CRODO,Thrombin-like enzyme collinein-2 (Fragment),Crotalus durissus collilineatus,221569,1,Snake_Venom_Serine_Proteases(SVSP),test,4
201,201,sp,P00987,VKTH1_BUNMU,"Kunitz-type serine protease inhibitor homolog beta-bungarotoxin B1 chain, major component",Bungarus multicinctus,8616,1,Snake_Venom_Serine_Proteases(SVSP),train,4
202,202,sp,C0HK18,VSP4_CRODO,Thrombin-like enzyme collinein-4 (Fragment),Crotalus durissus collilineatus,221569,1,Snake_Venom_Serine_Proteases(SVSP),train,4
203,203,sp,C0HLB2,VKT_PSEPC,Kunitz-type serine protease inhibitor PPTI,Pseudocerastes persicus,47769,1,Snake_Venom_Serine_Proteases(SVSP),train,4
204,204,sp,C0HK19,VSP3_CRODO,Thrombin-like enzyme collinein-3 (Fragment),Crotalus durissus collilineatus,221569,1,Snake_Venom_Serine_Proteases(SVSP),train,4
205,205,sp,H6VC06,VKTK2_DABRR,Kunitz-type serine protease inhibitor DrKIn-II,Daboia russelii,8707,1,Snake_Venom_Serine_Proteases(SVSP),train,4
206,206,sp,H6VC05,VKTK1_DABRR,Kunitz-type serine protease inhibitor DrKIn-I,Daboia russelii,8707,1,Snake_Venom_Serine_Proteases(SVSP),train,4
207,207,sp,P00986,VKT2_NAJNI,Kunitz-type serine protease inhibitor 2,Naja nivea,8655,1,Snake_Venom_Serine_Proteases(SVSP),train,4
208,208,sp,P00984,VKTE_DENPO,Kunitz-type serine protease inhibitor dendrotoxin E,Dendroaspis polylepis polylepis,8620,1,Snake_Venom_Serine_Proteases(SVSP),val,4
209,209,sp,Q5ZPJ7,VKT_NAJAT,Kunitz-type serine protease inhibitor NACI,Naja atra,8656,1,Snake_Venom_Serine_Proteases(SVSP),train,4
210,210,sp,A7LAC7,VSP2_TRIAB,Thrombin-like enzyme 2,Trimeresurus albolabris,8765,2,Snake_Venom_Serine_Proteases(SVSP),test,4
211,211,sp,A7LAC6,VSP1_TRIAB,Thrombin-like enzyme 1,Trimeresurus albolabris,8765,2,Snake_Venom_Serine_Proteases(SVSP),train,4
212,212,sp,P00990,VKT2_DABSI,Kunitz-type serine protease inhibitor 2,Daboia siamensis,343250,1,Snake_Venom_Serine_Proteases(SVSP),val,4
213,213,sp,P19859,VKTCI_NAJNA,Kunitz-type serine protease inhibitor,Naja naja,35670,1,Snake_Venom_Serine_Proteases(SVSP),train,4
214,214,sp,P20229,VKTTI_NAJNA,Kunitz-type serine protease inhibitor,Naja naja,35670,1,Snake_Venom_Serine_Proteases(SVSP),val,4
215,215,sp,P00985,VKT2_HEMHA,Kunitz-type serine protease inhibitor 2,Hemachatus haemachatus,8626,1,Snake_Venom_Serine_Proteases(SVSP),train,4
216,216,sp,P0DMH5,VSP_BOTCO,Snake venom serine protease (Fragment),Bothrops cotiara,8727,1,Snake_Venom_Serine_Proteases(SVSP),val,4
217,217,sp,P80899,VSPCA_GLOHA,Protein C activator (Fragment),Gloydius halys,8714,1,Snake_Venom_Serine_Proteases(SVSP),train,4
218,218,sp,C1IC52,VKT2_WALAE,Kunitz-type serine protease inhibitor spermatin,Walterinnesia aegyptia,64182,1,Snake_Venom_Serine_Proteases(SVSP),val,4
219,219,sp,P0DMJ6,VKT12_DENAN,Kunitz-type serine protease inhibitor dendrotoxin DaE1,Dendroaspis angusticeps,8618,1,Snake_Venom_Serine_Proteases(SVSP),train,4
220,220,sp,Q9W728,VKTH3_BUNMU,Kunitz-type serine protease inhibitor homolog beta-bungarotoxin B3 chain,Bungarus multicinctus,8616,2,Snake_Venom_Serine_Proteases(SVSP),train,4
221,221,sp,A8Y7P1,VKTB1_DABSI,Kunitz-type serine protease inhibitor B1,Daboia siamensis,343250,1,Snake_Venom_Serine_Proteases(SVSP),test,4
222,222,sp,Q1RPT0,VKTH4_BUNMU,Kunitz-type serine protease inhibitor homolog beta-bungarotoxin B4 chain,Bungarus multicinctus,8616,1,Snake_Venom_Serine_Proteases(SVSP),train,4
223,223,sp,Q1RPS9,VKTH5_BUNMU,Kunitz-type serine protease inhibitor homolog beta-bungarotoxin B5 chain,Bungarus multicinctus,8616,3,Snake_Venom_Serine_Proteases(SVSP),val,4
224,224,sp,P0DJ63,VKT_OXYMI,Kunitz-type serine protease inhibitor OMI (Fragment),Oxyuranus microlepidotus,111177,1,Snake_Venom_Serine_Proteases(SVSP),train,4
225,225,sp,P0DKL8,VKT_VIPRE,Kunitz-type serine protease inhibitor Vur-KIn,Vipera renardi,927686,1,Snake_Venom_Serine_Proteases(SVSP),train,4
226,226,sp,E7FL12,VKT2_PSERS,Kunitz serine protease inhibitor Pr-mulgin 2,Pseudechis rossignolii,1489342,2,Snake_Venom_Serine_Proteases(SVSP),train,4
227,227,sp,E7FL13,VKT3_PSERS,Kunitz serine protease inhibitor Pr-mulgin 3,Pseudechis rossignolii,1489342,2,Snake_Venom_Serine_Proteases(SVSP),test,4
228,228,sp,Q7T2Q6,VKTHB_BUNFL,Kunitz-type serine protease inhibitor homolog beta-bungarotoxin B chain,Bungarus flaviceps flaviceps,8615,1,Snake_Venom_Serine_Proteases(SVSP),train,4
229,229,sp,C0HLA2,VSP3_LACMR,Thrombin-like enzyme LmrSP-3 (Fragment),Lachesis muta rhombeata,60219,1,Snake_Venom_Serine_Proteases(SVSP),train,4
230,230,sp,E7FL11,VKT1_PSERS,Kunitz serine protease inhibitor Pr-mulgin 1,Pseudechis rossignolii,1489342,1,Snake_Venom_Serine_Proteases(SVSP),train,4
231,231,sp,C0HLA1,VSP2_LACMR,Thrombin-like enzyme LmrSP-2 (Fragment),Lachesis muta rhombeata,60219,1,Snake_Venom_Serine_Proteases(SVSP),train,4
232,232,sp,P84470,VKTH8_BUNCA,Kunitz-type serine protease inhibitor homolog T2 B chain (Fragment),Bungarus candidus,92438,1,Snake_Venom_Serine_Proteases(SVSP),train,4
233,233,sp,P84473,VKTH2_BUNCA,Kunitz-type serine protease inhibitor homolog T1-2 B chain (Fragment),Bungarus candidus,92438,1,Snake_Venom_Serine_Proteases(SVSP),train,4
234,234,sp,P84471,VKTH1_BUNCA,Kunitz-type serine protease inhibitor homolog T1-1 B chain (Fragment),Bungarus candidus,92438,1,Snake_Venom_Serine_Proteases(SVSP),train,4
235,235,sp,A8Y7P3,VKTB3_DABSI,Kunitz-type serine protease inhibitor B3,Daboia siamensis,343250,3,Snake_Venom_Serine_Proteases(SVSP),test,4
236,236,sp,A8Y7P4,VKTB4_DABSI,Kunitz-type serine protease inhibitor B4,Daboia siamensis,343250,3,Snake_Venom_Serine_Proteases(SVSP),train,4
237,237,sp,A8Y7N5,VKTC2_DABSI,Kunitz-type serine protease inhibitor C2,Daboia siamensis,343250,3,Snake_Venom_Serine_Proteases(SVSP),train,4
238,238,sp,P81658,VKTHC_DENAN,Kunitz-type serine protease inhibitor homolog calcicludine,Dendroaspis angusticeps,8618,1,Snake_Venom_Serine_Proteases(SVSP),train,4
239,239,sp,P0CV90,VSPH_CROAT,Snake venom serine protease homolog (Fragment),Crotalus atrox,8730,1,Snake_Venom_Serine_Proteases(SVSP),train,4
240,240,sp,P86530,VSP1_DABRR,Vipera russelli proteinase RVV-V homolog 1 (Fragment),Daboia russelii,8707,1,Snake_Venom_Serine_Proteases(SVSP),val,4
241,241,sp,P86532,VSP4_DABRR,Vipera russelli proteinase RVV-V homolog 4 (Fragment),Daboia russelii,8707,1,Snake_Venom_Serine_Proteases(SVSP),train,4
242,242,sp,Q2ES46,VKT5_DABRR,Kunitz-type serine protease inhibitor 5,Daboia russelii,8707,2,Snake_Venom_Serine_Proteases(SVSP),train,4
243,243,sp,Q2ES47,VKT4_DABRR,Kunitz-type serine protease inhibitor 4,Daboia russelii,8707,2,Snake_Venom_Serine_Proteases(SVSP),train,4
244,244,sp,B4ESA2,VKT1L_BUNMU,Kunitz-type serine protease inhibitor PILP-1,Bungarus multicinctus,8616,3,Snake_Venom_Serine_Proteases(SVSP),train,4
245,245,sp,B4ESA3,VKT2L_BUNMU,Kunitz-type serine protease inhibitor PILP-2,Bungarus multicinctus,8616,3,Snake_Venom_Serine_Proteases(SVSP),train,4
246,246,sp,B2KTG1,VKT_BUNFA,Kunitz-type serine protease inhibitor bungaruskunin,Bungarus fasciatus,8613,1,Snake_Venom_Serine_Proteases(SVSP),train,4
247,247,sp,F8J2F6,VKT18_DRYCN,Kunitz-type serine protease inhibitor 18,Drysdalia coronoides,66186,1,Snake_Venom_Serine_Proteases(SVSP),train,4
248,248,tr,A0A1W7RI98,A0A1W7RI98_AGKCO,complement subcomponent C1r,Agkistrodon contortrix contortrix,8713,3,Snake_Venom_Serine_Proteases(SVSP),train,4
249,249,sp,Q6T6T5,VKT1_BITGA,Kunitz-type serine protease inhibitor bitisilin-1,Bitis gabonica,8694,1,Snake_Venom_Serine_Proteases(SVSP),train,4
250,250,sp,Q6T6S5,VKT2_BITGA,Kunitz-type serine protease inhibitor bitisilin-2,Bitis gabonica,8694,1,Snake_Venom_Serine_Proteases(SVSP),train,4
251,251,sp,B4ESA4,VKT3L_BUNMU,Kunitz-type serine protease inhibitor PILP-3,Bungarus multicinctus,8616,3,Snake_Venom_Serine_Proteases(SVSP),test,4
252,252,sp,Q90WA0,VKT2_PSETT,Kunitz-type serine protease inhibitor textilinin-2,Pseudonaja textilis textilis,169397,1,Snake_Venom_Serine_Proteases(SVSP),train,4
253,253,sp,B6RLX2,VKTCT_OPHHA,Kunitz-type serine protease inhibitor TCI,Ophiophagus hannah,8665,1,Snake_Venom_Serine_Proteases(SVSP),train,4
254,254,sp,Q7LZE3,VKTHE_DENAN,Kunitz-type serine protease inhibitor long epsilon-dendrotoxin His55,Dendroaspis angusticeps,8618,1,Snake_Venom_Serine_Proteases(SVSP),train,4
255,255,sp,Q7LZS8,VKTRE_DENAN,Kunitz-type serine protease inhibitor long epsilon-dendrotoxin Arg55,Dendroaspis angusticeps,8618,1,Snake_Venom_Serine_Proteases(SVSP),train,4
256,256,sp,P86531,VSP2_DABRR,Vipera russelli proteinase RVV-V homolog 2 (Fragment),Daboia russelii,8707,1,Snake_Venom_Serine_Proteases(SVSP),train,4
257,257,sp,P85041,VKT10_DABSI,Kunitz-type serine protease inhibitor C10 (Fragment),Daboia siamensis,343250,1,Snake_Venom_Serine_Proteases(SVSP),train,4
258,258,sp,P85040,VKTC9_DABSI,Kunitz-type serine protease inhibitor C9 (Fragment),Daboia siamensis,343250,1,Snake_Venom_Serine_Proteases(SVSP),train,4
259,259,tr,A0A194AM86,A0A194AM86_9SAUR,Snake venom serine protease,Agkistrodon piscivorus,8715,3,Snake_Venom_Serine_Proteases(SVSP),train,4
260,260,tr,A0A1W7RJW0,A0A1W7RJW0_AGKCO,Snake venom serine protease,Agkistrodon contortrix contortrix,8713,3,Snake_Venom_Serine_Proteases(SVSP),test,4
261,261,sp,A8Y7N8,VKTC5_DABSI,Kunitz-type serine protease inhibitor C5,Daboia siamensis,343250,2,Snake_Venom_Serine_Proteases(SVSP),train,4
262,262,sp,A8Y7N4,VKTC1_DABSI,Kunitz-type serine protease inhibitor C1,Daboia siamensis,343250,2,Snake_Venom_Serine_Proteases(SVSP),train,4
263,263,sp,A8Y7N9,VKTC6_DABSI,Kunitz-type serine protease inhibitor C6,Daboia siamensis,343250,2,Snake_Venom_Serine_Proteases(SVSP),train,4
264,264,sp,A8Y7N7,VKTC4_DABSI,Kunitz-type serine protease inhibitor C4,Daboia siamensis,343250,2,Snake_Venom_Serine_Proteases(SVSP),train,4
265,265,tr,A0A1W7RJU0,A0A1W7RJU0_AGKCO,Snake venom serine protease,Agkistrodon contortrix contortrix,8713,3,Snake_Venom_Serine_Proteases(SVSP),train,4
266,266,sp,P85039,VKTC8_DABSI,Kunitz-type serine protease inhibitor C8 (Fragment),Daboia siamensis,343250,1,Snake_Venom_Serine_Proteases(SVSP),train,4
267,267,sp,A8Y7P5,VKTB5_DABSI,Kunitz-type serine protease inhibitor B5,Daboia siamensis,343250,2,Snake_Venom_Serine_Proteases(SVSP),train,4
268,268,sp,A8Y7P0,VKTB7_DABSI,Kunitz-type serine protease inhibitor 7,Daboia siamensis,343250,2,Snake_Venom_Serine_Proteases(SVSP),train,4
269,269,tr,A0A6P9CA41,A0A6P9CA41_PANGU,Snake venom serine protease-like,Pantherophis guttatus,94885,3,Snake_Venom_Serine_Proteases(SVSP),train,4
270,270,tr,J7LCB0,J7LCB0_DEIAC,Snake venom serine protease Da-36,Deinagkistrodon acutus,36307,1,Snake_Venom_Serine_Proteases(SVSP),train,4
271,271,tr,A0A1W7RB66,A0A1W7RB66_CROAD,Cadam10_SVSP-12,Crotalus adamanteus,8729,3,Snake_Venom_Serine_Proteases(SVSP),val,4
272,272,tr,A0A1W7RB87,A0A1W7RB87_CROAD,Cadam10_SVSP-7,Crotalus adamanteus,8729,3,Snake_Venom_Serine_Proteases(SVSP),train,4
273,273,tr,A0AAW1AZH2,A0AAW1AZH2_CROAD,Snake venom serine protease 12,Crotalus adamanteus,8729,3,Snake_Venom_Serine_Proteases(SVSP),train,4
274,274,sp,B2KTG2,VKTH1_BUNFA,Kunitz-type serine protease inhibitor homolog beta-bungarotoxin BF B1 chain,Bungarus fasciatus,8613,2,Snake_Venom_Serine_Proteases(SVSP),val,4
275,275,sp,B2KTG3,VKTH2_BUNFA,Kunitz-type serine protease inhibitor homolog beta-bungarotoxin BF B2 chain,Bungarus fasciatus,8613,2,Snake_Venom_Serine_Proteases(SVSP),train,4
276,276,tr,A0A194AM91,A0A194AM91_9SAUR,Snake venom serine protease,Agkistrodon piscivorus,8715,3,Snake_Venom_Serine_Proteases(SVSP),train,4
277,277,tr,A0A194APM6,A0A194APM6_9SAUR,Snake venom serine protease,Agkistrodon piscivorus,8715,3,Snake_Venom_Serine_Proteases(SVSP),test,4
278,278,tr,A0A1W7RJW9,A0A1W7RJW9_AGKCO,Snake venom serine protease,Agkistrodon contortrix contortrix,8713,3,Snake_Venom_Serine_Proteases(SVSP),train,4
279,279,tr,A0A194AQC1,A0A194AQC1_9SAUR,Snake venom serine protease,Agkistrodon piscivorus,8715,3,Snake_Venom_Serine_Proteases(SVSP),train,4
280,280,tr,A0A194APJ3,A0A194APJ3_9SAUR,Snake venom serine protease,Agkistrodon piscivorus,8715,3,Snake_Venom_Serine_Proteases(SVSP),train,4
281,281,tr,A0A194APM1,A0A194APM1_9SAUR,Snake venom serine protease,Agkistrodon piscivorus,8715,3,Snake_Venom_Serine_Proteases(SVSP),train,4
282,282,tr,A0A194ARK3,A0A194ARK3_9SAUR,Snake venom serine protease,Agkistrodon piscivorus,8715,3,Snake_Venom_Serine_Proteases(SVSP),train,4
283,283,tr,A0A1W7RJU2,A0A1W7RJU2_AGKCO,Snake venom serine protease,Agkistrodon contortrix contortrix,8713,3,Snake_Venom_Serine_Proteases(SVSP),train,4
284,284,tr,A0A1W7RJX5,A0A1W7RJX5_AGKCO,Snake venom serine protease,Agkistrodon contortrix contortrix,8713,3,Snake_Venom_Serine_Proteases(SVSP),train,4
285,285,tr,A0A194APL0,A0A194APL0_9SAUR,Snake venom serine protease,Agkistrodon piscivorus,8715,3,Snake_Venom_Serine_Proteases(SVSP),train,4
286,286,tr,A0A1W7RJS4,A0A1W7RJS4_AGKCO,Snake venom serine protease,Agkistrodon contortrix contortrix,8713,3,Snake_Venom_Serine_Proteases(SVSP),train,4
287,287,tr,A0A194AMB1,A0A194AMB1_9SAUR,Snake venom serine protease,Agkistrodon piscivorus,8715,3,Snake_Venom_Serine_Proteases(SVSP),train,4
288,288,tr,A0A194APC8,A0A194APC8_9SAUR,Snake venom serine protease,Agkistrodon piscivorus,8715,3,Snake_Venom_Serine_Proteases(SVSP),train,4
289,289,tr,A0A194APD3,A0A194APD3_9SAUR,Snake venom serine protease,Agkistrodon piscivorus,8715,3,Snake_Venom_Serine_Proteases(SVSP),train,4
290,290,tr,A0A194ARJ3,A0A194ARJ3_9SAUR,Snake venom serine protease,Agkistrodon piscivorus,8715,3,Snake_Venom_Serine_Proteases(SVSP),train,4
291,291,tr,A0A1W7RJU6,A0A1W7RJU6_AGKCO,Snake venom serine protease,Agkistrodon contortrix contortrix,8713,3,Snake_Venom_Serine_Proteases(SVSP),train,4
292,292,tr,A0A194AM83,A0A194AM83_9SAUR,Snake venom serine protease,Agkistrodon piscivorus,8715,3,Snake_Venom_Serine_Proteases(SVSP),train,4
293,293,tr,A0A194APD8,A0A194APD8_9SAUR,Snake venom serine protease,Agkistrodon piscivorus,8715,3,Snake_Venom_Serine_Proteases(SVSP),train,4
294,294,tr,A0A194APL5,A0A194APL5_9SAUR,Snake venom serine protease,Agkistrodon piscivorus,8715,3,Snake_Venom_Serine_Proteases(SVSP),train,4
295,295,tr,A0A194AQD7,A0A194AQD7_9SAUR,Snake venom serine protease,Agkistrodon piscivorus,8715,3,Snake_Venom_Serine_Proteases(SVSP),train,4
296,296,tr,A0A194ARH4,A0A194ARH4_9SAUR,Snake venom serine protease,Agkistrodon piscivorus,8715,3,Snake_Venom_Serine_Proteases(SVSP),test,4
297,297,tr,A0A1W7RJV9,A0A1W7RJV9_AGKCO,Snake venom serine protease,Agkistrodon contortrix contortrix,8713,3,Snake_Venom_Serine_Proteases(SVSP),train,4
298,298,tr,A0A1W7RJT5,A0A1W7RJT5_AGKCO,Snake venom serine protease,Agkistrodon contortrix contortrix,8713,3,Snake_Venom_Serine_Proteases(SVSP),val,4
299,299,tr,A0A194AMA1,A0A194AMA1_9SAUR,Snake venom serine protease,Agkistrodon piscivorus,8715,3,Snake_Venom_Serine_Proteases(SVSP),val,4
300,300,tr,A0A1W7RJU4,A0A1W7RJU4_AGKCO,Snake venom serine protease,Agkistrodon contortrix contortrix,8713,3,Snake_Venom_Serine_Proteases(SVSP),val,4
301,301,tr,A0A1W7RJX1,A0A1W7RJX1_AGKCO,Snake venom serine protease,Agkistrodon contortrix contortrix,8713,3,Snake_Venom_Serine_Proteases(SVSP),test,4
302,302,tr,A0A194APC3,A0A194APC3_9SAUR,Snake venom serine protease,Agkistrodon piscivorus,8715,3,Snake_Venom_Serine_Proteases(SVSP),train,4
303,303,sp,Q1RPS8,VKTH6_BUNMU,Kunitz-type serine protease inhibitor homolog beta-bungarotoxin B6 chain,Bungarus multicinctus,8616,3,Snake_Venom_Serine_Proteases(SVSP),train,4
304,304,tr,A0A194ALW4,A0A194ALW4_AGKCO,Snake venom serine protease,Agkistrodon contortrix contortrix,8713,3,Snake_Venom_Serine_Proteases(SVSP),train,4
305,305,tr,A0A194ARI8,A0A194ARI8_9SAUR,Snake venom serine protease,Agkistrodon piscivorus,8715,3,Snake_Venom_Serine_Proteases(SVSP),train,4
306,306,tr,A0A1W7RJY1,A0A1W7RJY1_AGKCO,Snake venom serine protease,Agkistrodon contortrix contortrix,8713,3,Snake_Venom_Serine_Proteases(SVSP),train,4
307,307,sp,D5J9Q8,VKT5_BUNFL,Kunitz-type serine protease inhibitor isoform 5,Bungarus flaviceps flaviceps,8615,3,Snake_Venom_Serine_Proteases(SVSP),train,4
308,308,sp,P0CAR0,VKTG1_MICPY,Kunitz-type serine protease inhibitor G1 (Fragment),Micrurus pyrrhocryptus,129468,1,Snake_Venom_Serine_Proteases(SVSP),train,4
309,309,sp,Q6ITB1,VKT_PSEPO,Kunitz-type serine protease inhibitor blackelin,Pseudechis porphyriacus,8671,2,Snake_Venom_Serine_Proteases(SVSP),train,4
310,310,tr,A0A194APA8,A0A194APA8_9SAUR,Snake venom serine protease,Agkistrodon piscivorus,8715,3,Snake_Venom_Serine_Proteases(SVSP),train,4
311,311,tr,A0A194APB8,A0A194APB8_9SAUR,Snake venom serine protease,Agkistrodon piscivorus,8715,3,Snake_Venom_Serine_Proteases(SVSP),train,4
312,312,tr,A0A194AQC5,A0A194AQC5_9SAUR,Snake venom serine protease,Agkistrodon piscivorus,8715,3,Snake_Venom_Serine_Proteases(SVSP),train,4
313,313,tr,A0A194AQC9,A0A194AQC9_9SAUR,Snake venom serine protease,Agkistrodon piscivorus,8715,3,Snake_Venom_Serine_Proteases(SVSP),train,4
314,314,tr,A0A1W7RJV6,A0A1W7RJV6_AGKCO,Snake venom serine protease,Agkistrodon contortrix contortrix,8713,3,Snake_Venom_Serine_Proteases(SVSP),train,4
315,315,tr,A0A194APB3,A0A194APB3_9SAUR,Snake venom serine protease,Agkistrodon piscivorus,8715,3,Snake_Venom_Serine_Proteases(SVSP),train,4
316,316,tr,A0A194APJ8,A0A194APJ8_9SAUR,Snake venom serine protease,Agkistrodon piscivorus,8715,3,Snake_Venom_Serine_Proteases(SVSP),train,4
317,317,tr,A0A194APK5,A0A194APK5_9SAUR,Snake venom serine protease,Agkistrodon piscivorus,8715,3,Snake_Venom_Serine_Proteases(SVSP),train,4
318,318,tr,A0A194ARI3,A0A194ARI3_9SAUR,Snake venom serine protease,Agkistrodon piscivorus,8715,3,Snake_Venom_Serine_Proteases(SVSP),train,4
319,319,tr,A0A194ARJ8,A0A194ARJ8_9SAUR,Snake venom serine protease,Agkistrodon piscivorus,8715,3,Snake_Venom_Serine_Proteases(SVSP),test,4
320,320,tr,A0A1W7RJX4,A0A1W7RJX4_AGKCO,Snake venom serine protease,Agkistrodon contortrix contortrix,8713,3,Snake_Venom_Serine_Proteases(SVSP),train,4
321,321,tr,A0A2I7YS25,A0A2I7YS25_9SAUR,Snake venom serine protease,Agkistrodon piscivorus,8715,2,Snake_Venom_Serine_Proteases(SVSP),train,4
322,322,tr,A0A194AM96,A0A194AM96_9SAUR,Snake venom serine protease,Agkistrodon piscivorus,8715,3,Snake_Venom_Serine_Proteases(SVSP),train,4
323,323,tr,A0A194APK1,A0A194APK1_9SAUR,Snake venom serine protease,Agkistrodon piscivorus,8715,3,Snake_Venom_Serine_Proteases(SVSP),train,4
324,324,tr,A0A194AQD3,A0A194AQD3_9SAUR,Snake venom serine protease,Agkistrodon piscivorus,8715,3,Snake_Venom_Serine_Proteases(SVSP),train,4
325,325,tr,A0A194ARH9,A0A194ARH9_9SAUR,Snake venom serine protease,Agkistrodon piscivorus,8715,3,Snake_Venom_Serine_Proteases(SVSP),test,4
326,326,tr,A0A1W7RCX8,A0A1W7RCX8_AGKCO,Snake venom serine protease,Agkistrodon contortrix contortrix,8713,3,Snake_Venom_Serine_Proteases(SVSP),val,4
327,327,tr,A0A1W7RJR6,A0A1W7RJR6_AGKCO,Snake venom serine protease,Agkistrodon contortrix contortrix,8713,3,Snake_Venom_Serine_Proteases(SVSP),train,4
328,328,tr,A0A194ARG5,A0A194ARG5_9SAUR,Snake venom serine protease,Agkistrodon piscivorus,8715,3,Snake_Venom_Serine_Proteases(SVSP),train,4
329,329,tr,A0A194API8,A0A194API8_9SAUR,Snake venom serine protease,Agkistrodon piscivorus,8715,3,Snake_Venom_Serine_Proteases(SVSP),train,4
330,330,tr,A0A194ARH0,A0A194ARH0_9SAUR,Snake venom serine protease,Agkistrodon piscivorus,8715,3,Snake_Venom_Serine_Proteases(SVSP),train,4
331,331,tr,A0A1W7RJV2,A0A1W7RJV2_AGKCO,Snake venom serine protease,Agkistrodon contortrix contortrix,8713,3,Snake_Venom_Serine_Proteases(SVSP),train,4
332,332,tr,A0A1W7RJX3,A0A1W7RJX3_AGKCO,Snake venom serine protease,Agkistrodon contortrix contortrix,8713,3,Snake_Venom_Serine_Proteases(SVSP),train,4
333,333,tr,A0A0F7Z2N9,A0A0F7Z2N9_CROAD,Cadam10_SVSP-10,Crotalus adamanteus,8729,2,Snake_Venom_Serine_Proteases(SVSP),train,4
334,334,tr,F8S118,F8S118_CROAD,Cadam10_SVSP-2,Crotalus adamanteus,8729,2,Snake_Venom_Serine_Proteases(SVSP),train,4
335,335,sp,Q6ITB8,VKT4_PSEAU,Kunitz-type serine protease inhibitor mulgin-4,Pseudechis australis,8670,2,Snake_Venom_Serine_Proteases(SVSP),train,4
336,336,sp,Q6ITC0,VKT2_PSEAU,Kunitz-type serine protease inhibitor mulgin-2,Pseudechis australis,8670,2,Snake_Venom_Serine_Proteases(SVSP),train,4
337,337,sp,B5L5Q8,VKT5_PSEAU,Kunitz-type serine protease inhibitor mulgin-5,Pseudechis australis,8670,3,Snake_Venom_Serine_Proteases(SVSP),train,4
338,338,tr,J3RY98,J3RY98_CROAD,Cadam10_SVSP-3,Crotalus adamanteus,8729,2,Snake_Venom_Serine_Proteases(SVSP),train,4
339,339,sp,Q6ITB0,VKT1_TROCA,Kunitz-type serine protease inhibitor carinatin-1,Tropidechis carinatus,100989,2,Snake_Venom_Serine_Proteases(SVSP),train,4
340,340,sp,Q6ITB9,VKT3_PSEAU,Kunitz-type serine protease inhibitor mulgin-3,Pseudechis australis,8670,2,Snake_Venom_Serine_Proteases(SVSP),train,4
341,341,tr,A0A6J1TVU9,A0A6J1TVU9_9SAUR,Snake venom serine protease NaSP isoform X1,Notechis scutatus,8663,3,Snake_Venom_Serine_Proteases(SVSP),train,4
342,342,sp,Q8AY46,VKTHB_BUNCA,Kunitz-type serine protease inhibitor homolog beta-bungarotoxin B1 chain,Bungarus candidus,92438,2,Snake_Venom_Serine_Proteases(SVSP),train,4
343,343,sp,Q75S50,VKTH3_BUNCA,Kunitz-type serine protease inhibitor homolog beta-bungarotoxin B3 chain,Bungarus candidus,92438,2,Snake_Venom_Serine_Proteases(SVSP),val,4
344,344,sp,Q8AY44,VKTH7_BUNCA,Kunitz-type serine protease inhibitor homolog beta-bungarotoxin B2b chain,Bungarus candidus,92438,2,Snake_Venom_Serine_Proteases(SVSP),train,4
345,345,sp,Q75S49,VKTH4_BUNCA,Kunitz-type serine protease inhibitor homolog beta-bungarotoxin B4 chain (Fragment),Bungarus candidus,92438,2,Snake_Venom_Serine_Proteases(SVSP),train,4
346,346,sp,Q8AY45,VKBH2_BUNCA,Kunitz-type serine protease inhibitor homolog beta-bungarotoxin B2a chain,Bungarus candidus,92438,2,Snake_Venom_Serine_Proteases(SVSP),val,4
347,347,tr,E9NX14,E9NX14_AGKPL,Snake venom serine protease,Agkistrodon piscivorus leucostoma,459671,2,Snake_Venom_Serine_Proteases(SVSP),train,4
348,348,tr,F8S115,F8S115_CROAD,Cadam10_SVSP-5,Crotalus adamanteus,8729,2,Snake_Venom_Serine_Proteases(SVSP),train,4
349,349,sp,Q0PL65,VKTH7_BUNMU,Kunitz-type serine protease inhibitor homolog beta-bungarotoxin B5-B chain,Bungarus multicinctus,8616,2,Snake_Venom_Serine_Proteases(SVSP),train,4
350,350,tr,A0AAW1AXB1,A0AAW1AXB1_CROAD,VENOM COMPONENT: snake venom serine protease 5,Crotalus adamanteus,8729,3,Snake_Venom_Serine_Proteases(SVSP),train,4
351,351,tr,A0AAW1AXA2,A0AAW1AXA2_CROAD,VENOM COMPONENT: snake venom serine protease 16,Crotalus adamanteus,8729,3,Snake_Venom_Serine_Proteases(SVSP),test,4
352,352,tr,A0AAW1AYD3,A0AAW1AYD3_CROAD,VENOM COMPONENT: snake venom serine protease 15,Crotalus adamanteus,8729,3,Snake_Venom_Serine_Proteases(SVSP),test,4
353,353,tr,A0AAW1AXT3,A0AAW1AXT3_CROAD,VENOM COMPONENT: snake venom serine protease 8,Crotalus adamanteus,8729,3,Snake_Venom_Serine_Proteases(SVSP),train,4
354,354,tr,A0AAW1AYE4,A0AAW1AYE4_CROAD,VENOM COMPONENT: snake venom serine protease 9,Crotalus adamanteus,8729,3,Snake_Venom_Serine_Proteases(SVSP),train,4
355,355,tr,A0A0F7Z1I9,A0A0F7Z1I9_CROAD,Serine proteinase 6,Crotalus adamanteus,8729,2,Snake_Venom_Serine_Proteases(SVSP),train,4
356,356,sp,Q6ITC1,VKTH1_PSEAU,Kunitz-type serine protease inhibitor homolog mulgin-1,Pseudechis australis,8670,2,Snake_Venom_Serine_Proteases(SVSP),train,4
357,357,tr,J3S3W4,J3S3W4_CROAD,Snake venom serine proteinase 10,Crotalus adamanteus,8729,2,Snake_Venom_Serine_Proteases(SVSP),train,4
358,358,tr,J3S3W6,J3S3W6_CROAD,Serine proteinase 3b,Crotalus adamanteus,8729,2,Snake_Venom_Serine_Proteases(SVSP),train,4
359,359,sp,B5G6G6,VKT2_PSEPO,Kunitz-type serine protease inhibitor blackelin-2,Pseudechis porphyriacus,8671,2,Snake_Venom_Serine_Proteases(SVSP),train,4
360,360,sp,B5KL29,VKT3_OXYSC,Kunitz-type serine protease inhibitor scutellin-3,Oxyuranus scutellatus scutellatus,8667,2,Snake_Venom_Serine_Proteases(SVSP),train,4
361,361,sp,B5KL33,VKT2_TROCA,Kunitz-type serine protease inhibitor carinatin-2,Tropidechis carinatus,100989,2,Snake_Venom_Serine_Proteases(SVSP),train,4
362,362,sp,B5KL27,VKT3_OXYMI,Kunitz-type serine protease inhibitor microlepidin-3,Oxyuranus microlepidotus,111177,2,Snake_Venom_Serine_Proteases(SVSP),val,4
363,363,sp,B5L5Q6,VKT5_OXYMI,Kunitz-type serine protease inhibitor microlepidin-5,Oxyuranus microlepidotus,111177,3,Snake_Venom_Serine_Proteases(SVSP),train,4
364,364,sp,B5L5R7,VKT2_HOPST,Kunitz-type serine protease inhibitor stephenin-2,Hoplocephalus stephensii,196418,3,Snake_Venom_Serine_Proteases(SVSP),val,4
365,365,sp,B5KF95,VKT1_CRYNI,Kunitz-type serine protease inhibitor nigrescinin-1,Cryptophis nigrescens,292442,2,Snake_Venom_Serine_Proteases(SVSP),train,4
366,366,sp,B2BS84,VKT_AUSLA,Putative Kunitz-type serine protease inhibitor,Austrelaps labialis,471292,2,Snake_Venom_Serine_Proteases(SVSP),val,4
367,367,sp,Q6ITB3,VKT1_NOTSC,Kunitz-type serine protease inhibitor tigerin-1,Notechis scutatus scutatus,70142,2,Snake_Venom_Serine_Proteases(SVSP),train,4
368,368,sp,B5L5Q1,VKT7_PSETT,Kunitz-type serine protease inhibitor textilinin-7,Pseudonaja textilis textilis,169397,3,Snake_Venom_Serine_Proteases(SVSP),train,4
369,369,sp,B5KL41,VKT4_AUSSU,Kunitz-type serine protease inhibitor superbin-4,Austrelaps superbus,29156,2,Snake_Venom_Serine_Proteases(SVSP),val,4
370,370,sp,B5KL38,VKT1_AUSSU,Kunitz-type serine protease inhibitor superbin-1,Austrelaps superbus,29156,2,Snake_Venom_Serine_Proteases(SVSP),train,4
371,371,sp,A6MFL2,VKT2_DEMVE,Kunitz-type serine protease inhibitor vestiginin-2,Demansia vestigiata,412038,2,Snake_Venom_Serine_Proteases(SVSP),val,4
372,372,sp,A6MFL3,VKT3_DEMVE,Kunitz-type serine protease inhibitor vestiginin-3,Demansia vestigiata,412038,1,Snake_Venom_Serine_Proteases(SVSP),val,4
373,373,tr,A0AAW1AXR3,A0AAW1AXR3_CROAD,Snake venom serine protease 3,Crotalus adamanteus,8729,3,Snake_Venom_Serine_Proteases(SVSP),train,4
374,374,sp,Q2ES49,VKT2_DABRR,Kunitz-type serine protease inhibitor 2,Daboia russelii,8707,2,Snake_Venom_Serine_Proteases(SVSP),train,4
375,375,sp,Q2ES48,VKT3_DABRR,Kunitz-type serine protease inhibitor 3,Daboia russelii,8707,2,Snake_Venom_Serine_Proteases(SVSP),train,4
376,376,sp,Q2ES50,VKT1_DABRR,Kunitz-type serine protease inhibitor 1,Daboia russelii,8707,2,Snake_Venom_Serine_Proteases(SVSP),train,4
377,377,sp,A6MFL1,VKT1_DEMVE,Kunitz-type serine protease inhibitor vestiginin-1,Demansia vestigiata,412038,2,Snake_Venom_Serine_Proteases(SVSP),val,4
378,378,sp,Q6T269,VKT3_BITGA,Kunitz-type serine protease inhibitor bitisilin-3 (Fragment),Bitis gabonica,8694,2,Snake_Venom_Serine_Proteases(SVSP),train,4
379,379,sp,B5KF94,VKT1_HOPST,Kunitz-type serine protease inhibitor stephenin-1,Hoplocephalus stephensii,196418,2,Snake_Venom_Serine_Proteases(SVSP),train,4
380,380,sp,B5KF96,VKT2_CRYNI,Kunitz-type serine protease inhibitor nigrescinin-2,Cryptophis nigrescens,292442,2,Snake_Venom_Serine_Proteases(SVSP),train,4
381,381,sp,B5KL39,VKT2_AUSSU,Kunitz-type serine protease inhibitor superbin-2,Austrelaps superbus,29156,2,Snake_Venom_Serine_Proteases(SVSP),test,4
382,382,sp,B5KL28,VKT4_OXYMI,Kunitz-type serine protease inhibitor microlepidin-4,Oxyuranus microlepidotus,111177,2,Snake_Venom_Serine_Proteases(SVSP),train,4
383,383,sp,B5KL31,VKT3_PSEPO,Kunitz-type serine protease inhibitor blackelin-3,Pseudechis porphyriacus,8671,2,Snake_Venom_Serine_Proteases(SVSP),test,4
384,384,sp,B5KL40,VKT3_AUSSU,Kunitz-type serine protease inhibitor superbin-3,Austrelaps superbus,29156,2,Snake_Venom_Serine_Proteases(SVSP),train,4
385,385,sp,A7X3V7,VKT1_PHIOL,Kunitz-type serine protease inhibitor kunitoxin-Phi1,Philodryas olfersii,120305,2,Snake_Venom_Serine_Proteases(SVSP),train,4
386,386,sp,Q6ITB4,VKT2_OXYMI,Kunitz-type serine protease inhibitor microlepidin-2,Oxyuranus microlepidotus,111177,2,Snake_Venom_Serine_Proteases(SVSP),train,4
387,387,sp,Q6ITB5,VKT1_OXYMI,Kunitz-type serine protease inhibitor microlepidin-1,Oxyuranus microlepidotus,111177,2,Snake_Venom_Serine_Proteases(SVSP),train,4
388,388,sp,B5KL30,VKT4_OXYSC,Kunitz-type serine protease inhibitor scutellin-4,Oxyuranus scutellatus scutellatus,8667,2,Snake_Venom_Serine_Proteases(SVSP),val,4
389,389,sp,B5KL32,VKT3_NOTSC,Kunitz-type serine protease inhibitor tigerin-3,Notechis scutatus scutatus,70142,2,Snake_Venom_Serine_Proteases(SVSP),test,4
390,390,sp,B5KL34,VKT3_CRYNI,Kunitz-type serine protease inhibitor nigrescinin-3,Cryptophis nigrescens,292442,2,Snake_Venom_Serine_Proteases(SVSP),train,4
391,391,sp,B5KL35,VKT4_CRYNI,Kunitz-type serine protease inhibitor nigrescinin-4,Cryptophis nigrescens,292442,2,Snake_Venom_Serine_Proteases(SVSP),train,4
392,392,sp,B5KL36,VKT5_CRYNI,Kunitz-type serine protease inhibitor nigrescinin-5,Cryptophis nigrescens,292442,2,Snake_Venom_Serine_Proteases(SVSP),train,4
393,393,sp,B5KL37,VKT6_CRYNI,Kunitz-type serine protease inhibitor nigrescinin-6,Cryptophis nigrescens,292442,2,Snake_Venom_Serine_Proteases(SVSP),train,4
394,394,sp,Q6ITB7,VKT1_OXYSC,Kunitz-type serine protease inhibitor scutellin-1,Oxyuranus scutellatus scutellatus,8667,2,Snake_Venom_Serine_Proteases(SVSP),val,4
395,395,sp,A6MGY1,VKT7_DEMVE,Kunitz-type serine protease inhibitor vestiginin-7,Demansia vestigiata,412038,1,Snake_Venom_Serine_Proteases(SVSP),train,4
396,396,sp,Q6ITB2,VKT2_NOTSC,Kunitz-type serine protease inhibitor tigerin-2,Notechis scutatus scutatus,70142,2,Snake_Venom_Serine_Proteases(SVSP),train,4
397,397,sp,A6MFL4,VKT4_DEMVE,Kunitz-type serine protease inhibitor vestiginin-4,Demansia vestigiata,412038,2,Snake_Venom_Serine_Proteases(SVSP),val,4
398,398,sp,A7X3V4,VKT1_TELDH,Kunitz-type serine protease inhibitor kunitoxin-Tel1,Telescopus dhara,338837,2,Snake_Venom_Serine_Proteases(SVSP),train,4
399,399,sp,E5AJX3,VKT_VIPNI,Kunitz-type serine protease inhibitor ki-VN,Vipera nikolskii,1808362,2,Snake_Venom_Serine_Proteases(SVSP),train,4
400,400,sp,Q6ITB6,VKT2_OXYSC,Kunitz-type serine protease inhibitor scutellin-2,Oxyuranus scutellatus scutellatus,8667,2,Snake_Venom_Serine_Proteases(SVSP),train,4
401,401,sp,F8J2F3,VKT28_DRYCN,Kunitz-type serine protease inhibitor 28,Drysdalia coronoides,66186,1,Snake_Venom_Serine_Proteases(SVSP),train,4
402,402,sp,F8J2F4,VKT16_DRYCN,Kunitz-type serine protease inhibitor 161,Drysdalia coronoides,66186,1,Snake_Venom_Serine_Proteases(SVSP),train,4
403,403,sp,F8J2F5,VKT87_DRYCN,Kunitz-type serine protease inhibitor 87,Drysdalia coronoides,66186,1,Snake_Venom_Serine_Proteases(SVSP),train,4
404,404,sp,Q8AY42,VKTB_BUNCA,Kunitz-type serine protease inhibitor B,Bungarus candidus,92438,2,Snake_Venom_Serine_Proteases(SVSP),train,4
405,405,sp,Q8AY41,VKTC_BUNCA,Kunitz-type serine protease inhibitor C,Bungarus candidus,92438,2,Snake_Venom_Serine_Proteases(SVSP),train,4
406,406,sp,Q90W96,VKT6_PSETT,Kunitz-type serine protease inhibitor textilinin-6,Pseudonaja textilis textilis,169397,2,Snake_Venom_Serine_Proteases(SVSP),train,4
407,407,sp,Q90W99,VKT3_PSETT,Kunitz-type serine protease inhibitor textilinin-3,Pseudonaja textilis textilis,169397,2,Snake_Venom_Serine_Proteases(SVSP),train,4
408,408,sp,A6MGX9,VKT5_DEMVE,Kunitz-type serine protease inhibitor vestiginin-5,Demansia vestigiata,412038,2,Snake_Venom_Serine_Proteases(SVSP),train,4
409,409,sp,Q8AY43,VKTA_BUNCA,Kunitz-type serine protease inhibitor A,Bungarus candidus,92438,2,Snake_Venom_Serine_Proteases(SVSP),train,4
410,410,sp,Q90W97,VKT5_PSETT,Kunitz-type serine protease inhibitor textilinin-5,Pseudonaja textilis textilis,169397,2,Snake_Venom_Serine_Proteases(SVSP),val,4
411,411,sp,Q90W98,VKT4_PSETT,Kunitz-type serine protease inhibitor textilinin-4,Pseudonaja textilis textilis,169397,2,Snake_Venom_Serine_Proteases(SVSP),test,4
412,412,sp,A8Y7P6,VKTB6_DABSI,Kunitz-type serine protease inhibitor B6,Daboia siamensis,343250,2,Snake_Venom_Serine_Proteases(SVSP),train,4
413,413,sp,A8Y7P2,VKTB2_DABSI,Kunitz-type serine protease inhibitor B2,Daboia siamensis,343250,2,Snake_Venom_Serine_Proteases(SVSP),train,4
414,414,sp,A8Y7N6,VKTC3_DABSI,Kunitz-type serine protease inhibitor C3,Daboia siamensis,343250,2,Snake_Venom_Serine_Proteases(SVSP),train,4
415,415,tr,A0A6J1TT97,A0A6J1TT97_9SAUR,Enteropeptidase,Notechis scutatus,8663,3,Snake_Venom_Serine_Proteases(SVSP),train,4
416,416,tr,A0A9F5J2S8,A0A9F5J2S8_PYTBI,Enteropeptidase,Python bivittatus,176946,3,Snake_Venom_Serine_Proteases(SVSP),train,4
417,417,tr,A0A670Y936,A0A670Y936_PSETE,Enteropeptidase,Pseudonaja textilis,8673,3,Snake_Venom_Serine_Proteases(SVSP),train,4
418,418,tr,A0A670XNE9,A0A670XNE9_PSETE,Transmembrane serine protease 6,Pseudonaja textilis,8673,3,Snake_Venom_Serine_Proteases(SVSP),train,4
419,419,tr,A0A6J1TVZ6,A0A6J1TVZ6_9SAUR,Neurotrypsin,Notechis scutatus,8663,3,Snake_Venom_Serine_Proteases(SVSP),train,4
420,420,tr,A0A6P9E625,A0A6P9E625_PANGU,Neurotrypsin,Pantherophis guttatus,94885,3,Snake_Venom_Serine_Proteases(SVSP),train,4
421,421,tr,A0A8C6X718,A0A8C6X718_NAJNA,Neurotrypsin,Naja naja,35670,3,Snake_Venom_Serine_Proteases(SVSP),train,4
422,422,tr,A0A670Y0V9,A0A670Y0V9_PSETE,Neurotrypsin,Pseudonaja textilis,8673,3,Snake_Venom_Serine_Proteases(SVSP),train,4
423,423,tr,A0A6I9YCZ3,A0A6I9YCZ3_9SAUR,Transmembrane protease serine 2,Thamnophis sirtalis,35019,3,Snake_Venom_Serine_Proteases(SVSP),val,4
424,424,tr,A0A6J1UML9,A0A6J1UML9_9SAUR,Transmembrane protease serine 2,Notechis scutatus,8663,3,Snake_Venom_Serine_Proteases(SVSP),train,4
425,425,tr,A0A8C5WVN9,A0A8C5WVN9_LATLA,Transmembrane protease serine 2,Laticauda laticaudata,8630,3,Snake_Venom_Serine_Proteases(SVSP),val,4
426,426,tr,A0A9F2RAF6,A0A9F2RAF6_PYTBI,Transmembrane protease serine 2,Python bivittatus,176946,3,Snake_Venom_Serine_Proteases(SVSP),test,4
427,427,tr,A0A6J1UFW4,A0A6J1UFW4_9SAUR,Transmembrane protease serine 2,Notechis scutatus,8663,3,Snake_Venom_Serine_Proteases(SVSP),train,4
428,428,tr,A0A077LA46,A0A077LA46_PROEL,Serine protease 1,Protobothrops elegans,88086,2,Snake_Venom_Serine_Proteases(SVSP),train,4
429,429,tr,A0A670YTV7,A0A670YTV7_PSETE,Transmembrane protease serine 2,Pseudonaja textilis,8673,3,Snake_Venom_Serine_Proteases(SVSP),train,4
430,430,tr,A0A8C7DTF1,A0A8C7DTF1_NAJNA,Neurotrypsin,Naja naja,35670,3,Snake_Venom_Serine_Proteases(SVSP),train,4
431,431,tr,A0AAW1BJV7,A0AAW1BJV7_CROAD,Transmembrane protease serine 2,Crotalus adamanteus,8729,3,Snake_Venom_Serine_Proteases(SVSP),test,4
432,432,tr,J3S3W7,J3S3W7_CROAD,Snake venom serine proteinase 7c,Crotalus adamanteus,8729,2,Snake_Venom_Serine_Proteases(SVSP),train,4
433,433,tr,J3SDX1,J3SDX1_CROAD,Snake venom serine proteinase 7b,Crotalus adamanteus,8729,2,Snake_Venom_Serine_Proteases(SVSP),test,4
434,434,tr,A0A286S0E4,A0A286S0E4_GLOIT,Serine protease 2,Gloydius intermedius,44732,2,Snake_Venom_Serine_Proteases(SVSP),train,4
435,435,tr,A0A1Y0DIC1,A0A1Y0DIC1_AZEFE,Serine protease,Azemiops feae,8773,2,Snake_Venom_Serine_Proteases(SVSP),train,4
436,436,tr,A0A286S0E3,A0A286S0E3_GLOIT,Serine protease 1,Gloydius intermedius,44732,2,Snake_Venom_Serine_Proteases(SVSP),train,4
437,437,tr,Q71QH8,Q71QH8_TRIST,Serine protease CL4,Trimeresurus stejnegeri,39682,2,Snake_Venom_Serine_Proteases(SVSP),train,4
438,438,tr,Q71QI6,Q71QI6_TRIST,Serine protease CL3,Trimeresurus stejnegeri,39682,2,Snake_Venom_Serine_Proteases(SVSP),test,4
439,439,tr,Q71QI9,Q71QI9_TRIST,Serine protease CL1,Trimeresurus stejnegeri,39682,2,Snake_Venom_Serine_Proteases(SVSP),train,4
440,440,tr,A0A6J1W5T8,A0A6J1W5T8_9SAUR,Transmembrane protease serine 6 isoform X1,Notechis scutatus,8663,3,Snake_Venom_Serine_Proteases(SVSP),train,4
441,441,tr,A0A6G5ZVQ6,A0A6G5ZVQ6_VIPAN,Transmembrane protease serine,Vipera anatolica senliki,2604287,2,Snake_Venom_Serine_Proteases(SVSP),train,4
442,442,tr,A0A9F2PM30,A0A9F2PM30_PYTBI,Transmembrane protease serine 7,Python bivittatus,176946,3,Snake_Venom_Serine_Proteases(SVSP),train,4
443,443,tr,A0A6G5ZVU8,A0A6G5ZVU8_VIPAN,Serine protease 12 (Fragment),Vipera anatolica senliki,2604287,2,Snake_Venom_Serine_Proteases(SVSP),val,4
444,444,tr,A0A2H4N399,A0A2H4N399_BOTMO,Serine protease 23 (Fragment),Bothrops moojeni,98334,2,Snake_Venom_Serine_Proteases(SVSP),train,4
445,445,tr,A0A6G5ZUH1,A0A6G5ZUH1_VIPAN,Transmembrane protease serine 2 (Fragment),Vipera anatolica senliki,2604287,2,Snake_Venom_Serine_Proteases(SVSP),train,4
446,446,tr,A0A286S0D6,A0A286S0D6_GLOIT,Serine protease 4,Gloydius intermedius,44732,2,Snake_Venom_Serine_Proteases(SVSP),train,4
447,447,tr,A0A286S0D3,A0A286S0D3_GLOIT,Serine protease 3,Gloydius intermedius,44732,2,Snake_Venom_Serine_Proteases(SVSP),train,4
448,448,tr,A0A286S0D7,A0A286S0D7_GLOIT,Serine protease 5,Gloydius intermedius,44732,2,Snake_Venom_Serine_Proteases(SVSP),val,4
449,449,tr,J3SDD6,J3SDD6_CROAD,Suppressor of tumorigenicity 14 protein homolog,Crotalus adamanteus,8729,2,Snake_Venom_Serine_Proteases(SVSP),train,4
450,450,tr,A0A1W7RCZ0,A0A1W7RCZ0_AGKCO,Suppressor of tumorigenicity 14 protein homolog,Agkistrodon contortrix contortrix,8713,3,Snake_Venom_Serine_Proteases(SVSP),train,4
451,451,tr,A0A6J1TUS8,A0A6J1TUS8_9SAUR,Serine protease harobin isoform X2,Notechis scutatus,8663,3,Snake_Venom_Serine_Proteases(SVSP),train,4
452,452,tr,A0A6J1TU04,A0A6J1TU04_9SAUR,Serine protease harobin isoform X3,Notechis scutatus,8663,3,Snake_Venom_Serine_Proteases(SVSP),train,4
453,453,tr,A0A6P9C9R4,A0A6P9C9R4_PANGU,Transmembrane protease serine 9-like,Pantherophis guttatus,94885,3,Snake_Venom_Serine_Proteases(SVSP),val,4
454,454,tr,A0A9F2R3U3,A0A9F2R3U3_PYTBI,Suppressor of tumorigenicity 14 protein homolog,Python bivittatus,176946,3,Snake_Venom_Serine_Proteases(SVSP),train,4
455,455,tr,A0A9F2R3W6,A0A9F2R3W6_PYTBI,Suppressor of tumorigenicity 14 protein homolog,Python bivittatus,176946,3,Snake_Venom_Serine_Proteases(SVSP),train,4
456,456,tr,A0A6P9CF59,A0A6P9CF59_PANGU,Suppressor of tumorigenicity 14 protein homolog,Pantherophis guttatus,94885,3,Snake_Venom_Serine_Proteases(SVSP),test,4
457,457,tr,A0A6J1UTT9,A0A6J1UTT9_9SAUR,Suppressor of tumorigenicity 14 protein homolog,Notechis scutatus,8663,3,Snake_Venom_Serine_Proteases(SVSP),train,4
458,458,tr,A0A8C5REW0,A0A8C5REW0_LATLA,Suppressor of tumorigenicity 14 protein homolog,Laticauda laticaudata,8630,3,Snake_Venom_Serine_Proteases(SVSP),train,4
459,459,tr,A0A670YVL2,A0A670YVL2_PSETE,Suppressor of tumorigenicity 14 protein homolog,Pseudonaja textilis,8673,3,Snake_Venom_Serine_Proteases(SVSP),train,4
460,460,tr,A0A8C6XGE8,A0A8C6XGE8_NAJNA,Suppressor of tumorigenicity 14 protein homolog,Naja naja,35670,3,Snake_Venom_Serine_Proteases(SVSP),train,4
461,461,tr,A0AAW1AZ50,A0AAW1AZ50_CROAD,Suppressor of tumorigenicity 14 protein homolog,Crotalus adamanteus,8729,3,Snake_Venom_Serine_Proteases(SVSP),train,4
462,462,tr,A0A0U2UH64,A0A0U2UH64_CROVE,Serine protease,Crotalus vegrandis,184545,2,Snake_Venom_Serine_Proteases(SVSP),val,4
463,463,tr,A0A6P9D1Z2,A0A6P9D1Z2_PANGU,LOW QUALITY PROTEIN: mannan-binding lectin serine protease 2,Pantherophis guttatus,94885,3,Snake_Venom_Serine_Proteases(SVSP),test,4
464,464,tr,J3SF96,J3SF96_CROAD,Serine protease 23,Crotalus adamanteus,8729,2,Snake_Venom_Serine_Proteases(SVSP),train,4
465,465,tr,A0A0K8S008,A0A0K8S008_CROHD,Serine protease 13d,Crotalus horridus,35024,3,Snake_Venom_Serine_Proteases(SVSP),val,4
466,466,tr,A0A193CHI8,A0A193CHI8_CROTA,Serine protease 2,Crotalus tzabcan,1043006,2,Snake_Venom_Serine_Proteases(SVSP),val,4
467,467,tr,A0A1Y0DIB4,A0A1Y0DIB4_AZEFE,Serine protease,Azemiops feae,8773,2,Snake_Venom_Serine_Proteases(SVSP),train,4
468,468,tr,A0A1Y0DIB5,A0A1Y0DIB5_AZEFE,Serine protease,Azemiops feae,8773,2,Snake_Venom_Serine_Proteases(SVSP),train,4
469,469,tr,A0A193CHJ0,A0A193CHJ0_CROTA,Serine protease 4,Crotalus tzabcan,1043006,2,Snake_Venom_Serine_Proteases(SVSP),train,4
470,470,tr,A0A0F7Z3B1,A0A0F7Z3B1_CROAD,Cadam10_SVSP-4,Crotalus adamanteus,8729,2,Snake_Venom_Serine_Proteases(SVSP),train,4
471,471,tr,A0A6J1VVV4,A0A6J1VVV4_9SAUR,Kunitz-type serine protease inhibitor 4-like,Notechis scutatus,8663,3,Snake_Venom_Serine_Proteases(SVSP),train,4
472,472,tr,A0A6J1W481,A0A6J1W481_9SAUR,Kunitz-type serine protease inhibitor 4-like,Notechis scutatus,8663,3,Snake_Venom_Serine_Proteases(SVSP),test,4
473,473,tr,A0A1Y0DIB6,A0A1Y0DIB6_AZEFE,Serine protease,Azemiops feae,8773,2,Snake_Venom_Serine_Proteases(SVSP),test,4
474,474,tr,A0A193CHI5,A0A193CHI5_CROTA,Serine protease 1,Crotalus tzabcan,1043006,2,Snake_Venom_Serine_Proteases(SVSP),train,4
475,475,tr,A0A8T1N5Q9,A0A8T1N5Q9_BOTJA,Snake venom serine protease,Bothrops jararaca,8724,3,Snake_Venom_Serine_Proteases(SVSP),test,4
476,476,tr,A0A8T1N2F9,A0A8T1N2F9_BOTJA,Snake venom serine protease,Bothrops jararaca,8724,3,Snake_Venom_Serine_Proteases(SVSP),train,4
477,477,tr,T1DKY8,T1DKY8_CROHD,Serine protease 23,Crotalus horridus,35024,2,Snake_Venom_Serine_Proteases(SVSP),train,4
478,478,tr,A0A8T1N172,A0A8T1N172_BOTJA,Snake venom serine protease,Bothrops jararaca,8724,3,Snake_Venom_Serine_Proteases(SVSP),test,4
479,479,tr,A0A8T1N367,A0A8T1N367_BOTJA,Snake venom serine protease,Bothrops jararaca,8724,3,Snake_Venom_Serine_Proteases(SVSP),train,4
480,480,tr,A0A8T1N4W0,A0A8T1N4W0_BOTJA,Snake venom serine protease,Bothrops jararaca,8724,3,Snake_Venom_Serine_Proteases(SVSP),train,4
481,481,tr,A0A8T1N5T1,A0A8T1N5T1_BOTJA,Snake venom serine protease,Bothrops jararaca,8724,3,Snake_Venom_Serine_Proteases(SVSP),train,4
482,482,tr,A0A8T1N2W5,A0A8T1N2W5_BOTJA,Snake venom serine protease,Bothrops jararaca,8724,3,Snake_Venom_Serine_Proteases(SVSP),test,4
483,483,tr,A0A8T1N4V1,A0A8T1N4V1_BOTJA,Snake venom serine protease,Bothrops jararaca,8724,3,Snake_Venom_Serine_Proteases(SVSP),test,4
484,484,tr,A0A8T1N4Y0,A0A8T1N4Y0_BOTJA,Snake venom serine protease,Bothrops jararaca,8724,3,Snake_Venom_Serine_Proteases(SVSP),test,4
485,485,tr,A0A9F5IQJ6,A0A9F5IQJ6_PYTBI,Snake venom serine protease-like,Python bivittatus,176946,3,Snake_Venom_Serine_Proteases(SVSP),train,4
486,486,tr,A0A9F2RFA0,A0A9F2RFA0_PYTBI,Snake venom serine protease-like,Python bivittatus,176946,3,Snake_Venom_Serine_Proteases(SVSP),train,4
487,487,tr,A0A6I9YAD9,A0A6I9YAD9_9SAUR,Snake venom serine protease-like,Thamnophis sirtalis,35019,3,Snake_Venom_Serine_Proteases(SVSP),train,4
488,488,tr,A0A8T1N329,A0A8T1N329_BOTJA,Snake venom serine protease,Bothrops jararaca,8724,3,Snake_Venom_Serine_Proteases(SVSP),train,4
489,489,tr,A0A8T1N342,A0A8T1N342_BOTJA,Snake venom serine protease,Bothrops jararaca,8724,3,Snake_Venom_Serine_Proteases(SVSP),train,4
490,490,tr,A0AAW1BHF0,A0AAW1BHF0_CROAD,Serine protease 56,Crotalus adamanteus,8729,3,Snake_Venom_Serine_Proteases(SVSP),train,4
491,491,tr,A0A2D4J392,A0A2D4J392_MICLE,Transmembrane protease serine (Fragment),Micrurus lemniscatus lemniscatus,129467,3,Snake_Venom_Serine_Proteases(SVSP),train,4
492,492,tr,A0A8C5RJZ0,A0A8C5RJZ0_LATLA,Transmembrane protease serine,Laticauda laticaudata,8630,3,Snake_Venom_Serine_Proteases(SVSP),train,4
493,493,tr,A0AAW1AZI6,A0AAW1AZI6_CROAD,Serine protease hepsin,Crotalus adamanteus,8729,3,Snake_Venom_Serine_Proteases(SVSP),train,4
494,494,tr,A0A6G5ZUI5,A0A6G5ZUI5_VIPAN,Serine protease inhibitor 4,Vipera anatolica senliki,2604287,2,Snake_Venom_Serine_Proteases(SVSP),train,4
495,495,tr,A0A6I9XPE6,A0A6I9XPE6_9SAUR,Serine protease 23,Thamnophis sirtalis,35019,3,Snake_Venom_Serine_Proteases(SVSP),train,4
496,496,tr,A0A8C7DRL1,A0A8C7DRL1_NAJNA,Serine protease 23,Naja naja,35670,3,Snake_Venom_Serine_Proteases(SVSP),train,4
497,497,tr,A0A9F3QUH7,A0A9F3QUH7_PYTBI,Serine protease 23,Python bivittatus,176946,3,Snake_Venom_Serine_Proteases(SVSP),train,4
498,498,tr,A0AAW1B8A3,A0AAW1B8A3_CROAD,Serine protease 55-like,Crotalus adamanteus,8729,3,Snake_Venom_Serine_Proteases(SVSP),train,4
499,499,tr,A0A670YN01,A0A670YN01_PSETE,Serine protease 8,Pseudonaja textilis,8673,3,Snake_Venom_Serine_Proteases(SVSP),train,4
500,500,tr,A0A670ZH79,A0A670ZH79_PSETE,Serine protease 56,Pseudonaja textilis,8673,3,Snake_Venom_Serine_Proteases(SVSP),train,4
501,501,tr,A0A6I9XUV4,A0A6I9XUV4_9SAUR,Serine protease 53,Thamnophis sirtalis,35019,3,Snake_Venom_Serine_Proteases(SVSP),train,4
502,502,tr,A0A6J1UZ62,A0A6J1UZ62_9SAUR,Serine protease 23,Notechis scutatus,8663,3,Snake_Venom_Serine_Proteases(SVSP),train,4
503,503,tr,A0A6P9B1C1,A0A6P9B1C1_PANGU,Serine protease 23,Pantherophis guttatus,94885,3,Snake_Venom_Serine_Proteases(SVSP),train,4
504,504,tr,A0A670XRX8,A0A670XRX8_PSETE,Serine protease 23,Pseudonaja textilis,8673,3,Snake_Venom_Serine_Proteases(SVSP),val,4
505,505,tr,A0A2D4FQ43,A0A2D4FQ43_MICCO,Serine protease HTRA1,Micrurus corallinus,54390,3,Snake_Venom_Serine_Proteases(SVSP),train,4
506,506,tr,A0A6J1VVU0,A0A6J1VVU0_9SAUR,Serine protease 56,Notechis scutatus,8663,3,Snake_Venom_Serine_Proteases(SVSP),train,4
507,507,tr,A0A8C5SAT3,A0A8C5SAT3_LATLA,Serine protease 23,Laticauda laticaudata,8630,3,Snake_Venom_Serine_Proteases(SVSP),train,4
508,508,tr,A0A0F7Z5W9,A0A0F7Z5W9_CROAD,Serine protease HTRA1,Crotalus adamanteus,8729,2,Snake_Venom_Serine_Proteases(SVSP),test,4
509,509,tr,A0A0B8RTL3,A0A0B8RTL3_9SAUR,Serine protease HTRA1,Philothamnus irregularis,1899461,3,Snake_Venom_Serine_Proteases(SVSP),train,4
510,510,tr,A0AAW1B5Z3,A0AAW1B5Z3_CROAD,Serine protease 27-like,Crotalus adamanteus,8729,3,Snake_Venom_Serine_Proteases(SVSP),train,4
511,511,tr,A0AAW1C0D7,A0AAW1C0D7_CROAD,Transmembrane protease serine 12,Crotalus adamanteus,8729,3,Snake_Venom_Serine_Proteases(SVSP),train,4
512,512,tr,A0AAW1B624,A0AAW1B624_CROAD,Serine protease 27-like,Crotalus adamanteus,8729,3,Snake_Venom_Serine_Proteases(SVSP),train,4
513,513,tr,A0AAW1B5H4,A0AAW1B5H4_CROAD,Serine protease 27-like,Crotalus adamanteus,8729,3,Snake_Venom_Serine_Proteases(SVSP),val,4
514,514,tr,A0AAW1B639,A0AAW1B639_CROAD,Serine protease 27-like,Crotalus adamanteus,8729,3,Snake_Venom_Serine_Proteases(SVSP),train,4
515,515,tr,A0A6P9C5S8,A0A6P9C5S8_PANGU,Serine protease hepsin,Pantherophis guttatus,94885,3,Snake_Venom_Serine_Proteases(SVSP),train,4
516,516,tr,A0A9F2R0K5,A0A9F2R0K5_PYTBI,Serine protease hepsin,Python bivittatus,176946,3,Snake_Venom_Serine_Proteases(SVSP),train,4
517,517,tr,A0A9F5MT73,A0A9F5MT73_PYTBI,Serine protease 56,Python bivittatus,176946,3,Snake_Venom_Serine_Proteases(SVSP),train,4
518,518,tr,A0A6J1VGP0,A0A6J1VGP0_9SAUR,Transmembrane protease serine,Notechis scutatus,8663,3,Snake_Venom_Serine_Proteases(SVSP),train,4
519,519,tr,A0A6P9BWS9,A0A6P9BWS9_PANGU,Transmembrane protease serine,Pantherophis guttatus,94885,3,Snake_Venom_Serine_Proteases(SVSP),train,4
520,520,tr,A0A6P9BWT4,A0A6P9BWT4_PANGU,Transmembrane protease serine,Pantherophis guttatus,94885,3,Snake_Venom_Serine_Proteases(SVSP),train,4
521,521,tr,A0A8C5RWF5,A0A8C5RWF5_LATLA,Serine protease 12,Laticauda laticaudata,8630,3,Snake_Venom_Serine_Proteases(SVSP),train,4
522,522,tr,A0A8C6VB99,A0A8C6VB99_NAJNA,Transmembrane serine protease 9,Naja naja,35670,3,Snake_Venom_Serine_Proteases(SVSP),test,4
523,523,tr,A0A670ZLS8,A0A670ZLS8_PSETE,Transmembrane serine protease 9,Pseudonaja textilis,8673,3,Snake_Venom_Serine_Proteases(SVSP),train,4
524,524,tr,A0AAW1B492,A0AAW1B492_CROAD,Transmembrane protease serine 11E,Crotalus adamanteus,8729,3,Snake_Venom_Serine_Proteases(SVSP),val,4
525,525,tr,A0A8T1N163,A0A8T1N163_BOTJA,Snake venom serine protease,Bothrops jararaca,8724,3,Snake_Venom_Serine_Proteases(SVSP),train,4
526,526,tr,A0A6I9XX25,A0A6I9XX25_9SAUR,Inactive serine protease 35,Thamnophis sirtalis,35019,3,Snake_Venom_Serine_Proteases(SVSP),train,4
527,527,tr,A0A9F2NPZ4,A0A9F2NPZ4_PYTBI,Inactive serine protease 35,Python bivittatus,176946,3,Snake_Venom_Serine_Proteases(SVSP),val,4
528,528,tr,A0A6J1TWU7,A0A6J1TWU7_9SAUR,Inactive serine protease 35,Notechis scutatus,8663,3,Snake_Venom_Serine_Proteases(SVSP),train,4
529,529,tr,A0A9F2WIZ9,A0A9F2WIZ9_PYTBI,Serine protease 27-like,Python bivittatus,176946,3,Snake_Venom_Serine_Proteases(SVSP),train,4
530,530,tr,A0A670YRH1,A0A670YRH1_PSETE,Serine protease 27-like,Pseudonaja textilis,8673,3,Snake_Venom_Serine_Proteases(SVSP),train,4
531,531,tr,A0A6I9Z4D1,A0A6I9Z4D1_9SAUR,Serine protease 55-like,Thamnophis sirtalis,35019,3,Snake_Venom_Serine_Proteases(SVSP),train,4
532,532,tr,A0A6P9C4A5,A0A6P9C4A5_PANGU,Serine protease 27-like,Pantherophis guttatus,94885,3,Snake_Venom_Serine_Proteases(SVSP),train,4
533,533,tr,A0AAW1BL91,A0AAW1BL91_CROAD,Serine protease 23,Crotalus adamanteus,8729,3,Snake_Venom_Serine_Proteases(SVSP),train,4
534,534,tr,A0A6P9B9W7,A0A6P9B9W7_PANGU,Inactive serine protease 35,Pantherophis guttatus,94885,3,Snake_Venom_Serine_Proteases(SVSP),train,4
535,535,tr,A0AAW1C320,A0AAW1C320_CROAD,Transmembrane protease serine 9,Crotalus adamanteus,8729,3,Snake_Venom_Serine_Proteases(SVSP),train,4
536,536,tr,A0AAW1B510,A0AAW1B510_CROAD,Transmembrane protease serine 11E-like,Crotalus adamanteus,8729,3,Snake_Venom_Serine_Proteases(SVSP),train,4
537,537,tr,A0A6I9X973,A0A6I9X973_9SAUR,Serine protease 27-like,Thamnophis sirtalis,35019,3,Snake_Venom_Serine_Proteases(SVSP),train,4
538,538,tr,A0A6J1UHD9,A0A6J1UHD9_9SAUR,Transmembrane protease serine 3,Notechis scutatus,8663,3,Snake_Venom_Serine_Proteases(SVSP),train,4
539,539,tr,A0A6J1UQJ1,A0A6J1UQJ1_9SAUR,Neurotrypsin,Notechis scutatus,8663,3,Snake_Venom_Serine_Proteases(SVSP),train,4
540,540,tr,A0A8C5S7C7,A0A8C5S7C7_LATLA,Transmembrane serine protease 6,Laticauda laticaudata,8630,3,Snake_Venom_Serine_Proteases(SVSP),train,4
541,541,tr,A0A9F5J2X4,A0A9F5J2X4_PYTBI,Transmembrane protease serine 9,Python bivittatus,176946,3,Snake_Venom_Serine_Proteases(SVSP),train,4
542,542,tr,A0A670YCI0,A0A670YCI0_PSETE,Transmembrane serine protease 7,Pseudonaja textilis,8673,3,Snake_Venom_Serine_Proteases(SVSP),train,4
543,543,tr,A0A670YW96,A0A670YW96_PSETE,Transmembrane serine protease 3,Pseudonaja textilis,8673,3,Snake_Venom_Serine_Proteases(SVSP),train,4
544,544,tr,A0A6P9ARK8,A0A6P9ARK8_PANGU,Transmembrane protease serine 6,Pantherophis guttatus,94885,3,Snake_Venom_Serine_Proteases(SVSP),train,4
545,545,tr,A0A6P9CBU3,A0A6P9CBU3_PANGU,Transmembrane protease serine 9,Pantherophis guttatus,94885,3,Snake_Venom_Serine_Proteases(SVSP),test,4
546,546,tr,A0A6P9D546,A0A6P9D546_PANGU,Neurotrypsin,Pantherophis guttatus,94885,3,Snake_Venom_Serine_Proteases(SVSP),train,4
547,547,tr,A0A8C5SGJ6,A0A8C5SGJ6_LATLA,Transmembrane serine protease 13,Laticauda laticaudata,8630,3,Snake_Venom_Serine_Proteases(SVSP),train,4
548,548,tr,A0A8C5SRE8,A0A8C5SRE8_LATLA,Transmembrane serine protease 7,Laticauda laticaudata,8630,3,Snake_Venom_Serine_Proteases(SVSP),train,4
549,549,tr,A0A8C6XYZ7,A0A8C6XYZ7_NAJNA,Transmembrane serine protease 2,Naja naja,35670,3,Snake_Venom_Serine_Proteases(SVSP),train,4
550,550,tr,A0A8C5S6Z6,A0A8C5S6Z6_LATLA,Transmembrane serine protease 6,Laticauda laticaudata,8630,3,Snake_Venom_Serine_Proteases(SVSP),train,4
551,551,tr,A0A670XVD0,A0A670XVD0_PSETE,Transmembrane serine protease 6,Pseudonaja textilis,8673,3,Snake_Venom_Serine_Proteases(SVSP),train,4
552,552,tr,A0A6I9X325,A0A6I9X325_9SAUR,Transmembrane protease serine 7,Thamnophis sirtalis,35019,3,Snake_Venom_Serine_Proteases(SVSP),train,4
553,553,tr,A0A6J1TVP0,A0A6J1TVP0_9SAUR,Transmembrane protease serine 7,Notechis scutatus,8663,3,Snake_Venom_Serine_Proteases(SVSP),train,4
554,554,tr,A0A6P9CAB1,A0A6P9CAB1_PANGU,Transmembrane protease serine 2,Pantherophis guttatus,94885,3,Snake_Venom_Serine_Proteases(SVSP),train,4
555,555,tr,A0A8C6X785,A0A8C6X785_NAJNA,Transmembrane serine protease 7,Naja naja,35670,3,Snake_Venom_Serine_Proteases(SVSP),train,4
556,556,tr,A0A8C6Y0T1,A0A8C6Y0T1_NAJNA,Transmembrane serine protease 3,Naja naja,35670,3,Snake_Venom_Serine_Proteases(SVSP),test,4
557,557,tr,A0A9F5MXF7,A0A9F5MXF7_PYTBI,Neurotrypsin,Python bivittatus,176946,3,Snake_Venom_Serine_Proteases(SVSP),train,4
558,558,tr,A0AAW1AYP4,A0AAW1AYP4_CROAD,Transmembrane protease serine 13-like,Crotalus adamanteus,8729,3,Snake_Venom_Serine_Proteases(SVSP),train,4
559,559,tr,A0AAW1BD95,A0AAW1BD95_CROAD,Transmembrane protease serine 6,Crotalus adamanteus,8729,3,Snake_Venom_Serine_Proteases(SVSP),train,4
560,560,tr,A0A8C5T1A5,A0A8C5T1A5_LATLA,Inactive serine protease 35,Laticauda laticaudata,8630,3,Snake_Venom_Serine_Proteases(SVSP),train,4
561,561,tr,A0A8C6XD07,A0A8C6XD07_NAJNA,Inactive serine protease 35,Naja naja,35670,3,Snake_Venom_Serine_Proteases(SVSP),train,4
562,562,tr,A0A8C6Y0I3,A0A8C6Y0I3_NAJNA,Transmembrane serine protease 13,Naja naja,35670,3,Snake_Venom_Serine_Proteases(SVSP),test,4
563,563,tr,A0A2I7YS29,A0A2I7YS29_CROCT,Serine endopeptidase,Crotalus cerastes,8746,2,Snake_Venom_Serine_Proteases(SVSP),train,4
564,564,tr,A0A2I7YSA3,A0A2I7YSA3_CROTI,Serine endopeptidase,Crotalus tigris,88082,2,Snake_Venom_Serine_Proteases(SVSP),val,4
565,565,tr,A0A2I7YSA7,A0A2I7YSA7_9SAUR,Serine endopeptidase,Crotalus scutulatus,8737,2,Snake_Venom_Serine_Proteases(SVSP),train,4
566,566,tr,A0A2I7YSB8,A0A2I7YSB8_CROTI,Serine endopeptidase,Crotalus tigris,88082,2,Snake_Venom_Serine_Proteases(SVSP),train,4
567,567,tr,A0A2I7YS76,A0A2I7YS76_CROLE,Serine endopeptidase,Crotalus lepidus,44709,2,Snake_Venom_Serine_Proteases(SVSP),train,4
568,568,tr,V8N8N4,V8N8N4_OPHHA,Serine protease 23 (Fragment),Ophiophagus hannah,8665,3,Snake_Venom_Serine_Proteases(SVSP),train,4
569,569,tr,A0A6I9Y2D4,A0A6I9Y2D4_9SAUR,Neurotrypsin,Thamnophis sirtalis,35019,3,Snake_Venom_Serine_Proteases(SVSP),test,4
570,570,tr,A0A0K8RSA4,A0A0K8RSA4_CROHD,Serine proteinase 9c,Crotalus horridus,35024,3,Snake_Venom_Serine_Proteases(SVSP),train,4
571,571,tr,A0A6J1V7F7,A0A6J1V7F7_9SAUR,Transmembrane protease serine 12-like,Notechis scutatus,8663,3,Snake_Venom_Serine_Proteases(SVSP),val,4
572,572,tr,A0AAW1BF14,A0AAW1BF14_CROAD,Serine protease HTRA1,Crotalus adamanteus,8729,3,Snake_Venom_Serine_Proteases(SVSP),train,4
573,573,tr,A0AAW1CBG3,A0AAW1CBG3_CROAD,Inactive serine protease 35,Crotalus adamanteus,8729,3,Snake_Venom_Serine_Proteases(SVSP),train,4
574,574,tr,A0A8C5SPJ7,A0A8C5SPJ7_LATLA,Transmembrane serine protease 15,Laticauda laticaudata,8630,3,Snake_Venom_Serine_Proteases(SVSP),train,4
575,575,tr,A0A8C6Y0N0,A0A8C6Y0N0_NAJNA,Transmembrane serine protease 15,Naja naja,35670,3,Snake_Venom_Serine_Proteases(SVSP),train,4
576,576,tr,A0A9F2KUF4,A0A9F2KUF4_PYTBI,Transmembrane protease serine 7-like,Python bivittatus,176946,3,Snake_Venom_Serine_Proteases(SVSP),train,4
577,577,tr,A0A6I9XAF4,A0A6I9XAF4_9SAUR,Transmembrane protease serine 13-like,Thamnophis sirtalis,35019,3,Snake_Venom_Serine_Proteases(SVSP),train,4
578,578,tr,A0A6J1V0P7,A0A6J1V0P7_9SAUR,Transmembrane protease serine 13-like,Notechis scutatus,8663,3,Snake_Venom_Serine_Proteases(SVSP),test,4
579,579,tr,V8PC86,V8PC86_OPHHA,Inactive serine protease 35 (Fragment),Ophiophagus hannah,8665,3,Snake_Venom_Serine_Proteases(SVSP),val,4
580,580,tr,A0A6I9YUK1,A0A6I9YUK1_9SAUR,Transmembrane protease serine 3-like,Thamnophis sirtalis,35019,3,Snake_Venom_Serine_Proteases(SVSP),train,4
581,581,tr,V8NCL7,V8NCL7_OPHHA,Transmembrane protease serine 3 (Fragment),Ophiophagus hannah,8665,3,Snake_Venom_Serine_Proteases(SVSP),train,4
582,582,tr,A0A6I9YC20,A0A6I9YC20_9SAUR,Serine protease 27-like isoform X2,Thamnophis sirtalis,35019,3,Snake_Venom_Serine_Proteases(SVSP),train,4
583,583,tr,V8PHD7,V8PHD7_OPHHA,Transmembrane protease serine 6 (Fragment),Ophiophagus hannah,8665,3,Snake_Venom_Serine_Proteases(SVSP),test,4
584,584,tr,V8P530,V8P530_OPHHA,Transmembrane protease serine 7 (Fragment),Ophiophagus hannah,8665,3,Snake_Venom_Serine_Proteases(SVSP),val,4
585,585,tr,A0A9F2WHN6,A0A9F2WHN6_PYTBI,Serine protease 33-like isoform X2,Python bivittatus,176946,3,Snake_Venom_Serine_Proteases(SVSP),train,4
586,586,tr,A0A9F5IMR1,A0A9F5IMR1_PYTBI,Serine protease 33-like isoform X3,Python bivittatus,176946,3,Snake_Venom_Serine_Proteases(SVSP),train,4
587,587,tr,A0A6I9YC74,A0A6I9YC74_9SAUR,Serine protease 27-like isoform X1,Thamnophis sirtalis,35019,3,Snake_Venom_Serine_Proteases(SVSP),train,4
588,588,tr,A0AAW1BJX0,A0AAW1BJX0_CROAD,TMPRSS7: Transmembrane protease serine 7,Crotalus adamanteus,8729,3,Snake_Venom_Serine_Proteases(SVSP),val,4
589,589,tr,A0AAW1B8X9,A0AAW1B8X9_CROAD,"Serine protease HTRA2, mitochondrial",Crotalus adamanteus,8729,3,Snake_Venom_Serine_Proteases(SVSP),val,4
590,590,tr,A0A6I9XN02,A0A6I9XN02_9SAUR,Serine protease 27-like isoform X2,Thamnophis sirtalis,35019,3,Snake_Venom_Serine_Proteases(SVSP),test,4
591,591,tr,A0A9F5MP73,A0A9F5MP73_PYTBI,Transmembrane protease serine 13 isoform X3,Python bivittatus,176946,3,Snake_Venom_Serine_Proteases(SVSP),train,4
592,592,tr,A0A9F2N3R2,A0A9F2N3R2_PYTBI,Transmembrane protease serine 13 isoform X2,Python bivittatus,176946,3,Snake_Venom_Serine_Proteases(SVSP),train,4
593,593,tr,A0A9F5IQX0,A0A9F5IQX0_PYTBI,Transmembrane protease serine 13 isoform X1,Python bivittatus,176946,3,Snake_Venom_Serine_Proteases(SVSP),train,4
594,594,tr,A0A6P9CAQ5,A0A6P9CAQ5_PANGU,Transmembrane protease serine 3 isoform X2,Pantherophis guttatus,94885,3,Snake_Venom_Serine_Proteases(SVSP),train,4
595,595,tr,A0A9F5J7D2,A0A9F5J7D2_PYTBI,Mannan-binding lectin serine protease 1,Python bivittatus,176946,3,Snake_Venom_Serine_Proteases(SVSP),train,4
596,596,tr,A0A6P9BGR4,A0A6P9BGR4_PANGU,Transmembrane protease serine 7 isoform X3,Pantherophis guttatus,94885,3,Snake_Venom_Serine_Proteases(SVSP),train,4
597,597,tr,A0A6P9C6R7,A0A6P9C6R7_PANGU,Transmembrane protease serine 3 isoform X1,Pantherophis guttatus,94885,3,Snake_Venom_Serine_Proteases(SVSP),test,4
598,598,tr,A0A9F2MVZ3,A0A9F2MVZ3_PYTBI,Transmembrane protease serine 6 isoform X1,Python bivittatus,176946,3,Snake_Venom_Serine_Proteases(SVSP),test,4
599,599,tr,A0A6J1WCN5,A0A6J1WCN5_9SAUR,Transmembrane protease serine 6 isoform X2,Notechis scutatus,8663,3,Snake_Venom_Serine_Proteases(SVSP),train,4
600,600,tr,A0A6P9BDC8,A0A6P9BDC8_PANGU,Transmembrane protease serine 7 isoform X1,Pantherophis guttatus,94885,3,Snake_Venom_Serine_Proteases(SVSP),train,4
601,601,tr,A0A6P9BMX3,A0A6P9BMX3_PANGU,Transmembrane protease serine 7 isoform X2,Pantherophis guttatus,94885,3,Snake_Venom_Serine_Proteases(SVSP),train,4
602,602,tr,A0A6P9CJ02,A0A6P9CJ02_PANGU,Transmembrane protease serine 3 isoform X3,Pantherophis guttatus,94885,3,Snake_Venom_Serine_Proteases(SVSP),train,4
603,603,tr,A0A9F5MSY7,A0A9F5MSY7_PYTBI,Transmembrane protease serine 6 isoform X2,Python bivittatus,176946,3,Snake_Venom_Serine_Proteases(SVSP),train,4
604,604,tr,D3YLG9,D3YLG9_ECHOC,Serine proteinase (Fragment),Echis ocellatus,99586,2,Snake_Venom_Serine_Proteases(SVSP),test,4
605,605,tr,V8NFE6,V8NFE6_OPHHA,Transmembrane protease serine 9 (Fragment),Ophiophagus hannah,8665,3,Snake_Venom_Serine_Proteases(SVSP),train,4
606,606,tr,A0A6P9BAM1,A0A6P9BAM1_PANGU,Transmembrane protease serine 12-like isoform X3,Pantherophis guttatus,94885,3,Snake_Venom_Serine_Proteases(SVSP),train,4
607,607,tr,A0A6P9BK07,A0A6P9BK07_PANGU,Transmembrane protease serine 12-like isoform X1,Pantherophis guttatus,94885,3,Snake_Venom_Serine_Proteases(SVSP),train,4
608,608,tr,V8P8C2,V8P8C2_OPHHA,Neurotrypsin (Fragment),Ophiophagus hannah,8665,3,Snake_Venom_Serine_Proteases(SVSP),val,4
609,609,tr,A0A2I7YS92,A0A2I7YS92_CROTI,Serine endopeptidase,Crotalus tigris,88082,2,Snake_Venom_Serine_Proteases(SVSP),train,4
610,610,tr,A0A194ATR6,A0A194ATR6_SISMB,Serine proteinase 12b,Sistrurus miliarius barbouri,8759,3,Snake_Venom_Serine_Proteases(SVSP),train,4
611,611,tr,A0A9F3QUK2,A0A9F3QUK2_PYTBI,Transmembrane protease serine 12-like isoform X1,Python bivittatus,176946,3,Snake_Venom_Serine_Proteases(SVSP),train,4
612,612,tr,A0A6P9CMB3,A0A6P9CMB3_PANGU,Transmembrane protease serine 13-like isoform X2,Pantherophis guttatus,94885,3,Snake_Venom_Serine_Proteases(SVSP),train,4
613,613,tr,A0A6J1VMP6,A0A6J1VMP6_9SAUR,LOW QUALITY PROTEIN: transmembrane protease serine 9,Notechis scutatus,8663,3,Snake_Venom_Serine_Proteases(SVSP),train,4
614,614,tr,A0A6P9CA19,A0A6P9CA19_PANGU,Transmembrane protease serine 13-like isoform X3,Pantherophis guttatus,94885,3,Snake_Venom_Serine_Proteases(SVSP),train,4
615,615,tr,A0A6P9CDY9,A0A6P9CDY9_PANGU,Transmembrane protease serine 13-like isoform X1,Pantherophis guttatus,94885,3,Snake_Venom_Serine_Proteases(SVSP),val,4
616,616,tr,A0A194ASH3,A0A194ASH3_SISTE,Serine proteinase 15d,Sistrurus tergeminus,8757,3,Snake_Venom_Serine_Proteases(SVSP),train,4
617,617,tr,A0A194ATE7,A0A194ATE7_SISTE,Serine proteinase 5,Sistrurus tergeminus,8757,3,Snake_Venom_Serine_Proteases(SVSP),train,4
618,618,tr,A0AAW1BI80,A0AAW1BI80_CROAD,Mannan-binding lectin serine protease 1,Crotalus adamanteus,8729,3,Snake_Venom_Serine_Proteases(SVSP),train,4
619,619,tr,A0A194ASU5,A0A194ASU5_SISMB,Serine proteinase 12a,Sistrurus miliarius barbouri,8759,3,Snake_Venom_Serine_Proteases(SVSP),train,4
620,620,tr,B0VXU3,B0VXU3_SISCA,Serine proteinase isoform 11,Sistrurus catenatus edwardsii,8762,2,Snake_Venom_Serine_Proteases(SVSP),train,4
621,621,tr,B0VXT6,B0VXT6_SISCA,Serine proteinase isoform 4,Sistrurus catenatus edwardsii,8762,2,Snake_Venom_Serine_Proteases(SVSP),train,4
622,622,tr,A0A6P9B323,A0A6P9B323_PANGU,Mannan-binding lectin serine protease 1-like,Pantherophis guttatus,94885,3,Snake_Venom_Serine_Proteases(SVSP),train,4
623,623,tr,A0A6I9XRL2,A0A6I9XRL2_9SAUR,LOW QUALITY PROTEIN: transmembrane protease serine 9,Thamnophis sirtalis,35019,3,Snake_Venom_Serine_Proteases(SVSP),train,4
624,624,tr,A0AAW1BHI4,A0AAW1BHI4_CROAD,Mannan-binding lectin serine protease 1,Crotalus adamanteus,8729,4,Snake_Venom_Serine_Proteases(SVSP),train,4
625,625,tr,A0A2D4H9H0,A0A2D4H9H0_MICLE,Inactive serine protease PAMR1 (Fragment),Micrurus lemniscatus lemniscatus,129467,4,Snake_Venom_Serine_Proteases(SVSP),train,4
626,626,tr,A0A2D4G4Q8,A0A2D4G4Q8_MICCO,Inactive serine protease PAMR1 (Fragment),Micrurus corallinus,54390,4,Snake_Venom_Serine_Proteases(SVSP),train,4
627,627,tr,F8S119,F8S119_CROAD,Serine proteinase 7 (Fragment),Crotalus adamanteus,8729,2,Snake_Venom_Serine_Proteases(SVSP),train,4
628,628,tr,A0AAW1C855,A0AAW1C855_CROAD,Inactive serine protease PAMR1,Crotalus adamanteus,8729,4,Snake_Venom_Serine_Proteases(SVSP),train,4
629,629,tr,F8S117,F8S117_CROAD,Serine proteinase 5,Crotalus adamanteus,8729,2,Snake_Venom_Serine_Proteases(SVSP),train,4
630,630,tr,F8S120,F8S120_CROAD,Serine proteinase 8 (Fragment),Crotalus adamanteus,8729,2,Snake_Venom_Serine_Proteases(SVSP),train,4
631,631,tr,A0A0F7Z1J2,A0A0F7Z1J2_CROAD,Serine proteinase 3a,Crotalus adamanteus,8729,2,Snake_Venom_Serine_Proteases(SVSP),train,4
632,632,tr,A0A0F7Z790,A0A0F7Z790_CROAD,Serine proteinase 3c,Crotalus adamanteus,8729,2,Snake_Venom_Serine_Proteases(SVSP),train,4
633,633,tr,A0A077LD42,A0A077LD42_PROFL,Serine protease (Fragment),Protobothrops flavoviridis,88087,2,Snake_Venom_Serine_Proteases(SVSP),train,4
634,634,tr,T2HP78,T2HP78_PROFL,Serine protease (Fragment),Protobothrops flavoviridis,88087,2,Snake_Venom_Serine_Proteases(SVSP),train,4
635,635,tr,T2HPF3,T2HPF3_PROFL,Serine protease (Fragment),Protobothrops flavoviridis,88087,2,Snake_Venom_Serine_Proteases(SVSP),train,4
636,636,tr,E9JG24,E9JG24_ECHCS,Serine protease (Fragment),Echis carinatus sochureki,124223,2,Snake_Venom_Serine_Proteases(SVSP),test,4
637,637,tr,E9JG15,E9JG15_ECHCO,Serine protease (Fragment),Echis coloratus,64175,2,Snake_Venom_Serine_Proteases(SVSP),train,4
638,638,tr,A0A077L6P3,A0A077L6P3_PROFL,Serine protease,Protobothrops flavoviridis,88087,2,Snake_Venom_Serine_Proteases(SVSP),train,4
639,639,tr,T2HRT8,T2HRT8_PROFL,Serine protease (Fragment),Protobothrops flavoviridis,88087,2,Snake_Venom_Serine_Proteases(SVSP),train,4
640,640,tr,T2HRU2,T2HRU2_PROFL,Serine protease,Protobothrops flavoviridis,88087,2,Snake_Venom_Serine_Proteases(SVSP),train,4
641,641,tr,T2HQA7,T2HQA7_PROFL,Serine protease (Fragment),Protobothrops flavoviridis,88087,2,Snake_Venom_Serine_Proteases(SVSP),val,4
642,642,tr,U3TBG7,U3TBG7_PROFL,Serine protease,Protobothrops flavoviridis,88087,2,Snake_Venom_Serine_Proteases(SVSP),train,4
643,643,tr,A0AAW1C2I6,A0AAW1C2I6_CROAD,non-specific serine/threonine protein kinase,Crotalus adamanteus,8729,3,Snake_Venom_Serine_Proteases(SVSP),train,4
644,644,tr,A0A6G5ZUR6,A0A6G5ZUR6_VIPAN,Serine protease 6,Vipera anatolica senliki,2604287,2,Snake_Venom_Serine_Proteases(SVSP),train,4
645,645,tr,A0A0A1WDM9,A0A0A1WDM9_ECHCO,Serine protease D,Echis coloratus,64175,2,Snake_Venom_Serine_Proteases(SVSP),train,4
646,646,tr,A0A6G5ZVX7,A0A6G5ZVX7_VIPAN,Serine protease 7,Vipera anatolica senliki,2604287,2,Snake_Venom_Serine_Proteases(SVSP),train,4
647,647,tr,E9JG13,E9JG13_ECHOC,Serine protease (Fragment),Echis ocellatus,99586,2,Snake_Venom_Serine_Proteases(SVSP),train,4
648,648,tr,E9JG05,E9JG05_ECHOC,Serine protease (Fragment),Echis ocellatus,99586,2,Snake_Venom_Serine_Proteases(SVSP),train,4
649,649,tr,A0A0B4SX28,A0A0B4SX28_9SAUR,Serine protease,Philodryas chamissonis,1050405,2,Snake_Venom_Serine_Proteases(SVSP),train,4
650,650,tr,A0A098LY95,A0A098LY95_PYTRG,Serine protease,Python regius,51751,2,Snake_Venom_Serine_Proteases(SVSP),val,4
651,651,tr,D5KRX9,D5KRX9_ECHOC,Serine protease (Fragment),Echis ocellatus,99586,2,Snake_Venom_Serine_Proteases(SVSP),test,4
652,652,tr,E9JFZ7,E9JFZ7_ECHPL,Serine protease (Fragment),Echis pyramidum leakeyi,38415,2,Snake_Venom_Serine_Proteases(SVSP),train,4
653,653,tr,E9JG04,E9JG04_ECHOC,Serine protease (Fragment),Echis ocellatus,99586,2,Snake_Venom_Serine_Proteases(SVSP),train,4
654,654,tr,E9JG18,E9JG18_ECHCO,Serine protease (Fragment),Echis coloratus,64175,2,Snake_Venom_Serine_Proteases(SVSP),train,4
655,655,tr,E9JFZ9,E9JFZ9_ECHCS,Serine protease (Fragment),Echis carinatus sochureki,124223,2,Snake_Venom_Serine_Proteases(SVSP),train,4
656,656,tr,E9JG00,E9JG00_ECHCO,Serine protease (Fragment),Echis coloratus,64175,2,Snake_Venom_Serine_Proteases(SVSP),train,4
657,657,tr,E9JG08,E9JG08_ECHCO,Serine protease (Fragment),Echis coloratus,64175,2,Snake_Venom_Serine_Proteases(SVSP),train,4
658,658,tr,E9JG16,E9JG16_ECHCO,Serine protease (Fragment),Echis coloratus,64175,2,Snake_Venom_Serine_Proteases(SVSP),train,4
659,659,tr,E9JG20,E9JG20_ECHPL,Serine protease (Fragment),Echis pyramidum leakeyi,38415,2,Snake_Venom_Serine_Proteases(SVSP),train,4
660,660,tr,E9JG23,E9JG23_ECHCO,Serine protease (Fragment),Echis coloratus,64175,2,Snake_Venom_Serine_Proteases(SVSP),train,4
661,661,tr,D5KRY0,D5KRY0_ECHOC,Serine protease (Fragment),Echis ocellatus,99586,2,Snake_Venom_Serine_Proteases(SVSP),test,4
662,662,tr,D5KRY1,D5KRY1_ECHOC,Serine protease (Fragment),Echis ocellatus,99586,2,Snake_Venom_Serine_Proteases(SVSP),train,4
663,663,tr,E9JG07,E9JG07_ECHPL,Serine protease (Fragment),Echis pyramidum leakeyi,38415,2,Snake_Venom_Serine_Proteases(SVSP),test,4
664,664,tr,E9JG14,E9JG14_ECHCS,Serine protease (Fragment),Echis carinatus sochureki,124223,2,Snake_Venom_Serine_Proteases(SVSP),train,4
665,665,tr,E9JG19,E9JG19_ECHCO,Serine protease (Fragment),Echis coloratus,64175,2,Snake_Venom_Serine_Proteases(SVSP),test,4
666,666,tr,E9JG21,E9JG21_ECHCO,Serine protease (Fragment),Echis coloratus,64175,2,Snake_Venom_Serine_Proteases(SVSP),train,4
667,667,tr,E9JFZ8,E9JFZ8_ECHCO,Serine protease (Fragment),Echis coloratus,64175,2,Snake_Venom_Serine_Proteases(SVSP),train,4
668,668,tr,E9JG01,E9JG01_ECHCO,Serine protease (Fragment),Echis coloratus,64175,2,Snake_Venom_Serine_Proteases(SVSP),train,4
669,669,tr,E9JG02,E9JG02_ECHOC,Serine protease (Fragment),Echis ocellatus,99586,2,Snake_Venom_Serine_Proteases(SVSP),val,4
670,670,tr,E9JG09,E9JG09_ECHCO,Serine protease (Fragment),Echis coloratus,64175,2,Snake_Venom_Serine_Proteases(SVSP),val,4
671,671,tr,E9JG25,E9JG25_ECHCO,Serine protease (Fragment),Echis coloratus,64175,2,Snake_Venom_Serine_Proteases(SVSP),train,4
672,672,tr,E9JFZ6,E9JFZ6_ECHPL,Serine protease (Fragment),Echis pyramidum leakeyi,38415,2,Snake_Venom_Serine_Proteases(SVSP),train,4
673,673,tr,E9JG12,E9JG12_ECHOC,Serine protease (Fragment),Echis ocellatus,99586,2,Snake_Venom_Serine_Proteases(SVSP),train,4
674,674,tr,E9JG17,E9JG17_ECHCO,Serine protease (Fragment),Echis coloratus,64175,2,Snake_Venom_Serine_Proteases(SVSP),train,4
675,675,tr,E9JG22,E9JG22_ECHCS,Serine protease (Fragment),Echis carinatus sochureki,124223,2,Snake_Venom_Serine_Proteases(SVSP),train,4
676,676,tr,E9JG06,E9JG06_ECHPL,Serine protease (Fragment),Echis pyramidum leakeyi,38415,2,Snake_Venom_Serine_Proteases(SVSP),train,4
677,677,tr,E9JFZ5,E9JFZ5_ECHPL,Serine protease (Fragment),Echis pyramidum leakeyi,38415,2,Snake_Venom_Serine_Proteases(SVSP),val,4
678,678,tr,T1E3C3,T1E3C3_CROHD,Serine proteinase 13a,Crotalus horridus,35024,2,Snake_Venom_Serine_Proteases(SVSP),train,4
679,679,tr,T1DJY2,T1DJY2_CROHD,Serine proteinase 12a,Crotalus horridus,35024,2,Snake_Venom_Serine_Proteases(SVSP),train,4
680,680,tr,U3TDG7,U3TDG7_PROFL,Serine protease (Fragment),Protobothrops flavoviridis,88087,2,Snake_Venom_Serine_Proteases(SVSP),train,4
681,681,tr,T1DH10,T1DH10_CROHD,Serine proteinase 10,Crotalus horridus,35024,2,Snake_Venom_Serine_Proteases(SVSP),train,4
682,682,tr,T1E3C0,T1E3C0_CROHD,Serine proteinase 1c,Crotalus horridus,35024,2,Snake_Venom_Serine_Proteases(SVSP),test,4
683,683,tr,A0A0A1WDS0,A0A0A1WDS0_ECHCO,Serine protease F (Fragment),Echis coloratus,64175,2,Snake_Venom_Serine_Proteases(SVSP),train,4
684,684,tr,T2HPV4,T2HPV4_PROFL,Serine protease (Fragment),Protobothrops flavoviridis,88087,2,Snake_Venom_Serine_Proteases(SVSP),train,4
685,685,tr,A0A0A1WCI0,A0A0A1WCI0_ECHCO,Serine protease B (Fragment),Echis coloratus,64175,2,Snake_Venom_Serine_Proteases(SVSP),train,4
686,686,tr,A0A0A1WC94,A0A0A1WC94_ECHCO,Serine protease E (Fragment),Echis coloratus,64175,2,Snake_Venom_Serine_Proteases(SVSP),train,4
687,687,tr,A0A0A1WCY1,A0A0A1WCY1_ECHCO,Serine protease C (Fragment),Echis coloratus,64175,2,Snake_Venom_Serine_Proteases(SVSP),train,4
688,688,tr,A0A0A1WDS7,A0A0A1WDS7_ECHCO,Serine protease A (Fragment),Echis coloratus,64175,2,Snake_Venom_Serine_Proteases(SVSP),train,4
689,689,tr,A0A0K8RT82,A0A0K8RT82_CROHD,Serine proteinase 4,Crotalus horridus,35024,3,Snake_Venom_Serine_Proteases(SVSP),train,4
690,690,tr,T1DGZ7,T1DGZ7_CROHD,Serine proteinase 5,Crotalus horridus,35024,2,Snake_Venom_Serine_Proteases(SVSP),train,4
691,691,tr,T1D6M5,T1D6M5_CROHD,Serine proteinase 6,Crotalus horridus,35024,2,Snake_Venom_Serine_Proteases(SVSP),val,4
692,692,tr,T1D6M9,T1D6M9_CROHD,Serine proteinase 1b,Crotalus horridus,35024,2,Snake_Venom_Serine_Proteases(SVSP),train,4
693,693,tr,T1E3X7,T1E3X7_CROHD,Serine proteinase 1b,Crotalus horridus,35024,2,Snake_Venom_Serine_Proteases(SVSP),train,4
694,694,tr,A0A0K8RYN6,A0A0K8RYN6_CROHD,Serine proteinase 2a,Crotalus horridus,35024,3,Snake_Venom_Serine_Proteases(SVSP),train,4
695,695,tr,A0A0K8RSB3,A0A0K8RSB3_CROHD,Serine proteinase 1e,Crotalus horridus,35024,3,Snake_Venom_Serine_Proteases(SVSP),train,4
696,696,tr,T1DH01,T1DH01_CROHD,Serine proteinase 2b,Crotalus horridus,35024,2,Snake_Venom_Serine_Proteases(SVSP),val,4
697,697,tr,T1E3B5,T1E3B5_CROHD,Serine proteinase 7,Crotalus horridus,35024,2,Snake_Venom_Serine_Proteases(SVSP),val,4
698,698,tr,A0A6G5ZUW7,A0A6G5ZUW7_VIPAN,Serine protease 10 (Fragment),Vipera anatolica senliki,2604287,2,Snake_Venom_Serine_Proteases(SVSP),train,4
699,699,tr,A0A6G5ZW32,A0A6G5ZW32_VIPAN,Serine protease 3,Vipera anatolica senliki,2604287,2,Snake_Venom_Serine_Proteases(SVSP),train,4
700,700,tr,A0A6G5ZUG1,A0A6G5ZUG1_VIPAN,Serine protease 1,Vipera anatolica senliki,2604287,2,Snake_Venom_Serine_Proteases(SVSP),train,4
701,701,tr,A0A6G5ZUH5,A0A6G5ZUH5_VIPAN,Serine protease 8 (Fragment),Vipera anatolica senliki,2604287,2,Snake_Venom_Serine_Proteases(SVSP),train,4
702,702,tr,A0A6G5ZUG5,A0A6G5ZUG5_VIPAN,Serine protease 4,Vipera anatolica senliki,2604287,2,Snake_Venom_Serine_Proteases(SVSP),train,4
703,703,tr,A0A6G5ZW78,A0A6G5ZW78_VIPAN,Serine protease 2,Vipera anatolica senliki,2604287,2,Snake_Venom_Serine_Proteases(SVSP),test,4
704,704,tr,A0A2I7YS30,A0A2I7YS30_CROAT,Serine endopeptidase,Crotalus atrox,8730,2,Snake_Venom_Serine_Proteases(SVSP),train,4
705,705,tr,A0A2I7YS41,A0A2I7YS41_CROAT,Serine endopeptidase,Crotalus atrox,8730,2,Snake_Venom_Serine_Proteases(SVSP),train,4
706,706,tr,A0A2I7YS44,A0A2I7YS44_CROCT,Serine endopeptidase,Crotalus cerastes,8746,2,Snake_Venom_Serine_Proteases(SVSP),train,4
707,707,tr,A0A2I7YS47,A0A2I7YS47_CROCT,Serine endopeptidase,Crotalus cerastes,8746,2,Snake_Venom_Serine_Proteases(SVSP),train,4
708,708,tr,A0A2I7YS57,A0A2I7YS57_9SAUR,Serine endopeptidase,Crotalus mitchellii,384065,2,Snake_Venom_Serine_Proteases(SVSP),train,4
709,709,tr,A0A2I7YS70,A0A2I7YS70_9SAUR,Serine endopeptidase,Crotalus scutulatus,8737,2,Snake_Venom_Serine_Proteases(SVSP),train,4
710,710,tr,A0A2I7YS91,A0A2I7YS91_9SAUR,Serine endopeptidase,Crotalus molossus,8733,2,Snake_Venom_Serine_Proteases(SVSP),train,4
711,711,tr,A0A2I7YS99,A0A2I7YS99_9SAUR,Serine endopeptidase,Crotalus scutulatus,8737,2,Snake_Venom_Serine_Proteases(SVSP),train,4
712,712,tr,A0A2I7YSA0,A0A2I7YSA0_CROTI,Serine endopeptidase,Crotalus tigris,88082,2,Snake_Venom_Serine_Proteases(SVSP),train,4
713,713,tr,A0A2I7YSB2,A0A2I7YSB2_CROTI,Serine endopeptidase,Crotalus tigris,88082,2,Snake_Venom_Serine_Proteases(SVSP),train,4
714,714,tr,A0A2I7YSB6,A0A2I7YSB6_CROTI,Serine endopeptidase,Crotalus tigris,88082,2,Snake_Venom_Serine_Proteases(SVSP),train,4
715,715,tr,A0A2I7YS62,A0A2I7YS62_9SAUR,Serine endopeptidase,Crotalus molossus,8733,2,Snake_Venom_Serine_Proteases(SVSP),train,4
716,716,tr,A0A2I7YS63,A0A2I7YS63_CROLE,Serine endopeptidase,Crotalus lepidus,44709,2,Snake_Venom_Serine_Proteases(SVSP),train,4
717,717,tr,A0A2I7YS67,A0A2I7YS67_9SAUR,Serine endopeptidase,Crotalus mitchellii,384065,2,Snake_Venom_Serine_Proteases(SVSP),train,4
718,718,tr,A0A2I7YS68,A0A2I7YS68_9SAUR,Serine endopeptidase,Crotalus mitchellii,384065,2,Snake_Venom_Serine_Proteases(SVSP),train,4
719,719,tr,A0A2I7YS69,A0A2I7YS69_9SAUR,Serine endopeptidase,Crotalus mitchellii,384065,2,Snake_Venom_Serine_Proteases(SVSP),train,4
720,720,tr,A0A2I7YS75,A0A2I7YS75_9SAUR,Serine endopeptidase,Crotalus mitchellii,384065,2,Snake_Venom_Serine_Proteases(SVSP),test,4
721,721,tr,A0A2I7YS79,A0A2I7YS79_9SAUR,Serine endopeptidase,Crotalus molossus,8733,2,Snake_Venom_Serine_Proteases(SVSP),train,4
722,722,tr,A0A2I7YS82,A0A2I7YS82_9SAUR,Serine endopeptidase,Crotalus scutulatus,8737,2,Snake_Venom_Serine_Proteases(SVSP),train,4
723,723,tr,A0A2I7YS84,A0A2I7YS84_9SAUR,Serine endopeptidase,Crotalus molossus,8733,2,Snake_Venom_Serine_Proteases(SVSP),val,4
724,724,tr,A0A2I7YS86,A0A2I7YS86_9SAUR,Serine endopeptidase,Crotalus scutulatus,8737,2,Snake_Venom_Serine_Proteases(SVSP),train,4
725,725,tr,A0A2I7YS33,A0A2I7YS33_CROCT,Serine endopeptidase,Crotalus cerastes,8746,2,Snake_Venom_Serine_Proteases(SVSP),train,4
726,726,tr,A0A2I7YS45,A0A2I7YS45_CROCT,Serine endopeptidase,Crotalus cerastes,8746,2,Snake_Venom_Serine_Proteases(SVSP),train,4
727,727,tr,A0A2I7YS66,A0A2I7YS66_9SAUR,Serine endopeptidase,Crotalus mitchellii,384065,2,Snake_Venom_Serine_Proteases(SVSP),train,4
728,728,tr,A0A2I7YS77,A0A2I7YS77_9SAUR,Serine endopeptidase,Crotalus molossus,8733,2,Snake_Venom_Serine_Proteases(SVSP),test,4
729,729,tr,A0A2I7YS93,A0A2I7YS93_9SAUR,Serine endopeptidase,Crotalus scutulatus,8737,2,Snake_Venom_Serine_Proteases(SVSP),val,4
730,730,tr,A0A2I7YSB7,A0A2I7YSB7_CROTI,Serine endopeptidase,Crotalus tigris,88082,2,Snake_Venom_Serine_Proteases(SVSP),train,4
731,731,tr,A0A2I7YSB9,A0A2I7YSB9_CROTI,Serine endopeptidase,Crotalus tigris,88082,2,Snake_Venom_Serine_Proteases(SVSP),train,4
732,732,tr,A0A2I7YS43,A0A2I7YS43_CROCT,Serine endopeptidase,Crotalus cerastes,8746,2,Snake_Venom_Serine_Proteases(SVSP),train,4
733,733,tr,A0A2I7YS52,A0A2I7YS52_CROCT,Serine endopeptidase,Crotalus cerastes,8746,2,Snake_Venom_Serine_Proteases(SVSP),train,4
734,734,tr,A0A2I7YS89,A0A2I7YS89_9SAUR,Serine endopeptidase,Crotalus scutulatus,8737,2,Snake_Venom_Serine_Proteases(SVSP),train,4
735,735,tr,A0A2I7YSA2,A0A2I7YSA2_9SAUR,Serine endopeptidase,Crotalus scutulatus,8737,2,Snake_Venom_Serine_Proteases(SVSP),train,4
736,736,tr,A0A2I7YSA5,A0A2I7YSA5_9SAUR,Serine endopeptidase,Crotalus scutulatus,8737,2,Snake_Venom_Serine_Proteases(SVSP),train,4
737,737,tr,A0A2I7YSA6,A0A2I7YSA6_9SAUR,Serine endopeptidase,Crotalus scutulatus,8737,2,Snake_Venom_Serine_Proteases(SVSP),val,4
738,738,tr,A0A2I7YSC0,A0A2I7YSC0_CROTI,Serine endopeptidase,Crotalus tigris,88082,2,Snake_Venom_Serine_Proteases(SVSP),train,4
739,739,tr,A0A2I7YS36,A0A2I7YS36_CROCT,Serine endopeptidase,Crotalus cerastes,8746,2,Snake_Venom_Serine_Proteases(SVSP),train,4
740,740,tr,A0A2I7YS40,A0A2I7YS40_CROCT,Serine endopeptidase,Crotalus cerastes,8746,2,Snake_Venom_Serine_Proteases(SVSP),train,4
741,741,tr,A0A2I7YS55,A0A2I7YS55_9SAUR,Serine endopeptidase,Crotalus mitchellii,384065,2,Snake_Venom_Serine_Proteases(SVSP),train,4
742,742,tr,A0A2I7YS60,A0A2I7YS60_9SAUR,Serine endopeptidase,Crotalus mitchellii,384065,2,Snake_Venom_Serine_Proteases(SVSP),test,4
743,743,tr,A0A2I7YS61,A0A2I7YS61_CROLE,Serine endopeptidase,Crotalus lepidus,44709,2,Snake_Venom_Serine_Proteases(SVSP),train,4
744,744,tr,A0A2I7YS64,A0A2I7YS64_9SAUR,Serine endopeptidase,Crotalus mitchellii,384065,2,Snake_Venom_Serine_Proteases(SVSP),train,4
745,745,tr,A0A2I7YS71,A0A2I7YS71_9SAUR,Serine endopeptidase,Crotalus molossus,8733,2,Snake_Venom_Serine_Proteases(SVSP),train,4
746,746,tr,A0A2I7YS81,A0A2I7YS81_9SAUR,Serine endopeptidase,Crotalus scutulatus,8737,2,Snake_Venom_Serine_Proteases(SVSP),train,4
747,747,tr,A0A2I7YS94,A0A2I7YS94_9SAUR,Serine endopeptidase,Crotalus scutulatus,8737,2,Snake_Venom_Serine_Proteases(SVSP),train,4
748,748,tr,A0A2I7YS95,A0A2I7YS95_9SAUR,Serine endopeptidase,Crotalus molossus,8733,2,Snake_Venom_Serine_Proteases(SVSP),val,4
749,749,tr,A0A2I7YS98,A0A2I7YS98_9SAUR,Serine endopeptidase,Crotalus scutulatus,8737,2,Snake_Venom_Serine_Proteases(SVSP),train,4
750,750,tr,A0A2I7YS27,A0A2I7YS27_CROAT,Serine endopeptidase,Crotalus atrox,8730,2,Snake_Venom_Serine_Proteases(SVSP),train,4
751,751,tr,A0A2I7YS39,A0A2I7YS39_CROLE,Serine endopeptidase,Crotalus lepidus,44709,2,Snake_Venom_Serine_Proteases(SVSP),train,4
752,752,tr,A0A2I7YS49,A0A2I7YS49_CROLE,Serine endopeptidase,Crotalus lepidus,44709,2,Snake_Venom_Serine_Proteases(SVSP),train,4
753,753,tr,A0A2I7YS35,A0A2I7YS35_CROAT,Serine endopeptidase,Crotalus atrox,8730,2,Snake_Venom_Serine_Proteases(SVSP),val,4
754,754,tr,A0A2I7YS17,A0A2I7YS17_CROAT,Serine endopeptidase,Crotalus atrox,8730,2,Snake_Venom_Serine_Proteases(SVSP),train,4
755,755,tr,A0A2I7YS18,A0A2I7YS18_CROAT,Serine endopeptidase,Crotalus atrox,8730,2,Snake_Venom_Serine_Proteases(SVSP),train,4
756,756,tr,A0A2I7YS50,A0A2I7YS50_CROLE,Serine endopeptidase,Crotalus lepidus,44709,2,Snake_Venom_Serine_Proteases(SVSP),val,4
757,757,tr,A0A2I7YS65,A0A2I7YS65_CROLE,Serine endopeptidase,Crotalus lepidus,44709,2,Snake_Venom_Serine_Proteases(SVSP),train,4
758,758,tr,A0A2I7YS96,A0A2I7YS96_9SAUR,Serine endopeptidase,Crotalus scutulatus,8737,2,Snake_Venom_Serine_Proteases(SVSP),train,4
759,759,tr,A0A2I7YS38,A0A2I7YS38_CROAT,Serine endopeptidase,Crotalus atrox,8730,2,Snake_Venom_Serine_Proteases(SVSP),train,4
760,760,tr,A0A2I7YS56,A0A2I7YS56_CROLE,Serine endopeptidase,Crotalus lepidus,44709,2,Snake_Venom_Serine_Proteases(SVSP),test,4
761,761,tr,A0A2I7YS58,A0A2I7YS58_CROLE,Serine endopeptidase,Crotalus lepidus,44709,2,Snake_Venom_Serine_Proteases(SVSP),train,4
762,762,tr,A0A2I7YS20,A0A2I7YS20_CROAT,Serine endopeptidase,Crotalus atrox,8730,2,Snake_Venom_Serine_Proteases(SVSP),train,4
763,763,tr,A0A2I7YS26,A0A2I7YS26_CROAT,Serine endopeptidase,Crotalus atrox,8730,2,Snake_Venom_Serine_Proteases(SVSP),test,4
764,764,tr,A0A2I7YS42,A0A2I7YS42_CROAT,Serine endopeptidase,Crotalus atrox,8730,2,Snake_Venom_Serine_Proteases(SVSP),val,4
765,765,tr,A0A2I7YS46,A0A2I7YS46_CROLE,Serine endopeptidase,Crotalus lepidus,44709,2,Snake_Venom_Serine_Proteases(SVSP),test,4
766,766,tr,A0A2I7YS48,A0A2I7YS48_CROLE,Serine endopeptidase,Crotalus lepidus,44709,2,Snake_Venom_Serine_Proteases(SVSP),train,4
767,767,tr,A0A2I7YS73,A0A2I7YS73_CROLE,Serine endopeptidase,Crotalus lepidus,44709,2,Snake_Venom_Serine_Proteases(SVSP),test,4
768,768,tr,A0A0K8RYP3,A0A0K8RYP3_CROHD,Serine proteinase 12b,Crotalus horridus,35024,3,Snake_Venom_Serine_Proteases(SVSP),train,4
769,769,tr,A0A0K8RS90,A0A0K8RS90_CROHD,Serine proteinase 9d,Crotalus horridus,35024,3,Snake_Venom_Serine_Proteases(SVSP),train,4
770,770,tr,A0A0K8RS96,A0A0K8RS96_CROHD,Serine proteinase 3c,Crotalus horridus,35024,3,Snake_Venom_Serine_Proteases(SVSP),train,4
771,771,tr,A0A0K8RYM8,A0A0K8RYM8_CROHD,Serine proteinase 7,Crotalus horridus,35024,3,Snake_Venom_Serine_Proteases(SVSP),train,4
772,772,tr,A0A0K8RYZ0,A0A0K8RYZ0_CROHD,Serine proteinase 12d,Crotalus horridus,35024,3,Snake_Venom_Serine_Proteases(SVSP),test,4
773,773,tr,A0A0K8RYN5,A0A0K8RYN5_CROHD,Serine proteinase 2e,Crotalus horridus,35024,3,Snake_Venom_Serine_Proteases(SVSP),train,4
774,774,tr,A0A0K8RYN9,A0A0K8RYN9_CROHD,Serine proteinase 13c,Crotalus horridus,35024,3,Snake_Venom_Serine_Proteases(SVSP),val,4
775,775,tr,A0A0K8RYQ4,A0A0K8RYQ4_CROHD,Serine proteinase 10,Crotalus horridus,35024,3,Snake_Venom_Serine_Proteases(SVSP),train,4
776,776,tr,A0A0K8RYY5,A0A0K8RYY5_CROHD,Serine proteinase 13e,Crotalus horridus,35024,3,Snake_Venom_Serine_Proteases(SVSP),train,4
777,777,tr,A0A0K8RS95,A0A0K8RS95_CROHD,Serine proteinase 1f,Crotalus horridus,35024,3,Snake_Venom_Serine_Proteases(SVSP),train,4
778,778,tr,A0A0K8RYP4,A0A0K8RYP4_CROHD,Serine proteinase 13b,Crotalus horridus,35024,3,Snake_Venom_Serine_Proteases(SVSP),train,4
779,779,tr,A0A0K8RYS4,A0A0K8RYS4_CROHD,Serine proteinase 2d,Crotalus horridus,35024,3,Snake_Venom_Serine_Proteases(SVSP),train,4
780,780,tr,A0A0K8S000,A0A0K8S000_CROHD,Serine proteinase 3,Crotalus horridus,35024,3,Snake_Venom_Serine_Proteases(SVSP),train,4
781,781,tr,T1E3X0,T1E3X0_CROHD,Serine proteinase 8,Crotalus horridus,35024,2,Snake_Venom_Serine_Proteases(SVSP),train,4
782,782,tr,T2HPE9,T2HPE9_PROFL,Serine protease (Fragment),Protobothrops flavoviridis,88087,2,Snake_Venom_Serine_Proteases(SVSP),train,4
783,783,tr,A0A0K8RS97,A0A0K8RS97_CROHD,Serine proteinase 1a,Crotalus horridus,35024,3,Snake_Venom_Serine_Proteases(SVSP),train,4
784,784,tr,A0A0K8RSB6,A0A0K8RSB6_CROHD,Serine proteinase 10,Crotalus horridus,35024,3,Snake_Venom_Serine_Proteases(SVSP),train,4
785,785,tr,A0A0K8RSF0,A0A0K8RSF0_CROHD,Serine proteinase 1d,Crotalus horridus,35024,3,Snake_Venom_Serine_Proteases(SVSP),train,4
786,786,tr,A0A0K8RYP0,A0A0K8RYP0_CROHD,Serine proteinase 1,Crotalus horridus,35024,3,Snake_Venom_Serine_Proteases(SVSP),train,4
787,787,tr,A0A0K8RYS0,A0A0K8RYS0_CROHD,Serine proteinase 5,Crotalus horridus,35024,3,Snake_Venom_Serine_Proteases(SVSP),train,4
788,788,tr,T1DJX6,T1DJX6_CROHD,Serine proteinase 9,Crotalus horridus,35024,2,Snake_Venom_Serine_Proteases(SVSP),train,4
789,789,tr,U3TBG1,U3TBG1_PROFL,Serine protease (Fragment),Protobothrops flavoviridis,88087,2,Snake_Venom_Serine_Proteases(SVSP),train,4
790,790,tr,A0A077L7D0,A0A077L7D0_PROEL,Serine protease 2 (Fragment),Protobothrops elegans,88086,2,Snake_Venom_Serine_Proteases(SVSP),train,4
791,791,tr,A0A077LCZ2,A0A077LCZ2_PROEL,Serine protease 4 (Fragment),Protobothrops elegans,88086,2,Snake_Venom_Serine_Proteases(SVSP),train,4
792,792,tr,A0A6J1VE32,A0A6J1VE32_9SAUR,Serine protease harobin,Notechis scutatus,8663,3,Snake_Venom_Serine_Proteases(SVSP),train,4
793,793,tr,A0A024AXF6,A0A024AXF6_MICIK,Trypsin-like serine protease,Micropechis ikaheca,66188,2,Snake_Venom_Serine_Proteases(SVSP),train,4
794,794,tr,A0A024AYB1,A0A024AYB1_MICIK,Trypsin-like serine protease,Micropechis ikaheca,66188,2,Snake_Venom_Serine_Proteases(SVSP),train,4
795,795,tr,T1DJX9,T1DJX9_CROHD,Serine proteinase 11a,Crotalus horridus,35024,2,Snake_Venom_Serine_Proteases(SVSP),train,4
796,796,tr,T1E3X4,T1E3X4_CROHD,Serine proteinase 2a,Crotalus horridus,35024,2,Snake_Venom_Serine_Proteases(SVSP),train,4
797,797,tr,A0A2I7YS54,A0A2I7YS54_CROCT,Serine endopeptidase,Crotalus cerastes,8746,2,Snake_Venom_Serine_Proteases(SVSP),test,4
798,798,tr,A0A2I7YSB5,A0A2I7YSB5_9SAUR,Serine endopeptidase,Crotalus scutulatus,8737,2,Snake_Venom_Serine_Proteases(SVSP),train,4
799,799,tr,A0A2I7YS16,A0A2I7YS16_CROAT,Serine endopeptidase,Crotalus atrox,8730,2,Snake_Venom_Serine_Proteases(SVSP),train,4
800,800,tr,A0A2I7YS37,A0A2I7YS37_CROCT,Serine endopeptidase,Crotalus cerastes,8746,2,Snake_Venom_Serine_Proteases(SVSP),train,4
801,801,tr,A0A2I7YS83,A0A2I7YS83_9SAUR,Serine endopeptidase,Crotalus molossus,8733,2,Snake_Venom_Serine_Proteases(SVSP),train,4
802,802,tr,A0A2I7YS88,A0A2I7YS88_9SAUR,Serine endopeptidase,Crotalus scutulatus,8737,2,Snake_Venom_Serine_Proteases(SVSP),train,4
803,803,tr,A0A2I7YS51,A0A2I7YS51_CROLE,Serine endopeptidase,Crotalus lepidus,44709,2,Snake_Venom_Serine_Proteases(SVSP),train,4
804,804,tr,A0A2I7YS59,A0A2I7YS59_9SAUR,Serine endopeptidase,Crotalus mitchellii,384065,2,Snake_Venom_Serine_Proteases(SVSP),val,4
805,805,tr,A0A2I7YSA1,A0A2I7YSA1_CROTI,Serine endopeptidase,Crotalus tigris,88082,2,Snake_Venom_Serine_Proteases(SVSP),train,4
806,806,tr,A0A2I7YSB0,A0A2I7YSB0_CROTI,Serine endopeptidase,Crotalus tigris,88082,2,Snake_Venom_Serine_Proteases(SVSP),train,4
807,807,tr,A0A2I7YS24,A0A2I7YS24_CROAT,Serine endopeptidase,Crotalus atrox,8730,2,Snake_Venom_Serine_Proteases(SVSP),train,4
808,808,tr,A0A2I7YS53,A0A2I7YS53_CROLE,Serine endopeptidase,Crotalus lepidus,44709,2,Snake_Venom_Serine_Proteases(SVSP),train,4
809,809,tr,A0A2I7YS87,A0A2I7YS87_9SAUR,Serine endopeptidase,Crotalus mitchellii,384065,2,Snake_Venom_Serine_Proteases(SVSP),train,4
810,810,tr,A0A2I7YS90,A0A2I7YS90_9SAUR,Serine endopeptidase,Crotalus scutulatus,8737,2,Snake_Venom_Serine_Proteases(SVSP),train,4
811,811,tr,A0A2I7YS97,A0A2I7YS97_9SAUR,Serine endopeptidase,Crotalus scutulatus,8737,2,Snake_Venom_Serine_Proteases(SVSP),val,4
812,812,tr,A0A2I7YSA8,A0A2I7YSA8_9SAUR,Serine endopeptidase,Crotalus scutulatus,8737,2,Snake_Venom_Serine_Proteases(SVSP),train,4
813,813,tr,U3FZ05,U3FZ05_MICFL,non-specific serine/threonine protein kinase,Micrurus fulvius,8637,2,Snake_Venom_Serine_Proteases(SVSP),train,4
814,814,tr,A0A0K8S017,A0A0K8S017_CROHD,Serine proteinase 11b,Crotalus horridus,35024,3,Snake_Venom_Serine_Proteases(SVSP),val,4
815,815,tr,A0A0K8RYT9,A0A0K8RYT9_CROHD,Serine proteinase 11d,Crotalus horridus,35024,3,Snake_Venom_Serine_Proteases(SVSP),train,4
816,816,tr,A0A0K8RYZ4,A0A0K8RYZ4_CROHD,Serine proteinase 11c,Crotalus horridus,35024,3,Snake_Venom_Serine_Proteases(SVSP),train,4
817,817,tr,A0A6G5ZVV7,A0A6G5ZVV7_VIPAN,Serine protease inhibitor 1,Vipera anatolica senliki,2604287,2,Snake_Venom_Serine_Proteases(SVSP),val,4
818,818,tr,T1D6N3,T1D6N3_CROHD,Serine proteinase 11,Crotalus horridus,35024,2,Snake_Venom_Serine_Proteases(SVSP),train,4
819,819,tr,J3SE72,J3SE72_CROAD,Probable serine carboxypeptidase CPVL,Crotalus adamanteus,8729,2,Snake_Venom_Serine_Proteases(SVSP),train,4
820,820,tr,A0A6G5ZW53,A0A6G5ZW53_VIPAN,Serine protease inhibitor 3,Vipera anatolica senliki,2604287,2,Snake_Venom_Serine_Proteases(SVSP),train,4
821,821,tr,T2HQI9,T2HQI9_OVOOK,Serine protease (Fragment),Ovophis okinavensis,8769,2,Snake_Venom_Serine_Proteases(SVSP),train,4
822,822,tr,T2HQL1,T2HQL1_OVOOK,Serine protease (Fragment),Ovophis okinavensis,8769,2,Snake_Venom_Serine_Proteases(SVSP),train,4
823,823,tr,A0A077L7L2,A0A077L7L2_PROFL,Serine protease (Fragment),Protobothrops flavoviridis,88087,2,Snake_Venom_Serine_Proteases(SVSP),train,4
824,824,tr,A0A077LA92,A0A077LA92_PROFL,Serine protease (Fragment),Protobothrops flavoviridis,88087,2,Snake_Venom_Serine_Proteases(SVSP),train,4
825,825,tr,A0A077LA99,A0A077LA99_PROFL,Serine protease (Fragment),Protobothrops flavoviridis,88087,2,Snake_Venom_Serine_Proteases(SVSP),val,4
826,826,tr,A0A077L6U1,A0A077L6U1_PROFL,Serine protease (Fragment),Protobothrops flavoviridis,88087,2,Snake_Venom_Serine_Proteases(SVSP),train,4
827,827,tr,A0A077L6U8,A0A077L6U8_PROFL,Serine protease (Fragment),Protobothrops flavoviridis,88087,2,Snake_Venom_Serine_Proteases(SVSP),train,4
828,828,tr,A0A077L811,A0A077L811_PROFL,Serine protease (Fragment),Protobothrops flavoviridis,88087,2,Snake_Venom_Serine_Proteases(SVSP),train,4
829,829,tr,A0A8C5SGL8,A0A8C5SGL8_LATLA,"Serine peptidase inhibitor, Kunitz type 2",Laticauda laticaudata,8630,3,Snake_Venom_Serine_Proteases(SVSP),train,4
830,830,tr,T2HPN6,T2HPN6_OVOOK,Serine protease (Fragment),Ovophis okinavensis,8769,2,Snake_Venom_Serine_Proteases(SVSP),train,4
831,831,tr,U3T7A4,U3T7A4_OVOOK,Serine_protease (Fragment),Ovophis okinavensis,8769,2,Snake_Venom_Serine_Proteases(SVSP),train,4
832,832,tr,T2HS34,T2HS34_OVOOK,Serine protease (Fragment),Ovophis okinavensis,8769,2,Snake_Venom_Serine_Proteases(SVSP),train,4
833,833,tr,U3TAG7,U3TAG7_OVOOK,Serine_protease (Fragment),Ovophis okinavensis,8769,2,Snake_Venom_Serine_Proteases(SVSP),train,4
834,834,tr,F8J2G1,F8J2G1_DRYCN,Putative serine protease inhibitor 473,Drysdalia coronoides,66186,2,Snake_Venom_Serine_Proteases(SVSP),train,4
835,835,tr,V8P0I1,V8P0I1_OPHHA,Serine/threonine-protein kinase MRCK alpha (Fragment),Ophiophagus hannah,8665,3,Snake_Venom_Serine_Proteases(SVSP),train,4
836,836,tr,T2HPP0,T2HPP0_OVOOK,Serine protease (Fragment),Ovophis okinavensis,8769,2,Snake_Venom_Serine_Proteases(SVSP),train,4
837,837,tr,T2HPU9,T2HPU9_PROFL,Serine protease (Fragment),Protobothrops flavoviridis,88087,2,Snake_Venom_Serine_Proteases(SVSP),train,4
838,838,tr,T2HQ47,T2HQ47_OVOOK,Serine protease (Fragment),Ovophis okinavensis,8769,2,Snake_Venom_Serine_Proteases(SVSP),train,4
839,839,tr,T2HQA3,T2HQA3_PROFL,Serine protease (Fragment),Protobothrops flavoviridis,88087,2,Snake_Venom_Serine_Proteases(SVSP),test,4
840,840,tr,T2HS39,T2HS39_OVOOK,Serine protease (Fragment),Ovophis okinavensis,8769,2,Snake_Venom_Serine_Proteases(SVSP),train,4
841,841,tr,T2HPF7,T2HPF7_OVOOK,Serine protease (Fragment),Ovophis okinavensis,8769,2,Snake_Venom_Serine_Proteases(SVSP),train,4
842,842,tr,T2HPG7,T2HPG7_OVOOK,Serine protease (Fragment),Ovophis okinavensis,8769,2,Snake_Venom_Serine_Proteases(SVSP),train,4
843,843,tr,T2HQK6,T2HQK6_OVOOK,Serine protease (Fragment),Ovophis okinavensis,8769,2,Snake_Venom_Serine_Proteases(SVSP),train,4
844,844,tr,T2HPQ2,T2HPQ2_OVOOK,Serine protease (Fragment),Ovophis okinavensis,8769,2,Snake_Venom_Serine_Proteases(SVSP),train,4
845,845,tr,T2HS29,T2HS29_OVOOK,Serine protease (Fragment),Ovophis okinavensis,8769,2,Snake_Venom_Serine_Proteases(SVSP),train,4
846,846,tr,U3T799,U3T799_PROFL,Serine protease (Fragment),Protobothrops flavoviridis,88087,2,Snake_Venom_Serine_Proteases(SVSP),train,4
847,847,tr,U3TAG3,U3TAG3_PROFL,Serine protease (Fragment),Protobothrops flavoviridis,88087,2,Snake_Venom_Serine_Proteases(SVSP),train,4
848,848,tr,T2HP73,T2HP73_PROFL,Serine protease (Fragment),Protobothrops flavoviridis,88087,2,Snake_Venom_Serine_Proteases(SVSP),train,4
849,849,tr,T2HPH2,T2HPH2_OVOOK,Serine protease (Fragment),Ovophis okinavensis,8769,2,Snake_Venom_Serine_Proteases(SVSP),train,4
850,850,tr,T2HPQ7,T2HPQ7_OVOOK,Serine protease (Fragment),Ovophis okinavensis,8769,2,Snake_Venom_Serine_Proteases(SVSP),train,4
851,851,tr,T2HQJ8,T2HQJ8_OVOOK,Serine protease (Fragment),Ovophis okinavensis,8769,2,Snake_Venom_Serine_Proteases(SVSP),train,4
852,852,tr,T2HS45,T2HS45_OVOOK,Serine protease (Fragment),Ovophis okinavensis,8769,2,Snake_Venom_Serine_Proteases(SVSP),val,4
853,853,tr,T2HS51,T2HS51_OVOOK,Serine protease (Fragment),Ovophis okinavensis,8769,2,Snake_Venom_Serine_Proteases(SVSP),train,4
854,854,tr,U3TAL0,U3TAL0_OVOOK,Serine_protease (Fragment),Ovophis okinavensis,8769,2,Snake_Venom_Serine_Proteases(SVSP),train,4
855,855,tr,T2HPD1,T2HPD1_PROFL,Serine protease (Fragment),Protobothrops flavoviridis,88087,2,Snake_Venom_Serine_Proteases(SVSP),test,4
856,856,tr,T2HPG2,T2HPG2_OVOOK,Serine protease (Fragment),Ovophis okinavensis,8769,2,Snake_Venom_Serine_Proteases(SVSP),train,4
857,857,tr,T2HQ43,T2HQ43_OVOOK,Serine protease (Fragment),Ovophis okinavensis,8769,2,Snake_Venom_Serine_Proteases(SVSP),train,4
858,858,tr,T2HQ52,T2HQ52_OVOOK,Serine protease (Fragment),Ovophis okinavensis,8769,2,Snake_Venom_Serine_Proteases(SVSP),train,4
859,859,tr,T2HQJ3,T2HQJ3_OVOOK,Serine protease (Fragment),Ovophis okinavensis,8769,2,Snake_Venom_Serine_Proteases(SVSP),train,4
860,860,tr,U3TBH3,U3TBH3_OVOOK,Serine_protease (Fragment),Ovophis okinavensis,8769,2,Snake_Venom_Serine_Proteases(SVSP),val,4
861,861,tr,A0A077L7V7,A0A077L7V7_PROEL,Serine protease 6 (Fragment),Protobothrops elegans,88086,2,Snake_Venom_Serine_Proteases(SVSP),val,4
862,862,tr,A0A077LA50,A0A077LA50_PROEL,Serine protease 3 (Fragment),Protobothrops elegans,88086,2,Snake_Venom_Serine_Proteases(SVSP),train,4
863,863,tr,A0A077LD12,A0A077LD12_PROEL,Serine protease 7,Protobothrops elegans,88086,2,Snake_Venom_Serine_Proteases(SVSP),train,4
864,864,tr,A0A077L6K7,A0A077L6K7_PROEL,Serine protease 5 (Fragment),Protobothrops elegans,88086,2,Snake_Venom_Serine_Proteases(SVSP),train,4
865,865,tr,A0A8C6V9C7,A0A8C6V9C7_NAJNA,Serine protease 55,Naja naja,35670,3,Snake_Venom_Serine_Proteases(SVSP),train,4
866,866,tr,A0A0B8RQ35,A0A0B8RQ35_9SAUR,Serine protease 27,Philothamnus irregularis,1899461,3,Snake_Venom_Serine_Proteases(SVSP),train,4
867,867,tr,A0A1W7RD58,A0A1W7RD58_AGKCO,Serine protease 23,Agkistrodon contortrix contortrix,8713,3,Snake_Venom_Serine_Proteases(SVSP),train,4
868,868,tr,A0A6G5ZUI2,A0A6G5ZUI2_VIPAN,Serine protease inhibitor 6,Vipera anatolica senliki,2604287,2,Snake_Venom_Serine_Proteases(SVSP),train,4
869,869,tr,A0A6G5ZW02,A0A6G5ZW02_VIPAN,Serine protease inhibitor 7 (Fragment),Vipera anatolica senliki,2604287,2,Snake_Venom_Serine_Proteases(SVSP),train,4
870,870,tr,A0A6G5ZW98,A0A6G5ZW98_VIPAN,Serine protease inhibitor 10 (Fragment),Vipera anatolica senliki,2604287,2,Snake_Venom_Serine_Proteases(SVSP),train,4
871,871,tr,A0A6G5ZUT7,A0A6G5ZUT7_VIPAN,Serine protease inhibitor 9 (Fragment),Vipera anatolica senliki,2604287,2,Snake_Venom_Serine_Proteases(SVSP),train,4
872,872,tr,A0A6G5ZVZ7,A0A6G5ZVZ7_VIPAN,Serine protease inhibitor 8 (Fragment),Vipera anatolica senliki,2604287,2,Snake_Venom_Serine_Proteases(SVSP),train,4
873,873,tr,A0A670Y2A3,A0A670Y2A3_PSETE,Serine protease 57,Pseudonaja textilis,8673,3,Snake_Venom_Serine_Proteases(SVSP),val,4
874,874,tr,A0A6G5ZVS4,A0A6G5ZVS4_VIPAN,Serine protease inhibitor 5,Vipera anatolica senliki,2604287,2,Snake_Venom_Serine_Proteases(SVSP),test,4
875,875,tr,A0A670YQ53,A0A670YQ53_PSETE,Serine protease 53,Pseudonaja textilis,8673,3,Snake_Venom_Serine_Proteases(SVSP),test,4
876,876,tr,A0A6J1U8H6,A0A6J1U8H6_9SAUR,Serine protease 55,Notechis scutatus,8663,3,Snake_Venom_Serine_Proteases(SVSP),train,4
877,877,tr,A0A670XXI2,A0A670XXI2_PSETE,Serine protease 57,Pseudonaja textilis,8673,3,Snake_Venom_Serine_Proteases(SVSP),train,4
878,878,tr,A0A670YML1,A0A670YML1_PSETE,Serine protease 53,Pseudonaja textilis,8673,3,Snake_Venom_Serine_Proteases(SVSP),train,4
879,879,tr,A0A6P9BZT5,A0A6P9BZT5_PANGU,Serine protease 53,Pantherophis guttatus,94885,3,Snake_Venom_Serine_Proteases(SVSP),train,4
880,880,tr,A0A8C6Y640,A0A8C6Y640_NAJNA,Serine protease 53,Naja naja,35670,3,Snake_Venom_Serine_Proteases(SVSP),train,4
881,881,tr,A0A8C6X741,A0A8C6X741_NAJNA,Serine protease 56,Naja naja,35670,3,Snake_Venom_Serine_Proteases(SVSP),train,4
882,882,tr,A0A9F2WFB3,A0A9F2WFB3_PYTBI,Serine protease 53,Python bivittatus,176946,3,Snake_Venom_Serine_Proteases(SVSP),train,4
883,883,tr,A0A6J1V9A7,A0A6J1V9A7_9SAUR,Serine protease 53,Notechis scutatus,8663,3,Snake_Venom_Serine_Proteases(SVSP),train,4
884,884,tr,A0A8C5SYC5,A0A8C5SYC5_LATLA,Serine protease 53,Laticauda laticaudata,8630,3,Snake_Venom_Serine_Proteases(SVSP),train,4
885,885,tr,A0AAW1B6M5,A0AAW1B6M5_CROAD,Serine protease 53-like,Crotalus adamanteus,8729,3,Snake_Venom_Serine_Proteases(SVSP),train,4
886,886,tr,A0A8C6V8G9,A0A8C6V8G9_NAJNA,Transmembrane serine protease 9,Naja naja,35670,3,Snake_Venom_Serine_Proteases(SVSP),train,4
887,887,tr,A0A6J1WDC6,A0A6J1WDC6_9SAUR,Serine protease 55-like,Notechis scutatus,8663,3,Snake_Venom_Serine_Proteases(SVSP),train,4
888,888,tr,A0A6I9XNH7,A0A6I9XNH7_9SAUR,Serine protease 27-like,Thamnophis sirtalis,35019,3,Snake_Venom_Serine_Proteases(SVSP),train,4
889,889,tr,A0A6J1VUG0,A0A6J1VUG0_9SAUR,Serine protease 57-like,Notechis scutatus,8663,3,Snake_Venom_Serine_Proteases(SVSP),train,4
890,890,tr,A0A6P9C4X8,A0A6P9C4X8_PANGU,Serine protease 57-like,Pantherophis guttatus,94885,3,Snake_Venom_Serine_Proteases(SVSP),train,4
891,891,tr,A0A8C7E3P6,A0A8C7E3P6_NAJNA,Transmembrane serine protease 13,Naja naja,35670,3,Snake_Venom_Serine_Proteases(SVSP),train,4
892,892,tr,A0A6P9APC8,A0A6P9APC8_PANGU,Serine protease 27-like,Pantherophis guttatus,94885,3,Snake_Venom_Serine_Proteases(SVSP),train,4
893,893,tr,A0A670YTL0,A0A670YTL0_PSETE,Serine protease 27-like,Pseudonaja textilis,8673,3,Snake_Venom_Serine_Proteases(SVSP),val,4
894,894,tr,A0A6I9X621,A0A6I9X621_9SAUR,Serine protease 27-like,Thamnophis sirtalis,35019,3,Snake_Venom_Serine_Proteases(SVSP),train,4
895,895,tr,A0A6I9Y496,A0A6I9Y496_9SAUR,Serine protease 27-like,Thamnophis sirtalis,35019,3,Snake_Venom_Serine_Proteases(SVSP),train,4
896,896,tr,A0A6J1UQX6,A0A6J1UQX6_9SAUR,Serine protease 27-like,Notechis scutatus,8663,3,Snake_Venom_Serine_Proteases(SVSP),val,4
897,897,tr,A0A6J1UQY2,A0A6J1UQY2_9SAUR,Serine protease 27-like,Notechis scutatus,8663,3,Snake_Venom_Serine_Proteases(SVSP),train,4
898,898,tr,A0A6P9CUA9,A0A6P9CUA9_PANGU,Serine protease 55-like,Pantherophis guttatus,94885,3,Snake_Venom_Serine_Proteases(SVSP),train,4
899,899,tr,A0A9F2WJ14,A0A9F2WJ14_PYTBI,Serine protease 33-like,Python bivittatus,176946,3,Snake_Venom_Serine_Proteases(SVSP),test,4
900,900,tr,A0A9F5IW58,A0A9F5IW58_PYTBI,Serine protease 27-like,Python bivittatus,176946,3,Snake_Venom_Serine_Proteases(SVSP),val,4
901,901,tr,A0A6I9XA78,A0A6I9XA78_9SAUR,Serine protease 27-like,Thamnophis sirtalis,35019,3,Snake_Venom_Serine_Proteases(SVSP),train,4
902,902,tr,A0A6J1UQF1,A0A6J1UQF1_9SAUR,Serine protease 27-like,Notechis scutatus,8663,3,Snake_Venom_Serine_Proteases(SVSP),train,4
903,903,tr,A0A8C5SP62,A0A8C5SP62_LATLA,Transmembrane serine protease 7,Laticauda laticaudata,8630,3,Snake_Venom_Serine_Proteases(SVSP),train,4
904,904,tr,A0A9F3QV08,A0A9F3QV08_PYTBI,Transmembrane protease serine 9,Python bivittatus,176946,3,Snake_Venom_Serine_Proteases(SVSP),train,4
905,905,tr,A0A6I9Z424,A0A6I9Z424_9SAUR,Serine protease hepsin-like,Thamnophis sirtalis,35019,3,Snake_Venom_Serine_Proteases(SVSP),train,4
906,906,tr,A0A6J1VJ40,A0A6J1VJ40_9SAUR,Serine protease 27-like,Notechis scutatus,8663,3,Snake_Venom_Serine_Proteases(SVSP),train,4
907,907,tr,A0A9F5MYY5,A0A9F5MYY5_PYTBI,Serine protease 55-like,Python bivittatus,176946,3,Snake_Venom_Serine_Proteases(SVSP),test,4
908,908,tr,A0AAW1C3E6,A0AAW1C3E6_CROAD,Serine protease 57,Crotalus adamanteus,8729,3,Snake_Venom_Serine_Proteases(SVSP),train,4
909,909,tr,A0A6J1W8S6,A0A6J1W8S6_9SAUR,Serine protease hepsin-like,Notechis scutatus,8663,3,Snake_Venom_Serine_Proteases(SVSP),val,4
910,910,tr,A0A9F3QSN6,A0A9F3QSN6_PYTBI,Serine protease 27-like,Python bivittatus,176946,3,Snake_Venom_Serine_Proteases(SVSP),val,4
911,911,tr,A0A0F7Z318,A0A0F7Z318_CROAD,Serine/threonine-protein kinase MRCK beta,Crotalus adamanteus,8729,2,Snake_Venom_Serine_Proteases(SVSP),train,4
912,912,tr,A0A670YKV6,A0A670YKV6_PSETE,Inactive serine protease 35,Pseudonaja textilis,8673,3,Snake_Venom_Serine_Proteases(SVSP),train,4
913,913,tr,A0A0K8RWX1,A0A0K8RWX1_CROHD,Serine/threonine-protein kinase MRCK beta,Crotalus horridus,35024,3,Snake_Venom_Serine_Proteases(SVSP),test,4
914,914,tr,A0AAW1C4S4,A0AAW1C4S4_CROAD,Serine/threonine-protein kinase MRCK beta,Crotalus adamanteus,8729,3,Snake_Venom_Serine_Proteases(SVSP),train,4
915,915,tr,A0A8C6XXH9,A0A8C6XXH9_NAJNA,Transmembrane serine protease 13,Naja naja,35670,3,Snake_Venom_Serine_Proteases(SVSP),val,4
916,916,tr,A0A9F2QU51,A0A9F2QU51_PYTBI,Serine protease 48-like,Python bivittatus,176946,3,Snake_Venom_Serine_Proteases(SVSP),train,4
917,917,tr,A0A9F5J1K3,A0A9F5J1K3_PYTBI,Serine protease 57-like,Python bivittatus,176946,3,Snake_Venom_Serine_Proteases(SVSP),train,4
918,918,tr,V8P5W4,V8P5W4_OPHHA,Probable serine carboxypeptidase CPVL,Ophiophagus hannah,8665,3,Snake_Venom_Serine_Proteases(SVSP),train,4
919,919,tr,A0A670YR91,A0A670YR91_PSETE,Serine protease 27-like,Pseudonaja textilis,8673,3,Snake_Venom_Serine_Proteases(SVSP),train,4
920,920,tr,A0A6I9XM30,A0A6I9XM30_9SAUR,Transmembrane protease serine 12-like,Thamnophis sirtalis,35019,3,Snake_Venom_Serine_Proteases(SVSP),train,4
921,921,tr,V8P3U4,V8P3U4_OPHHA,Serine protease 53 (Fragment),Ophiophagus hannah,8665,3,Snake_Venom_Serine_Proteases(SVSP),train,4
922,922,tr,V8NSI6,V8NSI6_OPHHA,Serine protease 27 (Fragment),Ophiophagus hannah,8665,3,Snake_Venom_Serine_Proteases(SVSP),train,4
923,923,tr,A0A6P9C3S1,A0A6P9C3S1_PANGU,Serine protease 55 isoform X1,Pantherophis guttatus,94885,3,Snake_Venom_Serine_Proteases(SVSP),train,4
924,924,tr,A0A6J1W4B7,A0A6J1W4B7_9SAUR,Transmembrane protease serine 12-like,Notechis scutatus,8663,3,Snake_Venom_Serine_Proteases(SVSP),train,4
925,925,tr,A0A6I9X9L9,A0A6I9X9L9_9SAUR,Transmembrane protease serine 12-like,Thamnophis sirtalis,35019,3,Snake_Venom_Serine_Proteases(SVSP),val,4
926,926,tr,A0A6I9XCT0,A0A6I9XCT0_9SAUR,Transmembrane protease serine 11A-like,Thamnophis sirtalis,35019,3,Snake_Venom_Serine_Proteases(SVSP),test,4
927,927,tr,A0A6I9Z7D0,A0A6I9Z7D0_9SAUR,Transmembrane protease serine 12-like,Thamnophis sirtalis,35019,3,Snake_Venom_Serine_Proteases(SVSP),train,4
928,928,tr,A0A6J1VWU9,A0A6J1VWU9_9SAUR,Transmembrane protease serine 12-like,Notechis scutatus,8663,3,Snake_Venom_Serine_Proteases(SVSP),train,4
929,929,tr,A0A6J1W3Q2,A0A6J1W3Q2_9SAUR,Transmembrane protease serine 12-like,Notechis scutatus,8663,3,Snake_Venom_Serine_Proteases(SVSP),val,4
930,930,tr,A0A6J1W8F7,A0A6J1W8F7_9SAUR,Transmembrane protease serine 12-like,Notechis scutatus,8663,3,Snake_Venom_Serine_Proteases(SVSP),val,4
931,931,tr,A0A6P9BJH4,A0A6P9BJH4_PANGU,Transmembrane protease serine 12-like,Pantherophis guttatus,94885,3,Snake_Venom_Serine_Proteases(SVSP),train,4
932,932,tr,A0A9F5JAL5,A0A9F5JAL5_PYTBI,Transmembrane protease serine 12-like,Python bivittatus,176946,3,Snake_Venom_Serine_Proteases(SVSP),train,4
933,933,tr,A0A9F5IFL3,A0A9F5IFL3_PYTBI,Transmembrane protease serine 11C-like,Python bivittatus,176946,3,Snake_Venom_Serine_Proteases(SVSP),train,4
934,934,tr,A0A9F5JA67,A0A9F5JA67_PYTBI,Transmembrane protease serine 12-like,Python bivittatus,176946,3,Snake_Venom_Serine_Proteases(SVSP),train,4
935,935,tr,A0A6I9XRS5,A0A6I9XRS5_9SAUR,Transmembrane protease serine 11E-like,Thamnophis sirtalis,35019,3,Snake_Venom_Serine_Proteases(SVSP),train,4
936,936,tr,A0A6I9YBG8,A0A6I9YBG8_9SAUR,Transmembrane protease serine 6-like,Thamnophis sirtalis,35019,3,Snake_Venom_Serine_Proteases(SVSP),train,4
937,937,tr,A0A6J1VG98,A0A6J1VG98_9SAUR,Transmembrane protease serine 11C-like,Notechis scutatus,8663,3,Snake_Venom_Serine_Proteases(SVSP),val,4
938,938,tr,A0A9F5MYA9,A0A9F5MYA9_PYTBI,Transmembrane protease serine 12-like,Python bivittatus,176946,3,Snake_Venom_Serine_Proteases(SVSP),test,4
939,939,tr,A0AAW1B6A9,A0AAW1B6A9_CROAD,Serine protease 27-like,Crotalus adamanteus,8729,3,Snake_Venom_Serine_Proteases(SVSP),val,4
940,940,tr,A0AAW1C0M8,A0AAW1C0M8_CROAD,Transmembrane protease serine 12,Crotalus adamanteus,8729,3,Snake_Venom_Serine_Proteases(SVSP),train,4
941,941,tr,A0A1I9KNR8,A0A1I9KNR8_VIPAA,Serine proteinase SP-4,Vipera ammodytes ammodytes,8705,2,Snake_Venom_Serine_Proteases(SVSP),train,4
942,942,tr,A0A9F5IUC4,A0A9F5IUC4_PYTBI,Transmembrane protease serine 11E-like,Python bivittatus,176946,3,Snake_Venom_Serine_Proteases(SVSP),train,4
943,943,tr,A0A670YBT1,A0A670YBT1_PSETE,MBL associated serine protease 2,Pseudonaja textilis,8673,3,Snake_Venom_Serine_Proteases(SVSP),train,4
944,944,tr,A0A6P9CBF0,A0A6P9CBF0_PANGU,Serine protease 55 isoform X2,Pantherophis guttatus,94885,3,Snake_Venom_Serine_Proteases(SVSP),train,4
945,945,tr,V8NT74,V8NT74_OPHHA,Transmembrane protease serine 12 (Fragment),Ophiophagus hannah,8665,3,Snake_Venom_Serine_Proteases(SVSP),test,4
946,946,tr,V8NM78,V8NM78_OPHHA,Transmembrane protease serine 11E (Fragment),Ophiophagus hannah,8665,3,Snake_Venom_Serine_Proteases(SVSP),train,4
947,947,tr,A0A6P9CGG2,A0A6P9CGG2_PANGU,Serine protease 27-like isoform X1,Pantherophis guttatus,94885,3,Snake_Venom_Serine_Proteases(SVSP),train,4
948,948,tr,A0A6P9CHJ9,A0A6P9CHJ9_PANGU,Serine protease 27-like isoform X2,Pantherophis guttatus,94885,3,Snake_Venom_Serine_Proteases(SVSP),train,4
949,949,tr,A0A9F5J283,A0A9F5J283_PYTBI,Serine protease 33-like isoform X4,Python bivittatus,176946,3,Snake_Venom_Serine_Proteases(SVSP),train,4
950,950,tr,A0A6P9CIE7,A0A6P9CIE7_PANGU,Serine protease 27-like isoform X2,Pantherophis guttatus,94885,3,Snake_Venom_Serine_Proteases(SVSP),train,4
951,951,tr,A0A9F5IN45,A0A9F5IN45_PYTBI,Serine protease 33-like isoform X1,Python bivittatus,176946,3,Snake_Venom_Serine_Proteases(SVSP),test,4
952,952,tr,A0A6P9C9J0,A0A6P9C9J0_PANGU,Serine protease 27-like isoform X1,Pantherophis guttatus,94885,3,Snake_Venom_Serine_Proteases(SVSP),train,4
953,953,tr,A0A6P9CJX3,A0A6P9CJX3_PANGU,Serine protease 44-like isoform X3,Pantherophis guttatus,94885,3,Snake_Venom_Serine_Proteases(SVSP),train,4
954,954,tr,A0A9F3QR15,A0A9F3QR15_PYTBI,Serine protease 27-like isoform X2,Python bivittatus,176946,3,Snake_Venom_Serine_Proteases(SVSP),train,4
955,955,tr,F8J2F9,F8J2F9_DRYCN,Putative serine protease inhibitor 373,Drysdalia coronoides,66186,2,Snake_Venom_Serine_Proteases(SVSP),train,4
956,956,tr,F8J2G0,F8J2G0_DRYCN,Putative serine protease inhibitor 365,Drysdalia coronoides,66186,2,Snake_Venom_Serine_Proteases(SVSP),train,4
957,957,tr,A0A6I9XD06,A0A6I9XD06_9SAUR,Serine protease 33-like isoform X1,Thamnophis sirtalis,35019,3,Snake_Venom_Serine_Proteases(SVSP),train,4
958,958,tr,A0A9F3QSI2,A0A9F3QSI2_PYTBI,Serine protease 27-like isoform X1,Python bivittatus,176946,3,Snake_Venom_Serine_Proteases(SVSP),val,4
959,959,tr,F8J2F8,F8J2F8_DRYCN,Putative serine protease inhibitor 239,Drysdalia coronoides,66186,2,Snake_Venom_Serine_Proteases(SVSP),test,4
960,960,tr,F8J2F7,F8J2F7_DRYCN,Putative serine protease inhibitor 42,Drysdalia coronoides,66186,2,Snake_Venom_Serine_Proteases(SVSP),train,4
961,961,tr,V8NGT0,V8NGT0_OPHHA,Serine protease HTRA1,Ophiophagus hannah,8665,3,Snake_Venom_Serine_Proteases(SVSP),test,4
962,962,tr,A0A6J1W1T6,A0A6J1W1T6_9SAUR,Kunitz-type serine protease inhibitor bitisilin-3-like,Notechis scutatus,8663,3,Snake_Venom_Serine_Proteases(SVSP),train,4
963,963,tr,A0AAW1BYP7,A0AAW1BYP7_CROAD,TMPRSS12: Transmembrane protease serine 12,Crotalus adamanteus,8729,3,Snake_Venom_Serine_Proteases(SVSP),train,4
964,964,tr,A0AAW1BZ16,A0AAW1BZ16_CROAD,TMPRSS12: Transmembrane protease serine 12,Crotalus adamanteus,8729,3,Snake_Venom_Serine_Proteases(SVSP),train,4
965,965,tr,A0AAW1B0R6,A0AAW1B0R6_CROAD,Serine protease 27-like,Crotalus adamanteus,8729,4,Snake_Venom_Serine_Proteases(SVSP),train,4
966,966,tr,V8N646,V8N646_OPHHA,Inactive serine protease 45 (Fragment),Ophiophagus hannah,8665,3,Snake_Venom_Serine_Proteases(SVSP),train,4
967,967,tr,A0A9F5IZL8,A0A9F5IZL8_PYTBI,Transmembrane protease serine 3 isoform X1,Python bivittatus,176946,3,Snake_Venom_Serine_Proteases(SVSP),val,4
968,968,tr,A0A9F5MQJ7,A0A9F5MQJ7_PYTBI,Transmembrane protease serine 13 isoform X4,Python bivittatus,176946,3,Snake_Venom_Serine_Proteases(SVSP),test,4
969,969,tr,A0A9F5J4L8,A0A9F5J4L8_PYTBI,Transmembrane protease serine 3 isoform X2,Python bivittatus,176946,3,Snake_Venom_Serine_Proteases(SVSP),train,4
970,970,tr,D5J9Q7,D5J9Q7_9SAUR,Kunitz-type serine protease inhibitor isoform 4,Bungarus flaviceps,8614,2,Snake_Venom_Serine_Proteases(SVSP),test,4
971,971,tr,D5J9Q9,D5J9Q9_9SAUR,Kunitz-type serine protease inhibitor isoform 6,Bungarus flaviceps,8614,2,Snake_Venom_Serine_Proteases(SVSP),train,4
972,972,tr,A0A6P9BK19,A0A6P9BK19_PANGU,Transmembrane protease serine 12-like isoform X3,Pantherophis guttatus,94885,3,Snake_Venom_Serine_Proteases(SVSP),train,4
973,973,tr,A0A6J1VVY0,A0A6J1VVY0_9SAUR,Mannan-binding lectin serine protease 1,Notechis scutatus,8663,3,Snake_Venom_Serine_Proteases(SVSP),train,4
974,974,tr,A0A6P9BBU7,A0A6P9BBU7_PANGU,Transmembrane protease serine 12-like isoform X5,Pantherophis guttatus,94885,3,Snake_Venom_Serine_Proteases(SVSP),train,4
975,975,tr,A0A6P9BED4,A0A6P9BED4_PANGU,Transmembrane protease serine 12-like isoform X1,Pantherophis guttatus,94885,3,Snake_Venom_Serine_Proteases(SVSP),test,4
976,976,tr,A0A194AT39,A0A194AT39_9SAUR,Serine proteinase 1a,Micrurus tener,1114301,3,Snake_Venom_Serine_Proteases(SVSP),train,4
977,977,tr,A0A6J1W7Q6,A0A6J1W7Q6_9SAUR,Kunitz-type serine protease inhibitor kunitoxin-Phi1-like,Notechis scutatus,8663,3,Snake_Venom_Serine_Proteases(SVSP),train,4
978,978,tr,A0A6P9AW29,A0A6P9AW29_PANGU,Kunitz-type serine protease inhibitor HNTX-852-like,Pantherophis guttatus,94885,3,Snake_Venom_Serine_Proteases(SVSP),val,4
979,979,tr,A0A6P9BEC4,A0A6P9BEC4_PANGU,Transmembrane protease serine 12-like isoform X2,Pantherophis guttatus,94885,3,Snake_Venom_Serine_Proteases(SVSP),train,4
980,980,tr,A0A9F5J6Q1,A0A9F5J6Q1_PYTBI,Transmembrane protease serine 12-like isoform X2,Python bivittatus,176946,3,Snake_Venom_Serine_Proteases(SVSP),train,4
981,981,tr,H8PG73,H8PG73_9SAUR,Kunitz-type serine protease inhibitor isoform 5,Suta nigriceps,687874,2,Snake_Venom_Serine_Proteases(SVSP),train,4
982,982,tr,H8PG78,H8PG78_9SAUR,Kunitz-type serine protease inhibitor isoform 10,Suta nigriceps,687874,2,Snake_Venom_Serine_Proteases(SVSP),train,4
983,983,tr,A0A6P9BJH0,A0A6P9BJH0_PANGU,Transmembrane protease serine 12-like isoform X4,Pantherophis guttatus,94885,3,Snake_Venom_Serine_Proteases(SVSP),train,4
984,984,tr,A0A6P9BBU1,A0A6P9BBU1_PANGU,Transmembrane protease serine 12-like isoform X1,Pantherophis guttatus,94885,3,Snake_Venom_Serine_Proteases(SVSP),train,4
985,985,tr,A0A6P9BBV0,A0A6P9BBV0_PANGU,Transmembrane protease serine 12-like isoform X1,Pantherophis guttatus,94885,3,Snake_Venom_Serine_Proteases(SVSP),train,4
986,986,tr,A0A6P9BED9,A0A6P9BED9_PANGU,Transmembrane protease serine 12-like isoform X2,Pantherophis guttatus,94885,3,Snake_Venom_Serine_Proteases(SVSP),train,4
987,987,tr,A0A6P9BJG5,A0A6P9BJG5_PANGU,Transmembrane protease serine 12-like isoform X2,Pantherophis guttatus,94885,3,Snake_Venom_Serine_Proteases(SVSP),train,4
988,988,tr,H8PG76,H8PG76_9SAUR,Kunitz-type serine protease inhibitor isoform 8,Suta nigriceps,687874,2,Snake_Venom_Serine_Proteases(SVSP),train,4
989,989,tr,H8PG79,H8PG79_9SAUR,Kunitz-type serine protease inhibitor isoform 11,Suta nigriceps,687874,2,Snake_Venom_Serine_Proteases(SVSP),train,4
990,990,tr,H8PG71,H8PG71_9SAUR,Kunitz-type serine protease inhibitor isoform 3,Suta nigriceps,687874,2,Snake_Venom_Serine_Proteases(SVSP),val,4
991,991,tr,A0A6J1W0C0,A0A6J1W0C0_9SAUR,Transmembrane protease serine 12-like,Notechis scutatus,8663,3,Snake_Venom_Serine_Proteases(SVSP),train,4
992,992,tr,A0AAW1AX66,A0AAW1AX66_CROAD,Thymus-specific serine protease,Crotalus adamanteus,8729,3,Snake_Venom_Serine_Proteases(SVSP),train,4
993,993,tr,A0AAW1BIH4,A0AAW1BIH4_CROAD,Transmembrane protease serine 3,Crotalus adamanteus,8729,4,Snake_Venom_Serine_Proteases(SVSP),train,4
994,994,tr,A0AAW1BZ74,A0AAW1BZ74_CROAD,Transmembrane protease serine 12,Crotalus adamanteus,8729,4,Snake_Venom_Serine_Proteases(SVSP),train,4
995,995,tr,A0AAW1ATI6,A0AAW1ATI6_CROAD,Inactive serine protease 54,Crotalus adamanteus,8729,4,Snake_Venom_Serine_Proteases(SVSP),train,4
996,996,tr,A0AAW1BJ51,A0AAW1BJ51_CROAD,Transmembrane protease serine 7,Crotalus adamanteus,8729,4,Snake_Venom_Serine_Proteases(SVSP),train,4
997,997,tr,A0AAW1B070,A0AAW1B070_CROAD,Serine protease 27-like,Crotalus adamanteus,8729,4,Snake_Venom_Serine_Proteases(SVSP),train,4
998,998,tr,A0AAW1BGW7,A0AAW1BGW7_CROAD,Serine protease 56-like,Crotalus adamanteus,8729,4,Snake_Venom_Serine_Proteases(SVSP),train,4
999,999,tr,A0A9F5J7S9,A0A9F5J7S9_PYTBI,LOW QUALITY PROTEIN: serine protease 27-like,Python bivittatus,176946,3,Snake_Venom_Serine_Proteases(SVSP),train,4
1000,1000,tr,A0AAW1BK31,A0AAW1BK31_CROAD,Tmprss3: Transmembrane protease serine 3 (Fragment),Crotalus adamanteus,8729,4,Snake_Venom_Serine_Proteases(SVSP),train,4
1001,1001,tr,A0AAW1BLM0,A0AAW1BLM0_CROAD,TMPRSS7: Transmembrane protease serine 7,Crotalus adamanteus,8729,3,Snake_Venom_Serine_Proteases(SVSP),test,4
1002,1002,tr,A0A194AP49,A0A194AP49_9SAUR,Serine proteinase 1c,Micrurus tener,1114301,3,Snake_Venom_Serine_Proteases(SVSP),train,4
1003,1003,tr,F8S121,F8S121_CROAD,Serine proteinase 9 (Fragment),Crotalus adamanteus,8729,2,Snake_Venom_Serine_Proteases(SVSP),train,4
1004,1004,tr,A0A223PK25,A0A223PK25_DABRR,Kunitz-type serine protease inhibitor kunitoxin-Tel1-like (Fragment),Daboia russelii,8707,2,Snake_Venom_Serine_Proteases(SVSP),train,4
1005,1005,tr,H8PG77,H8PG77_9SAUR,Kunitz-type serine protease inhibitor isoform 9,Suta nigriceps,687874,2,Snake_Venom_Serine_Proteases(SVSP),train,4
1006,1006,tr,H8PG70,H8PG70_9SAUR,Kunitz-type serine protease inhibitor isoform 2,Suta nigriceps,687874,2,Snake_Venom_Serine_Proteases(SVSP),train,4
1007,1007,tr,H8PG72,H8PG72_9SAUR,Kunitz-type serine protease inhibitor isoform 4,Suta nigriceps,687874,2,Snake_Venom_Serine_Proteases(SVSP),train,4
1008,1008,tr,H8PG74,H8PG74_9SAUR,Kunitz-type serine protease inhibitor isoform 6,Suta nigriceps,687874,2,Snake_Venom_Serine_Proteases(SVSP),test,4
1009,1009,tr,H8PG80,H8PG80_9SAUR,Kunitz-type serine protease inhibitor isoform 12,Suta nigriceps,687874,2,Snake_Venom_Serine_Proteases(SVSP),train,4
1010,1010,tr,H8PG75,H8PG75_9SAUR,Kunitz-type serine protease inhibitor isoform 7,Suta nigriceps,687874,2,Snake_Venom_Serine_Proteases(SVSP),train,4
1011,1011,tr,A0A1I9KNR5,A0A1I9KNR5_VIPAA,Serine proteinase SP-5 (Fragment),Vipera ammodytes ammodytes,8705,2,Snake_Venom_Serine_Proteases(SVSP),train,4
1012,1012,tr,A0A6B7FQF8,A0A6B7FQF8_VIPAA,Serine proteinase SP-6,Vipera ammodytes ammodytes,8705,2,Snake_Venom_Serine_Proteases(SVSP),train,4
1013,1013,tr,A0A1I9KNL5,A0A1I9KNL5_VIPAA,Serine proteinase SP-2,Vipera ammodytes ammodytes,8705,2,Snake_Venom_Serine_Proteases(SVSP),train,4
1014,1014,tr,A0A1I9KNN4,A0A1I9KNN4_VIPAA,Serine proteinase SP-3,Vipera ammodytes ammodytes,8705,2,Snake_Venom_Serine_Proteases(SVSP),train,4
1015,1015,tr,A0AAW1BHS5,A0AAW1BHS5_CROAD,Mannan-binding lectin serine protease 1-like,Crotalus adamanteus,8729,3,Snake_Venom_Serine_Proteases(SVSP),train,4
1016,1016,tr,V8N4W8,V8N4W8_OPHHA,Transmembrane protease serine 12 (Fragment),Ophiophagus hannah,8665,4,Snake_Venom_Serine_Proteases(SVSP),train,4
1017,1017,tr,V8NTA6,V8NTA6_OPHHA,Inactive serine protease 54 (Fragment),Ophiophagus hannah,8665,4,Snake_Venom_Serine_Proteases(SVSP),train,4
1018,1018,tr,V8PEJ3,V8PEJ3_OPHHA,Inactive serine protease PAMR1 (Fragment),Ophiophagus hannah,8665,4,Snake_Venom_Serine_Proteases(SVSP),train,4
1019,1019,tr,A0A6B7FMQ3,A0A6B7FMQ3_VIPAA,Serine proteinase SP-7,Vipera ammodytes ammodytes,8705,2,Snake_Venom_Serine_Proteases(SVSP),train,4
1020,1020,tr,H8PG69,H8PG69_9SAUR,Kunitz-type serine protease inhibitor isoform 1,Suta nigriceps,687874,2,Snake_Venom_Serine_Proteases(SVSP),train,4
1021,1021,tr,H8PG81,H8PG81_9SAUR,Kunitz-type serine protease inhibitor isoform 13,Suta nigriceps,687874,2,Snake_Venom_Serine_Proteases(SVSP),val,4
1022,1022,tr,A0AAW1BSD4,A0AAW1BSD4_CROAD,Kunitz-type serine protease inhibitor like dendrotoxin K-like,Crotalus adamanteus,8729,3,Snake_Venom_Serine_Proteases(SVSP),test,4
1023,1023,tr,A0AAW1BX68,A0AAW1BX68_CROAD,Serine protease inhibitor Kazal-type 5,Crotalus adamanteus,8729,4,Snake_Venom_Serine_Proteases(SVSP),train,4
1024,1024,tr,A0AAW1C2L4,A0AAW1C2L4_CROAD,Serine protease inhibitor Kazal-type 2,Crotalus adamanteus,8729,4,Snake_Venom_Serine_Proteases(SVSP),train,4
1025,1025,tr,V8N5N6,V8N5N6_OPHHA,Mannan-binding lectin serine protease 2 (Fragment),Ophiophagus hannah,8665,3,Snake_Venom_Serine_Proteases(SVSP),train,4
1026,1026,tr,D5J9Q4,D5J9Q4_9SAUR,Kunitz-type serine protease inhibitor isoform 1,Bungarus flaviceps,8614,2,Snake_Venom_Serine_Proteases(SVSP),train,4
1027,1027,tr,A0AAW1ARU8,A0AAW1ARU8_CROAD,Mannan-binding lectin serine protease 2,Crotalus adamanteus,8729,4,Snake_Venom_Serine_Proteases(SVSP),train,4
1028,1028,tr,A0AAW1BWP3,A0AAW1BWP3_CROAD,SPINK6: Serine protease inhibitor Kazal-type 6,Crotalus adamanteus,8729,4,Snake_Venom_Serine_Proteases(SVSP),train,4
1029,1029,tr,A0AAW1BJC6,A0AAW1BJC6_CROAD,Mannan-binding lectin serine protease 1-like,Crotalus adamanteus,8729,4,Snake_Venom_Serine_Proteases(SVSP),test,4
1030,1030,tr,A0AAW1BW40,A0AAW1BW40_CROAD,SPINK5: Serine protease inhibitor Kazal-type 5,Crotalus adamanteus,8729,4,Snake_Venom_Serine_Proteases(SVSP),train,4
1031,1031,tr,A0AAW1BWC2,A0AAW1BWC2_CROAD,SPINK6: Serine protease inhibitor Kazal-type 6,Crotalus adamanteus,8729,4,Snake_Venom_Serine_Proteases(SVSP),train,4
1032,1032,tr,A0AAW1BWC3,A0AAW1BWC3_CROAD,SPINK5: Serine protease inhibitor Kazal-type 5,Crotalus adamanteus,8729,4,Snake_Venom_Serine_Proteases(SVSP),train,4
1033,1033,tr,D5J9Q5,D5J9Q5_9SAUR,Kunitz-type serine protease inhibitor isoform 2,Bungarus flaviceps,8614,2,Snake_Venom_Serine_Proteases(SVSP),train,4
1034,1034,tr,D5J9Q6,D5J9Q6_9SAUR,Kunitz-type serine protease inhibitor isoform 3,Bungarus flaviceps,8614,2,Snake_Venom_Serine_Proteases(SVSP),val,4
1035,1035,tr,V8NR24,V8NR24_OPHHA,Serine protease inhibitor Kazal-type 5,Ophiophagus hannah,8665,4,Snake_Venom_Serine_Proteases(SVSP),train,4
1036,1036,tr,V8NDA2,V8NDA2_OPHHA,Serine protease inhibitor Kazal-type 6 (Fragment),Ophiophagus hannah,8665,4,Snake_Venom_Serine_Proteases(SVSP),train,4
1037,1037,tr,A0A2D4EXL4,A0A2D4EXL4_MICCO,Non-specific serine/threonine protein kinase (Fragment),Micrurus corallinus,54390,4,Snake_Venom_Serine_Proteases(SVSP),test,4
1038,1038,tr,V8N673,V8N673_OPHHA,Mannan-binding lectin serine protease 1 (Fragment),Ophiophagus hannah,8665,4,Snake_Venom_Serine_Proteases(SVSP),train,4
1039,1039,tr,A0A2D4HZR6,A0A2D4HZR6_MICLE,Non-specific serine/threonine protein kinase (Fragment),Micrurus lemniscatus lemniscatus,129467,4,Snake_Venom_Serine_Proteases(SVSP),train,4
1040,1040,tr,A0A2D4EXK3,A0A2D4EXK3_MICCO,Non-specific serine/threonine protein kinase,Micrurus corallinus,54390,4,Snake_Venom_Serine_Proteases(SVSP),train,4
1041,1041,tr,A0AAU6NSY7,A0AAU6NSY7_MICMP,Serine peptidase inhibitor Kunitz type 1 transcript variant X8,Micrurus mipartitus,430902,2,Snake_Venom_Serine_Proteases(SVSP),train,4
1042,1042,tr,A0AAW1BFW5,A0AAW1BFW5_CROAD,Kazal-type serine protease inhibitor domain-containing protein 1,Crotalus adamanteus,8729,4,Snake_Venom_Serine_Proteases(SVSP),train,4
1043,1043,tr,V8PH34,V8PH34_OPHHA,Kazal-type serine protease inhibitor domain-containing protein 1 (Fragment),Ophiophagus hannah,8665,4,Snake_Venom_Serine_Proteases(SVSP),train,4
1044,1044,tr,V8PH39,V8PH39_OPHHA,Kazal-type serine protease inhibitor domain-containing protein 1 (Fragment),Ophiophagus hannah,8665,4,Snake_Venom_Serine_Proteases(SVSP),train,4
1045,1045,tr,A0A194ASH9,A0A194ASH9_SISTE,Serine proteinase 13a,Sistrurus tergeminus,8757,3,Snake_Venom_Serine_Proteases(SVSP),train,4
1046,1046,tr,A0A194APL6,A0A194APL6_SISTE,Serine proteinase 14a,Sistrurus tergeminus,8757,3,Snake_Venom_Serine_Proteases(SVSP),train,4
1047,1047,tr,A0A194APZ9,A0A194APZ9_SISMB,Serine proteinase 1a,Sistrurus miliarius barbouri,8759,3,Snake_Venom_Serine_Proteases(SVSP),train,4
1048,1048,tr,A0A194ARN5,A0A194ARN5_SISTE,Serine proteinase 15e,Sistrurus tergeminus,8757,3,Snake_Venom_Serine_Proteases(SVSP),test,4
1049,1049,tr,A0A194AS18,A0A194AS18_SISMB,Serine proteinase 1c,Sistrurus miliarius barbouri,8759,3,Snake_Venom_Serine_Proteases(SVSP),train,4
1050,1050,tr,A0A194ASG2,A0A194ASG2_SISTE,Serine proteinase 9a,Sistrurus tergeminus,8757,3,Snake_Venom_Serine_Proteases(SVSP),train,4
1051,1051,tr,A0A194ASG6,A0A194ASG6_SISTE,Serine proteinase 7,Sistrurus tergeminus,8757,3,Snake_Venom_Serine_Proteases(SVSP),val,4
1052,1052,tr,A0A194ARU9,A0A194ARU9_SISMB,Serine proteinase 2a,Sistrurus miliarius barbouri,8759,3,Snake_Venom_Serine_Proteases(SVSP),train,4
1053,1053,tr,A0A194APL1,A0A194APL1_SISTE,Serine proteinase 15c,Sistrurus tergeminus,8757,3,Snake_Venom_Serine_Proteases(SVSP),train,4
1054,1054,tr,A0A194AQ04,A0A194AQ04_SISMB,Serine proteinase 13b,Sistrurus miliarius barbouri,8759,3,Snake_Venom_Serine_Proteases(SVSP),train,4
1055,1055,tr,A0A194ARP9,A0A194ARP9_SISTE,Serine proteinase 10b,Sistrurus tergeminus,8757,3,Snake_Venom_Serine_Proteases(SVSP),train,4
1056,1056,tr,A0A194ASS1,A0A194ASS1_SISMB,Serine proteinase 9b,Sistrurus miliarius barbouri,8759,3,Snake_Venom_Serine_Proteases(SVSP),train,4
1057,1057,tr,A0A194APK9,A0A194APK9_SISTE,Serine proteinase 2,Sistrurus tergeminus,8757,3,Snake_Venom_Serine_Proteases(SVSP),train,4
1058,1058,tr,A0A194APX9,A0A194APX9_SISMB,Serine proteinase 9a,Sistrurus miliarius barbouri,8759,3,Snake_Venom_Serine_Proteases(SVSP),train,4
1059,1059,tr,A0A194ARG9,A0A194ARG9_SISTE,Serine proteinase 1,Sistrurus tergeminus,8757,3,Snake_Venom_Serine_Proteases(SVSP),test,4
1060,1060,tr,A0A194ARH3,A0A194ARH3_SISTE,Serine proteinase 15b,Sistrurus tergeminus,8757,3,Snake_Venom_Serine_Proteases(SVSP),train,4
1061,1061,tr,A0A194ASH8,A0A194ASH8_SISTE,Serine proteinase 14b,Sistrurus tergeminus,8757,3,Snake_Venom_Serine_Proteases(SVSP),train,4
1062,1062,tr,A0A194ASU1,A0A194ASU1_SISMB,Serine proteinase 14a,Sistrurus miliarius barbouri,8759,3,Snake_Venom_Serine_Proteases(SVSP),train,4
1063,1063,tr,A0A194ARV2,A0A194ARV2_SISMB,Serine proteinase 15b,Sistrurus miliarius barbouri,8759,3,Snake_Venom_Serine_Proteases(SVSP),train,4
1064,1064,tr,A0A194ARW1,A0A194ARW1_SISMB,Serine proteinase 10,Sistrurus miliarius barbouri,8759,3,Snake_Venom_Serine_Proteases(SVSP),train,4
1065,1065,tr,A0A194ATP6,A0A194ATP6_SISMB,Serine proteinase 9d,Sistrurus miliarius barbouri,8759,3,Snake_Venom_Serine_Proteases(SVSP),train,4
1066,1066,tr,A0A194ARV6,A0A194ARV6_SISMB,Serine proteinase 13a,Sistrurus miliarius barbouri,8759,3,Snake_Venom_Serine_Proteases(SVSP),train,4
1067,1067,tr,A0A194AS00,A0A194AS00_SISMB,Serine proteinase 9c,Sistrurus miliarius barbouri,8759,3,Snake_Venom_Serine_Proteases(SVSP),train,4
1068,1068,tr,A0A194AS22,A0A194AS22_SISMB,Serine proteinase 14b,Sistrurus miliarius barbouri,8759,3,Snake_Venom_Serine_Proteases(SVSP),train,4
1069,1069,tr,A0A194ASI3,A0A194ASI3_SISTE,Serine proteinase 10a,Sistrurus tergeminus,8757,3,Snake_Venom_Serine_Proteases(SVSP),train,4
1070,1070,tr,A0A194ATF6,A0A194ATF6_SISTE,Serine proteinase 15a,Sistrurus tergeminus,8757,3,Snake_Venom_Serine_Proteases(SVSP),test,4
1071,1071,tr,A0A194ATR2,A0A194ATR2_SISMB,Serine proteinase 15a,Sistrurus miliarius barbouri,8759,3,Snake_Venom_Serine_Proteases(SVSP),train,4
1072,1072,tr,B0VXT5,B0VXT5_SISCA,Serine proteinase isoform 3,Sistrurus catenatus edwardsii,8762,2,Snake_Venom_Serine_Proteases(SVSP),test,4
1073,1073,tr,B0VXU0,B0VXU0_SISCA,Serine proteinase isoform 8,Sistrurus catenatus edwardsii,8762,2,Snake_Venom_Serine_Proteases(SVSP),val,4
1074,1074,tr,B0VXU1,B0VXU1_SISCA,Serine proteinase isoform 9,Sistrurus catenatus edwardsii,8762,2,Snake_Venom_Serine_Proteases(SVSP),train,4
1075,1075,tr,B0VXT3,B0VXT3_SISCA,Serine proteinase isoform 1,Sistrurus catenatus edwardsii,8762,2,Snake_Venom_Serine_Proteases(SVSP),test,4
1076,1076,tr,B0VXT4,B0VXT4_SISCA,Serine proteinase isoform 2,Sistrurus catenatus edwardsii,8762,2,Snake_Venom_Serine_Proteases(SVSP),train,4
1077,1077,tr,A0A194ATE3,A0A194ATE3_SISTE,Serine proteinase 8a,Sistrurus tergeminus,8757,3,Snake_Venom_Serine_Proteases(SVSP),train,4
1078,1078,tr,A0A194ATG3,A0A194ATG3_SISTE,Serine proteinase 11a,Sistrurus tergeminus,8757,3,Snake_Venom_Serine_Proteases(SVSP),val,4
1079,1079,tr,A0A194AS04,A0A194AS04_SISMB,Serine proteinase 8b,Sistrurus miliarius barbouri,8759,3,Snake_Venom_Serine_Proteases(SVSP),train,4
1080,1080,tr,A0A194ART8,A0A194ART8_SISMB,Serine proteinase 8a,Sistrurus miliarius barbouri,8759,3,Snake_Venom_Serine_Proteases(SVSP),train,4
1081,1081,tr,A0A194ARG0,A0A194ARG0_SISTE,Serine proteinase 8c,Sistrurus tergeminus,8757,3,Snake_Venom_Serine_Proteases(SVSP),train,4
1082,1082,tr,A0A194APM0,A0A194APM0_SISTE,Serine proteniase 12,Sistrurus tergeminus,8757,3,Snake_Venom_Serine_Proteases(SVSP),test,4
1083,1083,tr,A0A194ASG9,A0A194ASG9_SISTE,Serine proteinase 3,Sistrurus tergeminus,8757,3,Snake_Venom_Serine_Proteases(SVSP),train,4
1084,1084,tr,B0VXT8,B0VXT8_SISCA,Serine proteinase isoform 6 (Fragment),Sistrurus catenatus edwardsii,8762,2,Snake_Venom_Serine_Proteases(SVSP),val,4
1085,1085,tr,A0A194AS09,A0A194AS09_SISMB,Serine proteinase 7b,Sistrurus miliarius barbouri,8759,3,Snake_Venom_Serine_Proteases(SVSP),train,4
1086,1086,tr,A0A194ASS6,A0A194ASS6_SISMB,Serine proteinase 8c,Sistrurus miliarius barbouri,8759,3,Snake_Venom_Serine_Proteases(SVSP),train,4
1087,1087,tr,A0A194ATP8,A0A194ATP8_SISMB,Serine proteinase 8e,Sistrurus miliarius barbouri,8759,3,Snake_Venom_Serine_Proteases(SVSP),train,4
1088,1088,tr,A0A194AST0,A0A194AST0_SISMB,Serine proteinase 7a,Sistrurus miliarius barbouri,8759,3,Snake_Venom_Serine_Proteases(SVSP),train,4
1089,1089,tr,B0VXU2,B0VXU2_SISCA,Serine proteinase isoform 10,Sistrurus catenatus edwardsii,8762,2,Snake_Venom_Serine_Proteases(SVSP),train,4
1090,1090,tr,A0A194ATQ3,A0A194ATQ3_SISMB,Serine proteinase 7c,Sistrurus miliarius barbouri,8759,3,Snake_Venom_Serine_Proteases(SVSP),val,4
1091,1091,tr,B0VXT7,B0VXT7_SISCA,Serine proteinase isoform 5,Sistrurus catenatus edwardsii,8762,2,Snake_Venom_Serine_Proteases(SVSP),train,4
1092,1092,tr,B0VXT9,B0VXT9_SISCA,Serine proteinase isoform 7,Sistrurus catenatus edwardsii,8762,2,Snake_Venom_Serine_Proteases(SVSP),test,4
1093,1093,tr,T1DNE0,T1DNE0_CROHD,Probable serine carboxypeptidase CPVL,Crotalus horridus,35024,2,Snake_Venom_Serine_Proteases(SVSP),test,4
1094,1094,tr,A0A194ARN1,A0A194ARN1_SISTE,Serine proteinase 4,Sistrurus tergeminus,8757,3,Snake_Venom_Serine_Proteases(SVSP),train,4
1095,1095,tr,A0A1W7RI96,A0A1W7RI96_AGKCO,Probable serine carboxypeptidase CPVL,Agkistrodon contortrix contortrix,8713,3,Snake_Venom_Serine_Proteases(SVSP),train,4
1096,1096,tr,A0A0K8S1F1,A0A0K8S1F1_CROHD,Probable serine carboxypeptidase CPVL,Crotalus horridus,35024,3,Snake_Venom_Serine_Proteases(SVSP),train,4
1097,1097,tr,A0AAW1B312,A0AAW1B312_CROAD,Probable serine carboxypeptidase CPVL,Crotalus adamanteus,8729,3,Snake_Venom_Serine_Proteases(SVSP),train,4
1098,1098,tr,A0AAU6NSP1,A0AAU6NSP1_MICMP,Serine peptidase inhibitor Kunitz type 2 transcript variant X2,Micrurus mipartitus,430902,2,Snake_Venom_Serine_Proteases(SVSP),train,4
1099,1099,tr,A0AAW1AWC0,A0AAW1AWC0_CROAD,Serine beta-lactamase-like LACTB mitochondrial,Crotalus adamanteus,8729,4,Snake_Venom_Serine_Proteases(SVSP),train,4
1100,1100,tr,V8PGQ0,V8PGQ0_OPHHA,"Serine beta-lactamase-like protein LACTB, mitochondrial (Fragment)",Ophiophagus hannah,8665,4,Snake_Venom_Serine_Proteases(SVSP),test,4
1101,1101,tr,A0A0B8RWA3,A0A0B8RWA3_9SAUR,"To serine (Or cysteine) proteinase inhibitor, clade B, member 5",Philothamnus irregularis,1899461,3,Snake_Venom_Serine_Proteases(SVSP),train,4
1102,1102,sp,P0DJJ6,VM1B_BOTLC,Snake venom metalloproteinase BleucMP (Fragment),Bothrops leucurus,157295,1,Snake_Venom_Metalloproteinases(SVMP),train,3
1103,1103,sp,P0DJ42,VM1CR_CROAT,Snake venom metalloproteinase crotalin (Fragment),Crotalus atrox,8730,1,Snake_Venom_Metalloproteinases(SVMP),train,3
1104,1104,sp,P0CB14,VM1K_CALRH,Snake venom metalloproteinase kistomin,Calloselasma rhodostoma,8717,1,Snake_Venom_Metalloproteinases(SVMP),train,3
1105,1105,sp,P84035,VM3BA_BOTAS,Snake venom metalloproteinase basparin-A (Fragment),Bothrops asper,8722,1,Snake_Venom_Metalloproteinases(SVMP),train,3
1106,1106,sp,P85314,VM1BI_BOTMO,Snake venom metalloproteinase BmooMPalpha-I,Bothrops moojeni,98334,1,Snake_Venom_Metalloproteinases(SVMP),train,3
1107,1107,sp,P0DRC8,VM1_MACLN,Snake venom metalloproteinase Mlp4.2 (Fragment),Macrovipera lebetina transmediterranea,384075,1,Snake_Venom_Metalloproteinases(SVMP),test,3
1108,1108,sp,P20897,VM1H2_CRORU,Snake venom metalloproteinase HT-2,Crotalus ruber ruber,8736,1,Snake_Venom_Metalloproteinases(SVMP),train,3
1109,1109,sp,A3R0T9,VM3_OPHHA,Zinc metalloproteinase-disintegrin-like ohanin,Ophiophagus hannah,8665,1,Snake_Venom_Metalloproteinases(SVMP),train,3
1110,1110,sp,P85420,VM11_BOTAT,Snake venom metalloproteinase atroxlysin-1,Bothrops atrox,8725,1,Snake_Venom_Metalloproteinases(SVMP),train,3
1111,1111,sp,P15167,VM1AD_CROAT,Snake venom metalloproteinase atrolysin-D,Crotalus atrox,8730,1,Snake_Venom_Metalloproteinases(SVMP),train,3
1112,1112,sp,Q90392,VM1AC_CROAT,Snake venom metalloproteinase atrolysin-C,Crotalus atrox,8730,1,Snake_Venom_Metalloproteinases(SVMP),train,3
1113,1113,sp,Q072L5,VM2_BOTAS,Zinc metalloproteinase/disintegrin,Bothrops asper,8722,1,Snake_Venom_Metalloproteinases(SVMP),train,3
1114,1114,sp,Q9YI19,VM2MC_GLOBR,Zinc metalloproteinase/disintegrin,Gloydius brevicauda,3148161,1,Snake_Venom_Metalloproteinases(SVMP),train,3
1115,1115,sp,Q9IAB0,VM2CO_AGKCO,Zinc metalloproteinase/disintegrin,Agkistrodon contortrix contortrix,8713,1,Snake_Venom_Metalloproteinases(SVMP),train,3
1116,1116,sp,P0DJ43,VM3_MICIK,Zinc metalloproteinase-disintegrin-like mikarin (Fragment),Micropechis ikaheca,66188,1,Snake_Venom_Metalloproteinases(SVMP),val,3
1117,1117,sp,P83912,VM2JT_PROJR,Zinc metalloproteinase-disintegrin jerdonitin,Protobothrops jerdonii,242841,1,Snake_Venom_Metalloproteinases(SVMP),train,3
1118,1118,sp,P0DJE1,VM1B1_BOTAT,Snake venom metalloproteinase Batx-1 (Fragment),Bothrops atrox,8725,1,Snake_Venom_Metalloproteinases(SVMP),train,3
1119,1119,sp,P0C6E4,VM2JN_PROJR,Zinc metalloproteinase/disintegrin,Protobothrops jerdonii,242841,1,Snake_Venom_Metalloproteinases(SVMP),train,3
1120,1120,sp,P60244,VM1A3_DEIAC,Snake venom metalloproteinase acutolysin-C,Deinagkistrodon acutus,36307,1,Snake_Venom_Metalloproteinases(SVMP),train,3
1121,1121,sp,U5PZ28,VM2H1_BOTLA,Zinc metalloproteinase-disintegrin BlatH1,Bothriechis lateralis,44727,1,Snake_Venom_Metalloproteinases(SVMP),val,3
1122,1122,sp,Q92032,VM1AH_AGKCL,Snake venom metalloproteinase ACLH,Agkistrodon contortrix laticinctus,2782196,1,Snake_Venom_Metalloproteinases(SVMP),test,3
1123,1123,sp,P0C7B1,VM3BG_BOTAL,Zinc metalloproteinase-disintegrin-like BaG (Fragment),Bothrops alternatus,64174,1,Snake_Venom_Metalloproteinases(SVMP),train,3
1124,1124,sp,P0DJE2,VM3A_VIPAA,Zinc metalloproteinase-disintegrin-like ammodytagin (Fragment),Vipera ammodytes ammodytes,8705,1,Snake_Venom_Metalloproteinases(SVMP),test,3
1125,1125,sp,Q91401,VM1AT_CROAT,Snake venom metalloproteinase atroxase,Crotalus atrox,8730,1,Snake_Venom_Metalloproteinases(SVMP),train,3
1126,1126,sp,Q90495,VM3E_ECHCA,Zinc metalloproteinase-disintegrin-like ecarin,Echis carinatus,40353,1,Snake_Venom_Metalloproteinases(SVMP),train,3
1127,1127,sp,P86802,VM1H1_BOTMA,Snake venom metalloproteinase HF-1,Bothrops marajoensis,157554,1,Snake_Venom_Metalloproteinases(SVMP),train,3
1128,1128,sp,P0DJ44,VM3_VIPAA,Zinc metalloproteinase-disintegrin-like VaH1 (Fragment),Vipera ammodytes ammodytes,8705,1,Snake_Venom_Metalloproteinases(SVMP),train,3
1129,1129,sp,Q805F6,VM2AB_AGKCO,Zinc metalloproteinase/disintegrin,Agkistrodon contortrix contortrix,8713,1,Snake_Venom_Metalloproteinases(SVMP),train,3
1130,1130,sp,P86976,VM1B1_BOTBA,Zinc metalloproteinase barnettlysin-1,Bothrops barnetti,1051630,1,Snake_Venom_Metalloproteinases(SVMP),train,3
1131,1131,sp,Q9PW35,VM1AA_DEIAC,Snake venom metalloproteinase acutolysin-A,Deinagkistrodon acutus,36307,1,Snake_Venom_Metalloproteinases(SVMP),train,3
1132,1132,sp,P86092,VM3LB_BOTLC,Zinc metalloproteinase leucurolysin-B (Fragment),Bothrops leucurus,157295,1,Snake_Venom_Metalloproteinases(SVMP),train,3
1133,1133,sp,P28891,VM1F_AGKCO,Snake venom metalloproteinase fibrolase,Agkistrodon contortrix contortrix,8713,1,Snake_Venom_Metalloproteinases(SVMP),train,3
1134,1134,sp,C0L2T8,VM2C1_CRODO,Zinc metalloproteinase/disintegrin,Crotalus durissus collilineatus,221569,1,Snake_Venom_Metalloproteinases(SVMP),train,3
1135,1135,sp,P84907,VM1LA_BOTLC,Snake venom metalloproteinase leucurolysin-A,Bothrops leucurus,157295,1,Snake_Venom_Metalloproteinases(SVMP),train,3
1136,1136,sp,P0DJH5,VM3DM_DABSI,Zinc metalloproteinase-disintegrin-like daborhagin-M (Fragment),Daboia siamensis,343250,1,Snake_Venom_Metalloproteinases(SVMP),train,3
1137,1137,sp,D6PXE8,VM3B_NAJAT,Zinc metalloproteinase-disintegrin-like atrase-B,Naja atra,8656,1,Snake_Venom_Metalloproteinases(SVMP),train,3
1138,1138,sp,Q2LD49,VM3TM_TRIST,Zinc metalloproteinase-disintegrin-like TSV-DM,Trimeresurus stejnegeri,39682,1,Snake_Venom_Metalloproteinases(SVMP),test,3
1139,1139,sp,P83512,VM1B1_BOTAS,Snake venom metalloproteinase BaP1,Bothrops asper,8722,1,Snake_Venom_Metalloproteinases(SVMP),train,3
1140,1140,sp,Q5XUW8,VM2IA_BOTIN,Zinc metalloproteinase/disintegrin,Bothrops insularis,8723,1,Snake_Venom_Metalloproteinases(SVMP),train,3
1141,1141,sp,D3TTC2,VM3H_NAJAT,Zinc metalloproteinase-disintegrin-like atragin,Naja atra,8656,1,Snake_Venom_Metalloproteinases(SVMP),val,3
1142,1142,sp,P0DL29,VM1_BOTPI,Snake venom metalloproteinase BpirMP (Fragment),Bothrops pirajai,113192,1,Snake_Venom_Metalloproteinases(SVMP),train,3
1143,1143,sp,Q7ZZS9,VM2J_PROJR,Zinc metalloproteinase/disintegrin,Protobothrops jerdonii,242841,1,Snake_Venom_Metalloproteinases(SVMP),train,3
1144,1144,sp,P14530,VM2HA_PROFL,Zinc metalloproteinase/disintegrin,Protobothrops flavoviridis,88087,1,Snake_Venom_Metalloproteinases(SVMP),val,3
1145,1145,sp,P0C6E3,VM2B1_AGKBI,Zinc metalloproteinase-disintegrin bilitoxin-1,Agkistrodon bilineatus,8718,1,Snake_Venom_Metalloproteinases(SVMP),val,3
1146,1146,sp,Q4VM07,VM3VB_MACLB,Zinc metalloproteinase-disintegrin-like VLAIP-B,Macrovipera lebetinus,3148341,1,Snake_Venom_Metalloproteinases(SVMP),test,3
1147,1147,sp,Q8UVG0,VM3BE_BOTER,Zinc metalloproteinase-disintegrin-like berythractivase,Bothrops erythromelas,44710,1,Snake_Venom_Metalloproteinases(SVMP),train,3
1148,1148,sp,P0C6E8,VM3G1_CRAGM,Zinc metalloproteinase/disintegrin (Fragment),Craspedocephalus gramineus,8767,1,Snake_Venom_Metalloproteinases(SVMP),train,3
1149,1149,sp,P0DM89,VM32A_GLOBR,Zinc metalloproteinase-disintegrin-like brevilysin H2a,Gloydius brevicauda,3148161,1,Snake_Venom_Metalloproteinases(SVMP),train,3
1150,1150,sp,Q805F4,VM2PB_AGKPI,Zinc metalloproteinase/disintegrin,Agkistrodon piscivorus piscivorus,8716,1,Snake_Venom_Metalloproteinases(SVMP),train,3
1151,1151,sp,P0DM90,VM32B_GLOBR,Zinc metalloproteinase-disintegrin-like brevilysin H2b,Gloydius brevicauda,3148161,1,Snake_Venom_Metalloproteinases(SVMP),train,3
1152,1152,sp,B8K1W0,VM3DK_DABRR,Zinc metalloproteinase-disintegrin-like daborhagin-K,Daboia russelii,8707,1,Snake_Venom_Metalloproteinases(SVMP),train,3
1153,1153,sp,P83255,VM1F_MACLB,Snake venom metalloproteinase fibrolase,Macrovipera lebetinus,3148341,1,Snake_Venom_Metalloproteinases(SVMP),train,3
1154,1154,sp,Q1PHZ4,VM3B1_BOTJR,Zinc metalloproteinase-disintegrin-like BjussuMP-1 (Fragment),Bothrops jararacussu,8726,1,Snake_Venom_Metalloproteinases(SVMP),train,3
1155,1155,sp,P22796,VM1H2_LACMU,Snake venom metalloproteinase hemorrhagic factor 2,Lachesis muta muta,8753,1,Snake_Venom_Metalloproteinases(SVMP),train,3
1156,1156,sp,Q10749,VM3M1_NAJMO,Snake venom metalloproteinase-disintegrin-like mocarhagin,Naja mossambica,8644,1,Snake_Venom_Metalloproteinases(SVMP),train,3
1157,1157,sp,A2TK72,VM3A2_DEIAC,Zinc metalloproteinase recombinant fibrinogenase II (Fragment),Deinagkistrodon acutus,36307,1,Snake_Venom_Metalloproteinases(SVMP),train,3
1158,1158,sp,O93523,VM3BP_BOTJA,Zinc metalloproteinase-disintegrin-like bothropasin,Bothrops jararaca,8724,1,Snake_Venom_Metalloproteinases(SVMP),val,3
1159,1159,sp,Q698K8,VM2L4_GLOBR,Zinc metalloproteinase/disintegrin (Fragment),Gloydius brevicauda,3148161,1,Snake_Venom_Metalloproteinases(SVMP),train,3
1160,1160,sp,Q8JIR2,VM3HA_PROFL,Zinc metalloproteinase/disintegrin-like HR1a,Protobothrops flavoviridis,88087,1,Snake_Venom_Metalloproteinases(SVMP),val,3
1161,1161,sp,P0DJH3,VMP3A_DEIAC,Zinc metalloproteinase-disintegrin-like AAV1 (Fragment),Deinagkistrodon acutus,36307,1,Snake_Venom_Metalloproteinases(SVMP),val,3
1162,1162,sp,Q6T271,VM2BI_BITGA,Zinc metalloproteinase/disintegrin (Fragment),Bitis gabonica,8694,1,Snake_Venom_Metalloproteinases(SVMP),train,3
1163,1163,sp,D3TTC1,VM3KL_NAJAT,Zinc metalloproteinase-disintegrin-like kaouthiagin-like,Naja atra,8656,1,Snake_Venom_Metalloproteinases(SVMP),train,3
1164,1164,sp,Q90ZI3,VM3H1_PROFL,Zinc metalloproteinase-disintegrin-like HV1,Protobothrops flavoviridis,88087,1,Snake_Venom_Metalloproteinases(SVMP),train,3
1165,1165,sp,Q98SP2,VM2J2_BOTJA,Zinc metalloproteinase/disintegrin,Bothrops jararaca,8724,1,Snake_Venom_Metalloproteinases(SVMP),val,3
1166,1166,sp,O57413,VM2T3_PROMU,Zinc metalloproteinase/disintegrin,Protobothrops mucrosquamatus,103944,1,Snake_Venom_Metalloproteinases(SVMP),train,3
1167,1167,sp,Q14FJ4,VM2OC_ECHOC,Zinc metalloproteinase/disintegrin,Echis ocellatus,99586,1,Snake_Venom_Metalloproteinases(SVMP),train,3
1168,1168,sp,Q8AWI5,VM3HA_GLOHA,Zinc metalloproteinase-disintegrin-like halysase,Gloydius halys,8714,1,Snake_Venom_Metalloproteinases(SVMP),train,3
1169,1169,sp,Q4VM08,VM3VA_MACLB,Zinc metalloproteinase-disintegrin-like VLAIP-A,Macrovipera lebetinus,3148341,1,Snake_Venom_Metalloproteinases(SVMP),train,3
1170,1170,sp,A0A0B4U9L8,VMF1_VIPAA,Zinc metalloproteinase-disintegrin-like protein F1,Vipera ammodytes ammodytes,8705,1,Snake_Venom_Metalloproteinases(SVMP),train,3
1171,1171,sp,P17349,VM2E1_PROEL,Zinc metalloproteinase/disintegrin,Protobothrops elegans,88086,1,Snake_Venom_Metalloproteinases(SVMP),train,3
1172,1172,sp,Q90WC0,VM2HS_GLOBR,Zinc metalloproteinase/disintegrin (Fragment),Gloydius brevicauda,3148161,1,Snake_Venom_Metalloproteinases(SVMP),train,3
1173,1173,sp,Q7T1T4,VM1B2_BOTJR,Snake venom metalloproteinase BjussuMP-2 (Fragment),Bothrops jararacussu,8726,1,Snake_Venom_Metalloproteinases(SVMP),train,3
1174,1174,sp,P0C6S0,VM1B1_BOTPA,Snake venom metalloproteinase BnP1 (Fragment),Bothrops pauloensis,1042543,1,Snake_Venom_Metalloproteinases(SVMP),train,3
1175,1175,sp,P85103,VMXP_PHIPA,Snake venom metalloproteinase patagonfibrase (Fragment),Philodryas patagoniensis,120310,1,Snake_Venom_Metalloproteinases(SVMP),test,3
1176,1176,sp,Q2UXQ5,VM3E2_ECHOC,Zinc metalloproteinase-disintegrin-like EoVMP2,Echis ocellatus,99586,1,Snake_Venom_Metalloproteinases(SVMP),train,3
1177,1177,sp,Q9PS48,VMXCA_CROAT,Snake venom metalloproteinase catroxase (Fragment),Crotalus atrox,8730,1,Snake_Venom_Metalloproteinases(SVMP),train,3
1178,1178,sp,P0C7B0,VM3H6_GLOBR,Zinc metalloproteinase-disintegrin-like brevilysin H6,Gloydius brevicauda,3148161,1,Snake_Venom_Metalloproteinases(SVMP),train,3
1179,1179,sp,P20164,VM3HB_PROFL,Zinc metalloproteinase-disintegrin-like HR1b,Protobothrops flavoviridis,88087,1,Snake_Venom_Metalloproteinases(SVMP),test,3
1180,1180,sp,Q9DGB9,VM3V1_CROAT,Zinc metalloproteinase-disintegrin-like VAP1,Crotalus atrox,8730,1,Snake_Venom_Metalloproteinases(SVMP),train,3
1181,1181,sp,Q9I9R4,VM1N_BOTPA,Snake venom metalloproteinase neuwiedase (Fragment),Bothrops pauloensis,1042543,1,Snake_Venom_Metalloproteinases(SVMP),train,3
1182,1182,sp,P0C7A9,VM1BJ_BOTJA,Snake venom metalloproteinase bothrojaractivase (Fragment),Bothrops jararaca,8724,1,Snake_Venom_Metalloproteinases(SVMP),train,3
1183,1183,sp,P0C6R9,VM3A_BOTAL,Zinc metalloproteinase-disintegrin-like alternagin (Fragment),Bothrops alternatus,64174,1,Snake_Venom_Metalloproteinases(SVMP),train,3
1184,1184,sp,U3KRG1,VM1T1_PROMU,Snake venom metalloproteinase TM-1,Protobothrops mucrosquamatus,103944,1,Snake_Venom_Metalloproteinases(SVMP),train,3
1185,1185,sp,Q9W6M5,VM3AH_DEIAC,Zinc metalloproteinase-disintegrin-like acurhagin,Deinagkistrodon acutus,36307,1,Snake_Venom_Metalloproteinases(SVMP),train,3
1186,1186,sp,P30403,VM2RH_CALRH,Zinc metalloproteinase/disintegrin,Calloselasma rhodostoma,8717,1,Snake_Venom_Metalloproteinases(SVMP),train,3
1187,1187,sp,Q98995,VM2L2_MACLB,Zinc metalloproteinase/disintegrin,Macrovipera lebetinus,3148341,1,Snake_Venom_Metalloproteinases(SVMP),train,3
1188,1188,sp,Q9PSN7,VM3H1_CRORU,Snake venom metalloproteinase HT-1 (Fragment),Crotalus ruber ruber,8736,1,Snake_Venom_Metalloproteinases(SVMP),train,3
1189,1189,sp,P0DJH4,VM3AL_BORPO,Zinc metalloproteinase alsophinase (Fragment),Borikenophis portoricensis,1260276,1,Snake_Venom_Metalloproteinases(SVMP),train,3
1190,1190,sp,R4NNL0,VMH3_VIPAA,Zinc metalloproteinase-disintegrin-like protein H3,Vipera ammodytes ammodytes,8705,1,Snake_Venom_Metalloproteinases(SVMP),train,3
1191,1191,sp,Q9PW36,VM1AC_DEIAC,Snake venom metalloproteinase acutolysin-C,Deinagkistrodon acutus,36307,2,Snake_Venom_Metalloproteinases(SVMP),train,3
1192,1192,sp,P0DJJ1,VM3AH_NAJAT,Zinc metalloproteinase atrahagin (Fragment),Naja atra,8656,1,Snake_Venom_Metalloproteinases(SVMP),train,3
1193,1193,sp,P34182,VM2AE_CROAT,Zinc metalloproteinase/disintegrin,Crotalus atrox,8730,1,Snake_Venom_Metalloproteinases(SVMP),train,3
1194,1194,sp,Q9W7S2,VM11_DEIAC,Snake venom metalloproteinase aculysin-1,Deinagkistrodon acutus,36307,2,Snake_Venom_Metalloproteinases(SVMP),train,3
1195,1195,sp,P20165,VM1T2_PROFL,Snake venom metalloproteinase trimerelysin-2,Protobothrops flavoviridis,88087,1,Snake_Venom_Metalloproteinases(SVMP),train,3
1196,1196,sp,A8QL48,VM3_BUNFA,Zinc metalloproteinase-disintegrin-like BfMP (Fragment),Bungarus fasciatus,8613,2,Snake_Venom_Metalloproteinases(SVMP),train,3
1197,1197,sp,Q90391,VM1AB_CROAT,Snake venom metalloproteinase atrolysin-B,Crotalus atrox,8730,1,Snake_Venom_Metalloproteinases(SVMP),train,3
1198,1198,sp,Q90282,VM3VB_CROAT,Zinc metalloproteinase-disintegrin-like VAP2B,Crotalus atrox,8730,1,Snake_Venom_Metalloproteinases(SVMP),test,3
1199,1199,sp,A8QL49,VM3_BUNMU,Zinc metalloproteinase-disintegrin-like BmMP,Bungarus multicinctus,8616,1,Snake_Venom_Metalloproteinases(SVMP),train,3
1200,1200,sp,A8QL59,VM3_NAJAT,Zinc metalloproteinase-disintegrin-like NaMP,Naja atra,8656,2,Snake_Venom_Metalloproteinases(SVMP),train,3
1201,1201,sp,C0HJU2,VM11_BOTPA,Snake venom metalloproteinase BpMP-1 (Fragment),Bothrops pauloensis,1042543,1,Snake_Venom_Metalloproteinases(SVMP),train,3
1202,1202,sp,P34179,VM12_CROAD,Snake venom metalloproteinase adamalysin-2,Crotalus adamanteus,8729,1,Snake_Venom_Metalloproteinases(SVMP),train,3
1203,1203,sp,P30431,VM3JA_BOTJA,Zinc metalloproteinase-disintegrin-like jararhagin (Fragment),Bothrops jararaca,8724,1,Snake_Venom_Metalloproteinases(SVMP),train,3
1204,1204,sp,D8VNS0,VM3_CERRY,Zinc metalloproteinase-disintegrin-like,Cerberus rynchops,46267,1,Snake_Venom_Metalloproteinases(SVMP),train,3
1205,1205,sp,A4PBQ9,VM3VA_CROAT,Zinc metalloproteinase-disintegrin-like VAP2A,Crotalus atrox,8730,1,Snake_Venom_Metalloproteinases(SVMP),train,3
1206,1206,sp,P0DJJ4,VM3_NAJOX,Zinc metalloproteinase oxiagin (Fragment),Naja oxiana,8657,1,Snake_Venom_Metalloproteinases(SVMP),train,3
1207,1207,sp,Q2QA02,VM3_CRODD,Zinc metalloproteinase-disintegrin-like,Crotalus durissus durissus,31150,2,Snake_Venom_Metalloproteinases(SVMP),train,3
1208,1208,sp,P0C6S6,VMXJ4_BOTJA,Snake venom metalloproteinase jararafibrase-4 (Fragment),Bothrops jararaca,8724,1,Snake_Venom_Metalloproteinases(SVMP),train,3
1209,1209,sp,P0DM87,VM2_TRIST,Zinc metalloproteinase-disintegrin stejnitin,Trimeresurus stejnegeri,39682,1,Snake_Venom_Metalloproteinases(SVMP),train,3
1210,1210,sp,Q8AWX7,VM2AG_GLOHA,Zinc metalloproteinase-disintegrin agkistin,Gloydius halys,8714,2,Snake_Venom_Metalloproteinases(SVMP),test,3
1211,1211,sp,P0DM97,VM25A_BITAR,Zinc metalloproteinase-disintegrin BA-5A,Bitis arietans,8692,2,Snake_Venom_Metalloproteinases(SVMP),train,3
1212,1212,sp,Q7SZE0,VM2SA_GLOIT,Zinc metalloproteinase/disintegrin,Gloydius intermedius,44732,2,Snake_Venom_Metalloproteinases(SVMP),train,3
1213,1213,sp,B7U492,VM1V1_AGKPL,Snake venom metalloproteinase VMP1,Agkistrodon piscivorus leucostoma,459671,2,Snake_Venom_Metalloproteinases(SVMP),train,3
1214,1214,sp,P18619,VM2FL_PROFL,Zinc metalloproteinase/disintegrin,Protobothrops flavoviridis,88087,1,Snake_Venom_Metalloproteinases(SVMP),train,3
1215,1215,sp,J3SBP9,VM28_CROAD,Zinc metalloproteinase-disintegrin 8,Crotalus adamanteus,8729,1,Snake_Venom_Metalloproteinases(SVMP),test,3
1216,1216,sp,Q0NZX5,VM2JA_BOTJA,Zinc metalloproteinase/disintegrin,Bothrops jararaca,8724,1,Snake_Venom_Metalloproteinases(SVMP),test,3
1217,1217,sp,V5TBK6,VMH4A_VIPAA,Zinc metalloproteinase-disintegrin-like protein H4 subunit A,Vipera ammodytes ammodytes,8705,1,Snake_Venom_Metalloproteinases(SVMP),train,3
1218,1218,sp,Q90YA6,VM2E2_PROEL,Zinc metalloproteinase/disintegrin,Protobothrops elegans,88086,1,Snake_Venom_Metalloproteinases(SVMP),train,3
1219,1219,sp,J3S829,VM32A_CROAD,Zinc metalloproteinase-disintegrin-like 2a,Crotalus adamanteus,8729,1,Snake_Venom_Metalloproteinases(SVMP),val,3
1220,1220,sp,J3S830,VM33_CROAD,Zinc metalloproteinase-disintegrin-like 3a,Crotalus adamanteus,8729,1,Snake_Venom_Metalloproteinases(SVMP),train,3
1221,1221,sp,J3SDW6,VM32D_CROAD,Zinc metalloproteinase-disintegrin-like 2d,Crotalus adamanteus,8729,1,Snake_Venom_Metalloproteinases(SVMP),train,3
1222,1222,sp,A0A6B7FMR5,VMMP3_VIPAA,Disintegrin-like/cysteine-rich protein MPIII-3,Vipera ammodytes ammodytes,8705,1,Snake_Venom_Metalloproteinases(SVMP),val,3
1223,1223,sp,J3SDW8,VM38_CROAD,Zinc metalloproteinase-disintegrin-like 8,Crotalus adamanteus,8729,1,Snake_Venom_Metalloproteinases(SVMP),train,3
1224,1224,sp,P82942,VM3K_NAJKA,Hemorrhagic metalloproteinase-disintegrin-like kaouthiagin,Naja kaouthia,8649,1,Snake_Venom_Metalloproteinases(SVMP),train,3
1225,1225,sp,E9NW26,VM2P1_PROMU,Zinc metalloproteinase/disintegrin PMMP-1,Protobothrops mucrosquamatus,103944,2,Snake_Venom_Metalloproteinases(SVMP),train,3
1226,1226,sp,Q9PVK7,VM3_NAJKA,Zinc metalloproteinase-disintegrin-like cobrin,Naja kaouthia,8649,2,Snake_Venom_Metalloproteinases(SVMP),train,3
1227,1227,sp,F8RKV9,VM39_DRYCN,Zinc metalloproteinase-disintegrin-like MTP9,Drysdalia coronoides,66186,1,Snake_Venom_Metalloproteinases(SVMP),train,3
1228,1228,sp,P0DM88,VM3_PROJR,Zinc metalloproteinase-disintegrin-like jerdohagin (Fragment),Protobothrops jerdonii,242841,1,Snake_Venom_Metalloproteinases(SVMP),train,3
1229,1229,sp,Q9IAX6,VM2M2_DEIAC,Zinc metalloproteinase/disintegrin (Fragment),Deinagkistrodon acutus,36307,2,Snake_Venom_Metalloproteinases(SVMP),train,3
1230,1230,sp,F8RKW0,VM38_DRYCN,Zinc metalloproteinase-disintegrin-like MTP8,Drysdalia coronoides,66186,1,Snake_Venom_Metalloproteinases(SVMP),train,3
1231,1231,sp,F8RKW1,VM34_DRYCN,Zinc metalloproteinase-disintegrin-like MTP4,Drysdalia coronoides,66186,1,Snake_Venom_Metalloproteinases(SVMP),train,3
1232,1232,sp,P17347,VM2EA_ECHCS,Disintegrin metalloproteinase/disintegrin echistatin (Fragment),Echis carinatus sochureki,124223,1,Snake_Venom_Metalloproteinases(SVMP),train,3
1233,1233,sp,O73795,VM2MB_GLOBR,Zinc metalloproteinase/disintegrin,Gloydius brevicauda,3148161,2,Snake_Venom_Metalloproteinases(SVMP),train,3
1234,1234,sp,Q8QG88,VM36A_BOTIN,Zinc metalloproteinase-disintegrin-like BITM06A,Bothrops insularis,8723,2,Snake_Venom_Metalloproteinases(SVMP),test,3
1235,1235,sp,Q2EI26,VM1PA_DEIAC,Snake venom metalloproteinase AaPA,Deinagkistrodon acutus,36307,2,Snake_Venom_Metalloproteinases(SVMP),train,3
1236,1236,sp,P0DJ87,VM3L_BOTLC,Zinc metalloproteinase-disintegrin-like leucurogin (Fragment),Bothrops leucurus,157295,2,Snake_Venom_Metalloproteinases(SVMP),train,3
1237,1237,sp,Q9PVK9,VM2MD_GLOBR,Zinc metalloproteinase/disintegrin,Gloydius brevicauda,3148161,2,Snake_Venom_Metalloproteinases(SVMP),test,3
1238,1238,sp,Q1PS45,VM3AK_DEIAC,Zinc metalloproteinase-disintegrin-like agkihagin,Deinagkistrodon acutus,36307,2,Snake_Venom_Metalloproteinases(SVMP),train,3
1239,1239,sp,Q98UF9,VM3H3_BOTJA,Zinc metalloproteinase-disintegrin-like HF3,Bothrops jararaca,8724,1,Snake_Venom_Metalloproteinases(SVMP),train,3
1240,1240,sp,F8S108,VM34_CROAD,Zinc metalloproteinase-disintegrin-like 4a,Crotalus adamanteus,8729,1,Snake_Venom_Metalloproteinases(SVMP),train,3
1241,1241,sp,Q92043,VM3AA_CROAT,Zinc metalloproteinase-disintegrin-like atrolysin-A (Fragment),Crotalus atrox,8730,1,Snake_Venom_Metalloproteinases(SVMP),test,3
1242,1242,sp,C0HL97,VM3_CROVE,Zinc metalloproteinase-disintegrin-like uracoina-1 (Fragment),Crotalus vegrandis,184545,1,Snake_Venom_Metalloproteinases(SVMP),train,3
1243,1243,sp,P0DKR0,VM3_BOTMO,Zinc metalloproteinase-disintegrin-like moojenin (Fragment),Bothrops moojeni,98334,1,Snake_Venom_Metalloproteinases(SVMP),train,3
1244,1244,sp,E9NW27,VM2P2_PROMU,Zinc metalloproteinase/disintegrin PMMP-2,Protobothrops mucrosquamatus,103944,2,Snake_Venom_Metalloproteinases(SVMP),train,3
1245,1245,sp,C9E1R7,VM2V2_CROAT,Zinc metalloproteinase-disintegrin VMP-II,Crotalus atrox,8730,2,Snake_Venom_Metalloproteinases(SVMP),train,3
1246,1246,sp,Q7LZ61,VM3CX_DABSI,Coagulation factor X-activating enzyme heavy chain,Daboia siamensis,343250,1,Snake_Venom_Metalloproteinases(SVMP),train,3
1247,1247,sp,Q3HTN1,VM3SA_TRIST,Zinc metalloproteinase-disintegrin-like stejnihagin-A,Trimeresurus stejnegeri,39682,2,Snake_Venom_Metalloproteinases(SVMP),train,3
1248,1248,sp,Q9IAY2,VM1H5_DEIAC,Snake venom metalloproteinase H5 (Fragment),Deinagkistrodon acutus,36307,1,Snake_Venom_Metalloproteinases(SVMP),test,3
1249,1249,sp,Q3HTN2,VM3SB_TRIST,Zinc metalloproteinase-disintegrin-like stejnihagin-B,Trimeresurus stejnegeri,39682,2,Snake_Venom_Metalloproteinases(SVMP),train,3
1250,1250,sp,Q1PBD1,VM2DI_GLOHA,Zinc metalloproteinase/disintegrin,Gloydius halys,8714,2,Snake_Venom_Metalloproteinases(SVMP),train,3
1251,1251,sp,Q9PWJ0,VM2A2_DEIAC,Zinc metalloproteinase/disintegrin,Deinagkistrodon acutus,36307,1,Snake_Venom_Metalloproteinases(SVMP),train,3
1252,1252,sp,Q92031,VM1A_AGKCL,Snake venom metalloproteinase ACLF,Agkistrodon contortrix laticinctus,2782196,1,Snake_Venom_Metalloproteinases(SVMP),train,3
1253,1253,sp,C9E1R8,VM3V3_CROVV,Zinc metalloproteinase-disintegrin-like VMP-III,Crotalus viridis viridis,8742,2,Snake_Venom_Metalloproteinases(SVMP),train,3
1254,1254,sp,C9E1S0,VM3V3_AGKPL,Zinc metalloproteinase-disintegrin-like VMP-III,Agkistrodon piscivorus leucostoma,459671,2,Snake_Venom_Metalloproteinases(SVMP),test,3
1255,1255,sp,C9E1S1,VM2V2_AGKPL,Zinc metalloproteinase/disintegrin VMP-II,Agkistrodon piscivorus leucostoma,459671,2,Snake_Venom_Metalloproteinases(SVMP),train,3
1256,1256,sp,Q2UXR0,VM3E1_ECHOC,Zinc metalloproteinase-disintegrin-like Eoc1,Echis ocellatus,99586,2,Snake_Venom_Metalloproteinases(SVMP),train,3
1257,1257,sp,Q90220,VM2H1_GLOHA,Zinc metalloproteinase/disintegrin,Gloydius halys,8714,2,Snake_Venom_Metalloproteinases(SVMP),train,3
1258,1258,sp,P15503,VM2TA_CRAGM,Zinc metalloproteinase/disintegrin,Craspedocephalus gramineus,8767,1,Snake_Venom_Metalloproteinases(SVMP),train,3
1259,1259,sp,P0DQT6,VM11_BOTMO,Snake venom metalloproteinase BmooMP-I,Bothrops moojeni,98334,1,Snake_Venom_Metalloproteinases(SVMP),train,3
1260,1260,sp,P0DJH2,VM3AL_TRIAB,Zinc metalloproteinase-disintegrin-like alborhagin (Fragment),Trimeresurus albolabris,8765,1,Snake_Venom_Metalloproteinases(SVMP),train,3
1261,1261,sp,Q6X1T6,VM3E6_ECHOC,Zinc metalloproteinase-disintegrin-like EoMP06 (Fragment),Echis ocellatus,99586,2,Snake_Venom_Metalloproteinases(SVMP),train,3
1262,1262,sp,C9E1R9,VM2V2_CROVV,Zinc metalloproteinase/disintegrin VMP-II,Crotalus viridis viridis,8742,2,Snake_Venom_Metalloproteinases(SVMP),train,3
1263,1263,sp,O42138,VM3AD_AGKCL,Zinc metalloproteinase-disintegrin-like ACLD,Agkistrodon contortrix laticinctus,2782196,2,Snake_Venom_Metalloproteinases(SVMP),train,3
1264,1264,sp,C0HM67,VM1RI_LACMR,Snake venom metalloproteinase rhomb-I,Lachesis muta rhombeata,60219,1,Snake_Venom_Metalloproteinases(SVMP),train,3
1265,1265,sp,P0C8I7,VM3FA_VIPAA,Factor X-activator 1 heavy chain (Fragment),Vipera ammodytes ammodytes,8705,1,Snake_Venom_Metalloproteinases(SVMP),train,3
1266,1266,sp,Q7T046,VM3CX_MACLB,Coagulation factor X-activating enzyme heavy chain,Macrovipera lebetinus,3148341,1,Snake_Venom_Metalloproteinases(SVMP),train,3
1267,1267,sp,J9Z332,VM2_CROAD,Zinc metalloproteinase-disintegrin VMP-II,Crotalus adamanteus,8729,2,Snake_Venom_Metalloproteinases(SVMP),train,3
1268,1268,sp,P22028,VM3B_BOTJA,Zinc metalloproteinase-disintegrin-like botrocetin (Fragment),Bothrops jararaca,8724,1,Snake_Venom_Metalloproteinases(SVMP),train,3
1269,1269,sp,C5H5D2,VM31_BOTAT,Zinc metalloproteinase-disintegrin-like batroxstatin-1,Bothrops atrox,8725,2,Snake_Venom_Metalloproteinases(SVMP),train,3
1270,1270,sp,C5H5D4,VM33_BOTAT,Zinc metalloproteinase-disintegrin-like batroxstatin-3 (Fragment),Bothrops atrox,8725,2,Snake_Venom_Metalloproteinases(SVMP),val,3
1271,1271,sp,C5H5D1,VM31_CRODC,Zinc metalloproteinase-disintegrin-like crotastatin (Fragment),Crotalus durissus cascavella,184540,2,Snake_Venom_Metalloproteinases(SVMP),train,3
1272,1272,sp,P31989,VM2JC_BOTJA,Zinc metalloproteinase/disintegrin (Fragment),Bothrops jararaca,8724,1,Snake_Venom_Metalloproteinases(SVMP),test,3
1273,1273,sp,Q8JJ51,VM1_CROMM,Snake venom metalloproteinase,Crotalus molossus molossus,31151,2,Snake_Venom_Metalloproteinases(SVMP),train,3
1274,1274,sp,P0C6S1,VM1B2_BOTPA,Snake venom metalloproteinase BnP2 (Fragment),Bothrops pauloensis,1042543,1,Snake_Venom_Metalloproteinases(SVMP),train,3
1275,1275,sp,Q9IAY4,VM1H4_DEIAC,Snake venom metalloproteinase H4 (Fragment),Deinagkistrodon acutus,36307,2,Snake_Venom_Metalloproteinases(SVMP),val,3
1276,1276,sp,Q9IAY3,VM1H1_DEIAC,Snake venom metalloproteinase H1 (Fragment),Deinagkistrodon acutus,36307,2,Snake_Venom_Metalloproteinases(SVMP),train,3
1277,1277,sp,Q9IAY1,VM1H2_DEIAC,Snake venom metalloproteinase H2 (Fragment),Deinagkistrodon acutus,36307,2,Snake_Venom_Metalloproteinases(SVMP),train,3
1278,1278,sp,Q8QG89,VM1B_BOTIN,Snake venom metalloproteinase BITM02A,Bothrops insularis,8723,2,Snake_Venom_Metalloproteinases(SVMP),train,3
1279,1279,sp,Q9IAY0,VM1H3_DEIAC,Snake venom metalloproteinase H3 (Fragment),Deinagkistrodon acutus,36307,2,Snake_Venom_Metalloproteinases(SVMP),train,3
1280,1280,sp,Q7LZJ1,VM1_CROMN,Snake venom metalloproteinase (Fragment),Crotalus molossus nigrescens,8734,1,Snake_Venom_Metalloproteinases(SVMP),val,3
1281,1281,sp,P0DM46,VM3A_MICCO,Zinc metalloproteinase-disintegrin-like (Fragment),Micrurus corallinus,54390,1,Snake_Venom_Metalloproteinases(SVMP),train,3
1282,1282,sp,Q7LZS9,VM1A_DEIAC,Snake venom metalloproteinase Ac1,Deinagkistrodon acutus,36307,1,Snake_Venom_Metalloproteinases(SVMP),val,3
1283,1283,sp,P0DTB7,VM2A_CROAT,Snake venom metalloproteinase CatroxMP-II (Fragment),Crotalus atrox,8730,1,Snake_Venom_Metalloproteinases(SVMP),val,3
1284,1284,sp,Q0NZX6,VM2JR_BOTJA,Zinc metalloproteinase-disintegrin jararin (Fragment),Bothrops jararaca,8724,2,Snake_Venom_Metalloproteinases(SVMP),train,3
1285,1285,sp,E9NW28,VM2P3_PROMU,Zinc metalloproteinase/disintegrin (Fragment),Protobothrops mucrosquamatus,103944,2,Snake_Venom_Metalloproteinases(SVMP),train,3
1286,1286,sp,P0C7N3,VM3CR_CROVV,Zinc metalloproteinase-disintegrin-like crovidisin (Fragment),Crotalus viridis viridis,8742,1,Snake_Venom_Metalloproteinases(SVMP),train,3
1287,1287,sp,O93515,VM2S3_GLOBR,Zinc metalloproteinase-disintegrin salmosin-3 (Fragment),Gloydius brevicauda,3148161,2,Snake_Venom_Metalloproteinases(SVMP),train,3
1288,1288,sp,A2CJE2,VM3S_CROSS,Zinc metalloproteinase-disintegrin-like scutiarin (Fragment),Crotalus scutulatus scutulatus,8738,2,Snake_Venom_Metalloproteinases(SVMP),train,3
1289,1289,sp,A2CJE4,VM3C_CROAT,Zinc metalloproteinase-disintegrin-like catroriarin (Fragment),Crotalus atrox,8730,2,Snake_Venom_Metalloproteinases(SVMP),train,3
1290,1290,sp,A2CJE3,VM3V_CROVV,Zinc metalloproteinase-disintegrin-like viristiarin (Fragment),Crotalus viridis viridis,8742,2,Snake_Venom_Metalloproteinases(SVMP),val,3
1291,1291,sp,Q90221,VM2H2_GLOHA,Zinc metalloproteinase/disintegrin (Fragment),Gloydius halys,8714,2,Snake_Venom_Metalloproteinases(SVMP),train,3
1292,1292,sp,O93516,VM2S2_GLOBR,Zinc metalloproteinase/disintegrin (Fragment),Gloydius brevicauda,3148161,2,Snake_Venom_Metalloproteinases(SVMP),test,3
1293,1293,sp,Q0NZX9,VM3B2_BOTJA,Zinc metalloproteinase-disintegrin-like bothrojarin-2 (Fragment),Bothrops jararaca,8724,1,Snake_Venom_Metalloproteinases(SVMP),train,3
1294,1294,sp,Q0NZX8,VM3B3_BOTJA,Zinc metalloproteinase-disintegrin-like bothrojarin-3 (Fragment),Bothrops jararaca,8724,1,Snake_Venom_Metalloproteinases(SVMP),train,3
1295,1295,sp,P85005,VM3PN_PROSR,Zinc metalloproteinase-disintegrin-like proatherocytin (Fragment),Proatheris superciliaris,110218,1,Snake_Venom_Metalloproteinases(SVMP),train,3
1296,1296,sp,P81797,VM3M_ECHML,Zinc metalloproteinase multactivase catalytic subunit (Fragment),Echis multisquamatus,93050,1,Snake_Venom_Metalloproteinases(SVMP),train,3
1297,1297,sp,P20416,VMXBN_BOTJA,Snake venom metalloproteinase bothrolysin (Fragment),Bothrops jararaca,8724,1,Snake_Venom_Metalloproteinases(SVMP),train,3
1298,1298,sp,D5LMJ3,VM3A_NAJAT,Zinc metalloproteinase-disintegrin-like atrase-A,Naja atra,8656,2,Snake_Venom_Metalloproteinases(SVMP),train,3
1299,1299,sp,O93517,VM3S4_GLOBR,Zinc metalloproteinase/disintegrin (Fragment),Gloydius brevicauda,3148161,2,Snake_Venom_Metalloproteinases(SVMP),train,3
1300,1300,sp,O93518,VM3S5_GLOBR,Zinc metalloproteinase/disintegrin (Fragment),Gloydius brevicauda,3148161,2,Snake_Venom_Metalloproteinases(SVMP),train,3
1301,1301,sp,Q7SZD9,VM2US_GLOUS,Zinc metalloproteinase/disintegrin ussurin,Gloydius ussuriensis,35671,2,Snake_Venom_Metalloproteinases(SVMP),train,3
1302,1302,sp,Q0NZX7,VM3B4_BOTJA,Zinc metalloproteinase-disintegrin-like bothrojarin-4 (Fragment),Bothrops jararaca,8724,2,Snake_Venom_Metalloproteinases(SVMP),train,3
1303,1303,sp,Q0NZY0,VM3B1_BOTJA,Zinc metalloproteinase-disintegrin-like bothrojarin-1 (Fragment),Bothrops jararaca,8724,2,Snake_Venom_Metalloproteinases(SVMP),train,3
1304,1304,sp,Q3ZD74,VM1L4_MACLB,Snake venom metalloproteinase lebetase-4 (Fragment),Macrovipera lebetinus,3148341,2,Snake_Venom_Metalloproteinases(SVMP),val,3
1305,1305,sp,Q076D1,VM31_CRODU,Zinc metalloproteinase-disintegrin-like crotastatin,Crotalus durissus terrificus,8732,2,Snake_Venom_Metalloproteinases(SVMP),train,3
1306,1306,sp,C5H5D6,VM32_LACMR,Zinc metalloproteinase-disintegrin-like lachestatin-2,Lachesis muta rhombeata,60219,2,Snake_Venom_Metalloproteinases(SVMP),train,3
1307,1307,sp,C5H5D5,VM31_LACMR,Zinc metalloproteinase-disintegrin-like lachestatin-1,Lachesis muta rhombeata,60219,2,Snake_Venom_Metalloproteinases(SVMP),train,3
1308,1308,sp,C5H5D3,VM32_BOTAT,Zinc metalloproteinase-disintegrin-like batroxstatin-2 (Fragment),Bothrops atrox,8725,2,Snake_Venom_Metalloproteinases(SVMP),train,3
1309,1309,sp,Q9PRP9,VM3C1_ECHCA,Zinc metalloproteinase carinactivase-1 catalytic subunit (Fragment),Echis carinatus,40353,1,Snake_Venom_Metalloproteinases(SVMP),test,3
1310,1310,sp,P0C6B6,VM2AL_TRIAB,Zinc metalloproteinase homolog-disintegrin albolatin,Trimeresurus albolabris,8765,1,Snake_Venom_Metalloproteinases(SVMP),train,3
1311,1311,sp,P86536,VM3CX_DABRR,Coagulation factor X-activating enzyme heavy chain (Fragment),Daboia russelii,8707,1,Snake_Venom_Metalloproteinases(SVMP),train,3
1312,1312,sp,P0DMH2,VM1_BOTCO,Snake venom metalloproteinase Bco22 (Fragment),Bothrops cotiara,8727,1,Snake_Venom_Metalloproteinases(SVMP),train,3
1313,1313,sp,P0DMH3,VM1_BOTFO,Snake venom metalloproteinase Bfon25 (Fragment),Bothrops fonsecai,157549,1,Snake_Venom_Metalloproteinases(SVMP),train,3
1314,1314,sp,P85006,VMXP_PROSR,50 kDa venom protease (Fragment),Proatheris superciliaris,110218,1,Snake_Venom_Metalloproteinases(SVMP),train,3
1315,1315,sp,Q9DGI0,FTE46_BOTJA,Antihemorrhagic factor BJ46a,Bothrops jararaca,8724,1,Snake_Venom_Metalloproteinases(SVMP),val,3
1316,1316,tr,A0AAW1AZT6,A0AAW1AZT6_CROAD,Snake venom metalloproteinase,Crotalus adamanteus,8729,4,Snake_Venom_Metalloproteinases(SVMP),train,3
1317,1317,tr,A0A6H0DBH2,A0A6H0DBH2_CROHD,Snake venom metalloproteinase,Crotalus horridus,35024,4,Snake_Venom_Metalloproteinases(SVMP),train,3
1318,1318,tr,A0A8T1N5P5,A0A8T1N5P5_BOTJA,Snake venom metalloproteinase,Bothrops jararaca,8724,4,Snake_Venom_Metalloproteinases(SVMP),test,3
1319,1319,sp,P29695,FETAF_PROFL,Antihemorrhagic factor HSF,Protobothrops flavoviridis,88087,1,Snake_Venom_Metalloproteinases(SVMP),test,3
1320,1320,tr,A0AAW1C3A6,A0AAW1C3A6_CROAD,ADAM10 endopeptidase,Crotalus adamanteus,8729,4,Snake_Venom_Metalloproteinases(SVMP),train,3
1321,1321,tr,A0A2H4N398,A0A2H4N398_BOTMO,Snake venom metalloproteinase (Fragment),Bothrops moojeni,98334,2,Snake_Venom_Metalloproteinases(SVMP),test,3
1322,1322,tr,J3RY78,J3RY78_CROAD,Snake venom metalloproteinase,Crotalus adamanteus,8729,2,Snake_Venom_Metalloproteinases(SVMP),val,3
1323,1323,tr,J3S3V8,J3S3V8_CROAD,Snake venom metalloproteinase,Crotalus adamanteus,8729,2,Snake_Venom_Metalloproteinases(SVMP),train,3
1324,1324,tr,A0A1W7RB96,A0A1W7RB96_CROAD,Snake venom metalloproteinase,Crotalus adamanteus,8729,4,Snake_Venom_Metalloproteinases(SVMP),test,3
1325,1325,tr,J3RY69,J3RY69_CROAD,Snake venom metalloproteinase,Crotalus adamanteus,8729,2,Snake_Venom_Metalloproteinases(SVMP),train,3
1326,1326,tr,J3S825,J3S825_CROAD,Snake venom metalloproteinase,Crotalus adamanteus,8729,2,Snake_Venom_Metalloproteinases(SVMP),train,3
1327,1327,tr,J3S826,J3S826_CROAD,Snake venom metalloproteinase,Crotalus adamanteus,8729,2,Snake_Venom_Metalloproteinases(SVMP),train,3
1328,1328,tr,F8S102,F8S102_CROAD,Snake venom metalloproteinase,Crotalus adamanteus,8729,2,Snake_Venom_Metalloproteinases(SVMP),train,3
1329,1329,tr,J3SBP6,J3SBP6_CROAD,Snake venom metalloproteinase,Crotalus adamanteus,8729,2,Snake_Venom_Metalloproteinases(SVMP),test,3
1330,1330,tr,F8S103,F8S103_CROAD,Snake venom metalloproteinase,Crotalus adamanteus,8729,2,Snake_Venom_Metalloproteinases(SVMP),train,3
1331,1331,tr,J3S828,J3S828_CROAD,Snake venom metalloproteinase,Crotalus adamanteus,8729,2,Snake_Venom_Metalloproteinases(SVMP),train,3
1332,1332,tr,A0A1L8D5X8,A0A1L8D5X8_BOTAT,Snake venom metalloproteinase,Bothrops atrox,8725,2,Snake_Venom_Metalloproteinases(SVMP),train,3
1333,1333,tr,A0A1L8D5Y2,A0A1L8D5Y2_BOTAT,Snake venom metalloproteinase,Bothrops atrox,8725,2,Snake_Venom_Metalloproteinases(SVMP),train,3
1334,1334,tr,A0A0K2JNB8,A0A0K2JNB8_BOTAT,Snake venom metalloproteinase,Bothrops atrox,8725,2,Snake_Venom_Metalloproteinases(SVMP),train,3
1335,1335,tr,A0A1L8D5X4,A0A1L8D5X4_BOTAT,Snake venom metalloproteinase,Bothrops atrox,8725,2,Snake_Venom_Metalloproteinases(SVMP),val,3
1336,1336,tr,A0A1L8D5X9,A0A1L8D5X9_BOTAT,Snake venom metalloproteinase,Bothrops atrox,8725,2,Snake_Venom_Metalloproteinases(SVMP),val,3
1337,1337,tr,A0A1L8D5Y7,A0A1L8D5Y7_BOTAT,Snake venom metalloproteinase,Bothrops atrox,8725,2,Snake_Venom_Metalloproteinases(SVMP),train,3
1338,1338,tr,A0A1L8D689,A0A1L8D689_BOTAT,Snake venom metalloproteinase,Bothrops atrox,8725,2,Snake_Venom_Metalloproteinases(SVMP),train,3
1339,1339,tr,A0A1L8D691,A0A1L8D691_BOTAT,Snake venom metalloproteinase,Bothrops atrox,8725,2,Snake_Venom_Metalloproteinases(SVMP),train,3
1340,1340,tr,A0A1L8D6A0,A0A1L8D6A0_BOTAT,Snake venom metalloproteinase,Bothrops atrox,8725,2,Snake_Venom_Metalloproteinases(SVMP),test,3
1341,1341,tr,A0A1S6K7T1,A0A1S6K7T1_BOTAT,Snake venom metalloproteinase,Bothrops atrox,8725,2,Snake_Venom_Metalloproteinases(SVMP),test,3
1342,1342,tr,A0A1L8D5W6,A0A1L8D5W6_BOTAT,Snake venom metalloproteinase,Bothrops atrox,8725,2,Snake_Venom_Metalloproteinases(SVMP),train,3
1343,1343,tr,A0A1L8D5W7,A0A1L8D5W7_BOTAT,Snake venom metalloproteinase,Bothrops atrox,8725,2,Snake_Venom_Metalloproteinases(SVMP),train,3
1344,1344,tr,A0A1L8D5X3,A0A1L8D5X3_BOTAT,Snake venom metalloproteinase,Bothrops atrox,8725,2,Snake_Venom_Metalloproteinases(SVMP),train,3
1345,1345,tr,A0A1L8D5Y6,A0A1L8D5Y6_BOTAT,Snake venom metalloproteinase,Bothrops atrox,8725,2,Snake_Venom_Metalloproteinases(SVMP),val,3
1346,1346,tr,A0A1L8D5V7,A0A1L8D5V7_BOTAT,Snake venom metalloproteinase,Bothrops atrox,8725,2,Snake_Venom_Metalloproteinases(SVMP),train,3
1347,1347,tr,A0A1L8D5V8,A0A1L8D5V8_BOTAT,Snake venom metalloproteinase,Bothrops atrox,8725,2,Snake_Venom_Metalloproteinases(SVMP),train,3
1348,1348,tr,A0A1L8D5X2,A0A1L8D5X2_BOTAT,Snake venom metalloproteinase,Bothrops atrox,8725,2,Snake_Venom_Metalloproteinases(SVMP),train,3
1349,1349,tr,A0A1L8D5X6,A0A1L8D5X6_BOTAT,Snake venom metalloproteinase,Bothrops atrox,8725,2,Snake_Venom_Metalloproteinases(SVMP),val,3
1350,1350,tr,A0A1L8D633,A0A1L8D633_BOTAT,Snake venom metalloproteinase,Bothrops atrox,8725,2,Snake_Venom_Metalloproteinases(SVMP),test,3
1351,1351,tr,A0A1L8D646,A0A1L8D646_BOTAT,Snake venom metalloproteinase,Bothrops atrox,8725,2,Snake_Venom_Metalloproteinases(SVMP),test,3
1352,1352,tr,A0A1L8D666,A0A1L8D666_BOTAT,Snake venom metalloproteinase,Bothrops atrox,8725,2,Snake_Venom_Metalloproteinases(SVMP),train,3
1353,1353,tr,A0A1L8D682,A0A1L8D682_BOTAT,Snake venom metalloproteinase,Bothrops atrox,8725,2,Snake_Venom_Metalloproteinases(SVMP),train,3
1354,1354,tr,A0A098LYJ6,A0A098LYJ6_PANGU,Snake venom metalloproteinase (Fragment),Pantherophis guttatus,94885,2,Snake_Venom_Metalloproteinases(SVMP),train,3
1355,1355,tr,A0A0C4ZNF1,A0A0C4ZNF1_GLOIT,Snake venom metalloproteinase,Gloydius intermedius,44732,2,Snake_Venom_Metalloproteinases(SVMP),train,3
1356,1356,tr,A0A1L8D5X1,A0A1L8D5X1_BOTAT,Snake venom metalloproteinase,Bothrops atrox,8725,2,Snake_Venom_Metalloproteinases(SVMP),train,3
1357,1357,tr,A0A1L8D5X7,A0A1L8D5X7_BOTAT,Snake venom metalloproteinase,Bothrops atrox,8725,2,Snake_Venom_Metalloproteinases(SVMP),train,3
1358,1358,tr,A0A1L8D5Y0,A0A1L8D5Y0_BOTAT,Snake venom metalloproteinase,Bothrops atrox,8725,2,Snake_Venom_Metalloproteinases(SVMP),val,3
1359,1359,tr,A0A1L8D5Z1,A0A1L8D5Z1_BOTAT,Snake venom metalloproteinase,Bothrops atrox,8725,2,Snake_Venom_Metalloproteinases(SVMP),train,3
1360,1360,tr,A0A1L8D641,A0A1L8D641_BOTAT,Snake venom metalloproteinase,Bothrops atrox,8725,2,Snake_Venom_Metalloproteinases(SVMP),train,3
1361,1361,tr,A0A1L8D656,A0A1L8D656_BOTAT,Snake venom metalloproteinase,Bothrops atrox,8725,2,Snake_Venom_Metalloproteinases(SVMP),train,3
1362,1362,tr,A0A1L8D677,A0A1L8D677_BOTAT,Snake venom metalloproteinase,Bothrops atrox,8725,2,Snake_Venom_Metalloproteinases(SVMP),train,3
1363,1363,tr,A0AA50IEA0,A0AA50IEA0_BOTPC,Snake venom metalloproteinase,Bothrops pictus,133440,2,Snake_Venom_Metalloproteinases(SVMP),train,3
1364,1364,tr,J3SDY6,J3SDY6_CROAD,Disintegrin and metalloproteinase domain-containing protein 17,Crotalus adamanteus,8729,2,Snake_Venom_Metalloproteinases(SVMP),test,3
1365,1365,tr,A0A0K8RYD1,A0A0K8RYD1_CROHD,Disintegrin and metalloproteinase domain-containing protein 17,Crotalus horridus,35024,4,Snake_Venom_Metalloproteinases(SVMP),train,3
1366,1366,tr,A0A3G1E3U2,A0A3G1E3U2_ECHOC,Venom metalloprotease PII-SVMP EOC00006,Echis ocellatus,99586,4,Snake_Venom_Metalloproteinases(SVMP),train,3
1367,1367,tr,A0A3G1E3T4,A0A3G1E3T4_ECHOC,Venom metalloprotease PIII-SVMP EOC00089,Echis ocellatus,99586,4,Snake_Venom_Metalloproteinases(SVMP),train,3
1368,1368,tr,A0AAW1AZL2,A0AAW1AZL2_CROAD,VENOM COMPONENT: snake venom metalloproteinase-mad-3b,Crotalus adamanteus,8729,4,Snake_Venom_Metalloproteinases(SVMP),train,3
1369,1369,tr,A0AAW1AZ78,A0AAW1AZ78_CROAD,VENOM COMPONENT: snake venom metalloproteinase-mad-4,Crotalus adamanteus,8729,4,Snake_Venom_Metalloproteinases(SVMP),train,3
1370,1370,sp,C0HLL1,VM2CD_CRODU,Zinc metalloproteinase/disintegrin-like CdtV1 (Fragment),Crotalus durissus terrificus,8732,1,Snake_Venom_Metalloproteinases(SVMP),train,3
1371,1371,tr,A0AAW1B069,A0AAW1B069_CROAD,VENOM COMPONENT: snake venom metalloproteinase-mdc-7a,Crotalus adamanteus,8729,4,Snake_Venom_Metalloproteinases(SVMP),train,3
1372,1372,tr,A0AAW1B0B2,A0AAW1B0B2_CROAD,VENOM COMPONENT: snake venom metalloproteinase-mdc-3a,Crotalus adamanteus,8729,4,Snake_Venom_Metalloproteinases(SVMP),train,3
1373,1373,tr,A0AAW1AYY9,A0AAW1AYY9_CROAD,VENOM COMPONENT: snake venom metalloproteinase-mdc-8c1,Crotalus adamanteus,8729,4,Snake_Venom_Metalloproteinases(SVMP),train,3
1374,1374,tr,A0AAW1AZJ1,A0AAW1AZJ1_CROAD,VENOM COMPONENT: snake venom metalloproteinase-mdc-6c,Crotalus adamanteus,8729,4,Snake_Venom_Metalloproteinases(SVMP),test,3
1375,1375,tr,A0AAW1AZS6,A0AAW1AZS6_CROAD,VENOM COMPONENT: snake venom metalloproteinase-mad-5,Crotalus adamanteus,8729,4,Snake_Venom_Metalloproteinases(SVMP),train,3
1376,1376,tr,A0AAW1AZM0,A0AAW1AZM0_CROAD,VENOM COMPONENT: snake venom metalloproteinase-mdc-5c,Crotalus adamanteus,8729,4,Snake_Venom_Metalloproteinases(SVMP),train,3
1377,1377,tr,A0AAW1B156,A0AAW1B156_CROAD,VENOM COMPONENT: snake venom metalloproteinase-mdc-1,Crotalus adamanteus,8729,4,Snake_Venom_Metalloproteinases(SVMP),train,3
1378,1378,tr,A0A3G1E3T5,A0A3G1E3T5_ECHOC,Venom metalloprotease PI-SVMP EOC00028,Echis ocellatus,99586,4,Snake_Venom_Metalloproteinases(SVMP),train,3
1379,1379,tr,A0A0A1WCL0,A0A0A1WCL0_ECHCO,Snake venom metalloproteinase E (Fragment),Echis coloratus,64175,2,Snake_Venom_Metalloproteinases(SVMP),train,3
1380,1380,tr,A0AAW1C9S9,A0AAW1C9S9_CROAD,Disintegrin and metalloproteinase domain-containing protein 17,Crotalus adamanteus,8729,4,Snake_Venom_Metalloproteinases(SVMP),train,3
1381,1381,tr,A0A0A1WDV5,A0A0A1WDV5_ECHCO,Snake venom metalloproteinase I (Fragment),Echis coloratus,64175,2,Snake_Venom_Metalloproteinases(SVMP),train,3
1382,1382,tr,A0A346CLT0,A0A346CLT0_BORPO,Snake venom metalloproteinase 4 (Fragment),Borikenophis portoricensis,1260276,2,Snake_Venom_Metalloproteinases(SVMP),train,3
1383,1383,tr,A0A346CLT1,A0A346CLT1_BORPO,Snake venom metalloproteinase 5 (Fragment),Borikenophis portoricensis,1260276,2,Snake_Venom_Metalloproteinases(SVMP),train,3
1384,1384,tr,A0A346CLU4,A0A346CLU4_BORPO,Snake venom metalloproteinase 18 (Fragment),Borikenophis portoricensis,1260276,2,Snake_Venom_Metalloproteinases(SVMP),train,3
1385,1385,tr,A0A346CLU5,A0A346CLU5_BORPO,Snake venom metalloproteinase 19 (Fragment),Borikenophis portoricensis,1260276,2,Snake_Venom_Metalloproteinases(SVMP),train,3
1386,1386,tr,A0A346CLU7,A0A346CLU7_BORPO,Snake venom metalloproteinase 21 (Fragment),Borikenophis portoricensis,1260276,2,Snake_Venom_Metalloproteinases(SVMP),train,3
1387,1387,tr,A0A346CLU8,A0A346CLU8_BORPO,Snake venom metalloproteinase 22 (Fragment),Borikenophis portoricensis,1260276,2,Snake_Venom_Metalloproteinases(SVMP),train,3
1388,1388,tr,A0A346CLV1,A0A346CLV1_BORPO,Snake venom metalloproteinase 25 (Fragment),Borikenophis portoricensis,1260276,2,Snake_Venom_Metalloproteinases(SVMP),train,3
1389,1389,tr,A0A346CLV2,A0A346CLV2_BORPO,Snake venom metalloproteinase 26 (Fragment),Borikenophis portoricensis,1260276,2,Snake_Venom_Metalloproteinases(SVMP),train,3
1390,1390,tr,A0A0A1WD12,A0A0A1WD12_ECHCO,Snake venom metalloproteinase F (Fragment),Echis coloratus,64175,2,Snake_Venom_Metalloproteinases(SVMP),train,3
1391,1391,tr,A0A346CLT3,A0A346CLT3_BORPO,Snake venom metalloproteinase 7 (Fragment),Borikenophis portoricensis,1260276,2,Snake_Venom_Metalloproteinases(SVMP),train,3
1392,1392,tr,A0A346CLU2,A0A346CLU2_BORPO,Snake venom metalloproteinase 16 (Fragment),Borikenophis portoricensis,1260276,2,Snake_Venom_Metalloproteinases(SVMP),train,3
1393,1393,tr,A0A346CLU6,A0A346CLU6_BORPO,Snake venom metalloproteinase 20 (Fragment),Borikenophis portoricensis,1260276,2,Snake_Venom_Metalloproteinases(SVMP),train,3
1394,1394,tr,A0A346CLV6,A0A346CLV6_BORPO,Snake venom metalloproteinase 30 (Fragment),Borikenophis portoricensis,1260276,2,Snake_Venom_Metalloproteinases(SVMP),val,3
1395,1395,tr,A0A0A1WCZ6,A0A0A1WCZ6_ECHCO,Snake venom metalloproteinase U,Echis coloratus,64175,2,Snake_Venom_Metalloproteinases(SVMP),train,3
1396,1396,tr,A0A0A1WDQ6,A0A0A1WDQ6_ECHCO,Snake venom metalloproteinase G (Fragment),Echis coloratus,64175,2,Snake_Venom_Metalloproteinases(SVMP),train,3
1397,1397,tr,A0A346CLT2,A0A346CLT2_BORPO,Snake venom metalloproteinase 6 (Fragment),Borikenophis portoricensis,1260276,2,Snake_Venom_Metalloproteinases(SVMP),train,3
1398,1398,tr,A0A346CLT4,A0A346CLT4_BORPO,Snake venom metalloproteinase 8 (Fragment),Borikenophis portoricensis,1260276,2,Snake_Venom_Metalloproteinases(SVMP),train,3
1399,1399,tr,A0A346CLT6,A0A346CLT6_BORPO,Snake venom metalloproteinase 10 (Fragment),Borikenophis portoricensis,1260276,2,Snake_Venom_Metalloproteinases(SVMP),train,3
1400,1400,tr,A0A346CLT7,A0A346CLT7_BORPO,Snake venom metalloproteinase 11 (Fragment),Borikenophis portoricensis,1260276,2,Snake_Venom_Metalloproteinases(SVMP),train,3
1401,1401,tr,A0A346CLU0,A0A346CLU0_BORPO,Snake venom metalloproteinase 14 (Fragment),Borikenophis portoricensis,1260276,2,Snake_Venom_Metalloproteinases(SVMP),train,3
1402,1402,tr,A0A346CLU9,A0A346CLU9_BORPO,Snake venom metalloproteinase 23 (Fragment),Borikenophis portoricensis,1260276,2,Snake_Venom_Metalloproteinases(SVMP),train,3
1403,1403,tr,A0A346CLV4,A0A346CLV4_BORPO,Snake venom metalloproteinase 28 (Fragment),Borikenophis portoricensis,1260276,2,Snake_Venom_Metalloproteinases(SVMP),train,3
1404,1404,tr,A0A346CLV5,A0A346CLV5_BORPO,Snake venom metalloproteinase 29 (Fragment),Borikenophis portoricensis,1260276,2,Snake_Venom_Metalloproteinases(SVMP),train,3
1405,1405,tr,A0A0A1WD06,A0A0A1WD06_ECHCO,Snake venom metalloproteinase K (Fragment),Echis coloratus,64175,2,Snake_Venom_Metalloproteinases(SVMP),train,3
1406,1406,tr,A0A346CLS7,A0A346CLS7_BORPO,Snake venom metalloproteinase 1 (Fragment),Borikenophis portoricensis,1260276,2,Snake_Venom_Metalloproteinases(SVMP),train,3
1407,1407,tr,A0A346CLS8,A0A346CLS8_BORPO,Snake venom metalloproteinase 2 (Fragment),Borikenophis portoricensis,1260276,2,Snake_Venom_Metalloproteinases(SVMP),train,3
1408,1408,tr,A0A346CLS9,A0A346CLS9_BORPO,Snake venom metalloproteinase 3 (Fragment),Borikenophis portoricensis,1260276,2,Snake_Venom_Metalloproteinases(SVMP),train,3
1409,1409,tr,A0A346CLT8,A0A346CLT8_BORPO,Snake venom metalloproteinase 12 (Fragment),Borikenophis portoricensis,1260276,2,Snake_Venom_Metalloproteinases(SVMP),test,3
1410,1410,tr,A0A346CLU3,A0A346CLU3_BORPO,Snake venom metalloproteinase 17 (Fragment),Borikenophis portoricensis,1260276,2,Snake_Venom_Metalloproteinases(SVMP),train,3
1411,1411,tr,A0A0A1WCK4,A0A0A1WCK4_ECHCO,Snake venom metalloproteinase J (Fragment),Echis coloratus,64175,2,Snake_Venom_Metalloproteinases(SVMP),test,3
1412,1412,tr,A0A346CLT5,A0A346CLT5_BORPO,Snake venom metalloproteinase 9 (Fragment),Borikenophis portoricensis,1260276,2,Snake_Venom_Metalloproteinases(SVMP),train,3
1413,1413,tr,A0A346CLT9,A0A346CLT9_BORPO,Snake venom metalloproteinase 13 (Fragment),Borikenophis portoricensis,1260276,2,Snake_Venom_Metalloproteinases(SVMP),train,3
1414,1414,tr,A0A346CLU1,A0A346CLU1_BORPO,Snake venom metalloproteinase 15 (Fragment),Borikenophis portoricensis,1260276,2,Snake_Venom_Metalloproteinases(SVMP),val,3
1415,1415,tr,A0A346CLV0,A0A346CLV0_BORPO,Snake venom metalloproteinase 24 (Fragment),Borikenophis portoricensis,1260276,2,Snake_Venom_Metalloproteinases(SVMP),train,3
1416,1416,tr,A0A346CLV3,A0A346CLV3_BORPO,Snake venom metalloproteinase 27 (Fragment),Borikenophis portoricensis,1260276,2,Snake_Venom_Metalloproteinases(SVMP),val,3
1417,1417,tr,J3S824,J3S824_CROAD,Snake venom metalloproteinase (Type II) 1a,Crotalus adamanteus,8729,2,Snake_Venom_Metalloproteinases(SVMP),train,3
1418,1418,tr,A0A6H0QSV1,A0A6H0QSV1_CROAT,Snake venom metalloproteinase,Crotalus atrox,8730,4,Snake_Venom_Metalloproteinases(SVMP),train,3
1419,1419,tr,A0A6H0QTF5,A0A6H0QTF5_CROAT,Snake venom metalloproteinase,Crotalus atrox,8730,4,Snake_Venom_Metalloproteinases(SVMP),train,3
1420,1420,tr,A0A0A1WCJ8,A0A0A1WCJ8_ECHCO,Snake venom metalloproteinase O (Fragment),Echis coloratus,64175,2,Snake_Venom_Metalloproteinases(SVMP),test,3
1421,1421,tr,A0A6H0QSX0,A0A6H0QSX0_CROAT,Snake venom metalloproteinase,Crotalus atrox,8730,4,Snake_Venom_Metalloproteinases(SVMP),train,3
1422,1422,tr,A0A6H0QUZ9,A0A6H0QUZ9_9SAUR,Snake venom metalloproteinase,Crotalus scutulatus,8737,4,Snake_Venom_Metalloproteinases(SVMP),train,3
1423,1423,tr,A0AAW1AZR3,A0AAW1AZR3_CROAD,Snake venom metalloproteinase,Crotalus adamanteus,8729,4,Snake_Venom_Metalloproteinases(SVMP),train,3
1424,1424,tr,A0A6H0QSV3,A0A6H0QSV3_CROHD,Snake venom metalloproteinase,Crotalus horridus,35024,4,Snake_Venom_Metalloproteinases(SVMP),train,3
1425,1425,tr,A0A6H0QU28,A0A6H0QU28_CROAT,Snake venom metalloproteinase,Crotalus atrox,8730,4,Snake_Venom_Metalloproteinases(SVMP),val,3
1426,1426,tr,A0AAW1AZ03,A0AAW1AZ03_CROAD,Snake venom metalloproteinase,Crotalus adamanteus,8729,4,Snake_Venom_Metalloproteinases(SVMP),train,3
1427,1427,tr,A0A6H0QSU2,A0A6H0QSU2_9SAUR,Snake venom metalloproteinase,Crotalus scutulatus,8737,4,Snake_Venom_Metalloproteinases(SVMP),train,3
1428,1428,tr,A0AAW1AZX0,A0AAW1AZX0_CROAD,Snake venom metalloproteinase,Crotalus adamanteus,8729,4,Snake_Venom_Metalloproteinases(SVMP),val,3
1429,1429,tr,A0A6H0QV43,A0A6H0QV43_CROAT,Snake venom metalloproteinase,Crotalus atrox,8730,4,Snake_Venom_Metalloproteinases(SVMP),train,3
1430,1430,tr,A0A0A1WCJ4,A0A0A1WCJ4_ECHCO,Snake venom metalloproteinase T (Fragment),Echis coloratus,64175,2,Snake_Venom_Metalloproteinases(SVMP),train,3
1431,1431,tr,A0A8T1N169,A0A8T1N169_BOTJA,Snake venom metalloproteinase,Bothrops jararaca,8724,4,Snake_Venom_Metalloproteinases(SVMP),train,3
1432,1432,tr,A0A8T1N499,A0A8T1N499_BOTJA,Snake venom metalloproteinase,Bothrops jararaca,8724,4,Snake_Venom_Metalloproteinases(SVMP),train,3
1433,1433,tr,A0A8T1N153,A0A8T1N153_BOTJA,Snake venom metalloproteinase (Fragment),Bothrops jararaca,8724,4,Snake_Venom_Metalloproteinases(SVMP),train,3
1434,1434,tr,A0A8T1N158,A0A8T1N158_BOTJA,Snake venom metalloproteinase,Bothrops jararaca,8724,4,Snake_Venom_Metalloproteinases(SVMP),train,3
1435,1435,tr,A0A8T1N174,A0A8T1N174_BOTJA,Snake venom metalloproteinase,Bothrops jararaca,8724,4,Snake_Venom_Metalloproteinases(SVMP),train,3
1436,1436,tr,A0A8T1N2G3,A0A8T1N2G3_BOTJA,Snake venom metalloproteinase,Bothrops jararaca,8724,4,Snake_Venom_Metalloproteinases(SVMP),train,3
1437,1437,tr,A0A8T1N2X3,A0A8T1N2X3_BOTJA,Snake venom metalloproteinase,Bothrops jararaca,8724,4,Snake_Venom_Metalloproteinases(SVMP),train,3
1438,1438,tr,A0A8T1N405,A0A8T1N405_BOTJA,Snake venom metalloproteinase,Bothrops jararaca,8724,4,Snake_Venom_Metalloproteinases(SVMP),train,3
1439,1439,tr,A0A8T1N450,A0A8T1N450_BOTJA,Snake venom metalloproteinase,Bothrops jararaca,8724,4,Snake_Venom_Metalloproteinases(SVMP),train,3
1440,1440,tr,A0A8T1N5R9,A0A8T1N5R9_BOTJA,Snake venom metalloproteinase,Bothrops jararaca,8724,4,Snake_Venom_Metalloproteinases(SVMP),train,3
1441,1441,tr,A0A8T1N182,A0A8T1N182_BOTJA,Snake venom metalloproteinase,Bothrops jararaca,8724,4,Snake_Venom_Metalloproteinases(SVMP),train,3
1442,1442,tr,A0A8T1N2F4,A0A8T1N2F4_BOTJA,Snake venom metalloproteinase,Bothrops jararaca,8724,4,Snake_Venom_Metalloproteinases(SVMP),train,3
1443,1443,tr,A0A8T1N2G8,A0A8T1N2G8_BOTJA,Snake venom metalloproteinase,Bothrops jararaca,8724,4,Snake_Venom_Metalloproteinases(SVMP),test,3
1444,1444,tr,A0A8T1N2X9,A0A8T1N2X9_BOTJA,Snake venom metalloproteinase,Bothrops jararaca,8724,4,Snake_Venom_Metalloproteinases(SVMP),train,3
1445,1445,tr,A0A8T1N356,A0A8T1N356_BOTJA,Snake venom metalloproteinase,Bothrops jararaca,8724,4,Snake_Venom_Metalloproteinases(SVMP),train,3
1446,1446,tr,A0A8T1N487,A0A8T1N487_BOTJA,Snake venom metalloproteinase,Bothrops jararaca,8724,4,Snake_Venom_Metalloproteinases(SVMP),train,3
1447,1447,tr,A0A8T1N4U4,A0A8T1N4U4_BOTJA,Snake venom metalloproteinase,Bothrops jararaca,8724,4,Snake_Venom_Metalloproteinases(SVMP),val,3
1448,1448,tr,A0A8T1N4S1,A0A8T1N4S1_BOTJA,Snake venom metalloproteinase,Bothrops jararaca,8724,4,Snake_Venom_Metalloproteinases(SVMP),train,3
1449,1449,tr,A0A8T1N420,A0A8T1N420_BOTJA,Snake venom metalloproteinase,Bothrops jararaca,8724,4,Snake_Venom_Metalloproteinases(SVMP),train,3
1450,1450,tr,A0A8T1N476,A0A8T1N476_BOTJA,Snake venom metalloproteinase,Bothrops jararaca,8724,4,Snake_Venom_Metalloproteinases(SVMP),train,3
1451,1451,tr,A0AAW1AZN6,A0AAW1AZN6_CROAD,VENOM COMPONENT: short-snake venom metalloproteinase-mad-5-like,Crotalus adamanteus,8729,4,Snake_Venom_Metalloproteinases(SVMP),train,3
1452,1452,tr,A0AAW1B072,A0AAW1B072_CROAD,VENOM COMPONENT: short-snake venom metalloproteinase-mdc-6a-like,Crotalus adamanteus,8729,4,Snake_Venom_Metalloproteinases(SVMP),train,3
1453,1453,tr,A0A8C6XSS4,A0A8C6XSS4_NAJNA,Disintegrin and metalloproteinase domain-containing protein 17,Naja naja,35670,3,Snake_Venom_Metalloproteinases(SVMP),train,3
1454,1454,tr,T1E3C5,T1E3C5_CROHD,Snake venom metalloproteinase (Type I),Crotalus horridus,35024,2,Snake_Venom_Metalloproteinases(SVMP),train,3
1455,1455,tr,A0A1W7RB97,A0A1W7RB97_CROAD,Cadam10_SVMPIII-6,Crotalus adamanteus,8729,4,Snake_Venom_Metalloproteinases(SVMP),val,3
1456,1456,tr,A0A1W7RBB8,A0A1W7RBB8_CROAD,Cadam10_SVMPII-2,Crotalus adamanteus,8729,4,Snake_Venom_Metalloproteinases(SVMP),val,3
1457,1457,tr,A0A1W7RB89,A0A1W7RB89_CROAD,Cadam10_SVMPIII-5,Crotalus adamanteus,8729,4,Snake_Venom_Metalloproteinases(SVMP),train,3
1458,1458,tr,J3S3V9,J3S3V9_CROAD,Metalloproteinase (Type II) 2c,Crotalus adamanteus,8729,2,Snake_Venom_Metalloproteinases(SVMP),val,3
1459,1459,tr,A0A1W7RBA3,A0A1W7RBA3_CROAD,Cadam10_SVMPIII-1,Crotalus adamanteus,8729,4,Snake_Venom_Metalloproteinases(SVMP),train,3
1460,1460,tr,E9KJX1,E9KJX1_ECHOC,Group II snake venom metalloproteinase (Fragment),Echis ocellatus,99586,2,Snake_Venom_Metalloproteinases(SVMP),train,3
1461,1461,tr,E9KJW7,E9KJW7_ECHOC,Group II snake venom metalloproteinase (Fragment),Echis ocellatus,99586,2,Snake_Venom_Metalloproteinases(SVMP),test,3
1462,1462,tr,E9KJX2,E9KJX2_ECHOC,Group II snake venom metalloproteinase (Fragment),Echis ocellatus,99586,2,Snake_Venom_Metalloproteinases(SVMP),val,3
1463,1463,tr,E9KJX5,E9KJX5_ECHOC,Group II snake venom metalloproteinase (Fragment),Echis ocellatus,99586,2,Snake_Venom_Metalloproteinases(SVMP),train,3
1464,1464,tr,E9KJW8,E9KJW8_ECHOC,Group II snake venom metalloproteinase (Fragment),Echis ocellatus,99586,2,Snake_Venom_Metalloproteinases(SVMP),train,3
1465,1465,tr,E9KJX0,E9KJX0_ECHOC,Group II snake venom metalloproteinase,Echis ocellatus,99586,2,Snake_Venom_Metalloproteinases(SVMP),train,3
1466,1466,tr,E9KJY7,E9KJY7_ECHOC,Group III snake venom metalloproteinase,Echis ocellatus,99586,2,Snake_Venom_Metalloproteinases(SVMP),train,3
1467,1467,tr,E9KJZ5,E9KJZ5_ECHOC,Group III snake venom metalloproteinase,Echis ocellatus,99586,2,Snake_Venom_Metalloproteinases(SVMP),train,3
1468,1468,tr,E9KJY1,E9KJY1_ECHOC,Group III snake venom metalloproteinase (Fragment),Echis ocellatus,99586,2,Snake_Venom_Metalloproteinases(SVMP),val,3
1469,1469,tr,E9KJY2,E9KJY2_ECHOC,Group III snake venom metalloproteinase,Echis ocellatus,99586,2,Snake_Venom_Metalloproteinases(SVMP),train,3
1470,1470,tr,E9KJY4,E9KJY4_ECHOC,Group III snake venom metalloproteinase,Echis ocellatus,99586,2,Snake_Venom_Metalloproteinases(SVMP),train,3
1471,1471,tr,E9KJY5,E9KJY5_ECHOC,Group III snake venom metalloproteinase,Echis ocellatus,99586,2,Snake_Venom_Metalloproteinases(SVMP),train,3
1472,1472,tr,E9KJZ2,E9KJZ2_ECHOC,Group III snake venom metalloproteinase,Echis ocellatus,99586,2,Snake_Venom_Metalloproteinases(SVMP),train,3
1473,1473,tr,E9KJZ4,E9KJZ4_ECHOC,Group III snake venom metalloproteinase (Fragment),Echis ocellatus,99586,2,Snake_Venom_Metalloproteinases(SVMP),train,3
1474,1474,tr,E9KJZ8,E9KJZ8_ECHOC,Group III snake venom metalloproteinase,Echis ocellatus,99586,2,Snake_Venom_Metalloproteinases(SVMP),test,3
1475,1475,tr,E9KJZ9,E9KJZ9_ECHOC,Group III snake venom metalloproteinase,Echis ocellatus,99586,2,Snake_Venom_Metalloproteinases(SVMP),train,3
1476,1476,tr,E9KJW9,E9KJW9_ECHOC,Group II snake venom metalloproteinase (Fragment),Echis ocellatus,99586,2,Snake_Venom_Metalloproteinases(SVMP),train,3
1477,1477,tr,E9KJX8,E9KJX8_ECHOC,Group III snake venom metalloproteinase (Fragment),Echis ocellatus,99586,2,Snake_Venom_Metalloproteinases(SVMP),test,3
1478,1478,tr,E9KJY6,E9KJY6_ECHOC,Group III snake venom metalloproteinase (Fragment),Echis ocellatus,99586,2,Snake_Venom_Metalloproteinases(SVMP),train,3
1479,1479,tr,E9KJZ0,E9KJZ0_ECHOC,Group III snake venom metalloproteinase (Fragment),Echis ocellatus,99586,2,Snake_Venom_Metalloproteinases(SVMP),train,3
1480,1480,tr,E9KJZ3,E9KJZ3_ECHOC,Group III snake venom metalloproteinase (Fragment),Echis ocellatus,99586,2,Snake_Venom_Metalloproteinases(SVMP),train,3
1481,1481,tr,E9KJZ7,E9KJZ7_ECHOC,Group III snake venom metalloproteinase (Fragment),Echis ocellatus,99586,2,Snake_Venom_Metalloproteinases(SVMP),train,3
1482,1482,tr,E9KNB4,E9KNB4_ECHCS,Group III snake venom metalloproteinase,Echis carinatus sochureki,124223,2,Snake_Venom_Metalloproteinases(SVMP),train,3
1483,1483,tr,E9KJX7,E9KJX7_ECHOC,Group III snake venom metalloproteinase (Fragment),Echis ocellatus,99586,2,Snake_Venom_Metalloproteinases(SVMP),test,3
1484,1484,tr,E9KJZ1,E9KJZ1_ECHOC,Group III snake venom metalloproteinase (Fragment),Echis ocellatus,99586,2,Snake_Venom_Metalloproteinases(SVMP),val,3
1485,1485,tr,E9KJZ6,E9KJZ6_ECHOC,Group III snake venom metalloproteinase (Fragment),Echis ocellatus,99586,2,Snake_Venom_Metalloproteinases(SVMP),train,3
1486,1486,tr,E9KJX9,E9KJX9_ECHOC,Group III snake venom metalloproteinase (Fragment),Echis ocellatus,99586,2,Snake_Venom_Metalloproteinases(SVMP),train,3
1487,1487,tr,E9KJY0,E9KJY0_ECHOC,Group III snake venom metalloproteinase,Echis ocellatus,99586,2,Snake_Venom_Metalloproteinases(SVMP),train,3
1488,1488,tr,E9KJY3,E9KJY3_ECHOC,Group III snake venom metalloproteinase,Echis ocellatus,99586,2,Snake_Venom_Metalloproteinases(SVMP),train,3
1489,1489,tr,E9KJY8,E9KJY8_ECHOC,Group III snake venom metalloproteinase,Echis ocellatus,99586,2,Snake_Venom_Metalloproteinases(SVMP),train,3
1490,1490,tr,E9KJY9,E9KJY9_ECHOC,Group III snake venom metalloproteinase,Echis ocellatus,99586,2,Snake_Venom_Metalloproteinases(SVMP),train,3
1491,1491,tr,J3S831,J3S831_CROAD,Snake venom metalloproteinase (Type III) 5,Crotalus adamanteus,8729,2,Snake_Venom_Metalloproteinases(SVMP),val,3
1492,1492,tr,J3SBQ1,J3SBQ1_CROAD,Snake venom metalloproteinase (Type III) 3c,Crotalus adamanteus,8729,2,Snake_Venom_Metalloproteinases(SVMP),train,3
1493,1493,tr,J3SBQ2,J3SBQ2_CROAD,Snake venom metalloproteinase (Type III) 7,Crotalus adamanteus,8729,2,Snake_Venom_Metalloproteinases(SVMP),test,3
1494,1494,tr,J3SDW1,J3SDW1_CROAD,Snake venom metalloproteinase (Type II) 1d,Crotalus adamanteus,8729,2,Snake_Venom_Metalloproteinases(SVMP),train,3
1495,1495,tr,A0A8C6Y5N2,A0A8C6Y5N2_NAJNA,Disintegrin and metalloproteinase domain-containing protein 10,Naja naja,35670,3,Snake_Venom_Metalloproteinases(SVMP),train,3
1496,1496,tr,J3RY66,J3RY66_CROAD,Snake venom metalloproteinase (Type II) 1b,Crotalus adamanteus,8729,2,Snake_Venom_Metalloproteinases(SVMP),train,3
1497,1497,tr,J3RY72,J3RY72_CROAD,Snake venom metalloproteinase (Type II) 4,Crotalus adamanteus,8729,2,Snake_Venom_Metalloproteinases(SVMP),train,3
1498,1498,tr,J3S3W3,J3S3W3_CROAD,Snake venom metalloproteinase (Type III) 4b,Crotalus adamanteus,8729,2,Snake_Venom_Metalloproteinases(SVMP),test,3
1499,1499,tr,T1DJY5,T1DJY5_CROHD,Snake venom metalloproteinase (Type III) 2,Crotalus horridus,35024,2,Snake_Venom_Metalloproteinases(SVMP),train,3
1500,1500,tr,J3S3W0,J3S3W0_CROAD,Snake venom metalloproteinase (Type II) 5h,Crotalus adamanteus,8729,2,Snake_Venom_Metalloproteinases(SVMP),test,3
1501,1501,tr,J3S3W2,J3S3W2_CROAD,Snake venom metalloproteinase (Type III) 2e,Crotalus adamanteus,8729,2,Snake_Venom_Metalloproteinases(SVMP),train,3
1502,1502,tr,J3SDW4,J3SDW4_CROAD,Snake venom metalloproteinase (Type II) 5g,Crotalus adamanteus,8729,2,Snake_Venom_Metalloproteinases(SVMP),train,3
1503,1503,tr,J3RY90,J3RY90_CROAD,Snake venom metalloproteinase (Type III) 6,Crotalus adamanteus,8729,2,Snake_Venom_Metalloproteinases(SVMP),train,3
1504,1504,tr,J3S827,J3S827_CROAD,Snake venom metalloproteinase (Type II) 5d,Crotalus adamanteus,8729,2,Snake_Venom_Metalloproteinases(SVMP),train,3
1505,1505,tr,E9KJX6,E9KJX6_ECHOC,Group III snake venom metalloproteinase (Fragment),Echis ocellatus,99586,2,Snake_Venom_Metalloproteinases(SVMP),train,3
1506,1506,tr,E9KJX3,E9KJX3_ECHOC,Group I snake venom metalloproteinase (Fragment),Echis ocellatus,99586,2,Snake_Venom_Metalloproteinases(SVMP),train,3
1507,1507,tr,E9KJX4,E9KJX4_ECHOC,Group I snake venom metalloproteinase (Fragment),Echis ocellatus,99586,2,Snake_Venom_Metalloproteinases(SVMP),train,3
1508,1508,tr,A0A0F7Z0V8,A0A0F7Z0V8_CROAD,Cadam10_SVMPIII-10,Crotalus adamanteus,8729,2,Snake_Venom_Metalloproteinases(SVMP),train,3
1509,1509,tr,J3S3W1,J3S3W1_CROAD,Cadam10_SVMPIII-3,Crotalus adamanteus,8729,2,Snake_Venom_Metalloproteinases(SVMP),train,3
1510,1510,tr,A0A0F7Z3C1,A0A0F7Z3C1_CROAD,Cadam10_SVMPIII-4,Crotalus adamanteus,8729,2,Snake_Venom_Metalloproteinases(SVMP),train,3
1511,1511,tr,Q2UXQ1,Q2UXQ1_ECHOC,Group III snake venom metalloproteinase (Fragment),Echis ocellatus,99586,2,Snake_Venom_Metalloproteinases(SVMP),train,3
1512,1512,tr,Q2UXQ7,Q2UXQ7_ECHOC,Group III snake venom metalloproteinase,Echis ocellatus,99586,2,Snake_Venom_Metalloproteinases(SVMP),val,3
1513,1513,tr,Q2UXQ2,Q2UXQ2_ECHOC,Group III snake venom metalloproteinase,Echis ocellatus,99586,2,Snake_Venom_Metalloproteinases(SVMP),train,3
1514,1514,tr,Q2UXQ6,Q2UXQ6_ECHOC,Group III snake venom metalloproteinase,Echis ocellatus,99586,2,Snake_Venom_Metalloproteinases(SVMP),train,3
1515,1515,tr,Q2UXQ9,Q2UXQ9_ECHOC,Group III snake venom metalloproteinase,Echis ocellatus,99586,2,Snake_Venom_Metalloproteinases(SVMP),train,3
1516,1516,tr,Q2UXQ0,Q2UXQ0_ECHOC,Group III snake venom metalloproteinase,Echis ocellatus,99586,2,Snake_Venom_Metalloproteinases(SVMP),train,3
1517,1517,tr,A0A0A1WDV9,A0A0A1WDV9_ECHCO,Snake venom metalloproteinase D (Fragment),Echis coloratus,64175,2,Snake_Venom_Metalloproteinases(SVMP),train,3
1518,1518,tr,Q2UXQ3,Q2UXQ3_ECHOC,Group I snake venom metalloproteinase,Echis ocellatus,99586,2,Snake_Venom_Metalloproteinases(SVMP),train,3
1519,1519,tr,A0A2D4LRZ3,A0A2D4LRZ3_9SAUR,Disintegrin and metalloproteinase domain-containing protein 17,Micrurus spixii,129469,3,Snake_Venom_Metalloproteinases(SVMP),test,3
1520,1520,tr,A0A0F7Z394,A0A0F7Z394_MICFL,Disintegrin and metalloproteinase domain-containing protein 17,Micrurus fulvius,8637,2,Snake_Venom_Metalloproteinases(SVMP),train,3
1521,1521,tr,U3EPC7,U3EPC7_MICFL,Metalloproteinase (Type III) 1,Micrurus fulvius,8637,2,Snake_Venom_Metalloproteinases(SVMP),train,3
1522,1522,tr,B5G6F7,B5G6F7_DEMVE,Metalloproteinase,Demansia vestigiata,412038,2,Snake_Venom_Metalloproteinases(SVMP),train,3
1523,1523,tr,A0A8C5RFP1,A0A8C5RFP1_LATLA,Disintegrin and metalloproteinase domain-containing protein 17,Laticauda laticaudata,8630,4,Snake_Venom_Metalloproteinases(SVMP),train,3
1524,1524,tr,J3RY76,J3RY76_CROAD,Metalloproteinase (Type II) 2d,Crotalus adamanteus,8729,2,Snake_Venom_Metalloproteinases(SVMP),train,3
1525,1525,tr,J3RY86,J3RY86_CROAD,Metalloproteinase (Type III) 2b,Crotalus adamanteus,8729,2,Snake_Venom_Metalloproteinases(SVMP),train,3
1526,1526,tr,J3SBQ0,J3SBQ0_CROAD,Metalloproteinase (Type III) 4c,Crotalus adamanteus,8729,2,Snake_Venom_Metalloproteinases(SVMP),train,3
1527,1527,tr,J3SDW3,J3SDW3_CROAD,Metalloproteinase (Type II) 2b,Crotalus adamanteus,8729,2,Snake_Venom_Metalloproteinases(SVMP),train,3
1528,1528,tr,J3RY82,J3RY82_CROAD,Metalloproteinase (Type III) 4b,Crotalus adamanteus,8729,2,Snake_Venom_Metalloproteinases(SVMP),train,3
1529,1529,tr,J3SBP7,J3SBP7_CROAD,Metalloproteinase (Type II) 2a,Crotalus adamanteus,8729,2,Snake_Venom_Metalloproteinases(SVMP),train,3
1530,1530,tr,J3SBP8,J3SBP8_CROAD,Metalloproteinase (Type II) 2e,Crotalus adamanteus,8729,2,Snake_Venom_Metalloproteinases(SVMP),test,3
1531,1531,tr,A0A6J1VD75,A0A6J1VD75_9SAUR,Disintegrin and metalloproteinase domain-containing protein 10,Notechis scutatus,8663,4,Snake_Venom_Metalloproteinases(SVMP),val,3
1532,1532,tr,A0A8C5SIK2,A0A8C5SIK2_LATLA,Disintegrin and metalloproteinase domain-containing protein 10,Laticauda laticaudata,8630,4,Snake_Venom_Metalloproteinases(SVMP),train,3
1533,1533,tr,A0A670ZKQ5,A0A670ZKQ5_PSETE,Disintegrin and metalloproteinase domain-containing protein 10,Pseudonaja textilis,8673,4,Snake_Venom_Metalloproteinases(SVMP),train,3
1534,1534,tr,A0A2H4N390,A0A2H4N390_BOTMO,Snake venom metalloproteinase BmooMPalpha-I-like isoform (Fragment),Bothrops moojeni,98334,2,Snake_Venom_Metalloproteinases(SVMP),val,3
1535,1535,tr,A0A8C6XVY9,A0A8C6XVY9_NAJNA,Disintegrin and metalloproteinase domain-containing protein 20-like,Naja naja,35670,3,Snake_Venom_Metalloproteinases(SVMP),train,3
1536,1536,tr,A0A0K8RZP3,A0A0K8RZP3_CROHD,Disintegrin and metalloproteinase domain-containing protein 9,Crotalus horridus,35024,4,Snake_Venom_Metalloproteinases(SVMP),train,3
1537,1537,tr,A0A8C7E2Y1,A0A8C7E2Y1_NAJNA,Disintegrin and metalloproteinase domain-containing protein 20-like,Naja naja,35670,3,Snake_Venom_Metalloproteinases(SVMP),train,3
1538,1538,tr,T1DP13,T1DP13_CROHD,Disintegrin and metalloproteinase domain-containing protein 10,Crotalus horridus,35024,2,Snake_Venom_Metalloproteinases(SVMP),train,3
1539,1539,tr,V8NZZ2,V8NZZ2_OPHHA,Disintegrin and metalloproteinase domain-containing protein 12 (Fragment),Ophiophagus hannah,8665,3,Snake_Venom_Metalloproteinases(SVMP),train,3
1540,1540,tr,V8PF09,V8PF09_OPHHA,Disintegrin and metalloproteinase domain-containing protein 20 (Fragment),Ophiophagus hannah,8665,3,Snake_Venom_Metalloproteinases(SVMP),test,3
1541,1541,tr,V8NS25,V8NS25_OPHHA,Disintegrin and metalloproteinase domain-containing protein 19 (Fragment),Ophiophagus hannah,8665,3,Snake_Venom_Metalloproteinases(SVMP),train,3
1542,1542,tr,V8PC90,V8PC90_OPHHA,Disintegrin and metalloproteinase domain-containing protein 21 (Fragment),Ophiophagus hannah,8665,3,Snake_Venom_Metalloproteinases(SVMP),train,3
1543,1543,tr,A0A8C6VNS5,A0A8C6VNS5_NAJNA,Disintegrin and metalloproteinase domain-containing protein 9,Naja naja,35670,3,Snake_Venom_Metalloproteinases(SVMP),train,3
1544,1544,tr,A0A8C6YFJ8,A0A8C6YFJ8_NAJNA,Disintegrin and metalloproteinase domain-containing protein 21-like,Naja naja,35670,3,Snake_Venom_Metalloproteinases(SVMP),train,3
1545,1545,tr,A0A8C6XV03,A0A8C6XV03_NAJNA,Disintegrin and metalloproteinase domain-containing protein 20-like,Naja naja,35670,3,Snake_Venom_Metalloproteinases(SVMP),train,3
1546,1546,tr,A0A8C7E2Z0,A0A8C7E2Z0_NAJNA,Disintegrin and metalloproteinase domain-containing protein 20-like,Naja naja,35670,3,Snake_Venom_Metalloproteinases(SVMP),train,3
1547,1547,tr,A0A8C6YBV3,A0A8C6YBV3_NAJNA,Disintegrin and metalloproteinase domain-containing protein 21-like,Naja naja,35670,3,Snake_Venom_Metalloproteinases(SVMP),test,3
1548,1548,tr,A0A2H4N385,A0A2H4N385_BOTMO,Disintegrin and metalloproteinase domain-containing protein 10 (Fragment),Bothrops moojeni,98334,2,Snake_Venom_Metalloproteinases(SVMP),train,3
1549,1549,tr,A0A8C6XX99,A0A8C6XX99_NAJNA,Disintegrin and metalloproteinase domain-containing protein 20-like,Naja naja,35670,3,Snake_Venom_Metalloproteinases(SVMP),train,3
1550,1550,tr,A0A1W7RJK7,A0A1W7RJK7_AGKCO,Disintegrin and metalloproteinase domain-containing protein 10,Agkistrodon contortrix contortrix,8713,4,Snake_Venom_Metalloproteinases(SVMP),train,3
1551,1551,tr,A0AAW1AVJ4,A0AAW1AVJ4_CROAD,Disintegrin and metalloproteinase domain-containing protein 10,Crotalus adamanteus,8729,4,Snake_Venom_Metalloproteinases(SVMP),train,3
1552,1552,tr,A0A2D4FUY2,A0A2D4FUY2_MICCO,Disintegrin and metalloproteinase domain-containing protein 17 (Fragment),Micrurus corallinus,54390,3,Snake_Venom_Metalloproteinases(SVMP),train,3
1553,1553,tr,A0A223PK09,A0A223PK09_DABRR,Disintegrin and metalloproteinase domain-containing protein 17,Daboia russelii,8707,2,Snake_Venom_Metalloproteinases(SVMP),val,3
1554,1554,tr,A0A1W7RJN7,A0A1W7RJN7_AGKCO,Disintegrin and metalloproteinase domain-containing protein 17,Agkistrodon contortrix contortrix,8713,4,Snake_Venom_Metalloproteinases(SVMP),train,3
1555,1555,tr,R4G2I0,R4G2I0_9SAUR,SVMP-Hop-46 (Fragment),Hoplocephalus bungaroides,83403,2,Snake_Venom_Metalloproteinases(SVMP),train,3
1556,1556,tr,R4G2Z1,R4G2Z1_9SAUR,SVMP-Hop-18 (Fragment),Hoplocephalus bungaroides,83403,2,Snake_Venom_Metalloproteinases(SVMP),val,3
1557,1557,tr,R4FIM1,R4FIM1_9SAUR,SVMP-Hop-14 (Fragment),Hoplocephalus bungaroides,83403,2,Snake_Venom_Metalloproteinases(SVMP),train,3
1558,1558,tr,V8P5I5,V8P5I5_OPHHA,Disintegrin and metalloproteinase domain-containing protein 12 (Fragment),Ophiophagus hannah,8665,3,Snake_Venom_Metalloproteinases(SVMP),train,3
1559,1559,tr,A0A2D4NG76,A0A2D4NG76_9SAUR,Disintegrin and metalloproteinase domain-containing protein 10 (Fragment),Micrurus spixii,129469,3,Snake_Venom_Metalloproteinases(SVMP),train,3
1560,1560,tr,J3S937,J3S937_CROAD,72 kDa type IV collagenase,Crotalus adamanteus,8729,2,Snake_Venom_Metalloproteinases(SVMP),train,3
1561,1561,tr,A0A2D4F7Y5,A0A2D4F7Y5_MICCO,Disintegrin and metalloproteinase domain-containing protein 10,Micrurus corallinus,54390,3,Snake_Venom_Metalloproteinases(SVMP),val,3
1562,1562,tr,E3UJL5,E3UJL5_BOTNU,MP_IIb1 SVMP (Fragment),Bothrops neuwiedi,95648,2,Snake_Venom_Metalloproteinases(SVMP),train,3
1563,1563,tr,A0A0B8RYP5,A0A0B8RYP5_9SAUR,Disintegrin and metalloproteinase domain-containing protein 10,Philothamnus irregularis,1899461,4,Snake_Venom_Metalloproteinases(SVMP),val,3
1564,1564,tr,A0A098M0W3,A0A098M0W3_9SAUR,Disintegrin and metalloproteinase domain-containing protein 10,Hypsiglena sp. JMG-2014,1550645,4,Snake_Venom_Metalloproteinases(SVMP),train,3
1565,1565,tr,V8PFC9,V8PFC9_OPHHA,Disintegrin and metalloproteinase domain-containing protein 10 (Fragment),Ophiophagus hannah,8665,3,Snake_Venom_Metalloproteinases(SVMP),train,3
1566,1566,tr,R4FJM6,R4FJM6_9SAUR,SVMP-Ech-32,Echiopsis curta,529692,2,Snake_Venom_Metalloproteinases(SVMP),val,3
1567,1567,tr,R4FJY3,R4FJY3_9SAUR,SVMP-Hop-63 (Fragment),Hoplocephalus bungaroides,83403,2,Snake_Venom_Metalloproteinases(SVMP),train,3
1568,1568,tr,R4FII3,R4FII3_9SAUR,SVMP-Hem-11 (Fragment),Hemiaspis signata,355698,2,Snake_Venom_Metalloproteinases(SVMP),train,3
1569,1569,tr,R4FIL3,R4FIL3_9SAUR,SVMP-Hop-62 (Fragment),Hoplocephalus bungaroides,83403,2,Snake_Venom_Metalloproteinases(SVMP),train,3
1570,1570,tr,R4G2W9,R4G2W9_9SAUR,SVMP-Hem-2 (Fragment),Hemiaspis signata,355698,2,Snake_Venom_Metalloproteinases(SVMP),val,3
1571,1571,tr,R4G2Y9,R4G2Y9_9SAUR,SVMP-Hop-45 (Fragment),Hoplocephalus bungaroides,83403,2,Snake_Venom_Metalloproteinases(SVMP),train,3
1572,1572,tr,R4FIC4,R4FIC4_DENDV,SVMP-Den-9,Denisonia devisi,529689,2,Snake_Venom_Metalloproteinases(SVMP),val,3
1573,1573,tr,R4FJZ4,R4FJZ4_9SAUR,SVMP-Hop-15 (Fragment),Hoplocephalus bungaroides,83403,2,Snake_Venom_Metalloproteinases(SVMP),train,3
1574,1574,tr,R4G7J0,R4G7J0_9SAUR,SVMP-Hop-30 (Fragment),Hoplocephalus bungaroides,83403,2,Snake_Venom_Metalloproteinases(SVMP),train,3
1575,1575,tr,R4FIL7,R4FIL7_9SAUR,SVMP-Hop-36 (Fragment),Hoplocephalus bungaroides,83403,2,Snake_Venom_Metalloproteinases(SVMP),val,3
1576,1576,tr,R4FIX4,R4FIX4_9SAUR,SVMP-Sut-51 (Fragment),Suta fasciata,529716,2,Snake_Venom_Metalloproteinases(SVMP),val,3
1577,1577,tr,R4FJY9,R4FJY9_9SAUR,SVMP-Hop-39 (Fragment),Hoplocephalus bungaroides,83403,2,Snake_Venom_Metalloproteinases(SVMP),val,3
1578,1578,tr,R4G2I1,R4G2I1_9SAUR,SVMP-Hop-23 (Fragment),Hoplocephalus bungaroides,83403,2,Snake_Venom_Metalloproteinases(SVMP),train,3
1579,1579,tr,R4G7I9,R4G7I9_9SAUR,SVMP-Hop-50 (Fragment),Hoplocephalus bungaroides,83403,2,Snake_Venom_Metalloproteinases(SVMP),train,3
1580,1580,tr,R4G7J1,R4G7J1_9SAUR,SVMP-Hop-13 (Fragment),Hoplocephalus bungaroides,83403,2,Snake_Venom_Metalloproteinases(SVMP),train,3
1581,1581,tr,R4FIY6,R4FIY6_9SAUR,SVMP-Ver-17 (Fragment),Vermicella annulata,1295044,2,Snake_Venom_Metalloproteinases(SVMP),train,3
1582,1582,tr,J3SET7,J3SET7_CROAD,Matrix metalloproteinase-14,Crotalus adamanteus,8729,2,Snake_Venom_Metalloproteinases(SVMP),train,3
1583,1583,tr,T1DMN4,T1DMN4_CROHE,SVMP-CohPH-1,Crotalus helleri,8741,2,Snake_Venom_Metalloproteinases(SVMP),test,3
1584,1584,tr,T1E6U1,T1E6U1_CROHE,SVMP-CohPH-3,Crotalus helleri,8741,2,Snake_Venom_Metalloproteinases(SVMP),train,3
1585,1585,tr,T1DEB4,T1DEB4_CROHE,SVMP-CohPH-2,Crotalus helleri,8741,2,Snake_Venom_Metalloproteinases(SVMP),train,3
1586,1586,tr,E3UJL8,E3UJL8_BOTNU,MP_IIx2 SVMP (Fragment),Bothrops neuwiedi,95648,2,Snake_Venom_Metalloproteinases(SVMP),train,3
1587,1587,tr,E3UJL0,E3UJL0_BOTNU,MP_III1 SVMP (Fragment),Bothrops neuwiedi,95648,2,Snake_Venom_Metalloproteinases(SVMP),train,3
1588,1588,tr,E3UJL2,E3UJL2_BOTNU,MP_III3 SVMP (Fragment),Bothrops neuwiedi,95648,2,Snake_Venom_Metalloproteinases(SVMP),train,3
1589,1589,tr,E3UJL1,E3UJL1_BOTNU,MP_III2 SVMP (Fragment),Bothrops neuwiedi,95648,2,Snake_Venom_Metalloproteinases(SVMP),train,3
1590,1590,tr,E3UJL9,E3UJL9_BOTNU,MP_IIx3 SVMP (Fragment),Bothrops neuwiedi,95648,2,Snake_Venom_Metalloproteinases(SVMP),train,3
1591,1591,tr,E3UJM0,E3UJM0_BOTNU,MP_IIa SVMP (Fragment),Bothrops neuwiedi,95648,2,Snake_Venom_Metalloproteinases(SVMP),train,3
1592,1592,tr,R4G2D3,R4G2D3_9SAUR,SVMP-Aca-4,Acanthophis wellsi,239747,2,Snake_Venom_Metalloproteinases(SVMP),train,3
1593,1593,tr,R4G2Y6,R4G2Y6_9SAUR,SVMP-Hop-65 (Fragment),Hoplocephalus bungaroides,83403,2,Snake_Venom_Metalloproteinases(SVMP),test,3
1594,1594,tr,E3UJL6,E3UJL6_BOTNU,MP_IIb2 SVMP (Fragment),Bothrops neuwiedi,95648,2,Snake_Venom_Metalloproteinases(SVMP),train,3
1595,1595,tr,E3UJL7,E3UJL7_BOTNU,MP_IIx1 SVMP (Fragment),Bothrops neuwiedi,95648,2,Snake_Venom_Metalloproteinases(SVMP),train,3
1596,1596,tr,A0A0F7Z7P7,A0A0F7Z7P7_CROAD,Matrix metalloproteinase-14,Crotalus adamanteus,8729,2,Snake_Venom_Metalloproteinases(SVMP),train,3
1597,1597,tr,R4G2I8,R4G2I8_9SAUR,SVMP-Pse-3 (Fragment),Pseudonaja modesta,340912,2,Snake_Venom_Metalloproteinases(SVMP),train,3
1598,1598,tr,A0A6J1V117,A0A6J1V117_9SAUR,Zinc metalloproteinase-disintegrin-like NaMP,Notechis scutatus,8663,4,Snake_Venom_Metalloproteinases(SVMP),train,3
1599,1599,tr,A0A0A1WD01,A0A0A1WD01_ECHCO,Snake venom metalloproteinase P (Fragment),Echis coloratus,64175,2,Snake_Venom_Metalloproteinases(SVMP),train,3
1600,1600,tr,A0A6P9AUA9,A0A6P9AUA9_PANGU,Disintegrin and metalloproteinase domain-containing protein 9,Pantherophis guttatus,94885,4,Snake_Venom_Metalloproteinases(SVMP),train,3
1601,1601,tr,A0A6P9D8S7,A0A6P9D8S7_PANGU,Disintegrin and metalloproteinase domain-containing protein 17,Pantherophis guttatus,94885,4,Snake_Venom_Metalloproteinases(SVMP),train,3
1602,1602,tr,A0A6G5ZUR1,A0A6G5ZUR1_VIPAN,Disintegrin and metalloproteinase domain-containing protein 2,Vipera anatolica senliki,2604287,2,Snake_Venom_Metalloproteinases(SVMP),train,3
1603,1603,tr,A0A0A1WCC0,A0A0A1WCC0_ECHCO,Snake venom metalloproteinase H (Fragment),Echis coloratus,64175,2,Snake_Venom_Metalloproteinases(SVMP),train,3
1604,1604,tr,J3S4P1,J3S4P1_CROAD,Matrix metalloproteinase-23,Crotalus adamanteus,8729,2,Snake_Venom_Metalloproteinases(SVMP),train,3
1605,1605,tr,A0A0A1WD17,A0A0A1WD17_ECHCO,Snake venom metalloproteinase A (Fragment),Echis coloratus,64175,2,Snake_Venom_Metalloproteinases(SVMP),train,3
1606,1606,tr,A0A0A1WCC5,A0A0A1WCC5_ECHCO,Snake venom metalloproteinase C (Fragment),Echis coloratus,64175,2,Snake_Venom_Metalloproteinases(SVMP),train,3
1607,1607,tr,A0A0A1WDV1,A0A0A1WDV1_ECHCO,Snake venom metalloproteinase N (Fragment),Echis coloratus,64175,2,Snake_Venom_Metalloproteinases(SVMP),train,3
1608,1608,tr,A0A0A1WCB1,A0A0A1WCB1_ECHCO,Snake venom metalloproteinase R (Fragment),Echis coloratus,64175,2,Snake_Venom_Metalloproteinases(SVMP),train,3
1609,1609,tr,A0A8C5SWV9,A0A8C5SWV9_LATLA,Disintegrin and metalloproteinase domain-containing protein 9,Laticauda laticaudata,8630,4,Snake_Venom_Metalloproteinases(SVMP),train,3
1610,1610,tr,A0A6J1VB39,A0A6J1VB39_9SAUR,Disintegrin and metalloproteinase domain-containing protein 19,Notechis scutatus,8663,4,Snake_Venom_Metalloproteinases(SVMP),test,3
1611,1611,tr,A0A0A1WDR0,A0A0A1WDR0_ECHCO,Snake venom metalloproteinase B (Fragment),Echis coloratus,64175,2,Snake_Venom_Metalloproteinases(SVMP),test,3
1612,1612,tr,A0A6J1VLY3,A0A6J1VLY3_9SAUR,Disintegrin and metalloproteinase domain-containing protein 9,Notechis scutatus,8663,4,Snake_Venom_Metalloproteinases(SVMP),train,3
1613,1613,tr,A0A9F5IU93,A0A9F5IU93_PYTBI,Disintegrin and metalloproteinase domain-containing protein 9 isoform X1,Python bivittatus,176946,4,Snake_Venom_Metalloproteinases(SVMP),train,3
1614,1614,tr,A0A346CIA7,A0A346CIA7_SPISL,Metalloproteinase inhibitor 1 (Fragment),Spilotes sulphureus,1899469,2,Snake_Venom_Metalloproteinases(SVMP),train,3
1615,1615,tr,A0AAW1B0M8,A0AAW1B0M8_CROAD,VENOM COMPONENT: short-snake venom metalloproteinase-mdc-4-like,Crotalus adamanteus,8729,4,Snake_Venom_Metalloproteinases(SVMP),train,3
1616,1616,tr,A0A8C5RH13,A0A8C5RH13_LATLA,Disintegrin and metalloproteinase domain-containing protein 20-like,Laticauda laticaudata,8630,4,Snake_Venom_Metalloproteinases(SVMP),train,3
1617,1617,tr,A0A6J1U832,A0A6J1U832_9SAUR,Disintegrin and metalloproteinase domain-containing protein 20-like,Notechis scutatus,8663,4,Snake_Venom_Metalloproteinases(SVMP),train,3
1618,1618,tr,A0A6J1U8T7,A0A6J1U8T7_9SAUR,Disintegrin and metalloproteinase domain-containing protein 20-like,Notechis scutatus,8663,4,Snake_Venom_Metalloproteinases(SVMP),train,3
1619,1619,tr,A0A6P9BSW2,A0A6P9BSW2_PANGU,Disintegrin and metalloproteinase domain-containing protein 20-like,Pantherophis guttatus,94885,4,Snake_Venom_Metalloproteinases(SVMP),train,3
1620,1620,tr,A0A9F2Q4E9,A0A9F2Q4E9_PYTBI,Disintegrin and metalloproteinase domain-containing protein 20-like,Python bivittatus,176946,4,Snake_Venom_Metalloproteinases(SVMP),train,3
1621,1621,tr,A0A670XV66,A0A670XV66_PSETE,Disintegrin and metalloproteinase domain-containing protein 20-like,Pseudonaja textilis,8673,4,Snake_Venom_Metalloproteinases(SVMP),train,3
1622,1622,tr,T1E649,T1E649_CROHD,72 kDa type IV collagenase,Crotalus horridus,35024,2,Snake_Venom_Metalloproteinases(SVMP),train,3
1623,1623,tr,A0A6J1U7E5,A0A6J1U7E5_9SAUR,Disintegrin and metalloproteinase domain-containing protein 21-like,Notechis scutatus,8663,4,Snake_Venom_Metalloproteinases(SVMP),train,3
1624,1624,tr,A0A6P9DBE0,A0A6P9DBE0_PANGU,Disintegrin and metalloproteinase domain-containing protein 9-like,Pantherophis guttatus,94885,4,Snake_Venom_Metalloproteinases(SVMP),train,3
1625,1625,tr,A0A8C5RFZ8,A0A8C5RFZ8_LATLA,Disintegrin and metalloproteinase domain-containing protein 20-like,Laticauda laticaudata,8630,4,Snake_Venom_Metalloproteinases(SVMP),train,3
1626,1626,tr,A0A670Y351,A0A670Y351_PSETE,Disintegrin and metalloproteinase domain-containing protein 20-like,Pseudonaja textilis,8673,4,Snake_Venom_Metalloproteinases(SVMP),train,3
1627,1627,tr,A0A6P9BUC5,A0A6P9BUC5_PANGU,Disintegrin and metalloproteinase domain-containing protein 20-like,Pantherophis guttatus,94885,4,Snake_Venom_Metalloproteinases(SVMP),train,3
1628,1628,tr,A0A9F2KW25,A0A9F2KW25_PYTBI,Disintegrin and metalloproteinase domain-containing protein 20-like,Python bivittatus,176946,4,Snake_Venom_Metalloproteinases(SVMP),train,3
1629,1629,tr,E9JGE0,E9JGE0_ECHCO,Metalloproteinase (Fragment),Echis coloratus,64175,2,Snake_Venom_Metalloproteinases(SVMP),train,3
1630,1630,tr,E9JGI4,E9JGI4_ECHPL,Metalloproteinase (Fragment),Echis pyramidum leakeyi,38415,2,Snake_Venom_Metalloproteinases(SVMP),test,3
1631,1631,tr,E9JGK7,E9JGK7_ECHPL,Metalloproteinase (Fragment),Echis pyramidum leakeyi,38415,2,Snake_Venom_Metalloproteinases(SVMP),train,3
1632,1632,tr,E9JGL4,E9JGL4_ECHPL,Metalloproteinase (Fragment),Echis pyramidum leakeyi,38415,2,Snake_Venom_Metalloproteinases(SVMP),train,3
1633,1633,tr,E9JGL5,E9JGL5_ECHPL,Metalloproteinase (Fragment),Echis pyramidum leakeyi,38415,2,Snake_Venom_Metalloproteinases(SVMP),train,3
1634,1634,tr,E9JGL6,E9JGL6_ECHPL,Metalloproteinase (Fragment),Echis pyramidum leakeyi,38415,2,Snake_Venom_Metalloproteinases(SVMP),train,3
1635,1635,tr,E9JGG0,E9JGG0_ECHCO,Metalloproteinase,Echis coloratus,64175,2,Snake_Venom_Metalloproteinases(SVMP),train,3
1636,1636,tr,E9JGJ6,E9JGJ6_ECHPL,Metalloproteinase (Fragment),Echis pyramidum leakeyi,38415,2,Snake_Venom_Metalloproteinases(SVMP),test,3
1637,1637,tr,E9JGK5,E9JGK5_ECHPL,Metalloproteinase (Fragment),Echis pyramidum leakeyi,38415,2,Snake_Venom_Metalloproteinases(SVMP),train,3
1638,1638,tr,E9JG83,E9JG83_ECHCO,Metalloproteinase,Echis coloratus,64175,2,Snake_Venom_Metalloproteinases(SVMP),train,3
1639,1639,tr,E9JGG8,E9JGG8_ECHCS,Metalloproteinase (Fragment),Echis carinatus sochureki,124223,2,Snake_Venom_Metalloproteinases(SVMP),train,3
1640,1640,tr,E9JGG4,E9JGG4_ECHCO,Metalloproteinase (Fragment),Echis coloratus,64175,2,Snake_Venom_Metalloproteinases(SVMP),train,3
1641,1641,tr,E9JGH4,E9JGH4_ECHCS,Metalloproteinase (Fragment),Echis carinatus sochureki,124223,2,Snake_Venom_Metalloproteinases(SVMP),train,3
1642,1642,tr,E9JGK9,E9JGK9_ECHPL,Metalloproteinase (Fragment),Echis pyramidum leakeyi,38415,2,Snake_Venom_Metalloproteinases(SVMP),train,3
1643,1643,tr,E9JGL2,E9JGL2_ECHPL,Metalloproteinase (Fragment),Echis pyramidum leakeyi,38415,2,Snake_Venom_Metalloproteinases(SVMP),val,3
1644,1644,tr,E9JGL7,E9JGL7_ECHPL,Metalloproteinase (Fragment),Echis pyramidum leakeyi,38415,2,Snake_Venom_Metalloproteinases(SVMP),val,3
1645,1645,tr,E9JGJ0,E9JGJ0_ECHPL,Metalloproteinase (Fragment),Echis pyramidum leakeyi,38415,2,Snake_Venom_Metalloproteinases(SVMP),train,3
1646,1646,tr,E9JGL8,E9JGL8_ECHPL,Metalloproteinase (Fragment),Echis pyramidum leakeyi,38415,2,Snake_Venom_Metalloproteinases(SVMP),train,3
1647,1647,tr,A0A6P9DJE7,A0A6P9DJE7_PANGU,Disintegrin and metalloproteinase domain-containing protein 12 isoform X1,Pantherophis guttatus,94885,4,Snake_Venom_Metalloproteinases(SVMP),train,3
1648,1648,tr,A0A0K8RYQ8,A0A0K8RYQ8_CROHD,Metalloproteinase (Type II) 3a,Crotalus horridus,35024,4,Snake_Venom_Metalloproteinases(SVMP),test,3
1649,1649,tr,A0A6P9D9D3,A0A6P9D9D3_PANGU,Disintegrin and metalloproteinase domain-containing protein 12 isoform X2,Pantherophis guttatus,94885,4,Snake_Venom_Metalloproteinases(SVMP),val,3
1650,1650,tr,A0A9F5IQC4,A0A9F5IQC4_PYTBI,Disintegrin and metalloproteinase domain-containing protein 9 isoform X3,Python bivittatus,176946,4,Snake_Venom_Metalloproteinases(SVMP),train,3
1651,1651,tr,A0A6J1U930,A0A6J1U930_9SAUR,Disintegrin and metalloproteinase domain-containing protein 9-like isoform X2,Notechis scutatus,8663,4,Snake_Venom_Metalloproteinases(SVMP),test,3
1652,1652,tr,A0A6B2F2H2,A0A6B2F2H2_BOTNI,Disintegrin and metalloproteinase domain-containing protein 10,Bothriechis nigroviridis,88079,4,Snake_Venom_Metalloproteinases(SVMP),train,3
1653,1653,tr,A0A6G5ZVR9,A0A6G5ZVR9_VIPAN,Disintegrin and metalloproteinase domain-containing protein 10,Vipera anatolica senliki,2604287,2,Snake_Venom_Metalloproteinases(SVMP),train,3
1654,1654,tr,A0A0F7ZEQ7,A0A0F7ZEQ7_CROAD,Disintegrin and metalloproteinase domain-containing protein 10,Crotalus adamanteus,8729,2,Snake_Venom_Metalloproteinases(SVMP),train,3
1655,1655,tr,A0A6J1U240,A0A6J1U240_9SAUR,Disintegrin and metalloproteinase domain-containing protein 9-like isoform X1,Notechis scutatus,8663,4,Snake_Venom_Metalloproteinases(SVMP),train,3
1656,1656,tr,A0A9F3QTG7,A0A9F3QTG7_PYTBI,Disintegrin and metalloproteinase domain-containing protein 9-like isoform X1,Python bivittatus,176946,4,Snake_Venom_Metalloproteinases(SVMP),val,3
1657,1657,tr,A0A182C5W4,A0A182C5W4_9SAUR,Metalloproteinase,Phalotris mertensi,1260334,4,Snake_Venom_Metalloproteinases(SVMP),test,3
1658,1658,tr,E9JG27,E9JG27_ECHCS,Metalloproteinase (Fragment),Echis carinatus sochureki,124223,2,Snake_Venom_Metalloproteinases(SVMP),train,3
1659,1659,tr,E9JG28,E9JG28_ECHCS,Metalloproteinase,Echis carinatus sochureki,124223,2,Snake_Venom_Metalloproteinases(SVMP),train,3
1660,1660,tr,E9JG41,E9JG41_ECHCS,Metalloproteinase,Echis carinatus sochureki,124223,2,Snake_Venom_Metalloproteinases(SVMP),train,3
1661,1661,tr,E9JG45,E9JG45_ECHCS,Metalloproteinase (Fragment),Echis carinatus sochureki,124223,2,Snake_Venom_Metalloproteinases(SVMP),train,3
1662,1662,tr,E9JG49,E9JG49_ECHCS,Metalloproteinase (Fragment),Echis carinatus sochureki,124223,2,Snake_Venom_Metalloproteinases(SVMP),train,3
1663,1663,tr,E9JG53,E9JG53_ECHCS,Metalloproteinase (Fragment),Echis carinatus sochureki,124223,2,Snake_Venom_Metalloproteinases(SVMP),train,3
1664,1664,tr,E9JG55,E9JG55_ECHCO,Metalloproteinase,Echis coloratus,64175,2,Snake_Venom_Metalloproteinases(SVMP),train,3
1665,1665,tr,E9JG56,E9JG56_ECHCO,Metalloproteinase,Echis coloratus,64175,2,Snake_Venom_Metalloproteinases(SVMP),train,3
1666,1666,tr,E9JG65,E9JG65_ECHCO,Metalloproteinase,Echis coloratus,64175,2,Snake_Venom_Metalloproteinases(SVMP),test,3
1667,1667,tr,E9JG71,E9JG71_ECHCO,Metalloproteinase,Echis coloratus,64175,2,Snake_Venom_Metalloproteinases(SVMP),train,3
1668,1668,tr,E9JG84,E9JG84_ECHCO,Metalloproteinase,Echis coloratus,64175,2,Snake_Venom_Metalloproteinases(SVMP),train,3
1669,1669,tr,E9JG93,E9JG93_ECHCO,Metalloproteinase (Fragment),Echis coloratus,64175,2,Snake_Venom_Metalloproteinases(SVMP),train,3
1670,1670,tr,E9JGA4,E9JGA4_ECHCO,Metalloproteinase,Echis coloratus,64175,2,Snake_Venom_Metalloproteinases(SVMP),train,3
1671,1671,tr,E9JGA5,E9JGA5_ECHCO,Metalloproteinase (Fragment),Echis coloratus,64175,2,Snake_Venom_Metalloproteinases(SVMP),test,3
1672,1672,tr,E9JGA9,E9JGA9_ECHCO,Metalloproteinase (Fragment),Echis coloratus,64175,2,Snake_Venom_Metalloproteinases(SVMP),train,3
1673,1673,tr,E9JGB2,E9JGB2_ECHPL,Metalloproteinase,Echis pyramidum leakeyi,38415,2,Snake_Venom_Metalloproteinases(SVMP),val,3
1674,1674,tr,E9JGB9,E9JGB9_ECHPL,Metalloproteinase (Fragment),Echis pyramidum leakeyi,38415,2,Snake_Venom_Metalloproteinases(SVMP),train,3
1675,1675,tr,E9JGC3,E9JGC3_ECHPL,Metalloproteinase (Fragment),Echis pyramidum leakeyi,38415,2,Snake_Venom_Metalloproteinases(SVMP),test,3
1676,1676,tr,E9JGD0,E9JGD0_ECHPL,Metalloproteinase (Fragment),Echis pyramidum leakeyi,38415,2,Snake_Venom_Metalloproteinases(SVMP),val,3
1677,1677,tr,E9JGD7,E9JGD7_ECHCO,Metalloproteinase,Echis coloratus,64175,2,Snake_Venom_Metalloproteinases(SVMP),train,3
1678,1678,tr,E9JGD9,E9JGD9_ECHCO,Metalloproteinase (Fragment),Echis coloratus,64175,2,Snake_Venom_Metalloproteinases(SVMP),train,3
1679,1679,tr,E9JGE3,E9JGE3_ECHCO,Metalloproteinase,Echis coloratus,64175,2,Snake_Venom_Metalloproteinases(SVMP),train,3
1680,1680,tr,E9JGE5,E9JGE5_ECHCO,Metalloproteinase,Echis coloratus,64175,2,Snake_Venom_Metalloproteinases(SVMP),train,3
1681,1681,tr,E9JGE7,E9JGE7_ECHCO,Metalloproteinase,Echis coloratus,64175,2,Snake_Venom_Metalloproteinases(SVMP),train,3
1682,1682,tr,E9JGE9,E9JGE9_ECHCO,Metalloproteinase,Echis coloratus,64175,2,Snake_Venom_Metalloproteinases(SVMP),train,3
1683,1683,tr,E9JGF0,E9JGF0_ECHCO,Metalloproteinase,Echis coloratus,64175,2,Snake_Venom_Metalloproteinases(SVMP),val,3
1684,1684,tr,E9JGF1,E9JGF1_ECHCO,Metalloproteinase,Echis coloratus,64175,2,Snake_Venom_Metalloproteinases(SVMP),train,3
1685,1685,tr,E9JGH1,E9JGH1_ECHCS,Metalloproteinase,Echis carinatus sochureki,124223,2,Snake_Venom_Metalloproteinases(SVMP),train,3
1686,1686,tr,E9JGH2,E9JGH2_ECHCS,Metalloproteinase,Echis carinatus sochureki,124223,2,Snake_Venom_Metalloproteinases(SVMP),train,3
1687,1687,tr,E9JGH8,E9JGH8_ECHPL,Metalloproteinase,Echis pyramidum leakeyi,38415,2,Snake_Venom_Metalloproteinases(SVMP),train,3
1688,1688,tr,E9JGI1,E9JGI1_ECHPL,Metalloproteinase,Echis pyramidum leakeyi,38415,2,Snake_Venom_Metalloproteinases(SVMP),train,3
1689,1689,tr,E9JGI6,E9JGI6_ECHPL,Metalloproteinase,Echis pyramidum leakeyi,38415,2,Snake_Venom_Metalloproteinases(SVMP),val,3
1690,1690,tr,E9JGJ3,E9JGJ3_ECHPL,Metalloproteinase,Echis pyramidum leakeyi,38415,2,Snake_Venom_Metalloproteinases(SVMP),train,3
1691,1691,tr,E9JGJ5,E9JGJ5_ECHPL,Metalloproteinase (Fragment),Echis pyramidum leakeyi,38415,2,Snake_Venom_Metalloproteinases(SVMP),test,3
1692,1692,tr,E9JGJ8,E9JGJ8_ECHPL,Metalloproteinase (Fragment),Echis pyramidum leakeyi,38415,2,Snake_Venom_Metalloproteinases(SVMP),train,3
1693,1693,tr,E9JGK0,E9JGK0_ECHPL,Metalloproteinase (Fragment),Echis pyramidum leakeyi,38415,2,Snake_Venom_Metalloproteinases(SVMP),train,3
1694,1694,tr,E9JGK8,E9JGK8_ECHPL,Metalloproteinase,Echis pyramidum leakeyi,38415,2,Snake_Venom_Metalloproteinases(SVMP),train,3
1695,1695,tr,E9JGL1,E9JGL1_ECHPL,Metalloproteinase (Fragment),Echis pyramidum leakeyi,38415,2,Snake_Venom_Metalloproteinases(SVMP),train,3
1696,1696,tr,E9JGL3,E9JGL3_ECHPL,Metalloproteinase (Fragment),Echis pyramidum leakeyi,38415,2,Snake_Venom_Metalloproteinases(SVMP),test,3
1697,1697,tr,E9JG35,E9JG35_ECHCS,Metalloproteinase,Echis carinatus sochureki,124223,2,Snake_Venom_Metalloproteinases(SVMP),train,3
1698,1698,tr,E9JG51,E9JG51_ECHCS,Metalloproteinase (Fragment),Echis carinatus sochureki,124223,2,Snake_Venom_Metalloproteinases(SVMP),val,3
1699,1699,tr,E9JG59,E9JG59_ECHCO,Metalloproteinase,Echis coloratus,64175,2,Snake_Venom_Metalloproteinases(SVMP),train,3
1700,1700,tr,E9JG61,E9JG61_ECHCO,Metalloproteinase,Echis coloratus,64175,2,Snake_Venom_Metalloproteinases(SVMP),train,3
1701,1701,tr,E9JG69,E9JG69_ECHCO,Metalloproteinase,Echis coloratus,64175,2,Snake_Venom_Metalloproteinases(SVMP),train,3
1702,1702,tr,E9JG76,E9JG76_ECHCO,Metalloproteinase,Echis coloratus,64175,2,Snake_Venom_Metalloproteinases(SVMP),test,3
1703,1703,tr,E9JG77,E9JG77_ECHCO,Metalloproteinase,Echis coloratus,64175,2,Snake_Venom_Metalloproteinases(SVMP),train,3
1704,1704,tr,E9JG82,E9JG82_ECHCO,Metalloproteinase,Echis coloratus,64175,2,Snake_Venom_Metalloproteinases(SVMP),train,3
1705,1705,tr,E9JG88,E9JG88_ECHCO,Metalloproteinase,Echis coloratus,64175,2,Snake_Venom_Metalloproteinases(SVMP),train,3
1706,1706,tr,E9JGA7,E9JGA7_ECHCO,Metalloproteinase,Echis coloratus,64175,2,Snake_Venom_Metalloproteinases(SVMP),train,3
1707,1707,tr,E9JGB3,E9JGB3_ECHPL,Metalloproteinase (Fragment),Echis pyramidum leakeyi,38415,2,Snake_Venom_Metalloproteinases(SVMP),train,3
1708,1708,tr,E9JGB4,E9JGB4_ECHPL,Metalloproteinase (Fragment),Echis pyramidum leakeyi,38415,2,Snake_Venom_Metalloproteinases(SVMP),train,3
1709,1709,tr,E9JGB8,E9JGB8_ECHPL,Metalloproteinase (Fragment),Echis pyramidum leakeyi,38415,2,Snake_Venom_Metalloproteinases(SVMP),val,3
1710,1710,tr,E9JGC6,E9JGC6_ECHPL,Metalloproteinase (Fragment),Echis pyramidum leakeyi,38415,2,Snake_Venom_Metalloproteinases(SVMP),train,3
1711,1711,tr,E9JGC8,E9JGC8_ECHPL,Metalloproteinase (Fragment),Echis pyramidum leakeyi,38415,2,Snake_Venom_Metalloproteinases(SVMP),test,3
1712,1712,tr,E9JGE2,E9JGE2_ECHCO,Metalloproteinase,Echis coloratus,64175,2,Snake_Venom_Metalloproteinases(SVMP),train,3
1713,1713,tr,E9JGF2,E9JGF2_ECHCO,Metalloproteinase,Echis coloratus,64175,2,Snake_Venom_Metalloproteinases(SVMP),train,3
1714,1714,tr,E9JGF8,E9JGF8_ECHCO,Metalloproteinase (Fragment),Echis coloratus,64175,2,Snake_Venom_Metalloproteinases(SVMP),train,3
1715,1715,tr,E9JGH0,E9JGH0_ECHCS,Metalloproteinase,Echis carinatus sochureki,124223,2,Snake_Venom_Metalloproteinases(SVMP),train,3
1716,1716,tr,E9JGH3,E9JGH3_ECHCS,Metalloproteinase,Echis carinatus sochureki,124223,2,Snake_Venom_Metalloproteinases(SVMP),train,3
1717,1717,tr,E9JGH9,E9JGH9_ECHPL,Metalloproteinase,Echis pyramidum leakeyi,38415,2,Snake_Venom_Metalloproteinases(SVMP),train,3
1718,1718,tr,E9JGI0,E9JGI0_ECHPL,Metalloproteinase,Echis pyramidum leakeyi,38415,2,Snake_Venom_Metalloproteinases(SVMP),train,3
1719,1719,tr,E9JGI7,E9JGI7_ECHPL,Metalloproteinase,Echis pyramidum leakeyi,38415,2,Snake_Venom_Metalloproteinases(SVMP),train,3
1720,1720,tr,E9JGI9,E9JGI9_ECHPL,Metalloproteinase,Echis pyramidum leakeyi,38415,2,Snake_Venom_Metalloproteinases(SVMP),train,3
1721,1721,tr,E9JGJ7,E9JGJ7_ECHPL,Metalloproteinase (Fragment),Echis pyramidum leakeyi,38415,2,Snake_Venom_Metalloproteinases(SVMP),train,3
1722,1722,tr,E9JGK3,E9JGK3_ECHPL,Metalloproteinase,Echis pyramidum leakeyi,38415,2,Snake_Venom_Metalloproteinases(SVMP),train,3
1723,1723,tr,E9JGL0,E9JGL0_ECHPL,Metalloproteinase,Echis pyramidum leakeyi,38415,2,Snake_Venom_Metalloproteinases(SVMP),val,3
1724,1724,tr,A0A182C5P4,A0A182C5P4_9SAUR,Metalloproteinase (Fragment),Phalotris mertensi,1260334,4,Snake_Venom_Metalloproteinases(SVMP),train,3
1725,1725,tr,A0A182C5R1,A0A182C5R1_9SAUR,Metalloproteinase,Phalotris mertensi,1260334,4,Snake_Venom_Metalloproteinases(SVMP),train,3
1726,1726,tr,A0A182C5R2,A0A182C5R2_9SAUR,Metalloproteinase,Phalotris mertensi,1260334,4,Snake_Venom_Metalloproteinases(SVMP),train,3
1727,1727,tr,A0A182C5W1,A0A182C5W1_9SAUR,Metalloproteinase,Phalotris mertensi,1260334,4,Snake_Venom_Metalloproteinases(SVMP),train,3
1728,1728,tr,E9JG26,E9JG26_ECHCS,Metalloproteinase,Echis carinatus sochureki,124223,2,Snake_Venom_Metalloproteinases(SVMP),test,3
1729,1729,tr,E9JG33,E9JG33_ECHCS,Metalloproteinase,Echis carinatus sochureki,124223,2,Snake_Venom_Metalloproteinases(SVMP),train,3
1730,1730,tr,E9JG37,E9JG37_ECHCS,Metalloproteinase (Fragment),Echis carinatus sochureki,124223,2,Snake_Venom_Metalloproteinases(SVMP),train,3
1731,1731,tr,E9JG38,E9JG38_ECHCS,Metalloproteinase,Echis carinatus sochureki,124223,2,Snake_Venom_Metalloproteinases(SVMP),train,3
1732,1732,tr,E9JG46,E9JG46_ECHCS,Metalloproteinase (Fragment),Echis carinatus sochureki,124223,2,Snake_Venom_Metalloproteinases(SVMP),val,3
1733,1733,tr,E9JG47,E9JG47_ECHCS,Metalloproteinase (Fragment),Echis carinatus sochureki,124223,2,Snake_Venom_Metalloproteinases(SVMP),train,3
1734,1734,tr,E9JG48,E9JG48_ECHCS,Metalloproteinase (Fragment),Echis carinatus sochureki,124223,2,Snake_Venom_Metalloproteinases(SVMP),train,3
1735,1735,tr,E9JG50,E9JG50_ECHCS,Metalloproteinase (Fragment),Echis carinatus sochureki,124223,2,Snake_Venom_Metalloproteinases(SVMP),train,3
1736,1736,tr,E9JG52,E9JG52_ECHCS,Metalloproteinase,Echis carinatus sochureki,124223,2,Snake_Venom_Metalloproteinases(SVMP),train,3
1737,1737,tr,E9JG57,E9JG57_ECHCO,Metalloproteinase,Echis coloratus,64175,2,Snake_Venom_Metalloproteinases(SVMP),train,3
1738,1738,tr,E9JG64,E9JG64_ECHCO,Metalloproteinase,Echis coloratus,64175,2,Snake_Venom_Metalloproteinases(SVMP),train,3
1739,1739,tr,E9JG66,E9JG66_ECHCO,Metalloproteinase,Echis coloratus,64175,2,Snake_Venom_Metalloproteinases(SVMP),test,3
1740,1740,tr,E9JG68,E9JG68_ECHCO,Metalloproteinase,Echis coloratus,64175,2,Snake_Venom_Metalloproteinases(SVMP),train,3
1741,1741,tr,E9JG72,E9JG72_ECHCO,Metalloproteinase,Echis coloratus,64175,2,Snake_Venom_Metalloproteinases(SVMP),train,3
1742,1742,tr,E9JG73,E9JG73_ECHCO,Metalloproteinase,Echis coloratus,64175,2,Snake_Venom_Metalloproteinases(SVMP),train,3
1743,1743,tr,E9JG75,E9JG75_ECHCO,Metalloproteinase,Echis coloratus,64175,2,Snake_Venom_Metalloproteinases(SVMP),train,3
1744,1744,tr,E9JG81,E9JG81_ECHCO,Metalloproteinase,Echis coloratus,64175,2,Snake_Venom_Metalloproteinases(SVMP),val,3
1745,1745,tr,E9JG91,E9JG91_ECHCO,Metalloproteinase,Echis coloratus,64175,2,Snake_Venom_Metalloproteinases(SVMP),train,3
1746,1746,tr,E9JG97,E9JG97_ECHCO,Metalloproteinase,Echis coloratus,64175,2,Snake_Venom_Metalloproteinases(SVMP),train,3
1747,1747,tr,E9JG99,E9JG99_ECHCO,Metalloproteinase,Echis coloratus,64175,2,Snake_Venom_Metalloproteinases(SVMP),train,3
1748,1748,tr,E9JGA1,E9JGA1_ECHCO,Metalloproteinase (Fragment),Echis coloratus,64175,2,Snake_Venom_Metalloproteinases(SVMP),train,3
1749,1749,tr,E9JGA8,E9JGA8_ECHCO,Metalloproteinase (Fragment),Echis coloratus,64175,2,Snake_Venom_Metalloproteinases(SVMP),train,3
1750,1750,tr,E9JGB1,E9JGB1_ECHPL,Metalloproteinase (Fragment),Echis pyramidum leakeyi,38415,2,Snake_Venom_Metalloproteinases(SVMP),test,3
1751,1751,tr,E9JGB5,E9JGB5_ECHPL,Metalloproteinase (Fragment),Echis pyramidum leakeyi,38415,2,Snake_Venom_Metalloproteinases(SVMP),train,3
1752,1752,tr,E9JGB7,E9JGB7_ECHPL,Metalloproteinase,Echis pyramidum leakeyi,38415,2,Snake_Venom_Metalloproteinases(SVMP),train,3
1753,1753,tr,E9JGC9,E9JGC9_ECHPL,Metalloproteinase (Fragment),Echis pyramidum leakeyi,38415,2,Snake_Venom_Metalloproteinases(SVMP),train,3
1754,1754,tr,E9JGD8,E9JGD8_ECHCO,Metalloproteinase,Echis coloratus,64175,2,Snake_Venom_Metalloproteinases(SVMP),test,3
1755,1755,tr,E9JGE8,E9JGE8_ECHCO,Metalloproteinase,Echis coloratus,64175,2,Snake_Venom_Metalloproteinases(SVMP),val,3
1756,1756,tr,E9JGG2,E9JGG2_ECHCO,Metalloproteinase,Echis coloratus,64175,2,Snake_Venom_Metalloproteinases(SVMP),train,3
1757,1757,tr,E9JGH7,E9JGH7_ECHPL,Metalloproteinase,Echis pyramidum leakeyi,38415,2,Snake_Venom_Metalloproteinases(SVMP),val,3
1758,1758,tr,E9JGJ9,E9JGJ9_ECHPL,Metalloproteinase,Echis pyramidum leakeyi,38415,2,Snake_Venom_Metalloproteinases(SVMP),train,3
1759,1759,tr,A0A0K8RZ12,A0A0K8RZ12_CROHD,Metalloproteinase (Type II) 1,Crotalus horridus,35024,4,Snake_Venom_Metalloproteinases(SVMP),train,3
1760,1760,tr,A0A0K8RT96,A0A0K8RT96_CROHD,Metalloproteinase (Type II) 1,Crotalus horridus,35024,4,Snake_Venom_Metalloproteinases(SVMP),train,3
1761,1761,tr,A0A175KDT7,A0A175KDT7_9SAUR,Metalloproteinase (Fragment),Phalotris mertensi,1260334,4,Snake_Venom_Metalloproteinases(SVMP),test,3
1762,1762,tr,A0A182C6B2,A0A182C6B2_9SAUR,Metalloproteinase (Fragment),Phalotris mertensi,1260334,4,Snake_Venom_Metalloproteinases(SVMP),train,3
1763,1763,tr,A0A182C6B6,A0A182C6B6_9SAUR,Metalloproteinase,Phalotris mertensi,1260334,4,Snake_Venom_Metalloproteinases(SVMP),test,3
1764,1764,tr,A0A182C6C0,A0A182C6C0_9SAUR,Metalloproteinase (Fragment),Phalotris mertensi,1260334,4,Snake_Venom_Metalloproteinases(SVMP),train,3
1765,1765,tr,E9JG30,E9JG30_ECHCS,Metalloproteinase,Echis carinatus sochureki,124223,2,Snake_Venom_Metalloproteinases(SVMP),train,3
1766,1766,tr,E9JG34,E9JG34_ECHCS,Metalloproteinase,Echis carinatus sochureki,124223,2,Snake_Venom_Metalloproteinases(SVMP),train,3
1767,1767,tr,E9JG36,E9JG36_ECHCS,Metalloproteinase (Fragment),Echis carinatus sochureki,124223,2,Snake_Venom_Metalloproteinases(SVMP),train,3
1768,1768,tr,E9JG39,E9JG39_ECHCS,Metalloproteinase,Echis carinatus sochureki,124223,2,Snake_Venom_Metalloproteinases(SVMP),train,3
1769,1769,tr,E9JG40,E9JG40_ECHCS,Metalloproteinase (Fragment),Echis carinatus sochureki,124223,2,Snake_Venom_Metalloproteinases(SVMP),train,3
1770,1770,tr,E9JG42,E9JG42_ECHCS,Metalloproteinase (Fragment),Echis carinatus sochureki,124223,2,Snake_Venom_Metalloproteinases(SVMP),train,3
1771,1771,tr,E9JG44,E9JG44_ECHCS,Metalloproteinase (Fragment),Echis carinatus sochureki,124223,2,Snake_Venom_Metalloproteinases(SVMP),train,3
1772,1772,tr,E9JG62,E9JG62_ECHCO,Metalloproteinase,Echis coloratus,64175,2,Snake_Venom_Metalloproteinases(SVMP),train,3
1773,1773,tr,E9JG63,E9JG63_ECHCO,Metalloproteinase (Fragment),Echis coloratus,64175,2,Snake_Venom_Metalloproteinases(SVMP),train,3
1774,1774,tr,E9JG70,E9JG70_ECHCO,Metalloproteinase,Echis coloratus,64175,2,Snake_Venom_Metalloproteinases(SVMP),train,3
1775,1775,tr,E9JG74,E9JG74_ECHCO,Metalloproteinase,Echis coloratus,64175,2,Snake_Venom_Metalloproteinases(SVMP),val,3
1776,1776,tr,E9JG80,E9JG80_ECHCO,Metalloproteinase,Echis coloratus,64175,2,Snake_Venom_Metalloproteinases(SVMP),train,3
1777,1777,tr,E9JG85,E9JG85_ECHCO,Metalloproteinase,Echis coloratus,64175,2,Snake_Venom_Metalloproteinases(SVMP),train,3
1778,1778,tr,E9JG87,E9JG87_ECHCO,Metalloproteinase,Echis coloratus,64175,2,Snake_Venom_Metalloproteinases(SVMP),train,3
1779,1779,tr,E9JG89,E9JG89_ECHCO,Metalloproteinase (Fragment),Echis coloratus,64175,2,Snake_Venom_Metalloproteinases(SVMP),train,3
1780,1780,tr,E9JG94,E9JG94_ECHCO,Metalloproteinase,Echis coloratus,64175,2,Snake_Venom_Metalloproteinases(SVMP),train,3
1781,1781,tr,E9JG95,E9JG95_ECHCO,Metalloproteinase,Echis coloratus,64175,2,Snake_Venom_Metalloproteinases(SVMP),train,3
1782,1782,tr,E9JG98,E9JG98_ECHCO,Metalloproteinase,Echis coloratus,64175,2,Snake_Venom_Metalloproteinases(SVMP),train,3
1783,1783,tr,E9JGA3,E9JGA3_ECHCO,Metalloproteinase (Fragment),Echis coloratus,64175,2,Snake_Venom_Metalloproteinases(SVMP),train,3
1784,1784,tr,E9JGA6,E9JGA6_ECHCO,Metalloproteinase (Fragment),Echis coloratus,64175,2,Snake_Venom_Metalloproteinases(SVMP),train,3
1785,1785,tr,E9JGB6,E9JGB6_ECHPL,Metalloproteinase (Fragment),Echis pyramidum leakeyi,38415,2,Snake_Venom_Metalloproteinases(SVMP),train,3
1786,1786,tr,E9JGC1,E9JGC1_ECHPL,Metalloproteinase,Echis pyramidum leakeyi,38415,2,Snake_Venom_Metalloproteinases(SVMP),train,3
1787,1787,tr,E9JGC2,E9JGC2_ECHPL,Metalloproteinase (Fragment),Echis pyramidum leakeyi,38415,2,Snake_Venom_Metalloproteinases(SVMP),train,3
1788,1788,tr,E9JGC4,E9JGC4_ECHPL,Metalloproteinase (Fragment),Echis pyramidum leakeyi,38415,2,Snake_Venom_Metalloproteinases(SVMP),test,3
1789,1789,tr,E9JGC5,E9JGC5_ECHPL,Metalloproteinase (Fragment),Echis pyramidum leakeyi,38415,2,Snake_Venom_Metalloproteinases(SVMP),train,3
1790,1790,tr,E9JGF4,E9JGF4_ECHCO,Metalloproteinase,Echis coloratus,64175,2,Snake_Venom_Metalloproteinases(SVMP),train,3
1791,1791,tr,E9JGF6,E9JGF6_ECHCO,Metalloproteinase,Echis coloratus,64175,2,Snake_Venom_Metalloproteinases(SVMP),train,3
1792,1792,tr,E9JGG1,E9JGG1_ECHCO,Metalloproteinase,Echis coloratus,64175,2,Snake_Venom_Metalloproteinases(SVMP),train,3
1793,1793,tr,E9JGG3,E9JGG3_ECHCO,Metalloproteinase,Echis coloratus,64175,2,Snake_Venom_Metalloproteinases(SVMP),train,3
1794,1794,tr,E9JGI3,E9JGI3_ECHPL,Metalloproteinase,Echis pyramidum leakeyi,38415,2,Snake_Venom_Metalloproteinases(SVMP),train,3
1795,1795,tr,E9JGJ4,E9JGJ4_ECHPL,Metalloproteinase (Fragment),Echis pyramidum leakeyi,38415,2,Snake_Venom_Metalloproteinases(SVMP),train,3
1796,1796,tr,E9JGK1,E9JGK1_ECHPL,Metalloproteinase,Echis pyramidum leakeyi,38415,2,Snake_Venom_Metalloproteinases(SVMP),train,3
1797,1797,tr,E9JGK2,E9JGK2_ECHPL,Metalloproteinase,Echis pyramidum leakeyi,38415,2,Snake_Venom_Metalloproteinases(SVMP),train,3
1798,1798,tr,E9JGK4,E9JGK4_ECHPL,Metalloproteinase,Echis pyramidum leakeyi,38415,2,Snake_Venom_Metalloproteinases(SVMP),train,3
1799,1799,tr,Q2QA03,Q2QA03_CRODD,Metalloproteinase P-II,Crotalus durissus durissus,31150,2,Snake_Venom_Metalloproteinases(SVMP),train,3
1800,1800,tr,A0A182C5Q9,A0A182C5Q9_9SAUR,Metalloproteinase (Fragment),Phalotris mertensi,1260334,4,Snake_Venom_Metalloproteinases(SVMP),train,3
1801,1801,tr,A0A182C5R5,A0A182C5R5_9SAUR,Metalloproteinase,Phalotris mertensi,1260334,4,Snake_Venom_Metalloproteinases(SVMP),train,3
1802,1802,tr,E9JG29,E9JG29_ECHCS,Metalloproteinase,Echis carinatus sochureki,124223,2,Snake_Venom_Metalloproteinases(SVMP),train,3
1803,1803,tr,E9JG43,E9JG43_ECHCS,Metalloproteinase (Fragment),Echis carinatus sochureki,124223,2,Snake_Venom_Metalloproteinases(SVMP),train,3
1804,1804,tr,E9JG54,E9JG54_ECHCO,Metalloproteinase,Echis coloratus,64175,2,Snake_Venom_Metalloproteinases(SVMP),train,3
1805,1805,tr,E9JG58,E9JG58_ECHCO,Metalloproteinase (Fragment),Echis coloratus,64175,2,Snake_Venom_Metalloproteinases(SVMP),train,3
1806,1806,tr,E9JG60,E9JG60_ECHCO,Metalloproteinase,Echis coloratus,64175,2,Snake_Venom_Metalloproteinases(SVMP),test,3
1807,1807,tr,E9JG67,E9JG67_ECHCO,Metalloproteinase,Echis coloratus,64175,2,Snake_Venom_Metalloproteinases(SVMP),train,3
1808,1808,tr,E9JG78,E9JG78_ECHCO,Metalloproteinase,Echis coloratus,64175,2,Snake_Venom_Metalloproteinases(SVMP),train,3
1809,1809,tr,E9JG79,E9JG79_ECHCO,Metalloproteinase,Echis coloratus,64175,2,Snake_Venom_Metalloproteinases(SVMP),train,3
1810,1810,tr,E9JG86,E9JG86_ECHCO,Metalloproteinase,Echis coloratus,64175,2,Snake_Venom_Metalloproteinases(SVMP),val,3
1811,1811,tr,E9JG90,E9JG90_ECHCO,Metalloproteinase,Echis coloratus,64175,2,Snake_Venom_Metalloproteinases(SVMP),val,3
1812,1812,tr,E9JG92,E9JG92_ECHCO,Metalloproteinase,Echis coloratus,64175,2,Snake_Venom_Metalloproteinases(SVMP),train,3
1813,1813,tr,E9JG96,E9JG96_ECHCO,Metalloproteinase,Echis coloratus,64175,2,Snake_Venom_Metalloproteinases(SVMP),train,3
1814,1814,tr,E9JGA0,E9JGA0_ECHCO,Metalloproteinase,Echis coloratus,64175,2,Snake_Venom_Metalloproteinases(SVMP),val,3
1815,1815,tr,E9JGA2,E9JGA2_ECHCO,Metalloproteinase,Echis coloratus,64175,2,Snake_Venom_Metalloproteinases(SVMP),train,3
1816,1816,tr,E9JGB0,E9JGB0_ECHCO,Metalloproteinase (Fragment),Echis coloratus,64175,2,Snake_Venom_Metalloproteinases(SVMP),test,3
1817,1817,tr,E9JGC0,E9JGC0_ECHPL,Metalloproteinase,Echis pyramidum leakeyi,38415,2,Snake_Venom_Metalloproteinases(SVMP),train,3
1818,1818,tr,E9JGC7,E9JGC7_ECHPL,Metalloproteinase (Fragment),Echis pyramidum leakeyi,38415,2,Snake_Venom_Metalloproteinases(SVMP),train,3
1819,1819,tr,E9JGE1,E9JGE1_ECHCO,Metalloproteinase,Echis coloratus,64175,2,Snake_Venom_Metalloproteinases(SVMP),train,3
1820,1820,tr,E9JGE4,E9JGE4_ECHCO,Metalloproteinase,Echis coloratus,64175,2,Snake_Venom_Metalloproteinases(SVMP),train,3
1821,1821,tr,E9JGE6,E9JGE6_ECHCO,Metalloproteinase,Echis coloratus,64175,2,Snake_Venom_Metalloproteinases(SVMP),train,3
1822,1822,tr,E9JGF3,E9JGF3_ECHCO,Metalloproteinase,Echis coloratus,64175,2,Snake_Venom_Metalloproteinases(SVMP),train,3
1823,1823,tr,E9JGF5,E9JGF5_ECHCO,Metalloproteinase,Echis coloratus,64175,2,Snake_Venom_Metalloproteinases(SVMP),val,3
1824,1824,tr,E9JGF7,E9JGF7_ECHCO,Metalloproteinase,Echis coloratus,64175,2,Snake_Venom_Metalloproteinases(SVMP),train,3
1825,1825,tr,E9JGG5,E9JGG5_ECHCO,Metalloproteinase,Echis coloratus,64175,2,Snake_Venom_Metalloproteinases(SVMP),train,3
1826,1826,tr,E9JGG7,E9JGG7_ECHCS,Metalloproteinase (Fragment),Echis carinatus sochureki,124223,2,Snake_Venom_Metalloproteinases(SVMP),train,3
1827,1827,tr,E9JGI2,E9JGI2_ECHPL,Metalloproteinase,Echis pyramidum leakeyi,38415,2,Snake_Venom_Metalloproteinases(SVMP),train,3
1828,1828,tr,E9JGI8,E9JGI8_ECHPL,Metalloproteinase,Echis pyramidum leakeyi,38415,2,Snake_Venom_Metalloproteinases(SVMP),train,3
1829,1829,tr,E9JGJ1,E9JGJ1_ECHPL,Metalloproteinase,Echis pyramidum leakeyi,38415,2,Snake_Venom_Metalloproteinases(SVMP),train,3
1830,1830,tr,E9JGJ2,E9JGJ2_ECHPL,Metalloproteinase,Echis pyramidum leakeyi,38415,2,Snake_Venom_Metalloproteinases(SVMP),train,3
1831,1831,tr,E9JGK6,E9JGK6_ECHPL,Metalloproteinase,Echis pyramidum leakeyi,38415,2,Snake_Venom_Metalloproteinases(SVMP),train,3
1832,1832,tr,Q9PT49,Q9PT49_9SAUR,Metalloproteinase (Fragment),Atractaspis andersonii,8600,2,Snake_Venom_Metalloproteinases(SVMP),train,3
1833,1833,tr,B0VXU6,B0VXU6_SISCA,Metalloproteinase isoform 3,Sistrurus catenatus edwardsii,8762,2,Snake_Venom_Metalloproteinases(SVMP),train,3
1834,1834,tr,B0VXU9,B0VXU9_SISCA,Metalloproteinase isoform 7 (Fragment),Sistrurus catenatus edwardsii,8762,2,Snake_Venom_Metalloproteinases(SVMP),test,3
1835,1835,tr,B0VXU4,B0VXU4_SISCA,Metalloproteinase isoform 1,Sistrurus catenatus edwardsii,8762,2,Snake_Venom_Metalloproteinases(SVMP),train,3
1836,1836,tr,B0VXU5,B0VXU5_SISCA,Metalloproteinase isoform 2,Sistrurus catenatus edwardsii,8762,2,Snake_Venom_Metalloproteinases(SVMP),train,3
1837,1837,tr,A0A0K8RYV7,A0A0K8RYV7_CROHD,MAD-5,Crotalus horridus,35024,4,Snake_Venom_Metalloproteinases(SVMP),val,3
1838,1838,tr,A0A194ATS7,A0A194ATS7_SISMB,Metalloproteinase type II 6b,Sistrurus miliarius barbouri,8759,4,Snake_Venom_Metalloproteinases(SVMP),train,3
1839,1839,tr,A0A9F5MSP1,A0A9F5MSP1_PYTBI,LOW QUALITY PROTEIN: disintegrin and metalloproteinase domain-containing protein 20-like,Python bivittatus,176946,4,Snake_Venom_Metalloproteinases(SVMP),train,3
1840,1840,tr,A0A9F5J4G3,A0A9F5J4G3_PYTBI,Disintegrin and metalloproteinase domain-containing protein 17,Python bivittatus,176946,4,Snake_Venom_Metalloproteinases(SVMP),train,3
1841,1841,tr,A0A6J1UQZ0,A0A6J1UQZ0_9SAUR,Disintegrin and metalloproteinase domain-containing protein 17,Notechis scutatus,8663,4,Snake_Venom_Metalloproteinases(SVMP),train,3
1842,1842,tr,A0A098M208,A0A098M208_9SAUR,Metalloproteinase (Type III) 9a,Hypsiglena sp. JMG-2014,1550645,4,Snake_Venom_Metalloproteinases(SVMP),train,3
1843,1843,tr,A0A0B8RV81,A0A0B8RV81_9SAUR,Metalloproteinase (Type III) 3b,Philothamnus irregularis,1899461,4,Snake_Venom_Metalloproteinases(SVMP),train,3
1844,1844,tr,A0A0K8S030,A0A0K8S030_CROHD,Metalloproteinase (Type II) 4a,Crotalus horridus,35024,4,Snake_Venom_Metalloproteinases(SVMP),test,3
1845,1845,tr,A0A194ARR8,A0A194ARR8_SISTE,Metalloproteinase type III 1a,Sistrurus tergeminus,8757,4,Snake_Venom_Metalloproteinases(SVMP),train,3
1846,1846,tr,A0A194ARL0,A0A194ARL0_SISTE,Metalloproteinase type III 10d,Sistrurus tergeminus,8757,4,Snake_Venom_Metalloproteinases(SVMP),train,3
1847,1847,tr,A0A1B3LEZ8,A0A1B3LEZ8_BOTLA,Metalloproteinase PIIb,Bothriechis lateralis,44727,2,Snake_Venom_Metalloproteinases(SVMP),test,3
1848,1848,tr,A0A346CM03,A0A346CM03_9SAUR,Metalloproteinase 18 (Fragment),Ahaetulla prasina,499056,2,Snake_Venom_Metalloproteinases(SVMP),train,3
1849,1849,tr,A0A346CM04,A0A346CM04_9SAUR,Metalloproteinase 33 (Fragment),Ahaetulla prasina,499056,2,Snake_Venom_Metalloproteinases(SVMP),train,3
1850,1850,tr,A0A346CM10,A0A346CM10_9SAUR,Metalloproteinase 8 (Fragment),Ahaetulla prasina,499056,2,Snake_Venom_Metalloproteinases(SVMP),test,3
1851,1851,tr,A0A346CM18,A0A346CM18_9SAUR,Metalloproteinase 39 (Fragment),Ahaetulla prasina,499056,2,Snake_Venom_Metalloproteinases(SVMP),train,3
1852,1852,tr,A0A346CM21,A0A346CM21_9SAUR,Metalloproteinase 5 (Fragment),Ahaetulla prasina,499056,2,Snake_Venom_Metalloproteinases(SVMP),val,3
1853,1853,tr,A0A346CM26,A0A346CM26_9SAUR,Metalloproteinase 6 (Fragment),Ahaetulla prasina,499056,2,Snake_Venom_Metalloproteinases(SVMP),train,3
1854,1854,tr,A0A346CM32,A0A346CM32_9SAUR,Metalloproteinase 22 (Fragment),Ahaetulla prasina,499056,2,Snake_Venom_Metalloproteinases(SVMP),train,3
1855,1855,tr,A0A346CM36,A0A346CM36_9SAUR,Metalloproteinase 31 (Fragment),Ahaetulla prasina,499056,2,Snake_Venom_Metalloproteinases(SVMP),train,3
1856,1856,tr,A0A346CM40,A0A346CM40_9SAUR,Metalloproteinase 23 (Fragment),Ahaetulla prasina,499056,2,Snake_Venom_Metalloproteinases(SVMP),train,3
1857,1857,tr,A0A346CM42,A0A346CM42_9SAUR,Metalloproteinase 12 (Fragment),Ahaetulla prasina,499056,2,Snake_Venom_Metalloproteinases(SVMP),train,3
1858,1858,tr,A0A346CM12,A0A346CM12_9SAUR,Metalloproteinase 10 (Fragment),Ahaetulla prasina,499056,2,Snake_Venom_Metalloproteinases(SVMP),train,3
1859,1859,tr,A0A346CM13,A0A346CM13_9SAUR,Metalloproteinase 32 (Fragment),Ahaetulla prasina,499056,2,Snake_Venom_Metalloproteinases(SVMP),train,3
1860,1860,tr,A0A346CM17,A0A346CM17_9SAUR,Metalloproteinase 13 (Fragment),Ahaetulla prasina,499056,2,Snake_Venom_Metalloproteinases(SVMP),train,3
1861,1861,tr,A0A346CM29,A0A346CM29_9SAUR,Metalloproteinase 24 (Fragment),Ahaetulla prasina,499056,2,Snake_Venom_Metalloproteinases(SVMP),train,3
1862,1862,tr,A0A346CM31,A0A346CM31_9SAUR,Metalloproteinase 2 (Fragment),Ahaetulla prasina,499056,2,Snake_Venom_Metalloproteinases(SVMP),train,3
1863,1863,tr,A0A346CM37,A0A346CM37_9SAUR,Metalloproteinase 4 (Fragment),Ahaetulla prasina,499056,2,Snake_Venom_Metalloproteinases(SVMP),train,3
1864,1864,tr,A0A346CM09,A0A346CM09_9SAUR,Metalloproteinase 20 (Fragment),Ahaetulla prasina,499056,2,Snake_Venom_Metalloproteinases(SVMP),train,3
1865,1865,tr,A0A346CM11,A0A346CM11_9SAUR,Metalloproteinase 34 (Fragment),Ahaetulla prasina,499056,2,Snake_Venom_Metalloproteinases(SVMP),train,3
1866,1866,tr,A0A346CM14,A0A346CM14_9SAUR,Metalloproteinase 3 (Fragment),Ahaetulla prasina,499056,2,Snake_Venom_Metalloproteinases(SVMP),train,3
1867,1867,tr,A0A346CM20,A0A346CM20_9SAUR,Metalloproteinase 16 (Fragment),Ahaetulla prasina,499056,2,Snake_Venom_Metalloproteinases(SVMP),train,3
1868,1868,tr,A0A346CM23,A0A346CM23_9SAUR,Metalloproteinase 36 (Fragment),Ahaetulla prasina,499056,2,Snake_Venom_Metalloproteinases(SVMP),val,3
1869,1869,tr,A0A346CM28,A0A346CM28_9SAUR,Metalloproteinase 21 (Fragment),Ahaetulla prasina,499056,2,Snake_Venom_Metalloproteinases(SVMP),train,3
1870,1870,tr,A0A346CM34,A0A346CM34_9SAUR,Metalloproteinase 26 (Fragment),Ahaetulla prasina,499056,2,Snake_Venom_Metalloproteinases(SVMP),train,3
1871,1871,tr,A0A346CM35,A0A346CM35_9SAUR,Metalloproteinase 19 (Fragment),Ahaetulla prasina,499056,2,Snake_Venom_Metalloproteinases(SVMP),train,3
1872,1872,tr,A0A346CM07,A0A346CM07_9SAUR,Metalloproteinase 15 (Fragment),Ahaetulla prasina,499056,2,Snake_Venom_Metalloproteinases(SVMP),test,3
1873,1873,tr,A0A346CM19,A0A346CM19_9SAUR,Metalloproteinase 25 (Fragment),Ahaetulla prasina,499056,2,Snake_Venom_Metalloproteinases(SVMP),train,3
1874,1874,tr,A0A346CM24,A0A346CM24_9SAUR,Metalloproteinase 14 (Fragment),Ahaetulla prasina,499056,2,Snake_Venom_Metalloproteinases(SVMP),train,3
1875,1875,tr,A0A346CM27,A0A346CM27_9SAUR,Metalloproteinase 35 (Fragment),Ahaetulla prasina,499056,2,Snake_Venom_Metalloproteinases(SVMP),val,3
1876,1876,tr,A0A346CM38,A0A346CM38_9SAUR,Metalloproteinase 30 (Fragment),Ahaetulla prasina,499056,2,Snake_Venom_Metalloproteinases(SVMP),test,3
1877,1877,tr,A0A346CM41,A0A346CM41_9SAUR,Metalloproteinase 37 (Fragment),Ahaetulla prasina,499056,2,Snake_Venom_Metalloproteinases(SVMP),test,3
1878,1878,tr,A0A8C5RIM3,A0A8C5RIM3_LATLA,Disintegrin and metalloproteinase domain-containing protein 15,Laticauda laticaudata,8630,4,Snake_Venom_Metalloproteinases(SVMP),train,3
1879,1879,tr,A0A346CLZ9,A0A346CLZ9_9SAUR,Metalloproteinase 1 (Fragment),Ahaetulla prasina,499056,2,Snake_Venom_Metalloproteinases(SVMP),val,3
1880,1880,tr,A0A346CM02,A0A346CM02_9SAUR,Metalloproteinase 7 (Fragment),Ahaetulla prasina,499056,2,Snake_Venom_Metalloproteinases(SVMP),val,3
1881,1881,tr,A0A346CM06,A0A346CM06_9SAUR,Metalloproteinase 28 (Fragment),Ahaetulla prasina,499056,2,Snake_Venom_Metalloproteinases(SVMP),train,3
1882,1882,tr,A0A346CM16,A0A346CM16_9SAUR,Metalloproteinase 29 (Fragment),Ahaetulla prasina,499056,2,Snake_Venom_Metalloproteinases(SVMP),test,3
1883,1883,tr,A0A346CM22,A0A346CM22_9SAUR,Metalloproteinase 9 (Fragment),Ahaetulla prasina,499056,2,Snake_Venom_Metalloproteinases(SVMP),train,3
1884,1884,tr,A0A346CM33,A0A346CM33_9SAUR,Metalloproteinase 27 (Fragment),Ahaetulla prasina,499056,2,Snake_Venom_Metalloproteinases(SVMP),train,3
1885,1885,tr,A0A346CM39,A0A346CM39_9SAUR,Metalloproteinase 38 (Fragment),Ahaetulla prasina,499056,2,Snake_Venom_Metalloproteinases(SVMP),test,3
1886,1886,tr,A0A346CM43,A0A346CM43_9SAUR,Metalloproteinase 11 (Fragment),Ahaetulla prasina,499056,2,Snake_Venom_Metalloproteinases(SVMP),train,3
1887,1887,tr,A0A346CM44,A0A346CM44_9SAUR,Metalloproteinase 17 (Fragment),Ahaetulla prasina,499056,2,Snake_Venom_Metalloproteinases(SVMP),test,3
1888,1888,tr,T1E3X9,T1E3X9_CROHD,Metalloproteinase (Type III) 1,Crotalus horridus,35024,2,Snake_Venom_Metalloproteinases(SVMP),train,3
1889,1889,tr,A0A098M146,A0A098M146_9SAUR,Metalloproteinase (Type III) 1,Hypsiglena sp. JMG-2014,1550645,4,Snake_Venom_Metalloproteinases(SVMP),train,3
1890,1890,tr,A0A098M152,A0A098M152_9SAUR,Metalloproteinase (Type III) 4,Hypsiglena sp. JMG-2014,1550645,4,Snake_Venom_Metalloproteinases(SVMP),train,3
1891,1891,tr,A0A098M153,A0A098M153_9SAUR,Metalloproteinase (Type III) 13a,Hypsiglena sp. JMG-2014,1550645,4,Snake_Venom_Metalloproteinases(SVMP),train,3
1892,1892,tr,A0A098M218,A0A098M218_9SAUR,Metalloproteinase (Type III) 3a,Hypsiglena sp. JMG-2014,1550645,4,Snake_Venom_Metalloproteinases(SVMP),train,3
1893,1893,tr,A0A098M220,A0A098M220_9SAUR,Metalloproteinase (Type III) 3c,Hypsiglena sp. JMG-2014,1550645,4,Snake_Venom_Metalloproteinases(SVMP),train,3
1894,1894,tr,A0A098M222,A0A098M222_9SAUR,Metalloproteinase (Type III) 12a,Hypsiglena sp. JMG-2014,1550645,4,Snake_Venom_Metalloproteinases(SVMP),train,3
1895,1895,tr,A0A0K8S025,A0A0K8S025_CROHD,Metalloproteinase (Type III) 2a,Crotalus horridus,35024,4,Snake_Venom_Metalloproteinases(SVMP),test,3
1896,1896,tr,A0A194ARK1,A0A194ARK1_SISTE,Metalloproteinase type III 1b,Sistrurus tergeminus,8757,4,Snake_Venom_Metalloproteinases(SVMP),train,3
1897,1897,tr,A0A098M224,A0A098M224_9SAUR,Metalloproteinase (Type III) 11c,Hypsiglena sp. JMG-2014,1550645,4,Snake_Venom_Metalloproteinases(SVMP),train,3
1898,1898,tr,A0A0B8RRY8,A0A0B8RRY8_9SAUR,Metalloproteinase (Type III) 3d,Philothamnus irregularis,1899461,4,Snake_Venom_Metalloproteinases(SVMP),train,3
1899,1899,tr,A0A0B8RV98,A0A0B8RV98_CROHD,Metalloproteinase (Type III) 5a,Crotalus horridus,35024,4,Snake_Venom_Metalloproteinases(SVMP),train,3
1900,1900,tr,A0A0K8RYQ1,A0A0K8RYQ1_CROHD,Metalloproteinase (Type III) 4a,Crotalus horridus,35024,4,Snake_Venom_Metalloproteinases(SVMP),train,3
1901,1901,tr,A0A194ATH5,A0A194ATH5_SISTE,Metalloproteinase type III 4a,Sistrurus tergeminus,8757,4,Snake_Venom_Metalloproteinases(SVMP),train,3
1902,1902,tr,J3SDW5,J3SDW5_CROAD,Metalloproteinase (Type III) 1a,Crotalus adamanteus,8729,2,Snake_Venom_Metalloproteinases(SVMP),train,3
1903,1903,tr,A0A098M142,A0A098M142_9SAUR,Metalloproteinase (Type III) 3d,Hypsiglena sp. JMG-2014,1550645,4,Snake_Venom_Metalloproteinases(SVMP),train,3
1904,1904,tr,A0A098M147,A0A098M147_9SAUR,Metalloproteinase (Type III) 7a,Hypsiglena sp. JMG-2014,1550645,4,Snake_Venom_Metalloproteinases(SVMP),val,3
1905,1905,tr,A0A098M212,A0A098M212_9SAUR,Metalloproteinase (Type III) 7b,Hypsiglena sp. JMG-2014,1550645,4,Snake_Venom_Metalloproteinases(SVMP),test,3
1906,1906,tr,A0A098M214,A0A098M214_9SAUR,Metalloproteinase (Type III) 6a,Hypsiglena sp. JMG-2014,1550645,4,Snake_Venom_Metalloproteinases(SVMP),train,3
1907,1907,tr,A0A098M216,A0A098M216_9SAUR,Metalloproteinase (Type III) 6b,Hypsiglena sp. JMG-2014,1550645,4,Snake_Venom_Metalloproteinases(SVMP),val,3
1908,1908,tr,A0A0B8RZW0,A0A0B8RZW0_9SAUR,Metalloproteinase (Type III) 4a,Philothamnus irregularis,1899461,4,Snake_Venom_Metalloproteinases(SVMP),train,3
1909,1909,tr,A0A0K8RYQ3,A0A0K8RYQ3_CROHD,Metalloproteinase (Type III) 1,Crotalus horridus,35024,4,Snake_Venom_Metalloproteinases(SVMP),test,3
1910,1910,tr,A0A0K8RYR0,A0A0K8RYR0_CROHD,Metalloproteinase (Type III) 3b,Crotalus horridus,35024,4,Snake_Venom_Metalloproteinases(SVMP),train,3
1911,1911,tr,A0A0K8RYU3,A0A0K8RYU3_CROHD,Metalloproteinase (Type III) 5b,Crotalus horridus,35024,4,Snake_Venom_Metalloproteinases(SVMP),train,3
1912,1912,tr,A0A194ARK5,A0A194ARK5_SISTE,Metalloproteinase type III 11a,Sistrurus tergeminus,8757,4,Snake_Venom_Metalloproteinases(SVMP),train,3
1913,1913,tr,A0A098M157,A0A098M157_9SAUR,Metalloproteinase (Type III) 11a,Hypsiglena sp. JMG-2014,1550645,4,Snake_Venom_Metalloproteinases(SVMP),train,3
1914,1914,tr,A0A098M215,A0A098M215_9SAUR,Metalloproteinase (Type III) 5,Hypsiglena sp. JMG-2014,1550645,4,Snake_Venom_Metalloproteinases(SVMP),train,3
1915,1915,tr,A0A0B8RRZ1,A0A0B8RRZ1_9SAUR,Metalloproteinase (Type III) 2a,Philothamnus irregularis,1899461,4,Snake_Venom_Metalloproteinases(SVMP),train,3
1916,1916,tr,A0A0B8RSV9,A0A0B8RSV9_9SAUR,Metalloproteinase (Type III) 1,Philothamnus irregularis,1899461,4,Snake_Venom_Metalloproteinases(SVMP),train,3
1917,1917,tr,A0A0B8RZW1,A0A0B8RZW1_9SAUR,Metalloproteinase (Type III) 2b,Philothamnus irregularis,1899461,4,Snake_Venom_Metalloproteinases(SVMP),train,3
1918,1918,tr,A0A0K8RYU7,A0A0K8RYU7_CROHD,Metalloproteinase (Type III) 3a,Crotalus horridus,35024,4,Snake_Venom_Metalloproteinases(SVMP),val,3
1919,1919,tr,A0A0K8RZ04,A0A0K8RZ04_CROHD,Metalloproteinase (Type III) 2b,Crotalus horridus,35024,4,Snake_Venom_Metalloproteinases(SVMP),train,3
1920,1920,tr,A0A098M137,A0A098M137_9SAUR,Metalloproteinase (Type III) 6c,Hypsiglena sp. JMG-2014,1550645,4,Snake_Venom_Metalloproteinases(SVMP),train,3
1921,1921,tr,A0A098M161,A0A098M161_9SAUR,Metalloproteinase (Type III) 13b,Hypsiglena sp. JMG-2014,1550645,4,Snake_Venom_Metalloproteinases(SVMP),test,3
1922,1922,tr,A0A098M217,A0A098M217_9SAUR,Metalloproteinase (Type III) 3b,Hypsiglena sp. JMG-2014,1550645,4,Snake_Venom_Metalloproteinases(SVMP),train,3
1923,1923,tr,A0A098M226,A0A098M226_9SAUR,Metalloproteinase (Type III) 12b,Hypsiglena sp. JMG-2014,1550645,4,Snake_Venom_Metalloproteinases(SVMP),train,3
1924,1924,tr,A0A0B8RYU4,A0A0B8RYU4_9SAUR,Metalloproteinase (Type III) 3a,Philothamnus irregularis,1899461,4,Snake_Venom_Metalloproteinases(SVMP),train,3
1925,1925,tr,A0A0K8RYV2,A0A0K8RYV2_CROHD,Metalloproteinase (Type II) 4c,Crotalus horridus,35024,4,Snake_Venom_Metalloproteinases(SVMP),train,3
1926,1926,tr,A0A0K8RZ08,A0A0K8RZ08_CROHD,Metalloproteinase (Type II) 4b,Crotalus horridus,35024,4,Snake_Venom_Metalloproteinases(SVMP),train,3
1927,1927,tr,J3S940,J3S940_CROAD,Metalloproteinase inhibitor 1,Crotalus adamanteus,8729,2,Snake_Venom_Metalloproteinases(SVMP),val,3
1928,1928,tr,A0A194APQ8,A0A194APQ8_SISTE,Metalloproteinase type II 3,Sistrurus tergeminus,8757,4,Snake_Venom_Metalloproteinases(SVMP),train,3
1929,1929,tr,A0A194AQ32,A0A194AQ32_SISMB,Metalloproteinase type II 5d,Sistrurus miliarius barbouri,8759,4,Snake_Venom_Metalloproteinases(SVMP),train,3
1930,1930,tr,A0A194ASL2,A0A194ASL2_SISTE,Metalloproteinase type II 4,Sistrurus tergeminus,8757,4,Snake_Venom_Metalloproteinases(SVMP),train,3
1931,1931,tr,A0A1W7RJX8,A0A1W7RJX8_AGKCO,Metalloproteinase (Type II) 1,Agkistrodon contortrix contortrix,8713,4,Snake_Venom_Metalloproteinases(SVMP),train,3
1932,1932,tr,A0A194AMD8,A0A194AMD8_9SAUR,Metalloproteinase type II 6a,Agkistrodon piscivorus,8715,4,Snake_Venom_Metalloproteinases(SVMP),train,3
1933,1933,tr,A0A194AS52,A0A194AS52_SISMB,Metalloproteinase type II 5a,Sistrurus miliarius barbouri,8759,4,Snake_Venom_Metalloproteinases(SVMP),val,3
1934,1934,tr,A0A194ASW3,A0A194ASW3_SISMB,Metalloproteinase type II 6a,Sistrurus miliarius barbouri,8759,4,Snake_Venom_Metalloproteinases(SVMP),val,3
1935,1935,tr,A0A194AQG9,A0A194AQG9_9SAUR,Metalloproteinase type II 6b,Agkistrodon piscivorus,8715,4,Snake_Venom_Metalloproteinases(SVMP),train,3
1936,1936,tr,A0A194ARL9,A0A194ARL9_SISTE,Metalloproteinase type II 2,Sistrurus tergeminus,8757,4,Snake_Venom_Metalloproteinases(SVMP),test,3
1937,1937,tr,A0A194ARY4,A0A194ARY4_SISMB,Metalloproteinase type II 5c,Sistrurus miliarius barbouri,8759,4,Snake_Venom_Metalloproteinases(SVMP),val,3
1938,1938,tr,A0A194ATS8,A0A194ATS8_SISMB,Metalloproteinase type II 5b,Sistrurus miliarius barbouri,8759,4,Snake_Venom_Metalloproteinases(SVMP),val,3
1939,1939,tr,A0A1W7RCY5,A0A1W7RCY5_AGKCO,Metalloproteinase (Type II) 6a,Agkistrodon contortrix contortrix,8713,4,Snake_Venom_Metalloproteinases(SVMP),train,3
1940,1940,tr,A0A194AS61,A0A194AS61_SISMB,Metalloproteinase type II 1,Sistrurus miliarius barbouri,8759,4,Snake_Venom_Metalloproteinases(SVMP),train,3
1941,1941,tr,A0A1W7RJZ0,A0A1W7RJZ0_AGKCO,Metalloproteinase (Type II) 4,Agkistrodon contortrix contortrix,8713,4,Snake_Venom_Metalloproteinases(SVMP),train,3
1942,1942,tr,A0A646QCC7,A0A646QCC7_9SAUR,Metalloproteinase type III,Thelotornis mossambicanus,1328036,4,Snake_Venom_Metalloproteinases(SVMP),train,3
1943,1943,tr,A0A646QBX3,A0A646QBX3_9SAUR,Metalloproteinase type III,Thelotornis mossambicanus,1328036,4,Snake_Venom_Metalloproteinases(SVMP),val,3
1944,1944,tr,Q1ZZ79,Q1ZZ79_CRODD,Metalloproteinase P-I,Crotalus durissus durissus,31150,2,Snake_Venom_Metalloproteinases(SVMP),train,3
1945,1945,tr,A0A646QF25,A0A646QF25_9SAUR,Metalloproteinase type III,Thelotornis mossambicanus,1328036,4,Snake_Venom_Metalloproteinases(SVMP),train,3
1946,1946,tr,A0A646QH65,A0A646QH65_9SAUR,Metalloproteinase type III,Thelotornis mossambicanus,1328036,4,Snake_Venom_Metalloproteinases(SVMP),train,3
1947,1947,tr,A0A346CIB8,A0A346CIB8_SPISL,Metalloproteinase (Fragment),Spilotes sulphureus,1899469,2,Snake_Venom_Metalloproteinases(SVMP),train,3
1948,1948,tr,E9JGD4,E9JGD4_ECHCO,Metalloproteinase,Echis coloratus,64175,2,Snake_Venom_Metalloproteinases(SVMP),test,3
1949,1949,tr,E9JGD3,E9JGD3_ECHCO,Metalloproteinase,Echis coloratus,64175,2,Snake_Venom_Metalloproteinases(SVMP),train,3
1950,1950,tr,A0A182C5P2,A0A182C5P2_9SAUR,Metalloproteinase,Phalotris mertensi,1260334,4,Snake_Venom_Metalloproteinases(SVMP),val,3
1951,1951,tr,A0A182C5V7,A0A182C5V7_9SAUR,Metalloproteinase,Phalotris mertensi,1260334,4,Snake_Venom_Metalloproteinases(SVMP),train,3
1952,1952,tr,E9JGD2,E9JGD2_ECHCO,Metalloproteinase,Echis coloratus,64175,2,Snake_Venom_Metalloproteinases(SVMP),train,3
1953,1953,tr,E9JGD5,E9JGD5_ECHCO,Metalloproteinase,Echis coloratus,64175,2,Snake_Venom_Metalloproteinases(SVMP),train,3
1954,1954,tr,E9JGD6,E9JGD6_ECHCO,Metalloproteinase,Echis coloratus,64175,2,Snake_Venom_Metalloproteinases(SVMP),train,3
1955,1955,tr,Q9PT47,Q9PT47_9SAUR,Metalloproteinase (Fragment),Atractaspis andersonii,8600,2,Snake_Venom_Metalloproteinases(SVMP),train,3
1956,1956,tr,Q9PT48,Q9PT48_ATREN,Metalloproteinase,Atractaspis engaddensis,1343144,2,Snake_Venom_Metalloproteinases(SVMP),train,3
1957,1957,tr,A0A0K8S022,A0A0K8S022_CROHD,MDC-4,Crotalus horridus,35024,4,Snake_Venom_Metalloproteinases(SVMP),train,3
1958,1958,tr,A0A182C5R3,A0A182C5R3_9SAUR,Metalloproteinase,Phalotris mertensi,1260334,4,Snake_Venom_Metalloproteinases(SVMP),train,3
1959,1959,tr,A0A2D4HNF7,A0A2D4HNF7_MICLE,72 kDa type IV collagenase,Micrurus lemniscatus lemniscatus,129467,3,Snake_Venom_Metalloproteinases(SVMP),train,3
1960,1960,tr,A0A098M225,A0A098M225_9SAUR,Metalloproteinase (Type III) 10a,Hypsiglena sp. JMG-2014,1550645,4,Snake_Venom_Metalloproteinases(SVMP),val,3
1961,1961,tr,A0A098LX17,A0A098LX17_PANGU,Snake venom metalloproteinase (Fragment),Pantherophis guttatus,94885,2,Snake_Venom_Metalloproteinases(SVMP),train,3
1962,1962,tr,A0A194AMC5,A0A194AMC5_9SAUR,Metalloproteinase type III 5b,Agkistrodon piscivorus,8715,4,Snake_Venom_Metalloproteinases(SVMP),train,3
1963,1963,tr,A0A194AME3,A0A194AME3_9SAUR,Metalloproteinase type II 2,Agkistrodon piscivorus,8715,4,Snake_Venom_Metalloproteinases(SVMP),train,3
1964,1964,tr,A0A194APE3,A0A194APE3_9SAUR,Metalloproteinase type III 9a,Agkistrodon piscivorus,8715,4,Snake_Venom_Metalloproteinases(SVMP),train,3
1965,1965,tr,A0A194APF6,A0A194APF6_9SAUR,Metalloproteinase type III 10,Agkistrodon piscivorus,8715,4,Snake_Venom_Metalloproteinases(SVMP),train,3
1966,1966,tr,A0A194APG1,A0A194APG1_9SAUR,Metalloproteinase type II 5,Agkistrodon piscivorus,8715,4,Snake_Venom_Metalloproteinases(SVMP),train,3
1967,1967,tr,A0A194APG6,A0A194APG6_9SAUR,Metalloproteinase type II 1,Agkistrodon piscivorus,8715,4,Snake_Venom_Metalloproteinases(SVMP),train,3
1968,1968,tr,A0A194APN6,A0A194APN6_9SAUR,Metalloproteinase type III 3,Agkistrodon piscivorus,8715,4,Snake_Venom_Metalloproteinases(SVMP),train,3
1969,1969,tr,A0A194APP8,A0A194APP8_SISTE,Metalloproteinase type III 10b,Sistrurus tergeminus,8757,4,Snake_Venom_Metalloproteinases(SVMP),train,3
1970,1970,tr,A0A194AQ18,A0A194AQ18_SISMB,Metalloproteinase type III 6a,Sistrurus miliarius barbouri,8759,4,Snake_Venom_Metalloproteinases(SVMP),train,3
1971,1971,tr,A0A194AQH4,A0A194AQH4_9SAUR,Metalloproteinase type II 3a,Agkistrodon piscivorus,8715,4,Snake_Venom_Metalloproteinases(SVMP),train,3
1972,1972,tr,A0A194ARK7,A0A194ARK7_9SAUR,Metalloproteinase type III 8,Agkistrodon piscivorus,8715,4,Snake_Venom_Metalloproteinases(SVMP),train,3
1973,1973,tr,A0A194ARQ4,A0A194ARQ4_SISTE,Metalloproteinase type III 8a,Sistrurus tergeminus,8757,4,Snake_Venom_Metalloproteinases(SVMP),test,3
1974,1974,tr,A0A194ARX5,A0A194ARX5_SISMB,Metalloproteinase type III 3b,Sistrurus miliarius barbouri,8759,4,Snake_Venom_Metalloproteinases(SVMP),train,3
1975,1975,tr,A0A194ASJ6,A0A194ASJ6_SISTE,Metalloproteinase type III 3a,Sistrurus tergeminus,8757,4,Snake_Venom_Metalloproteinases(SVMP),train,3
1976,1976,tr,A0A194ASV3,A0A194ASV3_SISMB,Metalloproteinase type III 6b,Sistrurus miliarius barbouri,8759,4,Snake_Venom_Metalloproteinases(SVMP),train,3
1977,1977,tr,A0A194ATG8,A0A194ATG8_SISTE,Metalloproteinase type III 8b,Sistrurus tergeminus,8757,4,Snake_Venom_Metalloproteinases(SVMP),train,3
1978,1978,tr,A0A1W7RJW7,A0A1W7RJW7_AGKCO,Metalloproteinase (Type III) 7,Agkistrodon contortrix contortrix,8713,4,Snake_Venom_Metalloproteinases(SVMP),train,3
1979,1979,tr,A0A1W7RJY5,A0A1W7RJY5_AGKCO,Metalloproteinase (Type III) 1,Agkistrodon contortrix contortrix,8713,4,Snake_Venom_Metalloproteinases(SVMP),test,3
1980,1980,tr,A0A1W7RJY8,A0A1W7RJY8_AGKCO,Metalloproteinase (Type II) 2,Agkistrodon contortrix contortrix,8713,4,Snake_Venom_Metalloproteinases(SVMP),train,3
1981,1981,tr,A0A194APE7,A0A194APE7_9SAUR,Metalloproteinase type III 5a,Agkistrodon piscivorus,8715,4,Snake_Venom_Metalloproteinases(SVMP),train,3
1982,1982,tr,A0A194APM5,A0A194APM5_SISTE,Metalloproteinase type III 9b,Sistrurus tergeminus,8757,4,Snake_Venom_Metalloproteinases(SVMP),train,3
1983,1983,tr,A0A194APP0,A0A194APP0_9SAUR,Metalloproteinase type III 12b,Agkistrodon piscivorus,8715,4,Snake_Venom_Metalloproteinases(SVMP),val,3
1984,1984,tr,A0A194AQ23,A0A194AQ23_SISMB,Metalloproteinase type III 3c,Sistrurus miliarius barbouri,8759,4,Snake_Venom_Metalloproteinases(SVMP),train,3
1985,1985,tr,A0A194AQF5,A0A194AQF5_9SAUR,Metalloproteinase type III 6,Agkistrodon piscivorus,8715,4,Snake_Venom_Metalloproteinases(SVMP),train,3
1986,1986,tr,A0A194ARJ1,A0A194ARJ1_SISTE,Metalloproteinase type III 6b,Sistrurus tergeminus,8757,4,Snake_Venom_Metalloproteinases(SVMP),val,3
1987,1987,tr,A0A194ARL2,A0A194ARL2_9SAUR,Metalloproteinase type III 4,Agkistrodon piscivorus,8715,4,Snake_Venom_Metalloproteinases(SVMP),train,3
1988,1988,tr,A0A194ARM1,A0A194ARM1_9SAUR,Metalloproteinase type II 7b,Agkistrodon piscivorus,8715,4,Snake_Venom_Metalloproteinases(SVMP),train,3
1989,1989,tr,A0A194ARM6,A0A194ARM6_9SAUR,Metalloproteinase type II 4,Agkistrodon piscivorus,8715,4,Snake_Venom_Metalloproteinases(SVMP),train,3
1990,1990,tr,A0A194ARQ8,A0A194ARQ8_SISTE,Metalloproteinase type III 5b,Sistrurus tergeminus,8757,4,Snake_Venom_Metalloproteinases(SVMP),train,3
1991,1991,tr,A0A194AS31,A0A194AS31_SISMB,Metalloproteinase type III 9b,Sistrurus miliarius barbouri,8759,4,Snake_Venom_Metalloproteinases(SVMP),train,3
1992,1992,tr,A0A194AS40,A0A194AS40_SISMB,Metalloproteinase type III 4b,Sistrurus miliarius barbouri,8759,4,Snake_Venom_Metalloproteinases(SVMP),train,3
1993,1993,tr,A0A194AS44,A0A194AS44_SISMB,Metalloproteinase type III 2,Sistrurus miliarius barbouri,8759,4,Snake_Venom_Metalloproteinases(SVMP),train,3
1994,1994,tr,A0A194ASI8,A0A194ASI8_SISTE,Metalloproteinase type III 7,Sistrurus tergeminus,8757,4,Snake_Venom_Metalloproteinases(SVMP),train,3
1995,1995,tr,A0A194ASU8,A0A194ASU8_SISMB,Metalloproteinase type III 9a,Sistrurus miliarius barbouri,8759,4,Snake_Venom_Metalloproteinases(SVMP),train,3
1996,1996,tr,A0A194ASV7,A0A194ASV7_SISMB,Metalloproteinase type III 4a,Sistrurus miliarius barbouri,8759,4,Snake_Venom_Metalloproteinases(SVMP),train,3
1997,1997,tr,A0A194ATR8,A0A194ATR8_SISMB,Metalloproteinase type III 9c,Sistrurus miliarius barbouri,8759,4,Snake_Venom_Metalloproteinases(SVMP),train,3
1998,1998,tr,A0A194ATS1,A0A194ATS1_SISMB,Metalloproteinase type III 7b,Sistrurus miliarius barbouri,8759,4,Snake_Venom_Metalloproteinases(SVMP),train,3
1999,1999,tr,A0A1W7RCY1,A0A1W7RCY1_AGKCO,Metalloproteinase (Type II) 3a,Agkistrodon contortrix contortrix,8713,4,Snake_Venom_Metalloproteinases(SVMP),train,3
2000,2000,tr,A0A1W7RJU5,A0A1W7RJU5_AGKCO,Metalloproteinase (Type III) 6a,Agkistrodon contortrix contortrix,8713,4,Snake_Venom_Metalloproteinases(SVMP),train,3
2001,2001,tr,A0A1W7RJW1,A0A1W7RJW1_AGKCO,Metalloproteinase (Type II) 5a,Agkistrodon contortrix contortrix,8713,4,Snake_Venom_Metalloproteinases(SVMP),train,3
2002,2002,tr,A0A1W7RJY7,A0A1W7RJY7_AGKCO,Metalloproteinase (Type III) 2,Agkistrodon contortrix contortrix,8713,4,Snake_Venom_Metalloproteinases(SVMP),train,3
2003,2003,tr,F8S109,F8S109_CROAD,Metalloproteinase 8 (Fragment),Crotalus adamanteus,8729,2,Snake_Venom_Metalloproteinases(SVMP),train,3
2004,2004,tr,F8S106,F8S106_CROAD,Metalloproteinase 5,Crotalus adamanteus,8729,2,Snake_Venom_Metalloproteinases(SVMP),val,3
2005,2005,tr,F8S112,F8S112_CROAD,Metalloproteinase 11 (Fragment),Crotalus adamanteus,8729,2,Snake_Venom_Metalloproteinases(SVMP),train,3
2006,2006,tr,A0A194AMD3,A0A194AMD3_9SAUR,Metalloproteinase type III 11,Agkistrodon piscivorus,8715,4,Snake_Venom_Metalloproteinases(SVMP),test,3
2007,2007,tr,A0A194APN3,A0A194APN3_SISTE,Metalloproteinase type III 4c,Sistrurus tergeminus,8757,4,Snake_Venom_Metalloproteinases(SVMP),test,3
2008,2008,tr,A0A194AQ13,A0A194AQ13_SISMB,Metalloproteinase type III 8b,Sistrurus miliarius barbouri,8759,4,Snake_Venom_Metalloproteinases(SVMP),train,3
2009,2009,tr,A0A194AQG5,A0A194AQG5_9SAUR,Metalloproteinase type III 12a,Agkistrodon piscivorus,8715,4,Snake_Venom_Metalloproteinases(SVMP),train,3
2010,2010,tr,A0A194ARL7,A0A194ARL7_9SAUR,Metalloproteinase type III 13,Agkistrodon piscivorus,8715,4,Snake_Venom_Metalloproteinases(SVMP),train,3
2011,2011,tr,A0A194ARX0,A0A194ARX0_SISMB,Metalloproteinase type III 5b,Sistrurus miliarius barbouri,8759,4,Snake_Venom_Metalloproteinases(SVMP),train,3
2012,2012,tr,A0A194ASK4,A0A194ASK4_SISTE,Metalloproteinase type III 10c,Sistrurus tergeminus,8757,4,Snake_Venom_Metalloproteinases(SVMP),train,3
2013,2013,tr,A0A194ASW0,A0A194ASW0_SISMB,Metalloproteinase type III 1,Sistrurus miliarius barbouri,8759,4,Snake_Venom_Metalloproteinases(SVMP),train,3
2014,2014,tr,A0A194ATS5,A0A194ATS5_SISMB,Metalloproteinase type III 5a,Sistrurus miliarius barbouri,8759,4,Snake_Venom_Metalloproteinases(SVMP),train,3
2015,2015,tr,A0A194ATS6,A0A194ATS6_SISMB,Metalloproteinase type III 3a,Sistrurus miliarius barbouri,8759,4,Snake_Venom_Metalloproteinases(SVMP),train,3
2016,2016,tr,F8S105,F8S105_CROAD,Metalloproteinase 4,Crotalus adamanteus,8729,2,Snake_Venom_Metalloproteinases(SVMP),val,3
2017,2017,tr,F8S104,F8S104_CROAD,Metalloproteinase 3,Crotalus adamanteus,8729,2,Snake_Venom_Metalloproteinases(SVMP),train,3
2018,2018,tr,A0A194AMC0,A0A194AMC0_9SAUR,Metalloproteinase type III 9b,Agkistrodon piscivorus,8715,4,Snake_Venom_Metalloproteinases(SVMP),train,3
2019,2019,tr,A0A194APN1,A0A194APN1_9SAUR,Metalloproteinase type III 7,Agkistrodon piscivorus,8715,4,Snake_Venom_Metalloproteinases(SVMP),train,3
2020,2020,tr,A0A194APN8,A0A194APN8_SISTE,Metalloproteinase type III 2,Sistrurus tergeminus,8757,4,Snake_Venom_Metalloproteinases(SVMP),val,3
2021,2021,tr,A0A194APP5,A0A194APP5_9SAUR,Metalloproteinase type II 7a,Agkistrodon piscivorus,8715,4,Snake_Venom_Metalloproteinases(SVMP),test,3
2022,2022,tr,A0A194AQ28,A0A194AQ28_SISMB,Metalloproteinase type III 11,Sistrurus miliarius barbouri,8759,4,Snake_Venom_Metalloproteinases(SVMP),val,3
2023,2023,tr,A0A194ARI7,A0A194ARI7_SISTE,Metalloproteinase type III 9a,Sistrurus tergeminus,8757,4,Snake_Venom_Metalloproteinases(SVMP),train,3
2024,2024,tr,A0A194ARR3,A0A194ARR3_SISTE,Metalloproteinase type III 3b,Sistrurus tergeminus,8757,4,Snake_Venom_Metalloproteinases(SVMP),train,3
2025,2025,tr,A0A1W7RJT7,A0A1W7RJT7_AGKCO,Metalloproteinase (Type III) 3,Agkistrodon contortrix contortrix,8713,4,Snake_Venom_Metalloproteinases(SVMP),train,3
2026,2026,tr,F8S110,F8S110_CROAD,Metalloproteinase 9 (Fragment),Crotalus adamanteus,8729,2,Snake_Venom_Metalloproteinases(SVMP),train,3
2027,2027,tr,F8S111,F8S111_CROAD,Metalloproteinase 10 (Fragment),Crotalus adamanteus,8729,2,Snake_Venom_Metalloproteinases(SVMP),train,3
2028,2028,tr,A0A194AMD0,A0A194AMD0_9SAUR,Metalloproteinase type III 2a,Agkistrodon piscivorus,8715,4,Snake_Venom_Metalloproteinases(SVMP),train,3
2029,2029,tr,A0A194APF1,A0A194APF1_9SAUR,Metalloproteinase type III 1,Agkistrodon piscivorus,8715,4,Snake_Venom_Metalloproteinases(SVMP),train,3
2030,2030,tr,A0A194APM8,A0A194APM8_SISTE,Metalloproteinase type III 6c,Sistrurus tergeminus,8757,4,Snake_Venom_Metalloproteinases(SVMP),train,3
2031,2031,tr,A0A194APQ0,A0A194APQ0_9SAUR,Metalloproteinase type II 3b,Agkistrodon piscivorus,8715,4,Snake_Venom_Metalloproteinases(SVMP),train,3
2032,2032,tr,A0A194AQG0,A0A194AQG0_9SAUR,Metalloproteinase type III 2b,Agkistrodon piscivorus,8715,4,Snake_Venom_Metalloproteinases(SVMP),train,3
2033,2033,tr,A0A194ARW5,A0A194ARW5_SISMB,Metalloproteinase type III 8a,Sistrurus miliarius barbouri,8759,4,Snake_Venom_Metalloproteinases(SVMP),train,3
2034,2034,tr,A0A194ARX9,A0A194ARX9_SISMB,Metalloproteinase type III 10,Sistrurus miliarius barbouri,8759,4,Snake_Venom_Metalloproteinases(SVMP),test,3
2035,2035,tr,A0A194AS35,A0A194AS35_SISMB,Metalloproteinase type III 7a,Sistrurus miliarius barbouri,8759,4,Snake_Venom_Metalloproteinases(SVMP),train,3
2036,2036,tr,A0A194ASJ2,A0A194ASJ2_SISTE,Metalloproteinase type III 5a,Sistrurus tergeminus,8757,4,Snake_Venom_Metalloproteinases(SVMP),train,3
2037,2037,tr,A0A194ATH1,A0A194ATH1_SISTE,Metalloproteinase type III 6a,Sistrurus tergeminus,8757,4,Snake_Venom_Metalloproteinases(SVMP),train,3
2038,2038,tr,A0A1W7RJV4,A0A1W7RJV4_AGKCO,Metalloproteinase (Type III) 5a,Agkistrodon contortrix contortrix,8713,4,Snake_Venom_Metalloproteinases(SVMP),train,3
2039,2039,tr,A0A1W7RJW8,A0A1W7RJW8_AGKCO,Metalloproteinase (Type III) 4,Agkistrodon contortrix contortrix,8713,4,Snake_Venom_Metalloproteinases(SVMP),train,3
2040,2040,tr,A0A0K8RXV4,A0A0K8RXV4_CROHD,72 kDa type IV collagenase,Crotalus horridus,35024,3,Snake_Venom_Metalloproteinases(SVMP),test,3
2041,2041,tr,A0AAW1AS92,A0AAW1AS92_CROAD,72 kDa type IV collagenase,Crotalus adamanteus,8729,3,Snake_Venom_Metalloproteinases(SVMP),train,3
2042,2042,tr,A0A0F7YYV1,A0A0F7YYV1_MICFL,Metalloproteinase (Type III) 2b,Micrurus fulvius,8637,2,Snake_Venom_Metalloproteinases(SVMP),train,3
2043,2043,tr,A0A6J1V516,A0A6J1V516_9SAUR,Disintegrin and metalloproteinase domain-containing protein 10,Notechis scutatus,8663,4,Snake_Venom_Metalloproteinases(SVMP),train,3
2044,2044,tr,A0A6P9B2P4,A0A6P9B2P4_PANGU,Disintegrin and metalloproteinase domain-containing protein 10,Pantherophis guttatus,94885,4,Snake_Venom_Metalloproteinases(SVMP),val,3
2045,2045,tr,A0A6I9XEX3,A0A6I9XEX3_9SAUR,Disintegrin and metalloproteinase domain-containing protein 10,Thamnophis sirtalis,35019,4,Snake_Venom_Metalloproteinases(SVMP),train,3
2046,2046,tr,A0A6P9B1Z0,A0A6P9B1Z0_PANGU,Disintegrin and metalloproteinase domain-containing protein 10,Pantherophis guttatus,94885,4,Snake_Venom_Metalloproteinases(SVMP),train,3
2047,2047,tr,A0A6P9B9Q5,A0A6P9B9Q5_PANGU,Disintegrin and metalloproteinase domain-containing protein 10,Pantherophis guttatus,94885,4,Snake_Venom_Metalloproteinases(SVMP),train,3
2048,2048,tr,A0A6P9BB28,A0A6P9BB28_PANGU,Disintegrin and metalloproteinase domain-containing protein 10,Pantherophis guttatus,94885,4,Snake_Venom_Metalloproteinases(SVMP),train,3
2049,2049,tr,A0A9F3QUN9,A0A9F3QUN9_PYTBI,Disintegrin and metalloproteinase domain-containing protein 10,Python bivittatus,176946,4,Snake_Venom_Metalloproteinases(SVMP),train,3
2050,2050,tr,A0A6P9B6K9,A0A6P9B6K9_PANGU,Disintegrin and metalloproteinase domain-containing protein 10,Pantherophis guttatus,94885,4,Snake_Venom_Metalloproteinases(SVMP),train,3
2051,2051,tr,A0A6I9XU41,A0A6I9XU41_9SAUR,Disintegrin and metalloproteinase domain-containing protein 10,Thamnophis sirtalis,35019,4,Snake_Venom_Metalloproteinases(SVMP),train,3
2052,2052,tr,A0A098LWW8,A0A098LWW8_9SAUR,"Metalloproteinase, ADAM28-like protein",Opheodrys aestivus,186591,2,Snake_Venom_Metalloproteinases(SVMP),train,3
2053,2053,tr,Q4QT06,Q4QT06_BITAR,Metalloproteinase MP-2 (Fragment),Bitis arietans,8692,2,Snake_Venom_Metalloproteinases(SVMP),train,3
2054,2054,tr,V8P9I6,V8P9I6_OPHHA,Disintegrin and metalloproteinase domain-containing protein 17 (Fragment),Ophiophagus hannah,8665,3,Snake_Venom_Metalloproteinases(SVMP),train,3
2055,2055,tr,U3FWL3,U3FWL3_MICFL,MTP4,Micrurus fulvius,8637,2,Snake_Venom_Metalloproteinases(SVMP),val,3
2056,2056,tr,A0A098M141,A0A098M141_9SAUR,Metalloproteinase (Type III) 8d,Hypsiglena sp. JMG-2014,1550645,4,Snake_Venom_Metalloproteinases(SVMP),val,3
2057,2057,tr,A0A098M210,A0A098M210_9SAUR,Metalloproteinase (Type III) 8e,Hypsiglena sp. JMG-2014,1550645,4,Snake_Venom_Metalloproteinases(SVMP),train,3
2058,2058,tr,A0A098M132,A0A098M132_9SAUR,Metalloproteinase (Type III) 8c,Hypsiglena sp. JMG-2014,1550645,4,Snake_Venom_Metalloproteinases(SVMP),test,3
2059,2059,tr,A0A098M156,A0A098M156_9SAUR,Metalloproteinase (Type III) 2,Hypsiglena sp. JMG-2014,1550645,4,Snake_Venom_Metalloproteinases(SVMP),train,3
2060,2060,tr,A0A098M213,A0A098M213_9SAUR,Metalloproteinase (Type III) 8b,Hypsiglena sp. JMG-2014,1550645,4,Snake_Venom_Metalloproteinases(SVMP),train,3
2061,2061,tr,A0A098M219,A0A098M219_9SAUR,Metalloproteinase (Type III) 14b,Hypsiglena sp. JMG-2014,1550645,4,Snake_Venom_Metalloproteinases(SVMP),train,3
2062,2062,tr,A0A098M167,A0A098M167_9SAUR,Metalloproteinase (Type III) 11b,Hypsiglena sp. JMG-2014,1550645,4,Snake_Venom_Metalloproteinases(SVMP),train,3
2063,2063,tr,A0A098M211,A0A098M211_9SAUR,Metalloproteinase (Type III) 8a,Hypsiglena sp. JMG-2014,1550645,4,Snake_Venom_Metalloproteinases(SVMP),train,3
2064,2064,tr,A0A0B8RYU2,A0A0B8RYU2_9SAUR,Metalloproteinase (Type III) 4b,Philothamnus irregularis,1899461,4,Snake_Venom_Metalloproteinases(SVMP),train,3
2065,2065,tr,A0A1I9KNR6,A0A1I9KNR6_VIPAA,Metalloproteinase of class P-III MPIII-1,Vipera ammodytes ammodytes,8705,2,Snake_Venom_Metalloproteinases(SVMP),train,3
2066,2066,tr,A0A6B7FNN4,A0A6B7FNN4_VIPAA,Metalloproteinase of class P-III MPIII-5,Vipera ammodytes ammodytes,8705,2,Snake_Venom_Metalloproteinases(SVMP),train,3
2067,2067,tr,A0A098M221,A0A098M221_9SAUR,Metalloproteinase (Type III) 14a,Hypsiglena sp. JMG-2014,1550645,4,Snake_Venom_Metalloproteinases(SVMP),train,3
2068,2068,tr,A0A098M223,A0A098M223_9SAUR,Metalloproteinase (Type III) 14c,Hypsiglena sp. JMG-2014,1550645,4,Snake_Venom_Metalloproteinases(SVMP),train,3
2069,2069,tr,A0A098M230,A0A098M230_9SAUR,Metalloproteinase (Type III) 10d,Hypsiglena sp. JMG-2014,1550645,4,Snake_Venom_Metalloproteinases(SVMP),train,3
2070,2070,tr,A0A6B7FRK6,A0A6B7FRK6_VIPAA,Metalloproteinase of class P-III MPIII-2,Vipera ammodytes ammodytes,8705,2,Snake_Venom_Metalloproteinases(SVMP),test,3
2071,2071,tr,A0A6B7FMR4,A0A6B7FMR4_VIPAA,Metalloproteinase of class P-III MPIII-4,Vipera ammodytes ammodytes,8705,2,Snake_Venom_Metalloproteinases(SVMP),train,3
2072,2072,tr,J3S068,J3S068_CROAD,Metalloproteinase inhibitor 2,Crotalus adamanteus,8729,2,Snake_Venom_Metalloproteinases(SVMP),train,3
2073,2073,tr,V8NL69,V8NL69_OPHHA,Disintegrin and metalloproteinase domain-containing protein 10 (Fragment),Ophiophagus hannah,8665,4,Snake_Venom_Metalloproteinases(SVMP),train,3
2074,2074,tr,A0A182C5R9,A0A182C5R9_9SAUR,Matrix metalloproteinase-9 (Fragment),Phalotris mertensi,1260334,3,Snake_Venom_Metalloproteinases(SVMP),train,3
2075,2075,tr,A0AAW1BSW9,A0AAW1BSW9_CROAD,Matrix metalloproteinase-9,Crotalus adamanteus,8729,3,Snake_Venom_Metalloproteinases(SVMP),train,3
2076,2076,tr,F8S107,F8S107_CROAD,Metalloproteinase (Type III) 4d,Crotalus adamanteus,8729,2,Snake_Venom_Metalloproteinases(SVMP),val,3
2077,2077,tr,A0A194AR91,A0A194AR91_9SAUR,Metalloproteinase type III 2,Micrurus tener,1114301,3,Snake_Venom_Metalloproteinases(SVMP),val,3
2078,2078,tr,A0A194AS47,A0A194AS47_9SAUR,Metalloproteinase type III 2,Micrurus tener,1114301,3,Snake_Venom_Metalloproteinases(SVMP),val,3
2079,2079,tr,T1E555,T1E555_CROHD,Matrix metalloproteinase-23,Crotalus horridus,35024,2,Snake_Venom_Metalloproteinases(SVMP),test,3
2080,2080,tr,A0A1I9KNS1,A0A1I9KNS1_VIPAA,Metalloproteinase of class P-II MPII-2,Vipera ammodytes ammodytes,8705,2,Snake_Venom_Metalloproteinases(SVMP),test,3
2081,2081,tr,A0A1I9KNS3,A0A1I9KNS3_VIPAA,Metalloproteinase of class P-II MPII-3,Vipera ammodytes ammodytes,8705,2,Snake_Venom_Metalloproteinases(SVMP),train,3
2082,2082,tr,A0A1I9KNT0,A0A1I9KNT0_VIPAA,Metalloproteinase of class P-II MPII-1,Vipera ammodytes ammodytes,8705,2,Snake_Venom_Metalloproteinases(SVMP),train,3
2083,2083,tr,A0A223PK29,A0A223PK29_DABRR,Disintegrin and metalloproteinase domain-containing protein 19 (Fragment),Daboia russelii,8707,2,Snake_Venom_Metalloproteinases(SVMP),train,3
2084,2084,tr,A0AAW1AP29,A0AAW1AP29_CROAD,Disintegrin and metalloproteinase domain-containing protein 15,Crotalus adamanteus,8729,4,Snake_Venom_Metalloproteinases(SVMP),train,3
2085,2085,tr,A0AAW1CAH9,A0AAW1CAH9_CROAD,Disintegrin and metalloproteinase domain-containing protein 23,Crotalus adamanteus,8729,4,Snake_Venom_Metalloproteinases(SVMP),test,3
2086,2086,tr,A0A223PK28,A0A223PK28_DABRR,Disintegrin and metalloproteinase domain-containing protein 23 (Fragment),Daboia russelii,8707,2,Snake_Venom_Metalloproteinases(SVMP),val,3
2087,2087,tr,V8PIE2,V8PIE2_OPHHA,Matrix metalloproteinase-19,Ophiophagus hannah,8665,3,Snake_Venom_Metalloproteinases(SVMP),train,3
2088,2088,tr,A0AAW1B0F2,A0AAW1B0F2_CROAD,Disintegrin and metalloproteinase domain-containing protein 9,Crotalus adamanteus,8729,4,Snake_Venom_Metalloproteinases(SVMP),train,3
2089,2089,tr,A0A223PK14,A0A223PK14_DABRR,Disintegrin and metalloproteinase domain-containing protein 11,Daboia russelii,8707,2,Snake_Venom_Metalloproteinases(SVMP),test,3
2090,2090,tr,A0AAW1B2G4,A0AAW1B2G4_CROAD,Disintegrin and metalloproteinase domain-containing protein 22,Crotalus adamanteus,8729,4,Snake_Venom_Metalloproteinases(SVMP),train,3
2091,2091,tr,A0AAW1B982,A0AAW1B982_CROAD,Disintegrin and metalloproteinase domain-containing protein 33,Crotalus adamanteus,8729,4,Snake_Venom_Metalloproteinases(SVMP),val,3
2092,2092,tr,A0AAW1B012,A0AAW1B012_CROAD,Disintegrin and metalloproteinase domain-containing protein 32,Crotalus adamanteus,8729,4,Snake_Venom_Metalloproteinases(SVMP),train,3
2093,2093,tr,A0AAW1B3V4,A0AAW1B3V4_CROAD,Disintegrin and metalloproteinase domain-containing protein 11,Crotalus adamanteus,8729,4,Snake_Venom_Metalloproteinases(SVMP),train,3
2094,2094,tr,A0AAW1BGY9,A0AAW1BGY9_CROAD,Disintegrin and metalloproteinase domain-containing protein 12,Crotalus adamanteus,8729,4,Snake_Venom_Metalloproteinases(SVMP),train,3
2095,2095,tr,A0AAW1BW52,A0AAW1BW52_CROAD,Disintegrin and metalloproteinase domain-containing protein 19,Crotalus adamanteus,8729,4,Snake_Venom_Metalloproteinases(SVMP),train,3
2096,2096,tr,V8NVY5,V8NVY5_OPHHA,Disintegrin and metalloproteinase domain-containing protein 11 (Fragment),Ophiophagus hannah,8665,3,Snake_Venom_Metalloproteinases(SVMP),train,3
2097,2097,tr,V8P328,V8P328_OPHHA,Disintegrin and metalloproteinase domain-containing protein 22 (Fragment),Ophiophagus hannah,8665,3,Snake_Venom_Metalloproteinases(SVMP),test,3
2098,2098,tr,A0A194ARN9,A0A194ARN9_9SAUR,Metalloproteinase type I 3d,Agkistrodon piscivorus,8715,4,Snake_Venom_Metalloproteinases(SVMP),train,3
2099,2099,tr,A0A194AMF2,A0A194AMF2_9SAUR,Metalloproteinase type I 5d,Agkistrodon piscivorus,8715,4,Snake_Venom_Metalloproteinases(SVMP),test,3
2100,2100,tr,A0A194AMG3,A0A194AMG3_9SAUR,Metalloproteinase type I 4b,Agkistrodon piscivorus,8715,4,Snake_Venom_Metalloproteinases(SVMP),train,3
2101,2101,tr,A0A194AQI6,A0A194AQI6_9SAUR,Metalloproteinase type I 3b,Agkistrodon piscivorus,8715,4,Snake_Venom_Metalloproteinases(SVMP),train,3
2102,2102,tr,A0A194ARM9,A0A194ARM9_9SAUR,Metalloproteinase type I 7,Agkistrodon piscivorus,8715,4,Snake_Venom_Metalloproteinases(SVMP),train,3
2103,2103,tr,A0A194ARP3,A0A194ARP3_9SAUR,Metalloproteinase type I 1,Agkistrodon piscivorus,8715,4,Snake_Venom_Metalloproteinases(SVMP),train,3
2104,2104,tr,A0A1W7RJW3,A0A1W7RJW3_AGKCO,Metalloproteinase (Type I) 5a,Agkistrodon contortrix contortrix,8713,4,Snake_Venom_Metalloproteinases(SVMP),train,3
2105,2105,tr,A0A194AMH0,A0A194AMH0_9SAUR,Metalloproteinase type I 3a,Agkistrodon piscivorus,8715,4,Snake_Venom_Metalloproteinases(SVMP),val,3
2106,2106,tr,A0A194APH6,A0A194APH6_9SAUR,Metalloproteinase type I 4a,Agkistrodon piscivorus,8715,4,Snake_Venom_Metalloproteinases(SVMP),train,3
2107,2107,tr,A0A194APR0,A0A194APR0_9SAUR,Metalloproteinase type I 5a,Agkistrodon piscivorus,8715,4,Snake_Venom_Metalloproteinases(SVMP),train,3
2108,2108,tr,A0A194APR5,A0A194APR5_9SAUR,Metalloproteinase type I 3c,Agkistrodon piscivorus,8715,4,Snake_Venom_Metalloproteinases(SVMP),train,3
2109,2109,tr,A0A194AQH8,A0A194AQH8_9SAUR,Metalloproteinase type I 5e,Agkistrodon piscivorus,8715,4,Snake_Venom_Metalloproteinases(SVMP),train,3
2110,2110,tr,A0A1I9KNP4,A0A1I9KNP4_VIPAA,Endogenous tripeptide metalloproteinase inhibitor,Vipera ammodytes ammodytes,8705,2,Snake_Venom_Metalloproteinases(SVMP),train,3
2111,2111,tr,A0A1W7RJU9,A0A1W7RJU9_AGKCO,Metalloproteinase (Type I) 3a,Agkistrodon contortrix contortrix,8713,4,Snake_Venom_Metalloproteinases(SVMP),val,3
2112,2112,tr,A0A1W7RJX9,A0A1W7RJX9_AGKCO,Metalloproteinase (Type I) 4a,Agkistrodon contortrix contortrix,8713,4,Snake_Venom_Metalloproteinases(SVMP),train,3
2113,2113,tr,A0A1W7RJZ4,A0A1W7RJZ4_AGKCO,Metalloproteinase (Type I) 1,Agkistrodon contortrix contortrix,8713,4,Snake_Venom_Metalloproteinases(SVMP),train,3
2114,2114,tr,A0A194APH1,A0A194APH1_9SAUR,Metalloproteinase type I 5c,Agkistrodon piscivorus,8715,4,Snake_Venom_Metalloproteinases(SVMP),train,3
2115,2115,tr,A0A194API1,A0A194API1_9SAUR,Metalloproteinase type I 2,Agkistrodon piscivorus,8715,4,Snake_Venom_Metalloproteinases(SVMP),train,3
2116,2116,tr,A0A194ARB5,A0A194ARB5_AGKCO,Metalloproteinase (Type I) 2a,Agkistrodon contortrix contortrix,8713,4,Snake_Venom_Metalloproteinases(SVMP),train,3
2117,2117,tr,A0A194ARN4,A0A194ARN4_9SAUR,Metalloproteinase type I 5b,Agkistrodon piscivorus,8715,4,Snake_Venom_Metalloproteinases(SVMP),train,3
2118,2118,tr,A0A1I9KNP8,A0A1I9KNP8_VIPAA,Endogenous tripeptide metalloproteinase inhibitor,Vipera ammodytes ammodytes,8705,2,Snake_Venom_Metalloproteinases(SVMP),train,3
2119,2119,tr,A0A194APQ5,A0A194APQ5_9SAUR,Metalloproteinase type I 6,Agkistrodon piscivorus,8715,4,Snake_Venom_Metalloproteinases(SVMP),train,3
2120,2120,tr,A0A194AQI2,A0A194AQI2_9SAUR,Metalloproteinase type I 4c,Agkistrodon piscivorus,8715,4,Snake_Venom_Metalloproteinases(SVMP),train,3
2121,2121,tr,A0A1W7RJW4,A0A1W7RJW4_AGKCO,Metalloproteinase (Type I) 6a,Agkistrodon contortrix contortrix,8713,4,Snake_Venom_Metalloproteinases(SVMP),val,3
2122,2122,tr,A0A0A1WDQ2,A0A0A1WDQ2_ECHCO,Snake venom metalloproteinase L (Fragment),Echis coloratus,64175,2,Snake_Venom_Metalloproteinases(SVMP),test,3
2123,2123,tr,A0A0A1WDU6,A0A0A1WDU6_ECHCO,Snake venom metalloproteinase S (Fragment),Echis coloratus,64175,2,Snake_Venom_Metalloproteinases(SVMP),test,3
2124,2124,tr,A0AAW1BFF7,A0AAW1BFF7_CROAD,Disintegrin and metalloproteinase domain-containing protein 9-like,Crotalus adamanteus,8729,4,Snake_Venom_Metalloproteinases(SVMP),train,3
2125,2125,tr,A0AAW1C7L8,A0AAW1C7L8_CROAD,ADAM20: Disintegrin and metalloproteinase domain-containing protein 20,Crotalus adamanteus,8729,4,Snake_Venom_Metalloproteinases(SVMP),train,3
2126,2126,tr,A0A0A1WCB6,A0A0A1WCB6_ECHCO,Snake venom metalloproteinase M (Fragment),Echis coloratus,64175,2,Snake_Venom_Metalloproteinases(SVMP),test,3
2127,2127,tr,A0AAW1BLM9,A0AAW1BLM9_CROAD,Disintegrin and metalloproteinase domain-containing protein 29-like,Crotalus adamanteus,8729,4,Snake_Venom_Metalloproteinases(SVMP),train,3
2128,2128,tr,A0AAW1C6Y2,A0AAW1C6Y2_CROAD,ADAM20: Disintegrin and metalloproteinase domain-containing protein 20,Crotalus adamanteus,8729,4,Snake_Venom_Metalloproteinases(SVMP),train,3
2129,2129,tr,A0AAW1BLL2,A0AAW1BLL2_CROAD,Disintegrin and metalloproteinase domain-containing protein 20-like,Crotalus adamanteus,8729,4,Snake_Venom_Metalloproteinases(SVMP),train,3
2130,2130,tr,A0AAW1C5Z8,A0AAW1C5Z8_CROAD,ADAM20: Disintegrin and metalloproteinase domain-containing protein 20,Crotalus adamanteus,8729,4,Snake_Venom_Metalloproteinases(SVMP),train,3
2131,2131,tr,A0AAW1C6P1,A0AAW1C6P1_CROAD,ADAM20: Disintegrin and metalloproteinase domain-containing protein 20,Crotalus adamanteus,8729,4,Snake_Venom_Metalloproteinases(SVMP),train,3
2132,2132,tr,A0A6B7FPT0,A0A6B7FPT0_VIPAA,Endogenous tripeptide metalloproteinase inhibitor MPi-5,Vipera ammodytes ammodytes,8705,2,Snake_Venom_Metalloproteinases(SVMP),train,3
2133,2133,tr,A0A0K8RSX4,A0A0K8RSX4_CROHD,Matrix metalloproteinase 19,Crotalus horridus,35024,3,Snake_Venom_Metalloproteinases(SVMP),train,3
2134,2134,tr,A0A0K8S0N4,A0A0K8S0N4_CROHD,Matrix metalloproteinase-23,Crotalus horridus,35024,3,Snake_Venom_Metalloproteinases(SVMP),train,3
2135,2135,tr,A0A1W7RFR7,A0A1W7RFR7_AGKCO,Matrix metalloproteinase-23,Agkistrodon contortrix contortrix,8713,3,Snake_Venom_Metalloproteinases(SVMP),train,3
2136,2136,tr,A0AAW1B7N2,A0AAW1B7N2_CROAD,Matrix metalloproteinase-14,Crotalus adamanteus,8729,3,Snake_Venom_Metalloproteinases(SVMP),train,3
2137,2137,tr,A0AAW1BMH7,A0AAW1BMH7_CROAD,Matrix metalloproteinase-16,Crotalus adamanteus,8729,3,Snake_Venom_Metalloproteinases(SVMP),train,3
2138,2138,tr,A0AAW1AQT8,A0AAW1AQT8_CROAD,Matrix metalloproteinase-23,Crotalus adamanteus,8729,3,Snake_Venom_Metalloproteinases(SVMP),val,3
2139,2139,tr,A0AAW1BS39,A0AAW1BS39_CROAD,Matrix metalloproteinase-24,Crotalus adamanteus,8729,3,Snake_Venom_Metalloproteinases(SVMP),train,3
2140,2140,tr,V8NKR8,V8NKR8_OPHHA,Disintegrin and metalloproteinase domain-containing protein 28,Ophiophagus hannah,8665,3,Snake_Venom_Metalloproteinases(SVMP),train,3
2141,2141,tr,T1DCC9,T1DCC9_CROHD,Acireductone dioxygenase,Crotalus horridus,35024,2,Snake_Venom_Metalloproteinases(SVMP),train,3
2142,2142,tr,V8NLB6,V8NLB6_OPHHA,Matrix metalloproteinase-14 (Fragment),Ophiophagus hannah,8665,3,Snake_Venom_Metalloproteinases(SVMP),train,3
2143,2143,tr,V8NYQ8,V8NYQ8_OPHHA,Matrix metalloproteinase-16 (Fragment),Ophiophagus hannah,8665,3,Snake_Venom_Metalloproteinases(SVMP),test,3
2144,2144,tr,V8PD46,V8PD46_OPHHA,Matrix metalloproteinase-25 (Fragment),Ophiophagus hannah,8665,3,Snake_Venom_Metalloproteinases(SVMP),train,3
2145,2145,tr,V8P548,V8P548_OPHHA,Matrix metalloproteinase-24 (Fragment),Ophiophagus hannah,8665,3,Snake_Venom_Metalloproteinases(SVMP),train,3
2146,2146,tr,V8NC56,V8NC56_OPHHA,Disintegrin and metalloproteinase domain-containing protein 2 (Fragment),Ophiophagus hannah,8665,3,Snake_Venom_Metalloproteinases(SVMP),train,3
2147,2147,tr,V8PFL7,V8PFL7_OPHHA,Disintegrin and metalloproteinase domain-containing protein 23 (Fragment),Ophiophagus hannah,8665,3,Snake_Venom_Metalloproteinases(SVMP),train,3
2148,2148,tr,V8N6T1,V8N6T1_OPHHA,Disintegrin and metalloproteinase domain-containing protein 21 (Fragment),Ophiophagus hannah,8665,4,Snake_Venom_Metalloproteinases(SVMP),train,3
2149,2149,tr,A0AAW1C727,A0AAW1C727_CROAD,Adam21: Disintegrin and metalloproteinase domain-containing protein 21,Crotalus adamanteus,8729,4,Snake_Venom_Metalloproteinases(SVMP),train,3
2150,2150,tr,A0AAW1B694,A0AAW1B694_CROAD,Matrix metalloproteinase-25-like,Crotalus adamanteus,8729,3,Snake_Venom_Metalloproteinases(SVMP),test,3
2151,2151,tr,V5Z141,V5Z141_DEIAC,Metalloproteinase,Deinagkistrodon acutus,36307,2,Snake_Venom_Metalloproteinases(SVMP),train,3
2152,2152,tr,T1DAJ8,T1DAJ8_CROHD,Metalloproteinase inhibitor 2,Crotalus horridus,35024,2,Snake_Venom_Metalloproteinases(SVMP),train,3
2153,2153,tr,A0A2Z4N9U9,A0A2Z4N9U9_9SAUR,Metalloproteinase (Fragment),Philothamnus irregularis,1899461,2,Snake_Venom_Metalloproteinases(SVMP),train,3
2154,2154,tr,A0A2Z4N9W3,A0A2Z4N9W3_9SAUR,Metalloproteinase (Fragment),Philothamnus irregularis,1899461,2,Snake_Venom_Metalloproteinases(SVMP),train,3
2155,2155,tr,A0A2Z4N9R6,A0A2Z4N9R6_9SAUR,Metalloproteinase (Fragment),Philothamnus irregularis,1899461,2,Snake_Venom_Metalloproteinases(SVMP),test,3
2156,2156,tr,A0A2Z4N9S2,A0A2Z4N9S2_9SAUR,Metalloproteinase (Fragment),Philothamnus irregularis,1899461,2,Snake_Venom_Metalloproteinases(SVMP),val,3
2157,2157,tr,Q8JJ49,Q8JJ49_CROMM,Metalloproteinase,Crotalus molossus molossus,31151,2,Snake_Venom_Metalloproteinases(SVMP),train,3
2158,2158,tr,Q8JJ50,Q8JJ50_CROMM,Metalloproteinase,Crotalus molossus molossus,31151,2,Snake_Venom_Metalloproteinases(SVMP),test,3
2159,2159,tr,A0A2Z4N9V4,A0A2Z4N9V4_9SAUR,Metalloproteinase (Fragment),Philothamnus irregularis,1899461,2,Snake_Venom_Metalloproteinases(SVMP),train,3
2160,2160,tr,Q8JJ52,Q8JJ52_CROMM,Metalloproteinase,Crotalus molossus molossus,31151,2,Snake_Venom_Metalloproteinases(SVMP),train,3
2161,2161,tr,A0AAW1BL29,A0AAW1BL29_CROAD,Collagenase 3,Crotalus adamanteus,8729,3,Snake_Venom_Metalloproteinases(SVMP),train,3
2162,2162,tr,A0A2Z4N9T6,A0A2Z4N9T6_9SAUR,Metalloproteinase (Fragment),Philothamnus irregularis,1899461,2,Snake_Venom_Metalloproteinases(SVMP),train,3
2163,2163,tr,A0A2Z4NA15,A0A2Z4NA15_9SAUR,Metalloproteinase (Fragment),Philothamnus irregularis,1899461,2,Snake_Venom_Metalloproteinases(SVMP),train,3
2164,2164,tr,R4G2G3,R4G2G3_9SAUR,SVMP-Fur-1 (Fragment),Furina ornata,529697,2,Snake_Venom_Metalloproteinases(SVMP),train,3
2165,2165,tr,A0A0F7Z0V4,A0A0F7Z0V4_CROAD,Metalloproteinase (Type III) 4e,Crotalus adamanteus,8729,2,Snake_Venom_Metalloproteinases(SVMP),train,3
2166,2166,tr,A0A0F7Z792,A0A0F7Z792_CROAD,Metalloproteinase (Type III) 5,Crotalus adamanteus,8729,2,Snake_Venom_Metalloproteinases(SVMP),val,3
2167,2167,tr,A0A0F7Z793,A0A0F7Z793_CROAD,Metalloproteinase (Type III) 4a,Crotalus adamanteus,8729,2,Snake_Venom_Metalloproteinases(SVMP),val,3
2168,2168,tr,E3UJL4,E3UJL4_BOTNU,MP_I2 SVMP (Fragment),Bothrops neuwiedi,95648,2,Snake_Venom_Metalloproteinases(SVMP),train,3
2169,2169,tr,A0A6H0D9K3,A0A6H0D9K3_CROHD,Metalloproteinase and disintegrin protein 4b,Crotalus horridus,35024,4,Snake_Venom_Metalloproteinases(SVMP),train,3
2170,2170,tr,E3UJL3,E3UJL3_BOTNU,MP_I1 SVMP (Fragment),Bothrops neuwiedi,95648,2,Snake_Venom_Metalloproteinases(SVMP),train,3
2171,2171,tr,A0A2D4Q6G9,A0A2D4Q6G9_MICSU,Metalloproteinase inhibitor 2 (Fragment),Micrurus surinamensis,129470,3,Snake_Venom_Metalloproteinases(SVMP),train,3
2172,2172,tr,A0A2D4IFI0,A0A2D4IFI0_MICLE,Metalloproteinase inhibitor 2,Micrurus lemniscatus lemniscatus,129467,3,Snake_Venom_Metalloproteinases(SVMP),test,3
2173,2173,tr,A0A2H4N3D9,A0A2H4N3D9_BOTMO,Metalloproteinase inhibitor 2 (Fragment),Bothrops moojeni,98334,2,Snake_Venom_Metalloproteinases(SVMP),train,3
2174,2174,tr,A0A0F7ZE84,A0A0F7ZE84_CROAD,Acireductone dioxygenase,Crotalus adamanteus,8729,2,Snake_Venom_Metalloproteinases(SVMP),train,3
2175,2175,tr,A0A6I9YBF4,A0A6I9YBF4_9SAUR,Snake venom metalloproteinase-disintegrin-like mocarhagin,Thamnophis sirtalis,35019,4,Snake_Venom_Metalloproteinases(SVMP),train,3
2176,2176,tr,A0A0B8RQ08,A0A0B8RQ08_9SAUR,Acireductone dioxygenase,Philothamnus irregularis,1899461,3,Snake_Venom_Metalloproteinases(SVMP),train,3
2177,2177,tr,A0A1W7RHX2,A0A1W7RHX2_AGKCO,Acireductone dioxygenase,Agkistrodon contortrix contortrix,8713,3,Snake_Venom_Metalloproteinases(SVMP),val,3
2178,2178,tr,A0A098LX44,A0A098LX44_9SAUR,Acireductone dioxygenase,Hypsiglena sp. JMG-2014,1550645,3,Snake_Venom_Metalloproteinases(SVMP),train,3
2179,2179,tr,A0A0K8RVW7,A0A0K8RVW7_CROHD,Acireductone dioxygenase,Crotalus horridus,35024,3,Snake_Venom_Metalloproteinases(SVMP),train,3
2180,2180,tr,A0A0K8S1J7,A0A0K8S1J7_CROHD,Acireductone dioxygenase,Crotalus horridus,35024,3,Snake_Venom_Metalloproteinases(SVMP),train,3
2181,2181,tr,A0AAW1CA13,A0AAW1CA13_CROAD,Acireductone dioxygenase,Crotalus adamanteus,8729,3,Snake_Venom_Metalloproteinases(SVMP),train,3
2182,2182,tr,A0A0F7Z5I6,A0A0F7Z5I6_MICFL,Metalloproteinase inhibitor 2,Micrurus fulvius,8637,2,Snake_Venom_Metalloproteinases(SVMP),train,3
2183,2183,tr,A0A098LX68,A0A098LX68_9SAUR,Metalloproteinase inhibitor 2,Hypsiglena sp. JMG-2014,1550645,3,Snake_Venom_Metalloproteinases(SVMP),train,3
2184,2184,tr,A0A0B8RSJ9,A0A0B8RSJ9_CROHD,Metalloproteinase inhibitor 1,Crotalus horridus,35024,3,Snake_Venom_Metalloproteinases(SVMP),train,3
2185,2185,tr,A0A0K8RT02,A0A0K8RT02_CROHD,Metalloproteinase inhibitor 2,Crotalus horridus,35024,3,Snake_Venom_Metalloproteinases(SVMP),train,3
2186,2186,tr,A0A0B8RY84,A0A0B8RY84_9SAUR,Metalloproteinase inhibitor 2,Philothamnus irregularis,1899461,3,Snake_Venom_Metalloproteinases(SVMP),train,3
2187,2187,tr,A0A098LYQ5,A0A098LYQ5_9SAUR,Metalloproteinase inhibitor 1,Hypsiglena sp. JMG-2014,1550645,3,Snake_Venom_Metalloproteinases(SVMP),val,3
2188,2188,tr,A0A1W7RFR1,A0A1W7RFR1_AGKCO,Metalloproteinase inhibitor 2,Agkistrodon contortrix contortrix,8713,3,Snake_Venom_Metalloproteinases(SVMP),train,3
2189,2189,tr,A0A1W7RJM2,A0A1W7RJM2_AGKCO,A disintegrin and metalloproteinase with thrombospondin motifs 1,Agkistrodon contortrix contortrix,8713,4,Snake_Venom_Metalloproteinases(SVMP),test,3
2190,2190,tr,A0A0K8RU24,A0A0K8RU24_CROHD,Metalloproteinase inhibitor 1,Crotalus horridus,35024,3,Snake_Venom_Metalloproteinases(SVMP),train,3
2191,2191,tr,A0A0B8RX49,A0A0B8RX49_9SAUR,Metalloproteinase inhibitor 1,Philothamnus irregularis,1899461,2,Snake_Venom_Metalloproteinases(SVMP),train,3
2192,2192,tr,A0A1W7RFQ6,A0A1W7RFQ6_AGKCO,Metalloproteinase inhibitor 1,Agkistrodon contortrix contortrix,8713,3,Snake_Venom_Metalloproteinases(SVMP),test,3
2193,2193,tr,A0A6H0D9J9,A0A6H0D9J9_CROHD,Metalloproteinase fusuion protein 2,Crotalus horridus,35024,4,Snake_Venom_Metalloproteinases(SVMP),val,3
2194,2194,tr,H2FLD2,H2FLD2_9SAUR,Matrix metalloproteinase,Mesotes strigatus,3148976,2,Snake_Venom_Metalloproteinases(SVMP),train,3
2195,2195,tr,H2FLD3,H2FLD3_9SAUR,Matrix metalloproteinase,Mesotes strigatus,3148976,2,Snake_Venom_Metalloproteinases(SVMP),train,3
2196,2196,tr,H2FLD4,H2FLD4_9SAUR,Matrix metalloproteinase,Mesotes strigatus,3148976,2,Snake_Venom_Metalloproteinases(SVMP),test,3
2197,2197,tr,H2FLD5,H2FLD5_9SAUR,Matrix metalloproteinase,Mesotes strigatus,3148976,2,Snake_Venom_Metalloproteinases(SVMP),train,3
2198,2198,tr,V8PBM3,V8PBM3_OPHHA,Metalloproteinase inhibitor 3,Ophiophagus hannah,8665,3,Snake_Venom_Metalloproteinases(SVMP),train,3
2199,2199,tr,V8NZD2,V8NZD2_OPHHA,A disintegrin and metalloproteinase with thrombospondin motifs 8 (Fragment),Ophiophagus hannah,8665,4,Snake_Venom_Metalloproteinases(SVMP),test,3
2200,2200,tr,V8P032,V8P032_OPHHA,A disintegrin and metalloproteinase with thrombospondin motifs 1 (Fragment),Ophiophagus hannah,8665,4,Snake_Venom_Metalloproteinases(SVMP),val,3
2201,2201,tr,A0A6H0D9L2,A0A6H0D9L2_CROHD,Metalloproteinase and disintegrin protein 3b,Crotalus horridus,35024,4,Snake_Venom_Metalloproteinases(SVMP),test,3
2202,2202,tr,A0A6I9Z3Y9,A0A6I9Z3Y9_9SAUR,Zinc metalloproteinase-disintegrin-like NaMP,Thamnophis sirtalis,35019,4,Snake_Venom_Metalloproteinases(SVMP),train,3
2203,2203,tr,A0A6P9AWJ4,A0A6P9AWJ4_PANGU,Zinc metalloproteinase-disintegrin-like NaMP,Pantherophis guttatus,94885,4,Snake_Venom_Metalloproteinases(SVMP),test,3
2204,2204,tr,A0A6J1VW97,A0A6J1VW97_9SAUR,Zinc metalloproteinase-disintegrin-like MTP9,Notechis scutatus,8663,4,Snake_Venom_Metalloproteinases(SVMP),train,3
2205,2205,tr,A0A6P9B1E4,A0A6P9B1E4_PANGU,Zinc metalloproteinase-disintegrin-like NaMP,Pantherophis guttatus,94885,4,Snake_Venom_Metalloproteinases(SVMP),train,3
2206,2206,tr,A0A6G5ZUB2,A0A6G5ZUB2_VIPAN,Disintegrin and metalloproteinase domain-containing protein 9 (Fragment),Vipera anatolica senliki,2604287,2,Snake_Venom_Metalloproteinases(SVMP),train,3
2207,2207,tr,A0AAW1AMS2,A0AAW1AMS2_CROAD,A disintegrin and metalloproteinase with thrombospondin motifs 4,Crotalus adamanteus,8729,4,Snake_Venom_Metalloproteinases(SVMP),train,3
2208,2208,tr,A0A6P9DNB3,A0A6P9DNB3_PANGU,Zinc metalloproteinase-disintegrin-like VMP-III,Pantherophis guttatus,94885,4,Snake_Venom_Metalloproteinases(SVMP),test,3
2209,2209,tr,A0A2D4LB94,A0A2D4LB94_9SAUR,72 kDa type IV collagenase (Fragment),Micrurus spixii,129469,3,Snake_Venom_Metalloproteinases(SVMP),train,3
2210,2210,tr,V8N6X6,V8N6X6_OPHHA,A disintegrin and metalloproteinase with thrombospondin motifs 4 (Fragment),Ophiophagus hannah,8665,4,Snake_Venom_Metalloproteinases(SVMP),val,3
2211,2211,tr,A0A0F7ZCQ8,A0A0F7ZCQ8_CROAD,Disintegrin and metalloproteinase domain-containing protein 9,Crotalus adamanteus,8729,2,Snake_Venom_Metalloproteinases(SVMP),train,3
2212,2212,tr,A0A6J1VUI6,A0A6J1VUI6_9SAUR,Disintegrin and metalloproteinase domain-containing protein 11,Notechis scutatus,8663,4,Snake_Venom_Metalloproteinases(SVMP),train,3
2213,2213,tr,A0A6G5ZUL8,A0A6G5ZUL8_VIPAN,Disintegrin and metalloproteinase domain-containing protein 10 (Fragment),Vipera anatolica senliki,2604287,2,Snake_Venom_Metalloproteinases(SVMP),train,3
2214,2214,tr,A0A6H0D9V2,A0A6H0D9V2_CROHD,Metalloproteinase disintegrin and cysteine-rich protein 7,Crotalus horridus,35024,4,Snake_Venom_Metalloproteinases(SVMP),test,3
2215,2215,tr,A0A6H0DBE3,A0A6H0DBE3_CROHD,Metalloproteinase disintegrin and cysteine-rich protein 6,Crotalus horridus,35024,4,Snake_Venom_Metalloproteinases(SVMP),train,3
2216,2216,tr,A0A6I9Y7E6,A0A6I9Y7E6_9SAUR,Disintegrin and metalloproteinase domain-containing protein 19,Thamnophis sirtalis,35019,4,Snake_Venom_Metalloproteinases(SVMP),train,3
2217,2217,tr,A0A6P9AJC4,A0A6P9AJC4_PANGU,Disintegrin and metalloproteinase domain-containing protein 19,Pantherophis guttatus,94885,4,Snake_Venom_Metalloproteinases(SVMP),train,3
2218,2218,tr,A0A6P9AVX1,A0A6P9AVX1_PANGU,Disintegrin and metalloproteinase domain-containing protein 15,Pantherophis guttatus,94885,4,Snake_Venom_Metalloproteinases(SVMP),train,3
2219,2219,tr,A0A6G5ZUB3,A0A6G5ZUB3_VIPAN,Disintegrin and metalloproteinase domain-containing protein 4 (Fragment),Vipera anatolica senliki,2604287,2,Snake_Venom_Metalloproteinases(SVMP),train,3
2220,2220,tr,A0A6I9YME4,A0A6I9YME4_9SAUR,Disintegrin and metalloproteinase domain-containing protein 28,Thamnophis sirtalis,35019,4,Snake_Venom_Metalloproteinases(SVMP),train,3
2221,2221,tr,A0A6J1U1P8,A0A6J1U1P8_9SAUR,Disintegrin and metalloproteinase domain-containing protein 12,Notechis scutatus,8663,4,Snake_Venom_Metalloproteinases(SVMP),test,3
2222,2222,tr,A0A9F2QBY6,A0A9F2QBY6_PYTBI,Disintegrin and metalloproteinase domain-containing protein 19,Python bivittatus,176946,4,Snake_Venom_Metalloproteinases(SVMP),train,3
2223,2223,tr,A0A6H0D994,A0A6H0D994_CROHD,Metalloproteinase disintegrin and cysteine-rich protein 8,Crotalus horridus,35024,4,Snake_Venom_Metalloproteinases(SVMP),train,3
2224,2224,tr,A0A9F2N7E4,A0A9F2N7E4_PYTBI,Disintegrin and metalloproteinase domain-containing protein 11,Python bivittatus,176946,4,Snake_Venom_Metalloproteinases(SVMP),train,3
2225,2225,tr,A0A9F5INE8,A0A9F5INE8_PYTBI,Disintegrin and metalloproteinase domain-containing protein 33,Python bivittatus,176946,4,Snake_Venom_Metalloproteinases(SVMP),train,3
2226,2226,tr,A0A6I9YV47,A0A6I9YV47_9SAUR,Disintegrin and metalloproteinase domain-containing protein 22,Thamnophis sirtalis,35019,4,Snake_Venom_Metalloproteinases(SVMP),train,3
2227,2227,tr,A0A9F5IUU8,A0A9F5IUU8_PYTBI,Disintegrin and metalloproteinase domain-containing protein 12,Python bivittatus,176946,4,Snake_Venom_Metalloproteinases(SVMP),test,3
2228,2228,tr,A0A6J1V116,A0A6J1V116_9SAUR,LOW QUALITY PROTEIN: zinc metalloproteinase-disintegrin-like NaMP,Notechis scutatus,8663,4,Snake_Venom_Metalloproteinases(SVMP),train,3
2229,2229,tr,A0A6P9BQF0,A0A6P9BQF0_PANGU,Disintegrin and metalloproteinase domain-containing protein 20-like,Pantherophis guttatus,94885,4,Snake_Venom_Metalloproteinases(SVMP),train,3
2230,2230,tr,A0A6I9XWS2,A0A6I9XWS2_9SAUR,Disintegrin and metalloproteinase domain-containing protein 20-like,Thamnophis sirtalis,35019,4,Snake_Venom_Metalloproteinases(SVMP),val,3
2231,2231,tr,A0A6I9YVG2,A0A6I9YVG2_9SAUR,Disintegrin and metalloproteinase domain-containing protein 21-like,Thamnophis sirtalis,35019,4,Snake_Venom_Metalloproteinases(SVMP),train,3
2232,2232,tr,A0A6J1VWZ5,A0A6J1VWZ5_9SAUR,Disintegrin and metalloproteinase domain-containing protein 19-like,Notechis scutatus,8663,4,Snake_Venom_Metalloproteinases(SVMP),train,3
2233,2233,tr,A0A6J1W554,A0A6J1W554_9SAUR,Disintegrin and metalloproteinase domain-containing protein 20-like,Notechis scutatus,8663,4,Snake_Venom_Metalloproteinases(SVMP),train,3
2234,2234,tr,A0A6P9AXI1,A0A6P9AXI1_PANGU,Disintegrin and metalloproteinase domain-containing protein 20-like,Pantherophis guttatus,94885,4,Snake_Venom_Metalloproteinases(SVMP),train,3
2235,2235,tr,A0A6P9AXX0,A0A6P9AXX0_PANGU,Disintegrin and metalloproteinase domain-containing protein 33-like,Pantherophis guttatus,94885,4,Snake_Venom_Metalloproteinases(SVMP),train,3
2236,2236,tr,A0A6P9C1G7,A0A6P9C1G7_PANGU,Disintegrin and metalloproteinase domain-containing protein 20-like,Pantherophis guttatus,94885,4,Snake_Venom_Metalloproteinases(SVMP),train,3
2237,2237,tr,A0A6P9AWV9,A0A6P9AWV9_PANGU,Disintegrin and metalloproteinase domain-containing protein 20-like,Pantherophis guttatus,94885,4,Snake_Venom_Metalloproteinases(SVMP),train,3
2238,2238,tr,A0A6P9CNF9,A0A6P9CNF9_PANGU,Disintegrin and metalloproteinase domain-containing protein 21-like,Pantherophis guttatus,94885,4,Snake_Venom_Metalloproteinases(SVMP),val,3
2239,2239,tr,A0A6P9DKK0,A0A6P9DKK0_PANGU,Disintegrin and metalloproteinase domain-containing protein 26A-like,Pantherophis guttatus,94885,4,Snake_Venom_Metalloproteinases(SVMP),train,3
2240,2240,tr,A0A9F5MYR7,A0A9F5MYR7_PYTBI,Disintegrin and metalloproteinase domain-containing protein 9-like,Python bivittatus,176946,4,Snake_Venom_Metalloproteinases(SVMP),train,3
2241,2241,tr,A0A6J1VPN9,A0A6J1VPN9_9SAUR,Disintegrin and metalloproteinase domain-containing protein 21-like,Notechis scutatus,8663,4,Snake_Venom_Metalloproteinases(SVMP),train,3
2242,2242,tr,A0A9F2PNA6,A0A9F2PNA6_PYTBI,Disintegrin and metalloproteinase domain-containing protein 20-like,Python bivittatus,176946,4,Snake_Venom_Metalloproteinases(SVMP),train,3
2243,2243,tr,A0A6J1U821,A0A6J1U821_9SAUR,Disintegrin and metalloproteinase domain-containing protein 20-like,Notechis scutatus,8663,4,Snake_Venom_Metalloproteinases(SVMP),test,3
2244,2244,tr,A0A6J1W538,A0A6J1W538_9SAUR,Disintegrin and metalloproteinase domain-containing protein 20-like,Notechis scutatus,8663,4,Snake_Venom_Metalloproteinases(SVMP),val,3
2245,2245,tr,A0A6J1W8T1,A0A6J1W8T1_9SAUR,Disintegrin and metalloproteinase domain-containing protein 21-like,Notechis scutatus,8663,4,Snake_Venom_Metalloproteinases(SVMP),train,3
2246,2246,tr,A0A8C5WNJ2,A0A8C5WNJ2_LATLA,Disintegrin and metalloproteinase domain-containing protein 20-like,Laticauda laticaudata,8630,4,Snake_Venom_Metalloproteinases(SVMP),train,3
2247,2247,tr,A0A9F2NCH3,A0A9F2NCH3_PYTBI,Disintegrin and metalloproteinase domain-containing protein 20-like,Python bivittatus,176946,4,Snake_Venom_Metalloproteinases(SVMP),train,3
2248,2248,tr,A0A9F5N2P8,A0A9F5N2P8_PYTBI,Disintegrin and metalloproteinase domain-containing protein 21-like,Python bivittatus,176946,4,Snake_Venom_Metalloproteinases(SVMP),train,3
2249,2249,tr,V8NYE3,V8NYE3_OPHHA,A disintegrin and metalloproteinase with thrombospondin motifs 5 (Fragment),Ophiophagus hannah,8665,4,Snake_Venom_Metalloproteinases(SVMP),train,3
2250,2250,tr,A0A6J1V1L9,A0A6J1V1L9_9SAUR,Disintegrin and metalloproteinase domain-containing protein 22 isoform X2,Notechis scutatus,8663,4,Snake_Venom_Metalloproteinases(SVMP),train,3
2251,2251,tr,A0A6J1V326,A0A6J1V326_9SAUR,Disintegrin and metalloproteinase domain-containing protein 22 isoform X5,Notechis scutatus,8663,4,Snake_Venom_Metalloproteinases(SVMP),train,3
2252,2252,tr,A0A6J1V8Z2,A0A6J1V8Z2_9SAUR,Disintegrin and metalloproteinase domain-containing protein 22 isoform X3,Notechis scutatus,8663,4,Snake_Venom_Metalloproteinases(SVMP),val,3
2253,2253,tr,A0A6J1VBB6,A0A6J1VBB6_9SAUR,Disintegrin and metalloproteinase domain-containing protein 22 isoform X4,Notechis scutatus,8663,4,Snake_Venom_Metalloproteinases(SVMP),train,3
2254,2254,tr,A0A6P9AI98,A0A6P9AI98_PANGU,Disintegrin and metalloproteinase domain-containing protein 22 isoform X3,Pantherophis guttatus,94885,4,Snake_Venom_Metalloproteinases(SVMP),val,3
2255,2255,tr,A0A6P9BL20,A0A6P9BL20_PANGU,Disintegrin and metalloproteinase domain-containing protein 11 isoform X4,Pantherophis guttatus,94885,4,Snake_Venom_Metalloproteinases(SVMP),train,3
2256,2256,tr,A0A6P9BWQ7,A0A6P9BWQ7_PANGU,Disintegrin and metalloproteinase domain-containing protein 11 isoform X7,Pantherophis guttatus,94885,4,Snake_Venom_Metalloproteinases(SVMP),train,3
2257,2257,tr,A0A6I9Z6X7,A0A6I9Z6X7_9SAUR,Disintegrin and metalloproteinase domain-containing protein 11 isoform X1,Thamnophis sirtalis,35019,4,Snake_Venom_Metalloproteinases(SVMP),train,3
2258,2258,tr,A0A6P9AIA4,A0A6P9AIA4_PANGU,Disintegrin and metalloproteinase domain-containing protein 22 isoform X6,Pantherophis guttatus,94885,4,Snake_Venom_Metalloproteinases(SVMP),train,3
2259,2259,tr,A0A6P9AIQ7,A0A6P9AIQ7_PANGU,Disintegrin and metalloproteinase domain-containing protein 22 isoform X7,Pantherophis guttatus,94885,4,Snake_Venom_Metalloproteinases(SVMP),test,3
2260,2260,tr,A0A6P9AR79,A0A6P9AR79_PANGU,Disintegrin and metalloproteinase domain-containing protein 22 isoform X2,Pantherophis guttatus,94885,4,Snake_Venom_Metalloproteinases(SVMP),train,3
2261,2261,tr,A0A6J1V1M4,A0A6J1V1M4_9SAUR,Disintegrin and metalloproteinase domain-containing protein 22 isoform X6,Notechis scutatus,8663,4,Snake_Venom_Metalloproteinases(SVMP),train,3
2262,2262,tr,A0A6P9AR87,A0A6P9AR87_PANGU,Disintegrin and metalloproteinase domain-containing protein 22 isoform X5,Pantherophis guttatus,94885,4,Snake_Venom_Metalloproteinases(SVMP),train,3
2263,2263,tr,A0A6P9BPN1,A0A6P9BPN1_PANGU,Disintegrin and metalloproteinase domain-containing protein 11 isoform X6,Pantherophis guttatus,94885,4,Snake_Venom_Metalloproteinases(SVMP),train,3
2264,2264,tr,A0A6I9Z681,A0A6I9Z681_9SAUR,Zinc metalloproteinase-disintegrin-like MTP9,Thamnophis sirtalis,35019,4,Snake_Venom_Metalloproteinases(SVMP),train,3
2265,2265,tr,A0A6J1V1M1,A0A6J1V1M1_9SAUR,Disintegrin and metalloproteinase domain-containing protein 22 isoform X1,Notechis scutatus,8663,4,Snake_Venom_Metalloproteinases(SVMP),train,3
2266,2266,tr,A0A6P9BM83,A0A6P9BM83_PANGU,Disintegrin and metalloproteinase domain-containing protein 11 isoform X5,Pantherophis guttatus,94885,4,Snake_Venom_Metalloproteinases(SVMP),train,3
2267,2267,tr,A0A6P9DN89,A0A6P9DN89_PANGU,Zinc metalloproteinase-disintegrin-like NaMP,Pantherophis guttatus,94885,4,Snake_Venom_Metalloproteinases(SVMP),train,3
2268,2268,tr,A0A6I9Z7X4,A0A6I9Z7X4_9SAUR,Disintegrin and metalloproteinase domain-containing protein 11 isoform X2,Thamnophis sirtalis,35019,4,Snake_Venom_Metalloproteinases(SVMP),train,3
2269,2269,tr,A0A6P9AIQ0,A0A6P9AIQ0_PANGU,Disintegrin and metalloproteinase domain-containing protein 22 isoform X4,Pantherophis guttatus,94885,4,Snake_Venom_Metalloproteinases(SVMP),test,3
2270,2270,tr,A0A6P9AM21,A0A6P9AM21_PANGU,Disintegrin and metalloproteinase domain-containing protein 22 isoform X1,Pantherophis guttatus,94885,4,Snake_Venom_Metalloproteinases(SVMP),train,3
2271,2271,tr,A0A6P9BPM7,A0A6P9BPM7_PANGU,Disintegrin and metalloproteinase domain-containing protein 11 isoform X1,Pantherophis guttatus,94885,4,Snake_Venom_Metalloproteinases(SVMP),train,3
2272,2272,tr,A0A6P9BVN6,A0A6P9BVN6_PANGU,Disintegrin and metalloproteinase domain-containing protein 11 isoform X3,Pantherophis guttatus,94885,4,Snake_Venom_Metalloproteinases(SVMP),train,3
2273,2273,tr,A0A6P9BVP1,A0A6P9BVP1_PANGU,Disintegrin and metalloproteinase domain-containing protein 11 isoform X8,Pantherophis guttatus,94885,4,Snake_Venom_Metalloproteinases(SVMP),train,3
2274,2274,tr,A0A6P9BWQ3,A0A6P9BWQ3_PANGU,Disintegrin and metalloproteinase domain-containing protein 11 isoform X2,Pantherophis guttatus,94885,4,Snake_Venom_Metalloproteinases(SVMP),train,3
2275,2275,tr,A0A6J1UH79,A0A6J1UH79_9SAUR,Zinc metalloproteinase-disintegrin-like MTP9,Notechis scutatus,8663,4,Snake_Venom_Metalloproteinases(SVMP),train,3
2276,2276,tr,A0A6I9Y427,A0A6I9Y427_9SAUR,Zinc metalloproteinase-disintegrin-like BmMP,Thamnophis sirtalis,35019,4,Snake_Venom_Metalloproteinases(SVMP),train,3
2277,2277,tr,A0A9F3VZC3,A0A9F3VZC3_PYTBI,Disintegrin and metalloproteinase domain-containing protein 9-like isoform X2,Python bivittatus,176946,4,Snake_Venom_Metalloproteinases(SVMP),train,3
2278,2278,tr,A0A6I9YZ17,A0A6I9YZ17_9SAUR,Zinc metalloproteinase-disintegrin-like VLAIP-B,Thamnophis sirtalis,35019,4,Snake_Venom_Metalloproteinases(SVMP),train,3
2279,2279,tr,A0A9F5J652,A0A9F5J652_PYTBI,Disintegrin and metalloproteinase domain-containing protein 15,Python bivittatus,176946,4,Snake_Venom_Metalloproteinases(SVMP),train,3
2280,2280,tr,A0A6J1UDE6,A0A6J1UDE6_9SAUR,Disintegrin and metalloproteinase domain-containing protein 23,Notechis scutatus,8663,4,Snake_Venom_Metalloproteinases(SVMP),train,3
2281,2281,tr,A0A6I9XF80,A0A6I9XF80_9SAUR,Disintegrin and metalloproteinase domain-containing protein 23,Thamnophis sirtalis,35019,4,Snake_Venom_Metalloproteinases(SVMP),test,3
2282,2282,tr,A0A6J1VLQ1,A0A6J1VLQ1_9SAUR,Disintegrin and metalloproteinase domain-containing protein 5,Notechis scutatus,8663,4,Snake_Venom_Metalloproteinases(SVMP),train,3
2283,2283,tr,A0A9F5MR32,A0A9F5MR32_PYTBI,Disintegrin and metalloproteinase domain-containing protein 22,Python bivittatus,176946,4,Snake_Venom_Metalloproteinases(SVMP),train,3
2284,2284,tr,A0A9F5IUH2,A0A9F5IUH2_PYTBI,Disintegrin and metalloproteinase domain-containing protein 32,Python bivittatus,176946,4,Snake_Venom_Metalloproteinases(SVMP),test,3
2285,2285,tr,J3SCQ5,J3SCQ5_CROAD,Metalloproteinase inhibitor 3,Crotalus adamanteus,8729,2,Snake_Venom_Metalloproteinases(SVMP),train,3
2286,2286,tr,A0A6I9Z546,A0A6I9Z546_9SAUR,Disintegrin and metalloproteinase domain-containing protein 9-like,Thamnophis sirtalis,35019,4,Snake_Venom_Metalloproteinases(SVMP),train,3
2287,2287,tr,A0A6J1W5Z9,A0A6J1W5Z9_9SAUR,Disintegrin and metalloproteinase domain-containing protein 21-like,Notechis scutatus,8663,4,Snake_Venom_Metalloproteinases(SVMP),train,3
2288,2288,tr,A0A9F5J7B6,A0A9F5J7B6_PYTBI,Disintegrin and metalloproteinase domain-containing protein 23-like,Python bivittatus,176946,4,Snake_Venom_Metalloproteinases(SVMP),train,3
2289,2289,tr,A0A9F5MX01,A0A9F5MX01_PYTBI,Disintegrin and metalloproteinase domain-containing protein 21-like,Python bivittatus,176946,4,Snake_Venom_Metalloproteinases(SVMP),val,3
2290,2290,tr,A0A6I9XD44,A0A6I9XD44_9SAUR,Disintegrin and metalloproteinase domain-containing protein 33-like,Thamnophis sirtalis,35019,4,Snake_Venom_Metalloproteinases(SVMP),train,3
2291,2291,tr,A0A6P9AUB4,A0A6P9AUB4_PANGU,Disintegrin and metalloproteinase domain-containing protein 32-like,Pantherophis guttatus,94885,4,Snake_Venom_Metalloproteinases(SVMP),train,3
2292,2292,tr,A0A9F3W0P3,A0A9F3W0P3_PYTBI,LOW QUALITY PROTEIN: zinc metalloproteinase-disintegrin-like NaMP,Python bivittatus,176946,4,Snake_Venom_Metalloproteinases(SVMP),train,3
2293,2293,tr,A0A6P9AU00,A0A6P9AU00_PANGU,Disintegrin and metalloproteinase domain-containing protein 9-like,Pantherophis guttatus,94885,4,Snake_Venom_Metalloproteinases(SVMP),train,3
2294,2294,tr,A0A9F5JBQ1,A0A9F5JBQ1_PYTBI,Disintegrin and metalloproteinase domain-containing protein 21-like,Python bivittatus,176946,4,Snake_Venom_Metalloproteinases(SVMP),train,3
2295,2295,tr,A0A9F5JFY3,A0A9F5JFY3_PYTBI,LOW QUALITY PROTEIN: zinc metalloproteinase-disintegrin-like NaMP,Python bivittatus,176946,4,Snake_Venom_Metalloproteinases(SVMP),train,3
2296,2296,tr,A0A6I9XKU6,A0A6I9XKU6_9SAUR,Disintegrin and metalloproteinase domain-containing protein 9-like,Thamnophis sirtalis,35019,4,Snake_Venom_Metalloproteinases(SVMP),train,3
2297,2297,tr,A0A6J1W0U4,A0A6J1W0U4_9SAUR,Disintegrin and metalloproteinase domain-containing protein 15-like,Notechis scutatus,8663,4,Snake_Venom_Metalloproteinases(SVMP),train,3
2298,2298,tr,A0A6P9AWB9,A0A6P9AWB9_PANGU,Disintegrin and metalloproteinase domain-containing protein 2-like,Pantherophis guttatus,94885,4,Snake_Venom_Metalloproteinases(SVMP),val,3
2299,2299,tr,A0A6P9B506,A0A6P9B506_PANGU,Disintegrin and metalloproteinase domain-containing protein 19-like,Pantherophis guttatus,94885,4,Snake_Venom_Metalloproteinases(SVMP),train,3
2300,2300,tr,A0A6J1VYT1,A0A6J1VYT1_9SAUR,Disintegrin and metalloproteinase domain-containing protein 15-like,Notechis scutatus,8663,4,Snake_Venom_Metalloproteinases(SVMP),train,3
2301,2301,tr,A0A6J1W854,A0A6J1W854_9SAUR,Disintegrin and metalloproteinase domain-containing protein 10-like,Notechis scutatus,8663,4,Snake_Venom_Metalloproteinases(SVMP),train,3
2302,2302,tr,A0A9F5IM86,A0A9F5IM86_PYTBI,Disintegrin and metalloproteinase domain-containing protein 2-like,Python bivittatus,176946,4,Snake_Venom_Metalloproteinases(SVMP),val,3
2303,2303,tr,A0A6P9CW99,A0A6P9CW99_PANGU,Disintegrin and metalloproteinase domain-containing protein 23 isoform X1,Pantherophis guttatus,94885,4,Snake_Venom_Metalloproteinases(SVMP),train,3
2304,2304,tr,A0A6P9CWA5,A0A6P9CWA5_PANGU,Disintegrin and metalloproteinase domain-containing protein 23 isoform X2,Pantherophis guttatus,94885,4,Snake_Venom_Metalloproteinases(SVMP),train,3
2305,2305,tr,A0A6P9D7J6,A0A6P9D7J6_PANGU,Disintegrin and metalloproteinase domain-containing protein 23 isoform X3,Pantherophis guttatus,94885,4,Snake_Venom_Metalloproteinases(SVMP),train,3
2306,2306,tr,Q9PT50,Q9PT50_9SAUR,Metalloproteinase (Fragment),Atractaspis andersonii,8600,2,Snake_Venom_Metalloproteinases(SVMP),val,3
2307,2307,tr,A7X6J6,A7X6J6_TELDH,SVMP-Tel1 (Fragment),Telescopus dhara,338837,2,Snake_Venom_Metalloproteinases(SVMP),train,3
2308,2308,tr,A7X4G0,A7X4G0_THRJA,SVMP-Thr1 (Fragment),Thrasops jacksonii,186611,2,Snake_Venom_Metalloproteinases(SVMP),train,3
2309,2309,tr,A7X4H7,A7X4H7_LEIMD,SVMP-Lei1 (Fragment),Leioheterodon madagascariensis,46577,2,Snake_Venom_Metalloproteinases(SVMP),test,3
2310,2310,tr,A7X500,A7X500_CAURH,SVMP-Cau4 (Fragment),Causus rhombeatus,44735,2,Snake_Venom_Metalloproteinases(SVMP),train,3
2311,2311,tr,R4G307,R4G307_9SAUR,SVMP-Pse-4 (Fragment),Pseudonaja modesta,340912,2,Snake_Venom_Metalloproteinases(SVMP),val,3
2312,2312,tr,A0AAW1AYW2,A0AAW1AYW2_CROAD,Matrix metalloproteinase-17,Crotalus adamanteus,8729,3,Snake_Venom_Metalloproteinases(SVMP),train,3
2313,2313,tr,A0AAW1CDR2,A0AAW1CDR2_CROAD,Matrix metalloproteinase-28,Crotalus adamanteus,8729,3,Snake_Venom_Metalloproteinases(SVMP),train,3
2314,2314,tr,A0AAW1C0S8,A0AAW1C0S8_CROAD,Matrix metalloproteinase-19,Crotalus adamanteus,8729,3,Snake_Venom_Metalloproteinases(SVMP),train,3
2315,2315,tr,V8N990,V8N990_OPHHA,Matrix metalloproteinase-20 (Fragment),Ophiophagus hannah,8665,3,Snake_Venom_Metalloproteinases(SVMP),train,3
2316,2316,tr,V8P1R4,V8P1R4_OPHHA,Metalloproteinase inhibitor 4 (Fragment),Ophiophagus hannah,8665,4,Snake_Venom_Metalloproteinases(SVMP),train,3
2317,2317,tr,V8P931,V8P931_OPHHA,Pitrilysin metalloproteinase 1 (Fragment),Ophiophagus hannah,8665,4,Snake_Venom_Metalloproteinases(SVMP),train,3
2318,2318,tr,V8PBN6,V8PBN6_OPHHA,Matrix metalloproteinase-17 (Fragment),Ophiophagus hannah,8665,3,Snake_Venom_Metalloproteinases(SVMP),train,3
2319,2319,tr,V8N5G1,V8N5G1_OPHHA,Matrix metalloproteinase-9 (Fragment),Ophiophagus hannah,8665,3,Snake_Venom_Metalloproteinases(SVMP),train,3
2320,2320,tr,V8NC78,V8NC78_OPHHA,Matrix metalloproteinase-17 (Fragment),Ophiophagus hannah,8665,3,Snake_Venom_Metalloproteinases(SVMP),train,3
2321,2321,tr,V8NU16,V8NU16_OPHHA,Matrix metalloproteinase-15,Ophiophagus hannah,8665,3,Snake_Venom_Metalloproteinases(SVMP),train,3
2322,2322,tr,V8NKV4,V8NKV4_OPHHA,Matrix metalloproteinase-9 (Fragment),Ophiophagus hannah,8665,3,Snake_Venom_Metalloproteinases(SVMP),train,3
2323,2323,tr,V8P1M2,V8P1M2_OPHHA,Matrix metalloproteinase-28,Ophiophagus hannah,8665,3,Snake_Venom_Metalloproteinases(SVMP),train,3
2324,2324,tr,V8NE62,V8NE62_OPHHA,Matrix metalloproteinase-23 (Fragment),Ophiophagus hannah,8665,3,Snake_Venom_Metalloproteinases(SVMP),val,3
2325,2325,tr,A0A023J5H9,A0A023J5H9_CROSS,GP-III metalloproteinase (Fragment),Crotalus scutulatus scutulatus,8738,4,Snake_Venom_Metalloproteinases(SVMP),train,3
2326,2326,tr,A0A023J5I2,A0A023J5I2_CROSS,GP-I metalloproteinase (Fragment),Crotalus scutulatus scutulatus,8738,4,Snake_Venom_Metalloproteinases(SVMP),train,3
2327,2327,tr,A0A023J5I5,A0A023J5I5_CROSS,GP-IV metalloproteinase (Fragment),Crotalus scutulatus scutulatus,8738,4,Snake_Venom_Metalloproteinases(SVMP),train,3
2328,2328,tr,A0A023J5I1,A0A023J5I1_CROSS,GP-II metalloproteinase (Fragment),Crotalus scutulatus scutulatus,8738,4,Snake_Venom_Metalloproteinases(SVMP),train,3
2329,2329,tr,A0AAW1B4W5,A0AAW1B4W5_CROAD,MMP9: Matrix metalloproteinase-9 (Fragment),Crotalus adamanteus,8729,3,Snake_Venom_Metalloproteinases(SVMP),train,3
2330,2330,tr,A0AAW1BJZ5,A0AAW1BJZ5_CROAD,MMP20: Matrix metalloproteinase-20,Crotalus adamanteus,8729,3,Snake_Venom_Metalloproteinases(SVMP),train,3
2331,2331,tr,A0AAW1BKJ2,A0AAW1BKJ2_CROAD,Matrix metalloproteinase-18-like,Crotalus adamanteus,8729,3,Snake_Venom_Metalloproteinases(SVMP),train,3
2332,2332,tr,A0AAW1BKV4,A0AAW1BKV4_CROAD,Collagenase 3,Crotalus adamanteus,8729,3,Snake_Venom_Metalloproteinases(SVMP),train,3
2333,2333,tr,T1E544,T1E544_CROHD,Metalloproteinase inhibitor 3,Crotalus horridus,35024,2,Snake_Venom_Metalloproteinases(SVMP),train,3
2334,2334,tr,A0A0B8RWR0,A0A0B8RWR0_9SAUR,"Presequence protease, mitochondrial",Philothamnus irregularis,1899461,3,Snake_Venom_Metalloproteinases(SVMP),train,3
2335,2335,tr,A0A1W7REK5,A0A1W7REK5_AGKCO,"Presequence protease, mitochondrial",Agkistrodon contortrix contortrix,8713,3,Snake_Venom_Metalloproteinases(SVMP),train,3
2336,2336,tr,A0AAW1B2A6,A0AAW1B2A6_CROAD,"Presequence protease, mitochondrial",Crotalus adamanteus,8729,3,Snake_Venom_Metalloproteinases(SVMP),train,3
2337,2337,tr,E9JGD1,E9JGD1_ECHPL,Metalloproteinase (Fragment),Echis pyramidum leakeyi,38415,2,Snake_Venom_Metalloproteinases(SVMP),train,3
2338,2338,tr,A0AAW1BYY7,A0AAW1BYY7_CROAD,Archaemetzincin-2,Crotalus adamanteus,8729,3,Snake_Venom_Metalloproteinases(SVMP),train,3
2339,2339,tr,A0A2D4GQP6,A0A2D4GQP6_MICCO,Metalloproteinase inhibitor 1 (Fragment),Micrurus corallinus,54390,4,Snake_Venom_Metalloproteinases(SVMP),train,3
2340,2340,tr,A0A2H4N3E4,A0A2H4N3E4_BOTMO,Metalloproteinase inhibitor 3 (Fragment),Bothrops moojeni,98334,2,Snake_Venom_Metalloproteinases(SVMP),train,3
2341,2341,tr,V8PCY3,V8PCY3_OPHHA,Archaemetzincin-2 (Fragment),Ophiophagus hannah,8665,3,Snake_Venom_Metalloproteinases(SVMP),train,3
2342,2342,tr,A0A2D4IFH5,A0A2D4IFH5_MICLE,A disintegrin and metalloproteinase with thrombospondin motifs 1,Micrurus lemniscatus lemniscatus,129467,4,Snake_Venom_Metalloproteinases(SVMP),train,3
2343,2343,tr,A0A2D4IFH2,A0A2D4IFH2_MICLE,A disintegrin and metalloproteinase with thrombospondin motifs 1 (Fragment),Micrurus lemniscatus lemniscatus,129467,4,Snake_Venom_Metalloproteinases(SVMP),train,3
2344,2344,tr,E9JG32,E9JG32_ECHCS,Metalloproteinase,Echis carinatus sochureki,124223,2,Snake_Venom_Metalloproteinases(SVMP),train,3
2345,2345,tr,E9JGH6,E9JGH6_ECHCS,Metalloproteinase,Echis carinatus sochureki,124223,2,Snake_Venom_Metalloproteinases(SVMP),val,3
2346,2346,tr,E9JG31,E9JG31_ECHCS,Metalloproteinase (Fragment),Echis carinatus sochureki,124223,2,Snake_Venom_Metalloproteinases(SVMP),train,3
2347,2347,tr,E9JGG6,E9JGG6_ECHCO,Metalloproteinase,Echis coloratus,64175,2,Snake_Venom_Metalloproteinases(SVMP),train,3
2348,2348,tr,A0A0F7ZE05,A0A0F7ZE05_CROAD,A disintegrin and metalloproteinase with thrombospondin motifs 1,Crotalus adamanteus,8729,2,Snake_Venom_Metalloproteinases(SVMP),train,3
2349,2349,tr,A0A0F7Z1H9,A0A0F7Z1H9_MICFL,Metalloproteinase inhibitor 3,Micrurus fulvius,8637,2,Snake_Venom_Metalloproteinases(SVMP),train,3
2350,2350,tr,A0A1W7RFR3,A0A1W7RFR3_AGKCO,Metalloproteinase inhibitor 3,Agkistrodon contortrix contortrix,8713,3,Snake_Venom_Metalloproteinases(SVMP),train,3
2351,2351,tr,A0A7R7T1Q6,A0A7R7T1Q6_9SAUR,Zinc metalloproteinase,Montivipera raddei,110212,2,Snake_Venom_Metalloproteinases(SVMP),train,3
2352,2352,tr,A0AAW1AR10,A0AAW1AR10_CROAD,Disintegrin and metalloproteinase domain-containing protein 9-like,Crotalus adamanteus,8729,4,Snake_Venom_Metalloproteinases(SVMP),train,3
2353,2353,tr,A0AAW1BAQ4,A0AAW1BAQ4_CROAD,A disintegrin and metalloproteinase with thrombospondin motifs 3,Crotalus adamanteus,8729,4,Snake_Venom_Metalloproteinases(SVMP),train,3
2354,2354,tr,A0AAW1BZH1,A0AAW1BZH1_CROAD,Metalloproteinase inhibitor 1,Crotalus adamanteus,8729,4,Snake_Venom_Metalloproteinases(SVMP),train,3
2355,2355,tr,A0AAW1C1E3,A0AAW1C1E3_CROAD,Metalloproteinase inhibitor 1,Crotalus adamanteus,8729,3,Snake_Venom_Metalloproteinases(SVMP),train,3
2356,2356,tr,A0AAW1AXC7,A0AAW1AXC7_CROAD,A disintegrin and metalloproteinase with thrombospondin motifs 7,Crotalus adamanteus,8729,4,Snake_Venom_Metalloproteinases(SVMP),val,3
2357,2357,tr,A0AAW1BV30,A0AAW1BV30_CROAD,A disintegrin and metalloproteinase with thrombospondin motifs 9,Crotalus adamanteus,8729,4,Snake_Venom_Metalloproteinases(SVMP),train,3
2358,2358,tr,A0AAW1C0X1,A0AAW1C0X1_CROAD,A disintegrin and metalloproteinase with thrombospondin motifs 19,Crotalus adamanteus,8729,4,Snake_Venom_Metalloproteinases(SVMP),test,3
2359,2359,tr,A0AAW1C4X2,A0AAW1C4X2_CROAD,A disintegrin and metalloproteinase with thrombospondin motifs 10,Crotalus adamanteus,8729,4,Snake_Venom_Metalloproteinases(SVMP),val,3
2360,2360,tr,A0AAW1AS39,A0AAW1AS39_CROAD,A disintegrin and metalloproteinase with thrombospondin motifs 13,Crotalus adamanteus,8729,4,Snake_Venom_Metalloproteinases(SVMP),train,3
2361,2361,tr,A0AAW1B0W0,A0AAW1B0W0_CROAD,A disintegrin and metalloproteinase with thrombospondin motifs 15,Crotalus adamanteus,8729,4,Snake_Venom_Metalloproteinases(SVMP),val,3
2362,2362,tr,A0AAW1BCR0,A0AAW1BCR0_CROAD,Metalloproteinase inhibitor 3,Crotalus adamanteus,8729,3,Snake_Venom_Metalloproteinases(SVMP),train,3
2363,2363,tr,A0AAW1BES3,A0AAW1BES3_CROAD,A disintegrin and metalloproteinase with thrombospondin motifs 14,Crotalus adamanteus,8729,4,Snake_Venom_Metalloproteinases(SVMP),train,3
2364,2364,tr,A0AAW1BZJ4,A0AAW1BZJ4_CROAD,Metalloproteinase inhibitor 1,Crotalus adamanteus,8729,4,Snake_Venom_Metalloproteinases(SVMP),train,3
2365,2365,tr,A0AAW1C463,A0AAW1C463_CROAD,A disintegrin and metalloproteinase with thrombospondin motifs 6,Crotalus adamanteus,8729,4,Snake_Venom_Metalloproteinases(SVMP),train,3
2366,2366,tr,A0AAW1ATC3,A0AAW1ATC3_CROAD,A disintegrin and metalloproteinase with thrombospondin motifs 18,Crotalus adamanteus,8729,4,Snake_Venom_Metalloproteinases(SVMP),train,3
2367,2367,tr,A0AAW1BJM6,A0AAW1BJM6_CROAD,A disintegrin and metalloproteinase with thrombospondin motifs 1,Crotalus adamanteus,8729,4,Snake_Venom_Metalloproteinases(SVMP),val,3
2368,2368,tr,A0A0B8RUA8,A0A0B8RUA8_9SAUR,Metalloproteinase inhibitor 3,Philothamnus irregularis,1899461,3,Snake_Venom_Metalloproteinases(SVMP),train,3
2369,2369,tr,V8NI74,V8NI74_OPHHA,A disintegrin and metalloproteinase with thrombospondin motifs 7 (Fragment),Ophiophagus hannah,8665,4,Snake_Venom_Metalloproteinases(SVMP),train,3
2370,2370,tr,V8NQF8,V8NQF8_OPHHA,A disintegrin and metalloproteinase with thrombospondin motifs 16 (Fragment),Ophiophagus hannah,8665,4,Snake_Venom_Metalloproteinases(SVMP),train,3
2371,2371,tr,V8NWJ2,V8NWJ2_OPHHA,A disintegrin and metalloproteinase with thrombospondin motifs 18 (Fragment),Ophiophagus hannah,8665,4,Snake_Venom_Metalloproteinases(SVMP),train,3
2372,2372,tr,V8P3L5,V8P3L5_OPHHA,A disintegrin and metalloproteinase with thrombospondin motifs 12 (Fragment),Ophiophagus hannah,8665,4,Snake_Venom_Metalloproteinases(SVMP),train,3
2373,2373,tr,V8P507,V8P507_OPHHA,A disintegrin and metalloproteinase with thrombospondin motifs 6 (Fragment),Ophiophagus hannah,8665,4,Snake_Venom_Metalloproteinases(SVMP),train,3
2374,2374,tr,V8NTJ6,V8NTJ6_OPHHA,A disintegrin and metalloproteinase with thrombospondin motifs 19 (Fragment),Ophiophagus hannah,8665,4,Snake_Venom_Metalloproteinases(SVMP),train,3
2375,2375,tr,V8NZ03,V8NZ03_OPHHA,A disintegrin and metalloproteinase with thrombospondin motifs 5 (Fragment),Ophiophagus hannah,8665,4,Snake_Venom_Metalloproteinases(SVMP),train,3
2376,2376,tr,V8NL76,V8NL76_OPHHA,A disintegrin and metalloproteinase with thrombospondin motifs 15 (Fragment),Ophiophagus hannah,8665,4,Snake_Venom_Metalloproteinases(SVMP),train,3
2377,2377,tr,V8NLN7,V8NLN7_OPHHA,A disintegrin and metalloproteinase with thrombospondin motifs 7 (Fragment),Ophiophagus hannah,8665,4,Snake_Venom_Metalloproteinases(SVMP),train,3
2378,2378,tr,V8P8T6,V8P8T6_OPHHA,A disintegrin and metalloproteinase with thrombospondin motifs 17 (Fragment),Ophiophagus hannah,8665,4,Snake_Venom_Metalloproteinases(SVMP),train,3
2379,2379,tr,V8NC79,V8NC79_OPHHA,A disintegrin and metalloproteinase with thrombospondin motifs 3 (Fragment),Ophiophagus hannah,8665,4,Snake_Venom_Metalloproteinases(SVMP),train,3
2380,2380,tr,V8NYL9,V8NYL9_OPHHA,A disintegrin and metalloproteinase with thrombospondin motifs 14 (Fragment),Ophiophagus hannah,8665,4,Snake_Venom_Metalloproteinases(SVMP),val,3
2381,2381,tr,V8P870,V8P870_OPHHA,A disintegrin and metalloproteinase with thrombospondin motifs 9 (Fragment),Ophiophagus hannah,8665,4,Snake_Venom_Metalloproteinases(SVMP),train,3
2382,2382,tr,B0VXU7,B0VXU7_SISCA,Metalloproteinase isoform 5 (Fragment),Sistrurus catenatus edwardsii,8762,2,Snake_Venom_Metalloproteinases(SVMP),train,3
2383,2383,tr,A0AAW1BJY9,A0AAW1BJY9_CROAD,A disintegrin and metalloproteinase with thrombospondin motifs 5,Crotalus adamanteus,8729,4,Snake_Venom_Metalloproteinases(SVMP),train,3
2384,2384,tr,A0A141DWL8,A0A141DWL8_9SAUR,Metalloproteinase (Fragment),Pseudagkistrodon rudis,2759634,4,Snake_Venom_Metalloproteinases(SVMP),test,3
2385,2385,tr,A0A141DWM0,A0A141DWM0_9SAUR,Metalloproteinase (Fragment),Pseudagkistrodon rudis,2759634,4,Snake_Venom_Metalloproteinases(SVMP),train,3
2386,2386,tr,A0A098LY89,A0A098LY89_PYTRG,"Metalloproteinase, ADAM28-like protein (Fragment)",Python regius,51751,2,Snake_Venom_Metalloproteinases(SVMP),train,3
2387,2387,tr,A0A098LYK3,A0A098LYK3_PANGU,"Metalloproteinase, ADAM28-like protein (Fragment)",Pantherophis guttatus,94885,2,Snake_Venom_Metalloproteinases(SVMP),val,3
2388,2388,tr,A7X4D4,A7X4D4_PSAMO,SVMP-PP-Psa23,Psammophis mossambicus,234064,2,Snake_Venom_Metalloproteinases(SVMP),train,3
2389,2389,tr,A7X497,A7X497_PSAMO,SVMP-PP-Psa15,Psammophis mossambicus,234064,2,Snake_Venom_Metalloproteinases(SVMP),train,3
2390,2390,tr,A7X421,A7X421_PHIOL,SVMP-Phi1 (Fragment),Philodryas olfersii,120305,2,Snake_Venom_Metalloproteinases(SVMP),train,3
2391,2391,tr,A7X4F4,A7X4F4_DISTY,SVMP-Dis1 (Fragment),Dispholidus typus,46295,2,Snake_Venom_Metalloproteinases(SVMP),test,3
2392,2392,tr,A7X433,A7X433_ERYPO,SVMP-Lio1 (Fragment),Erythrolamprus poecilogyrus,338838,2,Snake_Venom_Metalloproteinases(SVMP),train,3
2393,2393,tr,A7X4X9,A7X4X9_CAURH,SVMP-Cau1 (Fragment),Causus rhombeatus,44735,2,Snake_Venom_Metalloproteinases(SVMP),train,3
2394,2394,tr,A7X4Y6,A7X4Y6_CAURH,SVMP-Cau2 (Fragment),Causus rhombeatus,44735,2,Snake_Venom_Metalloproteinases(SVMP),test,3
2395,2395,tr,A7X4G5,A7X4G5_DISTY,SVMP-Dis2 (Fragment),Dispholidus typus,46295,2,Snake_Venom_Metalloproteinases(SVMP),train,3
2396,2396,tr,A7X4H1,A7X4H1_DISTY,SVMP-Dis3 (Fragment),Dispholidus typus,46295,2,Snake_Venom_Metalloproteinases(SVMP),train,3
2397,2397,tr,A7X4I2,A7X4I2_LEIMD,SVMP-Lei2 (Fragment),Leioheterodon madagascariensis,46577,2,Snake_Venom_Metalloproteinases(SVMP),train,3
2398,2398,tr,A7X4Z3,A7X4Z3_CAURH,SVMP-Cau3 (Fragment),Causus rhombeatus,44735,2,Snake_Venom_Metalloproteinases(SVMP),train,3
2399,2399,tr,A7X429,A7X429_PHIOL,SVMP-Phi3 (Fragment),Philodryas olfersii,120305,2,Snake_Venom_Metalloproteinases(SVMP),train,3
2400,2400,tr,R4G2H1,R4G2H1_9SAUR,SVMP-Hem-3 (Fragment),Hemiaspis signata,355698,2,Snake_Venom_Metalloproteinases(SVMP),train,3
2401,2401,tr,R4FJU1,R4FJU1_9SAUR,SVMP-Hem-7 (Fragment),Hemiaspis signata,355698,2,Snake_Venom_Metalloproteinases(SVMP),train,3
2402,2402,tr,A7X425,A7X425_PHIOL,SVMP-Phi2 (Fragment),Philodryas olfersii,120305,2,Snake_Venom_Metalloproteinases(SVMP),train,3
2403,2403,tr,R4FK34,R4FK34_9SAUR,SVMP-Pse-2 (Fragment),Pseudonaja modesta,340912,2,Snake_Venom_Metalloproteinases(SVMP),test,3
2404,2404,tr,R4G7I0,R4G7I0_9SAUR,SVMP-Hem-5 (Fragment),Hemiaspis signata,355698,2,Snake_Venom_Metalloproteinases(SVMP),train,3
2405,2405,tr,A7X4B5,A7X4B5_PSAMO,SVMP-PP-Psa19,Psammophis mossambicus,234064,2,Snake_Venom_Metalloproteinases(SVMP),train,3
2406,2406,tr,A7X4C9,A7X4C9_PSAMO,SVMP-PP-Psa22,Psammophis mossambicus,234064,2,Snake_Venom_Metalloproteinases(SVMP),train,3
2407,2407,tr,A7X488,A7X488_PSAMO,SVMP-PP-Psa13,Psammophis mossambicus,234064,2,Snake_Venom_Metalloproteinases(SVMP),train,3
2408,2408,tr,A7X437,A7X437_PSAMO,SVMP-PP-Psa1,Psammophis mossambicus,234064,2,Snake_Venom_Metalloproteinases(SVMP),val,3
2409,2409,tr,A7X461,A7X461_PSAMO,SVMP-PP-Psa6,Psammophis mossambicus,234064,2,Snake_Venom_Metalloproteinases(SVMP),train,3
2410,2410,tr,A7X476,A7X476_PSAMO,SVMP-PP-Psa10,Psammophis mossambicus,234064,2,Snake_Venom_Metalloproteinases(SVMP),train,3
2411,2411,tr,A7X493,A7X493_PSAMO,SVMP-PP-Psa14,Psammophis mossambicus,234064,2,Snake_Venom_Metalloproteinases(SVMP),train,3
2412,2412,tr,A7X4C0,A7X4C0_PSAMO,SVMP-PP-Psa20,Psammophis mossambicus,234064,2,Snake_Venom_Metalloproteinases(SVMP),train,3
2413,2413,tr,A7X447,A7X447_PSAMO,SVMP-PP-Psa3,Psammophis mossambicus,234064,2,Snake_Venom_Metalloproteinases(SVMP),train,3
2414,2414,tr,A7X452,A7X452_PSAMO,SVMP-PP-Psa4,Psammophis mossambicus,234064,2,Snake_Venom_Metalloproteinases(SVMP),train,3
2415,2415,tr,A7X457,A7X457_PSAMO,SVMP-PP-Psa5,Psammophis mossambicus,234064,2,Snake_Venom_Metalloproteinases(SVMP),val,3
2416,2416,tr,A7X468,A7X468_PSAMO,SVMP-PP-Psa8,Psammophis mossambicus,234064,2,Snake_Venom_Metalloproteinases(SVMP),train,3
2417,2417,tr,A7X473,A7X473_PSAMO,SVMP-PP-Psa9,Psammophis mossambicus,234064,2,Snake_Venom_Metalloproteinases(SVMP),train,3
2418,2418,tr,A7X484,A7X484_PSAMO,SVMP-PP-Psa12,Psammophis mossambicus,234064,2,Snake_Venom_Metalloproteinases(SVMP),train,3
2419,2419,tr,A7X443,A7X443_PSAMO,SVMP-PP-Psa2,Psammophis mossambicus,234064,2,Snake_Venom_Metalloproteinases(SVMP),train,3
2420,2420,tr,A7X465,A7X465_PSAMO,SVMP-PP-Psa7,Psammophis mossambicus,234064,2,Snake_Venom_Metalloproteinases(SVMP),train,3
2421,2421,tr,A7X480,A7X480_PSAMO,SVMP-PP-Psa11,Psammophis mossambicus,234064,2,Snake_Venom_Metalloproteinases(SVMP),train,3
2422,2422,tr,A7X4A6,A7X4A6_PSAMO,SVMP-PP-Psa17,Psammophis mossambicus,234064,2,Snake_Venom_Metalloproteinases(SVMP),train,3
2423,2423,tr,A7X4B0,A7X4B0_PSAMO,SVMP-PP-Psa18,Psammophis mossambicus,234064,2,Snake_Venom_Metalloproteinases(SVMP),train,3
2424,2424,tr,A7X4C4,A7X4C4_PSAMO,SVMP-PP-Psa21,Psammophis mossambicus,234064,2,Snake_Venom_Metalloproteinases(SVMP),train,3
2425,2425,tr,A7X4E9,A7X4E9_PSAMO,SVMP-PP-Psa26,Psammophis mossambicus,234064,2,Snake_Venom_Metalloproteinases(SVMP),train,3
2426,2426,tr,A0AAW1AZI7,A0AAW1AZI7_CROAD,SVMP complex genomic sequence,Crotalus adamanteus,8729,4,Snake_Venom_Metalloproteinases(SVMP),train,3
2427,2427,tr,A0A141DWL9,A0A141DWL9_9SAUR,Metalloproteinase (Fragment),Pseudagkistrodon rudis,2759634,4,Snake_Venom_Metalloproteinases(SVMP),train,3
2428,2428,tr,A0A141DWL7,A0A141DWL7_9SAUR,Metalloproteinase (Fragment),Pseudagkistrodon rudis,2759634,4,Snake_Venom_Metalloproteinases(SVMP),train,3
2429,2429,tr,A0A6G5ZW29,A0A6G5ZW29_VIPAN,Disintegrin and metalloproteinase domain-containing protein 6 (Fragment),Vipera anatolica senliki,2604287,2,Snake_Venom_Metalloproteinases(SVMP),train,3
2430,2430,tr,A0A6G5ZVS7,A0A6G5ZVS7_VIPAN,Disintegrin and metalloproteinase domain-containing protein 5 (Fragment),Vipera anatolica senliki,2604287,2,Snake_Venom_Metalloproteinases(SVMP),train,3
2431,2431,tr,A0A6I9YE12,A0A6I9YE12_9SAUR,Hemorrhagic metalloproteinase-disintegrin-like kaouthiagin,Thamnophis sirtalis,35019,4,Snake_Venom_Metalloproteinases(SVMP),train,3
2432,2432,tr,A0A6I9YQR0,A0A6I9YQR0_9SAUR,Zinc metalloproteinase-disintegrin-like ohanin,Thamnophis sirtalis,35019,4,Snake_Venom_Metalloproteinases(SVMP),test,3
2433,2433,tr,A0A9F2REN1,A0A9F2REN1_PYTBI,Zinc metalloproteinase-disintegrin-like NaMP,Python bivittatus,176946,4,Snake_Venom_Metalloproteinases(SVMP),train,3
2434,2434,tr,A0A6P9AWE8,A0A6P9AWE8_PANGU,Zinc metalloproteinase-disintegrin-like bothrojarin-4,Pantherophis guttatus,94885,4,Snake_Venom_Metalloproteinases(SVMP),train,3
2435,2435,tr,A0A6G5ZVK4,A0A6G5ZVK4_VIPAN,Disintegrin and metalloproteinase domain-containing protein 7 (Fragment),Vipera anatolica senliki,2604287,2,Snake_Venom_Metalloproteinases(SVMP),train,3
2436,2436,tr,A0A6P9AUD4,A0A6P9AUD4_PANGU,Disintegrin and metalloproteinase domain-containing protein 20-like,Pantherophis guttatus,94885,4,Snake_Venom_Metalloproteinases(SVMP),train,3
2437,2437,tr,A0A9F5JD59,A0A9F5JD59_PYTBI,Disintegrin and metalloproteinase domain-containing protein 22-like,Python bivittatus,176946,4,Snake_Venom_Metalloproteinases(SVMP),train,3
2438,2438,tr,A0A9F2RE56,A0A9F2RE56_PYTBI,Disintegrin and metalloproteinase domain-containing protein 19-like,Python bivittatus,176946,4,Snake_Venom_Metalloproteinases(SVMP),train,3
2439,2439,tr,A0A6I9YUC4,A0A6I9YUC4_9SAUR,Disintegrin and metalloproteinase domain-containing protein 12-like,Thamnophis sirtalis,35019,4,Snake_Venom_Metalloproteinases(SVMP),train,3
2440,2440,tr,A0AAW1BZI0,A0AAW1BZI0_CROAD,Metalloproteinase inhibitor 1,Crotalus adamanteus,8729,4,Snake_Venom_Metalloproteinases(SVMP),train,3
2441,2441,tr,A0AAW1C068,A0AAW1C068_CROAD,Matrix metalloproteinase-19,Crotalus adamanteus,8729,4,Snake_Venom_Metalloproteinases(SVMP),train,3
2442,2442,tr,A0AAW1C050,A0AAW1C050_CROAD,Metalloproteinase inhibitor 1 (Fragment),Crotalus adamanteus,8729,4,Snake_Venom_Metalloproteinases(SVMP),val,3
2443,2443,tr,A0AAW1BZT5,A0AAW1BZT5_CROAD,Metalloproteinase inhibitor 1,Crotalus adamanteus,8729,4,Snake_Venom_Metalloproteinases(SVMP),train,3
2444,2444,tr,A0AAW1C034,A0AAW1C034_CROAD,Metalloproteinase inhibitor 1,Crotalus adamanteus,8729,4,Snake_Venom_Metalloproteinases(SVMP),train,3
2445,2445,tr,A0AAW1B4S9,A0AAW1B4S9_CROAD,MMP9: Matrix metalloproteinase-9,Crotalus adamanteus,8729,4,Snake_Venom_Metalloproteinases(SVMP),test,3
2446,2446,tr,A0AAW1AQA0,A0AAW1AQA0_CROAD,MMP17: Matrix metalloproteinase-17,Crotalus adamanteus,8729,4,Snake_Venom_Metalloproteinases(SVMP),train,3
2447,2447,tr,A0AAW1B951,A0AAW1B951_CROAD,Matrix metalloproteinase-14-like,Crotalus adamanteus,8729,4,Snake_Venom_Metalloproteinases(SVMP),val,3
2448,2448,tr,A0AAW1BKS1,A0AAW1BKS1_CROAD,Matrix metalloproteinase-20-like,Crotalus adamanteus,8729,4,Snake_Venom_Metalloproteinases(SVMP),train,3
2449,2449,tr,A0A6B7FRE2,A0A6B7FRE2_VIPAA,Endogenous tripeptide metalloproteinase inhibitor MPi-4,Vipera ammodytes ammodytes,8705,2,Snake_Venom_Metalloproteinases(SVMP),test,3
2450,2450,tr,A0A2H6N057,A0A2H6N057_9SAUR,Archaemetzincin-2 (Fragment),Micrurus carvalhoi,3147026,3,Snake_Venom_Metalloproteinases(SVMP),train,3
2451,2451,tr,A0AAW1B8U8,A0AAW1B8U8_CROAD,Disintegrin and metalloproteinase domain-containing protein 33,Crotalus adamanteus,8729,4,Snake_Venom_Metalloproteinases(SVMP),train,3
2452,2452,tr,V8P102,V8P102_OPHHA,Disintegrin and metalloproteinase domain-containing protein 12 (Fragment),Ophiophagus hannah,8665,4,Snake_Venom_Metalloproteinases(SVMP),train,3
2453,2453,tr,V8N4Z9,V8N4Z9_OPHHA,Disintegrin and metalloproteinase domain-containing protein 9 (Fragment),Ophiophagus hannah,8665,4,Snake_Venom_Metalloproteinases(SVMP),train,3
2454,2454,tr,V8N2F9,V8N2F9_OPHHA,Disintegrin and metalloproteinase domain-containing protein 33 (Fragment),Ophiophagus hannah,8665,4,Snake_Venom_Metalloproteinases(SVMP),train,3
2455,2455,tr,A0AAW1AZ65,A0AAW1AZ65_CROAD,A disintegrin and metalloproteinase with thrombospondin motifs 8,Crotalus adamanteus,8729,4,Snake_Venom_Metalloproteinases(SVMP),val,3
2456,2456,tr,A0AAW1C5D9,A0AAW1C5D9_CROAD,Disintegrin and metalloproteinase domain-containing protein 20-like,Crotalus adamanteus,8729,4,Snake_Venom_Metalloproteinases(SVMP),test,3
2457,2457,tr,A0AAW1C5L9,A0AAW1C5L9_CROAD,Disintegrin and metalloproteinase domain-containing protein 20-like,Crotalus adamanteus,8729,4,Snake_Venom_Metalloproteinases(SVMP),test,3
2458,2458,tr,A0AAW1C5W4,A0AAW1C5W4_CROAD,Disintegrin and metalloproteinase domain-containing protein 20-like,Crotalus adamanteus,8729,4,Snake_Venom_Metalloproteinases(SVMP),train,3
2459,2459,tr,A0AAW1C7V6,A0AAW1C7V6_CROAD,Disintegrin and metalloproteinase domain-containing protein 20-like,Crotalus adamanteus,8729,4,Snake_Venom_Metalloproteinases(SVMP),train,3
2460,2460,tr,A0AAW1AYP5,A0AAW1AYP5_CROAD,A disintegrin and metalloproteinase with thrombospondin motifs 15,Crotalus adamanteus,8729,4,Snake_Venom_Metalloproteinases(SVMP),test,3
2461,2461,tr,A0AAW1B9A6,A0AAW1B9A6_CROAD,A disintegrin and metalloproteinase with thrombospondin motifs 3,Crotalus adamanteus,8729,4,Snake_Venom_Metalloproteinases(SVMP),train,3
2462,2462,tr,A0AAW1BWX2,A0AAW1BWX2_CROAD,A disintegrin and metalloproteinase with thrombospondin motifs 2,Crotalus adamanteus,8729,4,Snake_Venom_Metalloproteinases(SVMP),train,3
2463,2463,tr,A0AAW1AWY4,A0AAW1AWY4_CROAD,A disintegrin and metalloproteinase with thrombospondin motifs 17,Crotalus adamanteus,8729,4,Snake_Venom_Metalloproteinases(SVMP),train,3
2464,2464,tr,A0AAW1C238,A0AAW1C238_CROAD,A disintegrin and metalloproteinase with thrombospondin motifs 12,Crotalus adamanteus,8729,4,Snake_Venom_Metalloproteinases(SVMP),train,3
2465,2465,tr,A0AAW1C5R8,A0AAW1C5R8_CROAD,ADAM10: Disintegrin and metalloproteinase domain-containing protein 10,Crotalus adamanteus,8729,4,Snake_Venom_Metalloproteinases(SVMP),test,3
2466,2466,tr,A0AAW1C1S4,A0AAW1C1S4_CROAD,A disintegrin and metalloproteinase with thrombospondin motifs 6 (Fragment),Crotalus adamanteus,8729,4,Snake_Venom_Metalloproteinases(SVMP),train,3
2467,2467,tr,A0AAW1C6M3,A0AAW1C6M3_CROAD,Disintegrin and metalloproteinase domain-containing protein 20-like,Crotalus adamanteus,8729,4,Snake_Venom_Metalloproteinases(SVMP),test,3
2468,2468,tr,V8N6N5,V8N6N5_OPHHA,A disintegrin and metalloproteinase with thrombospondin motifs 3 (Fragment),Ophiophagus hannah,8665,4,Snake_Venom_Metalloproteinases(SVMP),train,3
2469,2469,tr,V8NMJ2,V8NMJ2_OPHHA,A disintegrin and metalloproteinase with thrombospondin motifs 6 (Fragment),Ophiophagus hannah,8665,4,Snake_Venom_Metalloproteinases(SVMP),train,3
2470,2470,tr,V8NQE7,V8NQE7_OPHHA,A disintegrin and metalloproteinase with thrombospondin motifs 17 (Fragment),Ophiophagus hannah,8665,4,Snake_Venom_Metalloproteinases(SVMP),train,3
2471,2471,tr,V8P6K7,V8P6K7_OPHHA,A disintegrin and metalloproteinase with thrombospondin motifs 2 (Fragment),Ophiophagus hannah,8665,4,Snake_Venom_Metalloproteinases(SVMP),train,3
2472,2472,tr,V8NLT9,V8NLT9_OPHHA,A disintegrin and metalloproteinase with thrombospondin motifs 15 (Fragment),Ophiophagus hannah,8665,4,Snake_Venom_Metalloproteinases(SVMP),train,3
2473,2473,tr,V8NCM5,V8NCM5_OPHHA,A disintegrin and metalloproteinase with thrombospondin motifs 3 (Fragment),Ophiophagus hannah,8665,4,Snake_Venom_Metalloproteinases(SVMP),train,3
2474,2474,tr,V8NDQ2,V8NDQ2_OPHHA,A disintegrin and metalloproteinase with thrombospondin motifs 3 (Fragment),Ophiophagus hannah,8665,4,Snake_Venom_Metalloproteinases(SVMP),train,3
2475,2475,tr,V8P948,V8P948_OPHHA,A disintegrin and metalloproteinase with thrombospondin motifs 17 (Fragment),Ophiophagus hannah,8665,4,Snake_Venom_Metalloproteinases(SVMP),val,3
2476,2476,tr,A0AAW1BNL7,A0AAW1BNL7_CROAD,A disintegrin and metalloproteinase with thrombospondin motifs 16-like,Crotalus adamanteus,8729,4,Snake_Venom_Metalloproteinases(SVMP),train,3
2477,2477,tr,A0AAW1AWB2,A0AAW1AWB2_CROAD,A disintegrin and metalloproteinase with thrombospondin motifs 17-like,Crotalus adamanteus,8729,4,Snake_Venom_Metalloproteinases(SVMP),train,3
2478,2478,tr,A0AAW1BWI7,A0AAW1BWI7_CROAD,A disintegrin and metalloproteinase with thrombospondin motifs 2-like,Crotalus adamanteus,8729,4,Snake_Venom_Metalloproteinases(SVMP),train,3
2479,2479,tr,A0AAW1C353,A0AAW1C353_CROAD,A disintegrin and metalloproteinase with thrombospondin motifs 19-like,Crotalus adamanteus,8729,4,Snake_Venom_Metalloproteinases(SVMP),train,3
2480,2480,sp,P0DKU1,PA2H_GLOUS,Basic phospholipase A2 homolog Gln49-PLA2,Gloydius ussuriensis,35671,1,Phospholipase_A2(PLA2),train,2
2481,2481,sp,C0HJU3,PA2A1_BOTPA,Acidic phospholipase A2 (Fragment),Bothrops pauloensis,1042543,1,Phospholipase_A2(PLA2),train,2
2482,2482,sp,Q9W7J3,PA2A2_PSETE,Acidic phospholipase A2 2,Pseudonaja textilis,8673,1,Phospholipase_A2(PLA2),train,2
2483,2483,sp,Q45Z47,PA22_OXYSC,Phospholipase A2 OS2,Oxyuranus scutellatus scutellatus,8667,1,Phospholipase_A2(PLA2),train,2
2484,2484,sp,P0CAR9,PA2A1_CERCE,Acidic phospholipase A2 CC-PLA2-1,Cerastes cerastes,8697,1,Phospholipase_A2(PLA2),test,2
2485,2485,sp,P0CAS0,PA2A2_CERCE,Acidic phospholipase A2 CC-PLA2-2,Cerastes cerastes,8697,1,Phospholipase_A2(PLA2),val,2
2486,2486,sp,Q2HZ28,PA2A_BOTER,Acidic phospholipase A2 BE-I-PLA2,Bothrops erythromelas,44710,1,Phospholipase_A2(PLA2),train,2
2487,2487,sp,P00625,PA2A1_OVOOK,Acidic phospholipase A2 DE-I,Ovophis okinavensis,8769,1,Phospholipase_A2(PLA2),train,2
2488,2488,sp,C3W4R6,PA2A1_MACLB,Acidic phospholipase A2 1,Macrovipera lebetinus,3148341,1,Phospholipase_A2(PLA2),train,2
2489,2489,sp,B6CQR5,PA2A2_MACLB,Acidic phospholipase A2 2,Macrovipera lebetinus,3148341,1,Phospholipase_A2(PLA2),train,2
2490,2490,sp,P0DPS4,PA2B_CERCE,Basic phospholipase A2 Cc2-PLA2,Cerastes cerastes,8697,1,Phospholipase_A2(PLA2),train,2
2491,2491,sp,P0DJJ9,PA2B2_PROFL,Basic phospholipase A2 BP-II,Protobothrops flavoviridis,88087,1,Phospholipase_A2(PLA2),train,2
2492,2492,sp,P00629,PA2B3_BUNFA,Basic phospholipase A2 Vb-2,Bungarus fasciatus,8613,1,Phospholipase_A2(PLA2),train,2
2493,2493,sp,Q7T3S7,PA2A1_ECHCA,Acidic phospholipase A2 EC-I,Echis carinatus,40353,1,Phospholipase_A2(PLA2),train,2
2494,2494,sp,Q8AXY1,PA2A_BOTJR,Acidic phospholipase A2 BthA-1,Bothrops jararacussu,8726,1,Phospholipase_A2(PLA2),train,2
2495,2495,sp,P62023,PA2B1_CROSS,Basic phospholipase A2 Mtx-b,Crotalus scutulatus scutulatus,8738,1,Phospholipase_A2(PLA2),train,2
2496,2496,sp,P82896,PA2A5_TRIST,Acidic phospholipase A2 5,Trimeresurus stejnegeri,39682,1,Phospholipase_A2(PLA2),test,2
2497,2497,sp,P00628,PA2BV_BUNFA,Basic phospholipase A2 KBf-VA (Fragment),Bungarus fasciatus,8613,1,Phospholipase_A2(PLA2),train,2
2498,2498,sp,P00627,PA2B6_BUNFA,Basic phospholipase A2 6 (Fragment),Bungarus fasciatus,8613,1,Phospholipase_A2(PLA2),train,2
2499,2499,sp,Q90W39,PA2BT_PROMU,Basic phospholipase A2 trimucrotoxin,Protobothrops mucrosquamatus,103944,1,Phospholipase_A2(PLA2),train,2
2500,2500,sp,P80966,PA2A1_OPHHA,Acidic phospholipase A2 1,Ophiophagus hannah,8665,1,Phospholipase_A2(PLA2),train,2
2501,2501,sp,P45881,PA2B2_BOTJR,Basic phospholipase A2 homolog bothropstoxin-II,Bothrops jararacussu,8726,1,Phospholipase_A2(PLA2),train,2
2502,2502,sp,P0DUN7,PA2H_LACMU,Basic phospholipase A2 homolog LmutTX,Lachesis muta muta,8753,1,Phospholipase_A2(PLA2),train,2
2503,2503,sp,P86805,PA2B9_CRODM,Basic phospholipase A2 9,Crotalus durissus cumanensis,184542,1,Phospholipase_A2(PLA2),train,2
2504,2504,sp,B3EWP6,PA2_LACMR,Phospholipase A2 (Fragment),Lachesis muta rhombeata,60219,1,Phospholipase_A2(PLA2),train,2
2505,2505,sp,P86806,PA2BA_CRODM,Basic phospholipase A2 10,Crotalus durissus cumanensis,184542,1,Phospholipase_A2(PLA2),train,2
2506,2506,sp,P00610,PA2B_HYDSC,Basic phospholipase A2,Hydrophis schistosus,8682,1,Phospholipase_A2(PLA2),train,2
2507,2507,sp,P14418,PA2A_GLOHA,Acidic phospholipase A2,Gloydius halys,8714,1,Phospholipase_A2(PLA2),train,2
2508,2508,sp,A6MEY4,PA2B_BUNFA,Basic phospholipase A2 BFPA,Bungarus fasciatus,8613,1,Phospholipase_A2(PLA2),test,2
2509,2509,sp,A8E2V8,PA2A_TRIGS,Acidic phospholipase A2 Tgc-E6,Trimeresurus gracilis,109781,1,Phospholipase_A2(PLA2),train,2
2510,2510,sp,P18998,PA2HA_CROSS,Phospholipase A2 homolog mojave toxin acidic chain,Crotalus scutulatus scutulatus,8738,1,Phospholipase_A2(PLA2),train,2
2511,2511,sp,Q7ZTA7,PA2AD_CROLY,Acidic phospholipase A2 CoaPLA2,Crotalus lutosus abyssus,128077,1,Phospholipase_A2(PLA2),val,2
2512,2512,sp,Q7SID6,PA2A_DEIAC,Acidic phospholipase A2,Deinagkistrodon acutus,36307,1,Phospholipase_A2(PLA2),train,2
2513,2513,sp,Q92084,PA2NA_NAJSP,Neutral phospholipase A2 muscarinic inhibitor,Naja sputatrix,33626,1,Phospholipase_A2(PLA2),val,2
2514,2514,sp,Q9DF52,PA2B_BUNCE,Basic phospholipase A2 KPA2,Bungarus caeruleus,132961,1,Phospholipase_A2(PLA2),train,2
2515,2515,sp,Q9PVF2,PA2AE_CALRH,Acidic phospholipase A2 H1E6,Calloselasma rhodostoma,8717,1,Phospholipase_A2(PLA2),train,2
2516,2516,sp,F8QN54,PA2B_VIPRE,Basic phospholipase A2 vurtoxin,Vipera renardi,927686,1,Phospholipase_A2(PLA2),train,2
2517,2517,sp,P86453,PA2HB_BOTAL,Basic phospholipase A2 homolog BaTX,Bothrops alternatus,64174,1,Phospholipase_A2(PLA2),test,2
2518,2518,sp,Q2YHJ2,PA2B_CRABR,Basic phospholipase A2 Tbo-G6D49,Craspedocephalus borneensis,3147914,1,Phospholipase_A2(PLA2),test,2
2519,2519,sp,Q9PVF0,PA2AB_CALRH,Acidic phospholipase A2 S1E6-b (Fragment),Calloselasma rhodostoma,8717,1,Phospholipase_A2(PLA2),train,2
2520,2520,sp,Q2YHJ3,PA2A_CRABR,Acidic phospholipase A2 Tbo-E6,Craspedocephalus borneensis,3147914,1,Phospholipase_A2(PLA2),train,2
2521,2521,sp,Q2YHJ7,PA2B_CRAPU,Basic phospholipase A2 Tpu-G6D49,Craspedocephalus puniceus,3147916,1,Phospholipase_A2(PLA2),train,2
2522,2522,sp,P0DJP5,PA2A_DABSI,Acidic phospholipase A2 Drs-PLA2 (Fragment),Daboia siamensis,343250,1,Phospholipase_A2(PLA2),train,2
2523,2523,sp,Q6T179,PA2A4_NAJSG,Acidic phospholipase A2 4 (Fragment),Naja sagittifera,195058,1,Phospholipase_A2(PLA2),train,2
2524,2524,sp,Q2YHJ6,PA2AA_CRAPU,Acidic phospholipase A2 Tpu-E6a,Craspedocephalus puniceus,3147916,1,Phospholipase_A2(PLA2),train,2
2525,2525,sp,Q6SLM2,PA2A1_BUNCE,Acidic phospholipase A2 1 (Fragment),Bungarus caeruleus,132961,1,Phospholipase_A2(PLA2),train,2
2526,2526,sp,G9I930,PA2HB_MICTN,Basic phospholipase A2 homolog MitTx-beta,Micrurus tener tener,1114302,1,Phospholipase_A2(PLA2),test,2
2527,2527,sp,F8QN53,PA2A2_VIPRE,Acidic phospholipase A2 Vur-PL2B,Vipera renardi,927686,1,Phospholipase_A2(PLA2),train,2
2528,2528,sp,Q7T2R1,PA2AA_DABSI,Acidic phospholipase A2 daboiatoxin A chain,Daboia siamensis,343250,1,Phospholipase_A2(PLA2),train,2
2529,2529,sp,Q9W7J4,PA2A1_PSETE,Acidic phospholipase A2 1,Pseudonaja textilis,8673,1,Phospholipase_A2(PLA2),train,2
2530,2530,sp,P00598,PA2A1_NAJAT,Acidic phospholipase A2 1,Naja atra,8656,1,Phospholipase_A2(PLA2),train,2
2531,2531,sp,P86803,PA2B1_BOTMA,Basic phospholipase A2 BmjeTX-I,Bothrops marajoensis,157554,1,Phospholipase_A2(PLA2),train,2
2532,2532,sp,C0HLF0,PA2_POROP,Basic phospholipase A2,Porthidium ophryomegas,44717,1,Phospholipase_A2(PLA2),test,2
2533,2533,sp,P0DUN4,PA2A2_BOTBZ,Acidic phospholipase A2 braziliase-II (Fragment),Bothrops brazili,157546,1,Phospholipase_A2(PLA2),train,2
2534,2534,sp,Q7ZTA6,PA2AB_CROVV,Acidic phospholipase A2 Cvv-E6b,Crotalus viridis viridis,8742,1,Phospholipase_A2(PLA2),train,2
2535,2535,sp,Q800C4,PA2AA_CROVV,Acidic phospholipase A2 Cvv-E6a,Crotalus viridis viridis,8742,1,Phospholipase_A2(PLA2),train,2
2536,2536,sp,Q6H3D0,PA2AA_TRIST,Acidic phospholipase A2 Ts-A1,Trimeresurus stejnegeri,39682,1,Phospholipase_A2(PLA2),train,2
2537,2537,sp,P0DUN3,PA2A1_BOTBZ,Acidic phospholipase A2 braziliase-I (Fragment),Bothrops brazili,157546,1,Phospholipase_A2(PLA2),train,2
2538,2538,sp,Q7ZTA8,PA2AE_CROVV,Acidic phospholipase A2 Cvv-E6e,Crotalus viridis viridis,8742,1,Phospholipase_A2(PLA2),train,2
2539,2539,sp,Q9PVF1,PA2AA_CALRH,Acidic phospholipase A2 S1E6-a (Fragment),Calloselasma rhodostoma,8717,1,Phospholipase_A2(PLA2),test,2
2540,2540,sp,P00596,PA2A1_NAJKA,Acidic phospholipase A2 CM-II,Naja kaouthia,8649,1,Phospholipase_A2(PLA2),train,2
2541,2541,sp,A8CG86,PA2A1_DABRR,Acidic phospholipase A2 Drk-a1,Daboia russelii,8707,1,Phospholipase_A2(PLA2),train,2
2542,2542,sp,P00626,PA2BA_VIPAA,Basic phospholipase A2 ammodytoxin A,Vipera ammodytes ammodytes,8705,1,Phospholipase_A2(PLA2),train,2
2543,2543,sp,P14424,PA2BB_VIPAA,Basic phospholipase A2 ammodytoxin B,Vipera ammodytes ammodytes,8705,1,Phospholipase_A2(PLA2),train,2
2544,2544,sp,P11407,PA2BC_VIPAA,Basic phospholipase A2 ammodytoxin C,Vipera ammodytes ammodytes,8705,1,Phospholipase_A2(PLA2),train,2
2545,2545,sp,Q4VRI5,PA21_OXYSC,Phospholipase A2 OS1,Oxyuranus scutellatus scutellatus,8667,1,Phospholipase_A2(PLA2),train,2
2546,2546,sp,Q9DF33,PA2A2_OPHHA,Acidic phospholipase A2 2,Ophiophagus hannah,8665,1,Phospholipase_A2(PLA2),train,2
2547,2547,sp,B3A0N3,PA2B3_BOTMA,Basic phospholipase A2 Bmaj-9 (Fragment),Bothrops marajoensis,157554,1,Phospholipase_A2(PLA2),train,2
2548,2548,sp,Q6H3C8,PA2AF_TRIST,Acidic phospholipase A2 Ts-A6,Trimeresurus stejnegeri,39682,1,Phospholipase_A2(PLA2),test,2
2549,2549,sp,O42187,PA2BB_GLOHA,Basic phospholipase A2 B,Gloydius halys,8714,1,Phospholipase_A2(PLA2),train,2
2550,2550,sp,Q9IAT9,PA2H_BOTPA,Basic phospholipase A2 homolog BnSP-7,Bothrops pauloensis,1042543,1,Phospholipase_A2(PLA2),train,2
2551,2551,sp,P24027,PA2BA_CRODU,Phospholipase A2 crotoxin basic chain CBa2,Crotalus durissus terrificus,8732,1,Phospholipase_A2(PLA2),train,2
2552,2552,sp,P0CAS7,PA2BG_CRODU,Basic phospholipase A2 F17,Crotalus durissus terrificus,8732,1,Phospholipase_A2(PLA2),train,2
2553,2553,sp,P82114,PA2H1_BOTMO,Basic phospholipase A2 homolog MjTX-I,Bothrops moojeni,98334,1,Phospholipase_A2(PLA2),test,2
2554,2554,sp,P62022,PA2BC_CRODU,Phospholipase A2 crotoxin basic subunit CBc,Crotalus durissus terrificus,8732,1,Phospholipase_A2(PLA2),train,2
2555,2555,sp,A4VBF0,PA2H_VIPNI,Acidic phospholipase A2 inhibitor chain HPD-1I,Vipera nikolskii,1808362,1,Phospholipase_A2(PLA2),train,2
2556,2556,sp,Q7T3T5,PA2AB_DABSI,Acidic phospholipase A2 daboiatoxin B chain (Fragment),Daboia siamensis,343250,1,Phospholipase_A2(PLA2),test,2
2557,2557,sp,A0A411EZW9,PA21_AGKPL,Acidic phospholipase A2 AplTX-I,Agkistrodon piscivorus leucostoma,459671,1,Phospholipase_A2(PLA2),train,2
2558,2558,sp,P06859,PA2A1_PROFL,Acidic phospholipase A2 1,Protobothrops flavoviridis,88087,1,Phospholipase_A2(PLA2),val,2
2559,2559,sp,Q805A2,PA2BN_PROFL,Basic phospholipase A2 PLA-N,Protobothrops flavoviridis,88087,1,Phospholipase_A2(PLA2),train,2
2560,2560,sp,P86804,PA2B2_BOTMA,Basic phospholipase A2 BmjeTX-II,Bothrops marajoensis,157554,1,Phospholipase_A2(PLA2),train,2
2561,2561,sp,P84776,PA2H_PROMB,Basic phospholipase A2 homolog zhaoermiatoxin,Protobothrops mangshanensis,242058,1,Phospholipase_A2(PLA2),train,2
2562,2562,sp,Q90249,PA2H1_BOTJR,Basic phospholipase A2 homolog bothropstoxin-I,Bothrops jararacussu,8726,1,Phospholipase_A2(PLA2),test,2
2563,2563,sp,P59071,PA2B8_DABRR,Basic phospholipase A2 VRV-PL-VIIIa,Daboia russelii,8707,1,Phospholipase_A2(PLA2),train,2
2564,2564,sp,Q1RP78,PA2B2_VIPNI,Basic phospholipase A2 chain HDP-2P,Vipera nikolskii,1808362,1,Phospholipase_A2(PLA2),train,2
2565,2565,sp,P24605,PA2H2_BOTAS,Basic phospholipase A2 homolog 2,Bothrops asper,8722,1,Phospholipase_A2(PLA2),train,2
2566,2566,sp,Q1RP79,PA2B1_VIPNI,Basic phospholipase A2 chain HDP-1P,Vipera nikolskii,1808362,1,Phospholipase_A2(PLA2),train,2
2567,2567,sp,P20474,PA2B3_BOTAS,Basic phospholipase A2 myotoxin I,Bothrops asper,8722,1,Phospholipase_A2(PLA2),train,2
2568,2568,sp,Q9PVF4,PA2HD_CALRH,Basic phospholipase A2 homolog W6D49,Calloselasma rhodostoma,8717,1,Phospholipase_A2(PLA2),train,2
2569,2569,sp,P0DQQ0,PA2B3_BOTBZ,Basic phospholipase A2 BbTX-III,Bothrops brazili,157546,1,Phospholipase_A2(PLA2),train,2
2570,2570,sp,Q90WA8,PA2B2_BUNFA,Basic phospholipase A2 2,Bungarus fasciatus,8613,1,Phospholipase_A2(PLA2),train,2
2571,2571,sp,A0A193CHJ5,PA2BC_CROTA,Phospholipase A2 crotoxin basic subunit CBc,Crotalus tzabcan,1043006,1,Phospholipase_A2(PLA2),train,2
2572,2572,sp,C0HJL8,PA2B_BOTNI,Phospholipase A2 nigroviriditoxin basic subunit B,Bothriechis nigroviridis,88079,1,Phospholipase_A2(PLA2),train,2
2573,2573,sp,P81243,PA2A_BOTJA,Acidic phospholipase A2,Bothrops jararaca,8724,1,Phospholipase_A2(PLA2),train,2
2574,2574,sp,C0HK05,PA2BC_CROLT,Basic phospholipase A2 ColTx-1 (Fragment),Crotalus lutosus,332626,1,Phospholipase_A2(PLA2),train,2
2575,2575,sp,Q2PWA3,PA2HP_PROMU,Basic phospholipase A2 homolog promutoxin,Protobothrops mucrosquamatus,103944,1,Phospholipase_A2(PLA2),train,2
2576,2576,sp,P00624,PA2A_CROAT,Acidic phospholipase A2,Crotalus atrox,8730,1,Phospholipase_A2(PLA2),train,2
2577,2577,sp,Q9I834,PA2H2_BOTMO,Basic phospholipase A2 homolog myotoxin II,Bothrops moojeni,98334,1,Phospholipase_A2(PLA2),val,2
2578,2578,sp,P00614,PA2TA_OXYSC,Basic phospholipase A2 taipoxin alpha chain,Oxyuranus scutellatus scutellatus,8667,1,Phospholipase_A2(PLA2),train,2
2579,2579,sp,P86974,PA2BD_BOTLC,Basic phospholipase A2,Bothrops leucurus,157295,1,Phospholipase_A2(PLA2),train,2
2580,2580,sp,P0DM51,PA2B1_BOTPA,Basic phospholipase A2 BnpTX-1 (Fragment),Bothrops pauloensis,1042543,1,Phospholipase_A2(PLA2),train,2
2581,2581,sp,P23028,PA2HD_PSETE,Acidic phospholipase A2 homolog textilotoxin D chain,Pseudonaja textilis,8673,1,Phospholipase_A2(PLA2),train,2
2582,2582,sp,P00623,PA2A_CROAD,Acidic phospholipase A2 beta,Crotalus adamanteus,8729,1,Phospholipase_A2(PLA2),train,2
2583,2583,sp,Q6SLM1,PA2B5_BUNCE,Basic phospholipase A2 2 (Fragment),Bungarus caeruleus,132961,1,Phospholipase_A2(PLA2),train,2
2584,2584,sp,Q6JK69,PA2H1_BOTAT,Phospholipase A2 homolog 1,Bothrops atrox,8725,1,Phospholipase_A2(PLA2),train,2
2585,2585,sp,P86907,PA2A_BOTAM,Acidic phospholipase A2,Bothrops ammodytoides,169857,1,Phospholipase_A2(PLA2),train,2
2586,2586,sp,P0DUN5,PA2_BOTBS,Basic phospholipase A2 Bbil-TX (Fragment),Bothrops bilineatus smaragdinus,2815652,1,Phospholipase_A2(PLA2),val,2
2587,2587,sp,B5U6Y4,PA2HS_ECHOC,Phospholipase A2 homolog,Echis ocellatus,99586,1,Phospholipase_A2(PLA2),val,2
2588,2588,sp,P0DJN6,PA2BB_CROHD,Basic phospholipase A2 canebraxin B,Crotalus horridus,35024,1,Phospholipase_A2(PLA2),train,2
2589,2589,sp,O57385,PA2H_DEIAC,Basic phospholipase A2 homolog acutohaemolysin,Deinagkistrodon acutus,36307,1,Phospholipase_A2(PLA2),train,2
2590,2590,sp,P0DJN7,PA2B3_CROLL,Basic phospholipase A2 Cll-N6,Crotalus lepidus lepidus,992932,1,Phospholipase_A2(PLA2),train,2
2591,2591,sp,P31100,PA2A7_DABSI,Acidic phospholipase A2 RV-7,Daboia siamensis,343250,1,Phospholipase_A2(PLA2),train,2
2592,2592,sp,P49121,PA2H1_AGKCL,Basic phospholipase A2 homolog MT1,Agkistrodon contortrix laticinctus,2782196,1,Phospholipase_A2(PLA2),train,2
2593,2593,sp,Q6EER2,PA2BB_SISTE,Basic phospholipase A2 sistruxin B,Sistrurus tergeminus,8757,1,Phospholipase_A2(PLA2),train,2
2594,2594,sp,B5U6Z2,PA2A_MACLN,Acidic phospholipase A2 MVL-PLA2,Macrovipera lebetina transmediterranea,384075,1,Phospholipase_A2(PLA2),train,2
2595,2595,sp,Q6EER4,PA2B_BOTSC,Basic phospholipase A2 Bs-N6,Bothriechis schlegelii,44725,1,Phospholipase_A2(PLA2),val,2
2596,2596,sp,Q6H3D5,PA2HI_TRIST,Basic phospholipase A2 homolog CTs-K49a,Trimeresurus stejnegeri,39682,1,Phospholipase_A2(PLA2),test,2
2597,2597,sp,P0C933,PA22_LACMU,Phospholipase A2 2 (Fragment),Lachesis muta muta,8753,1,Phospholipase_A2(PLA2),test,2
2598,2598,sp,P81165,PA2H2_CERGO,Basic phospholipase A2 homolog GodMT-II,Cerrophidion godmani,44722,1,Phospholipase_A2(PLA2),train,2
2599,2599,sp,P17935,PA2HL_VIPAA,Basic phospholipase A2 homolog ammodytin L,Vipera ammodytes ammodytes,8705,1,Phospholipase_A2(PLA2),train,2
2600,2600,sp,Q8QG87,PA2A_BOTIN,Acidic phospholipase A2 BITP01A,Bothrops insularis,8723,1,Phospholipase_A2(PLA2),train,2
2601,2601,sp,P14421,PA2N_GLOHA,Neutral phospholipase A2 agkistrodotoxin,Gloydius halys,8714,1,Phospholipase_A2(PLA2),train,2
2602,2602,sp,P0CG56,PA2BB_CRODU,Phospholipase A2 crotoxin basic subunit CBb,Crotalus durissus terrificus,8732,1,Phospholipase_A2(PLA2),train,2
2603,2603,sp,P80963,PA2H_BOTSC,Basic phospholipase A2 homolog Bsc-K49,Bothriechis schlegelii,44725,1,Phospholipase_A2(PLA2),test,2
2604,2604,sp,P0DUG4,PA2TI_NAJHH,Phospholipase A2 TI-Nh (Fragment),Naja haje haje,8642,1,Phospholipase_A2(PLA2),train,2
2605,2605,sp,C0HM14,PA2BD_CRODU,Phospholipase A2 crotoxin basic subunit CBd (Fragment),Crotalus durissus terrificus,8732,1,Phospholipase_A2(PLA2),test,2
2606,2606,sp,P00608,PA2B_NOTSC,Basic phospholipase A2 notexin,Notechis scutatus scutatus,70142,1,Phospholipase_A2(PLA2),val,2
2607,2607,sp,A8CG82,PA2B1_DABSI,Basic phospholipase A2 DsM-b1/DsM-b1',Daboia siamensis,343250,1,Phospholipase_A2(PLA2),train,2
2608,2608,sp,Q71QE8,PA2BN_CROVV,Basic phospholipase A2 Cvv-N6,Crotalus viridis viridis,8742,1,Phospholipase_A2(PLA2),val,2
2609,2609,sp,A8CG78,PA2A2_DABSI,Acidic phospholipase A2 DsM-a2/DsM-a2',Daboia siamensis,343250,1,Phospholipase_A2(PLA2),train,2
2610,2610,sp,P14420,PA2B_VIPAE,Basic phospholipase A2 vipoxin B chain,Vipera ammodytes meridionalis,73841,1,Phospholipase_A2(PLA2),train,2
2611,2611,sp,P0CAS5,PA2BE_CRODU,Basic phospholipase A2 F15,Crotalus durissus terrificus,8732,1,Phospholipase_A2(PLA2),train,2
2612,2612,sp,P21789,PA2A_CERCE,Acidic phospholipase A2 Cc1-PLA2,Cerastes cerastes,8697,1,Phospholipase_A2(PLA2),val,2
2613,2613,sp,P0C942,PA2B1_LACMU,Basic phospholipase A2 LmTX-I,Lachesis muta muta,8753,1,Phospholipase_A2(PLA2),train,2
2614,2614,sp,P0C8M1,PA2B1_BOTMO,Basic phospholipase A2 BmTX-I,Bothrops moojeni,98334,1,Phospholipase_A2(PLA2),train,2
2615,2615,sp,Q6H3D6,PA2HD_TRIST,Basic phospholipase A2 homolog Ts-R6,Trimeresurus stejnegeri,39682,1,Phospholipase_A2(PLA2),train,2
2616,2616,sp,P0C932,PA2A1_LACMU,Acidic phospholipase A2 1 (Fragment),Lachesis muta muta,8753,1,Phospholipase_A2(PLA2),train,2
2617,2617,sp,P23026,PA2BA_PSETE,Basic phospholipase A2 textilotoxin A chain,Pseudonaja textilis,8673,1,Phospholipase_A2(PLA2),train,2
2618,2618,sp,P0DUN2,PA21_BOTHY,Basic phospholipase A2 Ph-TX1,Bothrocophias hyoprora,230469,1,Phospholipase_A2(PLA2),train,2
2619,2619,sp,P00617,PA2B1_BUNMU,Basic phospholipase A2 beta-bungarotoxin A1 chain,Bungarus multicinctus,8616,1,Phospholipase_A2(PLA2),train,2
2620,2620,sp,P00618,PA2B2_BUNMU,Basic phospholipase A2 beta-bungarotoxin A2 chain,Bungarus multicinctus,8616,1,Phospholipase_A2(PLA2),test,2
2621,2621,sp,P00619,PA2A3_BUNMU,Acidic phospholipase A2 beta-bungarotoxin A3 chain,Bungarus multicinctus,8616,1,Phospholipase_A2(PLA2),train,2
2622,2622,sp,P0DUN1,PA22_BOTHY,Basic myotoxic phospholipase A2 PhTX-II,Bothrocophias hyoprora,230469,1,Phospholipase_A2(PLA2),train,2
2623,2623,sp,P84674,PA2B5_DABRR,Basic phospholipase A2 VRV-PL-V,Daboia russelii,8707,1,Phospholipase_A2(PLA2),train,2
2624,2624,sp,P04361,PA2HB_AGKPI,Basic phospholipase A2 homolog AppP2,Agkistrodon piscivorus piscivorus,8716,1,Phospholipase_A2(PLA2),train,2
2625,2625,sp,P0DV82,PA2_BOTIN,Acidic phospholipase A2 Bi PLA2 (Fragment),Bothrops insularis,8723,1,Phospholipase_A2(PLA2),train,2
2626,2626,sp,P82893,PA2B2_TRIST,Basic phospholipase A2 2 (Fragment),Trimeresurus stejnegeri,39682,1,Phospholipase_A2(PLA2),train,2
2627,2627,sp,Q02471,PA2B4_DABSI,Basic phospholipase A2 RV-4,Daboia siamensis,343250,1,Phospholipase_A2(PLA2),train,2
2628,2628,sp,P70090,PA2H5_CRAGM,Basic phospholipase A2 homolog 5,Craspedocephalus gramineus,8767,1,Phospholipase_A2(PLA2),val,2
2629,2629,sp,P86169,PA2BA_CRODR,Basic phospholipase A2 A,Crotalus durissus ruruima,221570,1,Phospholipase_A2(PLA2),train,2
2630,2630,sp,P08878,PA2H_CRODU,Phospholipase A2 homolog crotoxin acid subunit CA,Crotalus durissus terrificus,8732,1,Phospholipase_A2(PLA2),train,2
2631,2631,sp,P0DJ62,PA2A_BOTLC,Acidic phospholipase A2 (Fragment),Bothrops leucurus,157295,1,Phospholipase_A2(PLA2),train,2
2632,2632,sp,I6L8L6,PA2H1_BOTBZ,Basic phospholipase A2 homolog 2,Bothrops brazili,157546,1,Phospholipase_A2(PLA2),val,2
2633,2633,sp,P86523,PA2AA_ACAAN,Phospholipase A2 P-elapitoxin-Aa1a alpha chain (Fragment),Acanthophis antarcticus,8605,1,Phospholipase_A2(PLA2),train,2
2634,2634,sp,C0HLF7,PA2B_OPHSH,Basic phospholipase A2 sphenotoxin subunit B (Fragment),Ophryacus sphenophrys,2340898,1,Phospholipase_A2(PLA2),val,2
2635,2635,sp,P04084,PA2HA_VIPAE,Acidic phospholipase A2 homolog vipoxin A chain,Vipera ammodytes meridionalis,73841,1,Phospholipase_A2(PLA2),train,2
2636,2636,sp,P0DMK1,PA23_BOTMT,Basic phospholipase A2 BmatTX-III (Fragment),Bothrops mattogrossensis,1171125,1,Phospholipase_A2(PLA2),train,2
2637,2637,sp,P0CAS2,PA2B6_CRODO,Phospholipase A2 crotoxin basic chain,Crotalus durissus collilineatus,221569,1,Phospholipase_A2(PLA2),train,2
2638,2638,sp,P58399,PA2H1_BOTPI,Basic phospholipase A2 homolog piratoxin-1,Bothrops pirajai,113192,1,Phospholipase_A2(PLA2),train,2
2639,2639,sp,P0DMJ9,PA2H1_BOTMT,Basic phospholipase A2 homolog BmatTX-I (Fragment),Bothrops mattogrossensis,1171125,1,Phospholipase_A2(PLA2),train,2
2640,2640,sp,P0DUP2,PA2H2_CROLY,Basic phospholipase A2 CoaTx-II,Crotalus lutosus abyssus,128077,1,Phospholipase_A2(PLA2),train,2
2641,2641,sp,P0DM50,PA2X2_BOTPA,Phospholipase A2 neuwieditoxin-2 (Fragment),Bothrops pauloensis,1042543,1,Phospholipase_A2(PLA2),test,2
2642,2642,sp,P0DM49,PA2X1_BOTPA,Phospholipase A2 neuwieditoxin-1 (Fragment),Bothrops pauloensis,1042543,1,Phospholipase_A2(PLA2),train,2
2643,2643,sp,P0DUP1,PA2H_BOTDP,Basic phospholipase A2 homolog Bneu-I (Fragment),Bothrops diporus,1107943,1,Phospholipase_A2(PLA2),train,2
2644,2644,sp,P0DUN6,PA2H_BOTNR,Basic phospholipase A2 homolog BnuTX-I (Fragment),Bothrops neuwiedi urutu,157695,1,Phospholipase_A2(PLA2),test,2
2645,2645,sp,Q10755,PA2B_VIPAZ,Basic phospholipase A2 B chain,Vipera aspis zinnikeri,55427,1,Phospholipase_A2(PLA2),train,2
2646,2646,sp,Q10754,PA2H_VIPAZ,Acidic phospholipase A2 inhibitor vaspin A chain,Vipera aspis zinnikeri,55427,1,Phospholipase_A2(PLA2),val,2
2647,2647,sp,P14556,PA2B_NAJPA,Basic phospholipase A2 nigexine,Naja pallida,8658,1,Phospholipase_A2(PLA2),train,2
2648,2648,sp,D6MKR0,PA2A6_CROHD,Acidic phospholipase A2 CH-E6',Crotalus horridus,35024,1,Phospholipase_A2(PLA2),train,2
2649,2649,sp,P00622,PA2B_BITCA,Basic phospholipase A2 caudoxin,Bitis caudalis,8693,1,Phospholipase_A2(PLA2),train,2
2650,2650,sp,Q7LZG3,PA2_PSEPP,Phospholipase A2 (Fragment),Pseudechis papuanus,61265,1,Phospholipase_A2(PLA2),train,2
2651,2651,sp,C7G1G6,PA2B3_PROFL,Basic phospholipase A2 BP-III,Protobothrops flavoviridis,88087,1,Phospholipase_A2(PLA2),val,2
2652,2652,sp,Q7LZQ4,PA2A_GLOUS,Acidic phospholipase A2,Gloydius ussuriensis,35671,1,Phospholipase_A2(PLA2),train,2
2653,2653,sp,P59070,PA2SD_AUSSU,Phospholipase A2 superbin d (Fragment),Austrelaps superbus,29156,1,Phospholipase_A2(PLA2),val,2
2654,2654,sp,P59068,PA2SB_AUSSU,Phospholipase A2 superbin b (Fragment),Austrelaps superbus,29156,1,Phospholipase_A2(PLA2),val,2
2655,2655,sp,P59069,PA2SC_AUSSU,Phospholipase A2 superbin c (Fragment),Austrelaps superbus,29156,1,Phospholipase_A2(PLA2),test,2
2656,2656,sp,Q8JIY9,PA2A_PROJR,Acidic phospholipase A2 jerdoxin,Protobothrops jerdonii,242841,1,Phospholipase_A2(PLA2),train,2
2657,2657,sp,Q6H3D7,PA2HH_TRIST,Basic phospholipase A2 homolog CTs-R6,Trimeresurus stejnegeri,39682,1,Phospholipase_A2(PLA2),train,2
2658,2658,sp,G3DT18,PA2A_BOTMO,Acidic phospholipase A2 BmooPLA2,Bothrops moojeni,98334,1,Phospholipase_A2(PLA2),train,2
2659,2659,sp,A4FS04,PA2A_NAJAT,Acidic phospholipase A2 natratoxin,Naja atra,8656,1,Phospholipase_A2(PLA2),train,2
2660,2660,sp,P0DJJ7,PA2A_OVOMO,Acidic phospholipase A2 Omo-E6 (Fragment),Ovophis monticola,103941,1,Phospholipase_A2(PLA2),val,2
2661,2661,sp,P0DJP4,PA2AC_CRAPU,Acidic phospholipase A2 Tpu-E6c (Fragment),Craspedocephalus puniceus,3147916,1,Phospholipase_A2(PLA2),val,2
2662,2662,sp,P00605,PA2B4_NAJNG,Phospholipase A2 'basic',Naja nigricollis,8654,1,Phospholipase_A2(PLA2),train,2
2663,2663,sp,Q7LZG2,PA2T_OXYSC,Phospholipase A2 taicatoxin (Fragment),Oxyuranus scutellatus scutellatus,8667,1,Phospholipase_A2(PLA2),train,2
2664,2664,sp,Q6H3D1,PA2HJ_TRIST,Basic phospholipase A2 homolog CTs-K49b,Trimeresurus stejnegeri,39682,1,Phospholipase_A2(PLA2),train,2
2665,2665,sp,Q6H3D2,PA2HF_TRIST,Basic phospholipase A2 homolog Ts-K49b,Trimeresurus stejnegeri,39682,1,Phospholipase_A2(PLA2),train,2
2666,2666,sp,P0DKR5,PA2B2_PSEFE,Basic phospholipase A2 CbII,Pseudocerastes fieldi,1355908,1,Phospholipase_A2(PLA2),train,2
2667,2667,sp,P59067,PA2SA_AUSSU,Phospholipase A2 superbin a (Fragment),Austrelaps superbus,29156,1,Phospholipase_A2(PLA2),train,2
2668,2668,sp,Q6H3D3,PA2HG_TRIST,Basic phospholipase A2 homolog Ts-K49c,Trimeresurus stejnegeri,39682,1,Phospholipase_A2(PLA2),train,2
2669,2669,sp,Q6SLM0,PA2B3_BUNCE,Basic phospholipase A2 3 (Fragment),Bungarus caeruleus,132961,1,Phospholipase_A2(PLA2),train,2
2670,2670,sp,Q6H3D4,PA2HE_TRIST,Basic phospholipase A2 homolog Ts-K49a,Trimeresurus stejnegeri,39682,1,Phospholipase_A2(PLA2),train,2
2671,2671,sp,Q9PUG7,PA2AH_AUSSU,Acidic phospholipase A2 S17-58,Austrelaps superbus,29156,2,Phospholipase_A2(PLA2),val,2
2672,2672,sp,Q9PUG8,PA2AG_AUSSU,Acidic phospholipase A2 S16-19,Austrelaps superbus,29156,2,Phospholipase_A2(PLA2),train,2
2673,2673,sp,Q2YHJ5,PA2AB_CRAPU,Acidic phospholipase A2 Tpu-E6b,Craspedocephalus puniceus,3147916,1,Phospholipase_A2(PLA2),train,2
2674,2674,sp,Q6H3C9,PA2AC_TRIST,Acidic phospholipase A2 Ts-A3,Trimeresurus stejnegeri,39682,1,Phospholipase_A2(PLA2),train,2
2675,2675,sp,P0DJJ8,PA2B1_PROFL,Basic phospholipase A2 BP-I,Protobothrops flavoviridis,88087,1,Phospholipase_A2(PLA2),train,2
2676,2676,sp,P31854,PA2B_VIPBB,Basic phospholipase A2 Pla2Vb,Vipera berus berus,31156,1,Phospholipase_A2(PLA2),train,2
2677,2677,sp,Q6H3C5,PA2BB_TRIST,Basic phospholipase A2 Ts-G6D49,Trimeresurus stejnegeri,39682,1,Phospholipase_A2(PLA2),train,2
2678,2678,sp,C0HK16,PA2BD_DABRR,Basic phospholipase A2 daboxin P,Daboia russelii,8707,1,Phospholipase_A2(PLA2),val,2
2679,2679,sp,Q800C3,PA2AF_CROVV,Acidic phospholipase A2 Cvv-E6f,Crotalus viridis viridis,8742,1,Phospholipase_A2(PLA2),train,2
2680,2680,sp,Q6H3C6,PA2AI_TRIST,Acidic phospholipase A2 CTs-A3,Trimeresurus stejnegeri,39682,1,Phospholipase_A2(PLA2),test,2
2681,2681,sp,P81237,PA2B2_ACAAN,Basic phospholipase A2 acanthin-2,Acanthophis antarcticus,8605,1,Phospholipase_A2(PLA2),train,2
2682,2682,sp,P0DKT6,PA2B_BITAR,Phospholipase A2 bitanarin (Fragment),Bitis arietans,8692,1,Phospholipase_A2(PLA2),test,2
2683,2683,sp,P81236,PA2B1_ACAAN,Basic phospholipase A2 acanthin-1,Acanthophis antarcticus,8605,1,Phospholipase_A2(PLA2),train,2
2684,2684,sp,Q9PRG0,PA2A1_AUSSU,Acidic phospholipase A2 S1-11,Austrelaps superbus,29156,2,Phospholipase_A2(PLA2),train,2
2685,2685,sp,C9DPL5,PA2A1_BOTPI,Acidic phospholipase A2 BpirPLA2-I,Bothrops pirajai,113192,1,Phospholipase_A2(PLA2),train,2
2686,2686,sp,Q90WA7,PA2B1_BUNFA,Basic phospholipase A2 1,Bungarus fasciatus,8613,2,Phospholipase_A2(PLA2),train,2
2687,2687,sp,P81458,PA2B_DABRR,Basic phospholipase A2 RVV-VD,Daboia russelii,8707,1,Phospholipase_A2(PLA2),train,2
2688,2688,sp,Q5G290,PA2A6_NAJSG,Acidic phospholipase A2 6 (Fragment),Naja sagittifera,195058,1,Phospholipase_A2(PLA2),test,2
2689,2689,sp,P0CG57,PA2HC_OXYSC,Neutral phospholipase A2 homolog taipoxin beta chain 2,Oxyuranus scutellatus scutellatus,8667,1,Phospholipase_A2(PLA2),train,2
2690,2690,sp,Q2YHJ9,PA2HA_CRAPU,Basic phospholipase A2 homolog Tpu-K49a,Craspedocephalus puniceus,3147916,1,Phospholipase_A2(PLA2),train,2
2691,2691,sp,P00615,PA2HB_OXYSC,Neutral phospholipase A2 homolog taipoxin beta chain 1,Oxyuranus scutellatus scutellatus,8667,1,Phospholipase_A2(PLA2),val,2
2692,2692,sp,P00616,PA2HG_OXYSC,Acidic phospholipase A2 homolog taipoxin gamma chain,Oxyuranus scutellatus scutellatus,8667,1,Phospholipase_A2(PLA2),train,2
2693,2693,sp,P0DM52,PA2B2_BOTPA,Basic phospholipase A2 BnpTX-2 (Fragment),Bothrops pauloensis,1042543,1,Phospholipase_A2(PLA2),train,2
2694,2694,sp,P0DQP9,PA2B1_BOTBZ,Basic phospholipase A2 myotoxin-I (Fragment),Bothrops brazili,157546,1,Phospholipase_A2(PLA2),train,2
2695,2695,sp,P0CAS1,PA2B6_CRODM,Phospholipase A2 crotoxin basic chain (Fragment),Crotalus durissus cumanensis,184542,1,Phospholipase_A2(PLA2),train,2
2696,2696,sp,F5CPF1,PA235_MICAT,Phospholipase A2 MALT0035C,Micrurus altirostris,129457,1,Phospholipase_A2(PLA2),val,2
2697,2697,sp,C1IC46,PA2A1_WALAE,Acidic phospholipase A2 PL-I (Fragment),Walterinnesia aegyptia,64182,1,Phospholipase_A2(PLA2),train,2
2698,2698,sp,P14411,PA2BA_BUNFA,Basic phospholipase A2 10 (Fragment),Bungarus fasciatus,8613,1,Phospholipase_A2(PLA2),test,2
2699,2699,sp,C1IC45,PA2A2_WALAE,Acidic phospholipase A2 PL-II (Fragment),Walterinnesia aegyptia,64182,1,Phospholipase_A2(PLA2),test,2
2700,2700,sp,P00604,PA2B3_NAJMO,Basic phospholipase A2 CM-III,Naja mossambica,8644,1,Phospholipase_A2(PLA2),train,2
2701,2701,sp,P10116,PA2B2_LATCO,Basic phospholipase A2 2,Laticauda colubrina,8628,1,Phospholipase_A2(PLA2),train,2
2702,2702,sp,P0DKT7,PA2CA_OXYSA,Basic phospholipase A2 cannitoxin alpha chain (Fragment),Oxyuranus scutellatus canni,183720,1,Phospholipase_A2(PLA2),train,2
2703,2703,sp,P82950,PA2HB_METNM,Basic phospholipase A2 homolog,Metlapilcoatlus nummifer,3148373,1,Phospholipase_A2(PLA2),train,2
2704,2704,sp,P85061,PA23_ACASS,Phospholipase A2 acanmyotoxin-3 (Fragment),Acanthophis sp. (strain Seram),412080,1,Phospholipase_A2(PLA2),train,2
2705,2705,sp,P85062,PA21_ACASE,Phospholipase A2 acanmyotoxin-1 (Fragment),Acanthophis rugosus,239748,1,Phospholipase_A2(PLA2),val,2
2706,2706,sp,P85060,PA22_ACASS,Phospholipase A2 acanmyotoxin-2 (Fragment),Acanthophis sp. (strain Seram),412080,1,Phospholipase_A2(PLA2),train,2
2707,2707,sp,Q3HLQ4,PA2HB_PROMU,Basic phospholipase A2 homolog TM-N49,Protobothrops mucrosquamatus,103944,1,Phospholipase_A2(PLA2),train,2
2708,2708,sp,P0CAR8,PA2B_BOTJR,Basic phospholipase A2 BjIV (Fragment),Bothrops jararacussu,8726,1,Phospholipase_A2(PLA2),train,2
2709,2709,sp,P0DJM9,PA2B1_CROBA,Basic phospholipase A2 CB1 (Fragment),Crotalus basiliscus,8744,1,Phospholipase_A2(PLA2),train,2
2710,2710,sp,P0DJN0,PA2B1_CROVE,Basic phospholipase A2 CB1 (Fragment),Crotalus vegrandis,184545,1,Phospholipase_A2(PLA2),train,2
2711,2711,sp,C0HMB2,PA2A_LACAO,Acidic phospholipase A2,Lachesis acrochorda,1170830,1,Phospholipase_A2(PLA2),test,2
2712,2712,sp,P0DJN1,PA2B1_CRODM,Basic phospholipase A2 CB1 (Fragment),Crotalus durissus cumanensis,184542,1,Phospholipase_A2(PLA2),train,2
2713,2713,sp,P0DMT1,PA2HS_ECHPL,Phospholipase A2 homolog EPL_00195,Echis pyramidum leakeyi,38415,1,Phospholipase_A2(PLA2),train,2
2714,2714,sp,Q9DF56,PA2A_OPHHA,Acidic phospholipase A2,Ophiophagus hannah,8665,1,Phospholipase_A2(PLA2),train,2
2715,2715,sp,P0DMT2,PA2HS_ECHCS,Phospholipase A2 homolog ECS_00014,Echis carinatus sochureki,124223,1,Phospholipase_A2(PLA2),train,2
2716,2716,sp,Q8AXW7,PA2B_MICCO,Basic phospholipase A2,Micrurus corallinus,54390,1,Phospholipase_A2(PLA2),train,2
2717,2717,sp,P0DMT3,PA2HS_ECHCO,Phospholipase A2 homolog ECO_00035,Echis coloratus,64175,1,Phospholipase_A2(PLA2),train,2
2718,2718,sp,P20476,PA2A1_CRAGM,Acidic phospholipase A2 1,Craspedocephalus gramineus,8767,1,Phospholipase_A2(PLA2),train,2
2719,2719,sp,P59265,PA2BB_PROFL,Basic phospholipase A2 PLA-B,Protobothrops flavoviridis,88087,1,Phospholipase_A2(PLA2),train,2
2720,2720,sp,P81479,PA2A4_CRAGM,Acidic phospholipase A2 4,Craspedocephalus gramineus,8767,1,Phospholipase_A2(PLA2),train,2
2721,2721,sp,P23027,PA2HB_PSETE,Basic phospholipase A2 homolog textilotoxin B chain,Pseudonaja textilis,8673,1,Phospholipase_A2(PLA2),val,2
2722,2722,sp,P30811,PA2HC_PSETE,Acidic phospholipase A2 homolog textilotoxin C chain,Pseudonaja textilis,8673,1,Phospholipase_A2(PLA2),train,2
2723,2723,sp,P70088,PA2A6_CRAGM,Acidic phospholipase A2 6,Craspedocephalus gramineus,8767,3,Phospholipase_A2(PLA2),val,2
2724,2724,sp,P81480,PA2A3_CRAGM,Acidic phospholipase A2 3,Craspedocephalus gramineus,8767,1,Phospholipase_A2(PLA2),train,2
2725,2725,sp,P04417,PA2B_GLOBL,Basic phospholipase A2,Gloydius blomhoffii,242054,1,Phospholipase_A2(PLA2),train,2
2726,2726,sp,P59264,PA2BA_PROFL,Basic phospholipase A2 PLA-A,Protobothrops flavoviridis,88087,1,Phospholipase_A2(PLA2),train,2
2727,2727,sp,Q6EER6,PA2B_SISMS,Basic phospholipase A2 Sms-N6,Sistrurus miliarius streckeri,253282,1,Phospholipase_A2(PLA2),train,2
2728,2728,sp,Q5G291,PA2A5_NAJSG,Acidic phospholipase A2 5 (Fragment),Naja sagittifera,195058,1,Phospholipase_A2(PLA2),train,2
2729,2729,sp,Q8UVU7,PA2HB_CERGO,Basic phospholipase A2 homolog Pgo-K49,Cerrophidion godmani,44722,1,Phospholipase_A2(PLA2),test,2
2730,2730,sp,C0HKB8,PA2A1_MICDM,Acidic phospholipase A2,Micrurus dumerilii,1337871,1,Phospholipase_A2(PLA2),train,2
2731,2731,sp,Q2YHJ4,PA2HB_CRABR,Basic phospholipase A2 homolog Tbo-K49,Craspedocephalus borneensis,3147914,1,Phospholipase_A2(PLA2),train,2
2732,2732,sp,Q98996,PA2A_DABPA,Acidic phospholipase A2 VpaPLA2,Daboia palaestinae,1170828,1,Phospholipase_A2(PLA2),train,2
2733,2733,sp,P0DJN4,PA2B2_CROMT,Basic phospholipase A2 CB2 (Fragment),Crotalus mitchellii mitchellii,384067,1,Phospholipase_A2(PLA2),train,2
2734,2734,sp,Q9PSN5,PA2AE_NOTSC,Acidic phospholipase A2 HTe,Notechis scutatus scutatus,70142,1,Phospholipase_A2(PLA2),train,2
2735,2735,sp,Q8UVZ7,PA2H_CROAT,Basic phospholipase A2 homolog Cax-K49,Crotalus atrox,8730,1,Phospholipase_A2(PLA2),test,2
2736,2736,sp,P0DKR3,PA2AA_PSEFE,Acidic phospholipase A2 CbIalpha,Pseudocerastes fieldi,1355908,1,Phospholipase_A2(PLA2),train,2
2737,2737,sp,Q2YHJ8,PA2HB_CRAPU,Basic phospholipase A2 homolog Tpu-K49b,Craspedocephalus puniceus,3147916,1,Phospholipase_A2(PLA2),train,2
2738,2738,sp,F5CPF0,PA226_MICAT,Phospholipase A2,Micrurus altirostris,129457,2,Phospholipase_A2(PLA2),train,2
2739,2739,sp,P81166,PA2BA_MICNI,Basic phospholipase A2 nigroxin A,Micrurus nigrocinctus,8635,1,Phospholipase_A2(PLA2),train,2
2740,2740,sp,C0HKC2,PA2HB_AGKPL,Basic phospholipase A2 homolog APL-K49,Agkistrodon piscivorus leucostoma,459671,1,Phospholipase_A2(PLA2),test,2
2741,2741,sp,A8CG90,PA2B2_DABRR,Basic phospholipase A2 Drk-b2,Daboia russelii,8707,1,Phospholipase_A2(PLA2),train,2
2742,2742,sp,P00595,PA2B1_HEMHA,Basic phospholipase A2 DE-1,Hemachatus haemachatus,8626,1,Phospholipase_A2(PLA2),train,2
2743,2743,sp,P0DQP6,PA21_CERGO,Basic phospholipase A2 (Fragment),Cerrophidion godmani,44722,1,Phospholipase_A2(PLA2),train,2
2744,2744,sp,P81167,PA2BB_MICNI,Basic phospholipase A2 nigroxin B,Micrurus nigrocinctus,8635,1,Phospholipase_A2(PLA2),val,2
2745,2745,sp,Q1ZY03,PA2B_DEIAC,Basic phospholipase A2 DAV-N6,Deinagkistrodon acutus,36307,1,Phospholipase_A2(PLA2),train,2
2746,2746,sp,P00602,PA2A1_NAJMO,Acidic phospholipase A2 CM-I,Naja mossambica,8644,1,Phospholipase_A2(PLA2),val,2
2747,2747,sp,A8CG89,PA2B1_DABRR,Basic phospholipase A2 Drk-b1,Daboia russelii,8707,1,Phospholipase_A2(PLA2),train,2
2748,2748,sp,D0UGJ0,PA2A_BOTPA,Acidic phospholipase A2 BpPLA2-TXI,Bothrops pauloensis,1042543,1,Phospholipase_A2(PLA2),train,2
2749,2749,sp,F8QN51,PA2A3_VIPRE,Acidic phospholipase A2 Vur-PL3,Vipera renardi,927686,1,Phospholipase_A2(PLA2),train,2
2750,2750,sp,Q6EER5,PA2B_CERGO,Basic phospholipase A2 Ceg-N6,Cerrophidion godmani,44722,1,Phospholipase_A2(PLA2),train,2
2751,2751,sp,Q6H3C7,PA2AD_TRIST,Acidic phospholipase A2 Ts-A4,Trimeresurus stejnegeri,39682,1,Phospholipase_A2(PLA2),train,2
2752,2752,sp,Q2PG81,PA2B1_PROEL,Basic phospholipase A2 PeBP(R)-I/II,Protobothrops elegans,88086,1,Phospholipase_A2(PLA2),test,2
2753,2753,sp,Q45Z42,PA2PA_OXYMI,Basic phospholipase A2 paradoxin-like alpha chain,Oxyuranus microlepidotus,111177,1,Phospholipase_A2(PLA2),test,2
2754,2754,sp,P00609,PA2B5_NOTSC,Basic phospholipase A2 notechis II-5,Notechis scutatus scutatus,70142,1,Phospholipase_A2(PLA2),train,2
2755,2755,sp,P0CAS4,PA2BD_CRODR,Basic phospholipase A2 Cdr-13,Crotalus durissus ruruima,221570,1,Phospholipase_A2(PLA2),train,2
2756,2756,sp,P0CAS6,PA2BF_CRODU,Basic phospholipase A2 F16,Crotalus durissus terrificus,8732,1,Phospholipase_A2(PLA2),train,2
2757,2757,sp,P0CAS3,PA2BC_CRODR,Basic phospholipase A2 Cdr-12,Crotalus durissus ruruima,221570,1,Phospholipase_A2(PLA2),train,2
2758,2758,sp,P58464,PA2H3_BOTPI,Basic phospholipase A2 homolog piratoxin-3,Bothrops pirajai,113192,1,Phospholipase_A2(PLA2),train,2
2759,2759,sp,P0C943,PA2B2_LACMU,Basic phospholipase A2 LmTX-II,Lachesis muta muta,8753,1,Phospholipase_A2(PLA2),train,2
2760,2760,sp,Q90Y77,PA2BY_PROFL,Basic phospholipase A2 PL-Y,Protobothrops flavoviridis,88087,1,Phospholipase_A2(PLA2),train,2
2761,2761,sp,P86456,PA2A4_BOTAL,Acidic phospholipase A2 SpII RP4,Bothrops alternatus,64174,1,Phospholipase_A2(PLA2),val,2
2762,2762,sp,C0HKB9,PA2B1_MICMP,Basic phospholipase A2,Micrurus mipartitus,430902,1,Phospholipase_A2(PLA2),train,2
2763,2763,sp,Q8JFG0,PA2B_VIPAP,Basic phospholipase A2 vaspin B chain,Vipera aspis aspis,194601,2,Phospholipase_A2(PLA2),test,2
2764,2764,sp,C0HKC3,PA2B9_AGKPL,Basic phospholipase A2 APL-D49,Agkistrodon piscivorus leucostoma,459671,1,Phospholipase_A2(PLA2),train,2
2765,2765,sp,P00597,PA2A2_NAJKA,Acidic phospholipase A2 2,Naja kaouthia,8649,1,Phospholipase_A2(PLA2),train,2
2766,2766,sp,P14615,PA2N3_BUNFA,Neutral phospholipase A2 3,Bungarus fasciatus,8613,1,Phospholipase_A2(PLA2),train,2
2767,2767,sp,C0HKC1,PA2HB_AGKCN,Basic phospholipase A2 homolog APC-K49,Agkistrodon conanti,2782195,1,Phospholipase_A2(PLA2),val,2
2768,2768,sp,P00611,PA2A1_LATSE,Acidic phospholipase A2 1,Laticauda semifasciata,8631,1,Phospholipase_A2(PLA2),train,2
2769,2769,sp,Q8JIG0,PA2BQ_PROFL,Basic phospholipase A2 PLA-B',Protobothrops flavoviridis,88087,2,Phospholipase_A2(PLA2),train,2
2770,2770,sp,P86524,PA2HB_ACAAN,Phospholipase A2 homolog P-elapitoxin-Aa1a beta chain (Fragment),Acanthophis antarcticus,8605,1,Phospholipase_A2(PLA2),train,2
2771,2771,sp,Q7T1R0,PA2B1_BUNFL,Basic phospholipase A2 beta-bungarotoxin A1 chain,Bungarus flaviceps flaviceps,8615,1,Phospholipase_A2(PLA2),train,2
2772,2772,sp,P86525,PA2HC_ACAAN,Phospholipase A2 homolog P-elapitoxin-Aa1a gamma chain (Fragment),Acanthophis antarcticus,8605,1,Phospholipase_A2(PLA2),train,2
2773,2773,sp,Q8QFW3,PA2B2_BUNCE,Basic phospholipase A2 beta-bungarotoxin A2 chain,Bungarus caeruleus,132961,2,Phospholipase_A2(PLA2),val,2
2774,2774,sp,Q90251,PA2A6_BUNMU,Acidic phospholipase A2 beta-bungarotoxin A6 chain (Fragment),Bungarus multicinctus,8616,2,Phospholipase_A2(PLA2),train,2
2775,2775,sp,C0HM79,PA2B1_AGKPL,Basic phospholipase A2 (Fragment),Agkistrodon piscivorus leucostoma,459671,1,Phospholipase_A2(PLA2),train,2
2776,2776,sp,Q75S51,PA2B4_BUNCA,Basic phospholipase A2 beta-bungarotoxin A4 chain,Bungarus candidus,92438,2,Phospholipase_A2(PLA2),train,2
2777,2777,sp,Q7T1R1,PA2B2_BUNFL,Basic phospholipase A2 beta-bungarotoxin A2 chain,Bungarus flaviceps flaviceps,8615,1,Phospholipase_A2(PLA2),train,2
2778,2778,sp,Q8AY47,PA2B2_BUNCA,Basic phospholipase A2 beta-bungarotoxin A2 chain (Fragment),Bungarus candidus,92438,2,Phospholipase_A2(PLA2),train,2
2779,2779,sp,Q9PU97,PA2B7_BUNMU,Basic phospholipase A2 beta-bungarotoxin A7 chain (Fragment),Bungarus multicinctus,8616,2,Phospholipase_A2(PLA2),val,2
2780,2780,sp,P17934,PA2A4_BUNMU,Acidic phospholipase A2 beta-bungarotoxin A4 chain,Bungarus multicinctus,8616,2,Phospholipase_A2(PLA2),val,2
2781,2781,sp,P59018,PA2B5_BUNMU,Basic phospholipase A2 beta-bungarotoxin A5 chain (Fragment),Bungarus multicinctus,8616,1,Phospholipase_A2(PLA2),val,2
2782,2782,sp,Q8AY48,PA2B1_BUNCA,Basic phospholipase A2 beta-bungarotoxin A1 chain (Fragment),Bungarus candidus,92438,2,Phospholipase_A2(PLA2),train,2
2783,2783,sp,Q8QFW4,PA2B1_BUNCE,Basic phospholipase A2 beta-bungarotoxin A1 chain,Bungarus caeruleus,132961,2,Phospholipase_A2(PLA2),train,2
2784,2784,sp,P0DUN0,PA23_BOTHY,Acidic phospholipase A2 PhTX-III (Fragment),Bothrocophias hyoprora,230469,1,Phospholipase_A2(PLA2),train,2
2785,2785,sp,C0HKC4,PA2B1_AGKCN,Basic phospholipase A2 APC-D49,Agkistrodon conanti,2782195,1,Phospholipase_A2(PLA2),val,2
2786,2786,sp,Q9PTA5,PA2BD_BUNMU,Basic phospholipase A2 beta-bungarotoxin A-AL4 chain (Fragment),Bungarus multicinctus,8616,3,Phospholipase_A2(PLA2),train,2
2787,2787,sp,Q9PTA7,PA2B_BUNMU,Basic phospholipase A2 beta-bungarotoxin A-AL2 chain (Fragment),Bungarus multicinctus,8616,3,Phospholipase_A2(PLA2),train,2
2788,2788,sp,Q9PTA6,PA2BC_BUNMU,Basic phospholipase A2 beta-bungarotoxin A-AL3 chain (Fragment),Bungarus multicinctus,8616,3,Phospholipase_A2(PLA2),train,2
2789,2789,sp,Q92147,PA2AP_PROFL,Acidic phospholipase A2 pgPLA 1b/pgPLA 2b,Protobothrops flavoviridis,88087,3,Phospholipase_A2(PLA2),train,2
2790,2790,sp,F8QN52,PA2A1_VIPRE,Acidic phospholipase A2 PL1,Vipera renardi,927686,2,Phospholipase_A2(PLA2),train,2
2791,2791,sp,P0DUP9,PA2H2_BOTMA,Basic phospholipase A2 homolog BmajPLA2-II (Fragment),Bothrops marajoensis,157554,1,Phospholipase_A2(PLA2),train,2
2792,2792,sp,P82287,PA2H2_BOTPI,Basic phospholipase A2 homolog piratoxin-2,Bothrops pirajai,113192,1,Phospholipase_A2(PLA2),train,2
2793,2793,sp,P0DQD1,PLA2_WALAE,Non-toxic phospholipase A2 (Fragment),Walterinnesia aegyptia,64182,1,Phospholipase_A2(PLA2),train,2
2794,2794,sp,P0DTS8,PA2H2_BOTBZ,Basic phospholipase A2 homolog 2,Bothrops brazili,157546,1,Phospholipase_A2(PLA2),train,2
2795,2795,sp,P84736,PA2_TRILM,Phospholipase A2 trimorphin (Fragment),Trimorphodon lambda,356346,1,Phospholipase_A2(PLA2),train,2
2796,2796,sp,Q9I900,PA2AD_NAJSP,Acidic phospholipase A2 D,Naja sputatrix,33626,1,Phospholipase_A2(PLA2),val,2
2797,2797,sp,Q02517,PA2BW_PROFL,Basic phospholipase A2 PL-X',Protobothrops flavoviridis,88087,2,Phospholipase_A2(PLA2),train,2
2798,2798,sp,Q9PTA1,PA2BA_BUNMU,Basic phospholipase A2 beta-bungarotoxin A-AL1 chain,Bungarus multicinctus,8616,1,Phospholipase_A2(PLA2),train,2
2799,2799,sp,P06860,PA2BX_PROFL,Basic phospholipase A2 PL-X,Protobothrops flavoviridis,88087,1,Phospholipase_A2(PLA2),train,2
2800,2800,sp,Q45Z29,PA2A2_TROCA,Acidic phospholipase A2 2,Tropidechis carinatus,100989,1,Phospholipase_A2(PLA2),val,2
2801,2801,sp,P60044,PA2A2_NAJSG,Acidic phospholipase A2 2 (Fragment),Naja sagittifera,195058,1,Phospholipase_A2(PLA2),train,2
2802,2802,sp,P60043,PA2B1_NAJSG,Basic phospholipase A2 1 (Fragment),Naja sagittifera,195058,1,Phospholipase_A2(PLA2),train,2
2803,2803,sp,P20258,PA2BA_PSEPO,Basic phospholipase A2 pseudexin A chain,Pseudechis porphyriacus,8671,1,Phospholipase_A2(PLA2),test,2
2804,2804,sp,P84397,PA2A2_BOTIN,Acidic phospholipase A2 2 (Fragment),Bothrops insularis,8723,1,Phospholipase_A2(PLA2),train,2
2805,2805,sp,P20259,PA2BB_PSEPO,Basic phospholipase A2 pseudexin B chain,Pseudechis porphyriacus,8671,1,Phospholipase_A2(PLA2),val,2
2806,2806,sp,C0HJP9,PLA23_BOTDP,Phospholipase A2 3 (Fragment),Bothrops diporus,1107943,1,Phospholipase_A2(PLA2),train,2
2807,2807,sp,Q45Z25,PA2A6_TROCA,Acidic phospholipase A2 6,Tropidechis carinatus,100989,2,Phospholipase_A2(PLA2),train,2
2808,2808,sp,Q45Z27,PA2A4_TROCA,Acidic phospholipase A2 4,Tropidechis carinatus,100989,2,Phospholipase_A2(PLA2),train,2
2809,2809,sp,Q45Z28,PA2A3_TROCA,Acidic phospholipase A2 3,Tropidechis carinatus,100989,2,Phospholipase_A2(PLA2),train,2
2810,2810,sp,Q92086,PA2AC_NAJSP,Acidic phospholipase A2 C,Naja sputatrix,33626,2,Phospholipase_A2(PLA2),train,2
2811,2811,sp,Q45Z26,PA2A5_TROCA,Acidic phospholipase A2 5,Tropidechis carinatus,100989,2,Phospholipase_A2(PLA2),train,2
2812,2812,sp,Q45Z30,PA2A1_TROCA,Acidic phospholipase A2 1,Tropidechis carinatus,100989,2,Phospholipase_A2(PLA2),train,2
2813,2813,sp,Q92085,PA2NB_NAJSP,Neutral phospholipase A2 B,Naja sputatrix,33626,2,Phospholipase_A2(PLA2),train,2
2814,2814,sp,P15445,PA2A2_NAJNA,Acidic phospholipase A2 2,Naja naja,35670,1,Phospholipase_A2(PLA2),train,2
2815,2815,sp,Q9PSF9,PA2B2_AGKBI,Basic phospholipase A2 2 (Fragment),Agkistrodon bilineatus,8718,1,Phospholipase_A2(PLA2),train,2
2816,2816,sp,Q6YIJ3,PA2A_BUNCA,Acidic phospholipase A2 beta-bungarotoxin A chain (Fragment),Bungarus candidus,92438,2,Phospholipase_A2(PLA2),test,2
2817,2817,sp,Q6YNQ0,PA2A3_BUNCA,Acidic phospholipase A2 beta-bungarotoxin A3 chain (Fragment),Bungarus candidus,92438,2,Phospholipase_A2(PLA2),val,2
2818,2818,sp,P51972,PA2B1_AGKPI,Basic phospholipase A2 APP-D49,Agkistrodon piscivorus piscivorus,8716,1,Phospholipase_A2(PLA2),train,2
2819,2819,sp,Q92152,PA2H_OVOOK,Phospholipase A2 homolog PLA2-03,Ovophis okinavensis,8769,2,Phospholipase_A2(PLA2),train,2
2820,2820,sp,Q9I8P7,PLIG_MALRE,Phospholipase A2 inhibitor PIP,Malayopython reticulatus,1496311,1,Phospholipase_A2(PLA2),train,2
2821,2821,sp,P86975,PA2HB_BOTLC,Basic phospholipase A2 homolog blK-PLA2,Bothrops leucurus,157295,1,Phospholipase_A2(PLA2),train,2
2822,2822,sp,B3EWQ8,PA2_BUNFA,Phospholipase A2 BF-CT1 (Fragment),Bungarus fasciatus,8613,1,Phospholipase_A2(PLA2),train,2
2823,2823,sp,P0DMK0,PA2H2_BOTMT,Basic phospholipase A2 homolog BmatTX-II (Fragment),Bothrops mattogrossensis,1171125,1,Phospholipase_A2(PLA2),train,2
2824,2824,sp,P0DQP7,PLIG1_CERGO,Phospholipase A2 inhibitor CgMIP-I,Cerrophidion godmani,44722,1,Phospholipase_A2(PLA2),train,2
2825,2825,sp,P0DUN8,PA2H4_BOTMT,Basic phospholipase A2 homolog BmatTX-IV (Fragment),Bothrops mattogrossensis,1171125,1,Phospholipase_A2(PLA2),train,2
2826,2826,sp,Q7LZG5,PA2_NOTSC,Phospholipase A2 II-5b (Fragment),Notechis scutatus scutatus,70142,1,Phospholipase_A2(PLA2),train,2
2827,2827,sp,P0DKU0,PA2HG_OXYSA,Acidic phospholipase A2 homolog cannitoxin gamma chain (Fragment),Oxyuranus scutellatus canni,183720,1,Phospholipase_A2(PLA2),train,2
2828,2828,sp,P0DKT9,PA2HC_OXYSA,Neutral phospholipase A2 homolog cannitoxin beta chain 2 (Fragment),Oxyuranus scutellatus canni,183720,1,Phospholipase_A2(PLA2),train,2
2829,2829,sp,P0DKU3,PA2B1_NAJNG,Basic phospholipase A2 CM-I (Fragment),Naja nigricollis,8654,1,Phospholipase_A2(PLA2),train,2
2830,2830,sp,P0DKU4,PA2B2_NAJNG,Basic phospholipase A2 CM-II (Fragment),Naja nigricollis,8654,1,Phospholipase_A2(PLA2),train,2
2831,2831,sp,Q45Z46,PA2HB_OXYMI,Neutral phospholipase A2 paradoxin-like beta chain,Oxyuranus microlepidotus,111177,1,Phospholipase_A2(PLA2),train,2
2832,2832,sp,P0DQP8,PLIA2_CERGO,Phospholipase A2 inhibitor CgMIP-II,Cerrophidion godmani,44722,1,Phospholipase_A2(PLA2),train,2
2833,2833,sp,P59066,PA2_AUSSU,Phospholipase A2 (Fragment),Austrelaps superbus,29156,1,Phospholipase_A2(PLA2),train,2
2834,2834,sp,P0DKX1,PA2N_DABRR,Neutral phospholipase A2 RVV-PFIIc' (Fragment),Daboia russelii,8707,1,Phospholipase_A2(PLA2),val,2
2835,2835,sp,P00606,PA2A_BUNMU,Acidic phospholipase A2,Bungarus multicinctus,8616,1,Phospholipase_A2(PLA2),train,2
2836,2836,sp,P0C551,PA2A_BUNFA,Acidic phospholipase A2 KBf-grIB (Fragment),Bungarus fasciatus,8613,2,Phospholipase_A2(PLA2),train,2
2837,2837,sp,F8QN50,PA2HS_VIPRE,Basic phospholipase A2 homolog Vur-S49,Vipera renardi,927686,2,Phospholipase_A2(PLA2),train,2
2838,2838,sp,Q802I1,PA2AB_BUNCA,Acidic phospholipase A2 Bc-PL (Fragment),Bungarus candidus,92438,2,Phospholipase_A2(PLA2),train,2
2839,2839,sp,B3EWG8,PA2A_PORNA,Acidic phospholipase A2 PnPLA2 (Fragment),Porthidium nasutum,74558,1,Phospholipase_A2(PLA2),train,2
2840,2840,sp,O42191,PA2A7_GLOHA,Acidic phospholipase A2 A,Gloydius halys,8714,1,Phospholipase_A2(PLA2),train,2
2841,2841,sp,P08873,PA2B2_NOTSC,Basic phospholipase A2 notechis 11'2,Notechis scutatus scutatus,70142,1,Phospholipase_A2(PLA2),train,2
2842,2842,sp,Q800C1,PA2AH_CROVV,Acidic phospholipase A2 Cvv-E6h,Crotalus viridis viridis,8742,2,Phospholipase_A2(PLA2),train,2
2843,2843,sp,P00621,PA2A2_BITNA,Acidic phospholipase A2 CM-II,Bitis nasicornis,8695,1,Phospholipase_A2(PLA2),train,2
2844,2844,sp,P0DJM5,PA2AC_CROVV,Acidic phospholipase A2 Cvv-E6c (Fragment),Crotalus viridis viridis,8742,1,Phospholipase_A2(PLA2),train,2
2845,2845,sp,F8J2D2,PA222_DRYCN,Phospholipase A2 PS22,Drysdalia coronoides,66186,1,Phospholipase_A2(PLA2),train,2
2846,2846,sp,P0DJR1,PA2AA_CROHD,Acidic phospholipase CHA-E6a (Fragment),Crotalus horridus,35024,1,Phospholipase_A2(PLA2),train,2
2847,2847,sp,F8J2D0,PA214_DRYCN,Phospholipase A2 147,Drysdalia coronoides,66186,1,Phospholipase_A2(PLA2),train,2
2848,2848,sp,P86389,PA2A2_BOTAS,Acidic phospholipase A2 2,Bothrops asper,8722,1,Phospholipase_A2(PLA2),train,2
2849,2849,sp,P0DJR2,PA2AB_CROHD,Acidic phospholipase A2 CHA-E6b (Fragment),Crotalus horridus,35024,1,Phospholipase_A2(PLA2),train,2
2850,2850,sp,Q9I968,PA2A2_PROMU,Acidic phospholipase A2 2,Protobothrops mucrosquamatus,103944,2,Phospholipase_A2(PLA2),train,2
2851,2851,sp,P00612,PA2B3_LATSE,Basic phospholipase A2 3,Laticauda semifasciata,8631,1,Phospholipase_A2(PLA2),train,2
2852,2852,sp,P0DJP8,PA2AG_TRIST,Acidic phospholipase A2 CTs-A1 (Fragment),Trimeresurus stejnegeri,39682,1,Phospholipase_A2(PLA2),train,2
2853,2853,sp,P0DJP9,PA2AH_TRIST,Acidic phospholipase A2 CTs-A2 (Fragment),Trimeresurus stejnegeri,39682,1,Phospholipase_A2(PLA2),val,2
2854,2854,sp,P00613,PA2B4_LATSE,Basic phospholipase A2 4,Laticauda semifasciata,8631,1,Phospholipase_A2(PLA2),train,2
2855,2855,sp,P00620,PA2A_BITGA,Acidic phospholipase A2,Bitis gabonica,8694,1,Phospholipase_A2(PLA2),test,2
2856,2856,sp,P59359,PA2B_AUSSU,Basic phospholipase A2 S2-22,Austrelaps superbus,29156,2,Phospholipase_A2(PLA2),train,2
2857,2857,sp,P24644,PA21_CALBG,Phospholipase A2 1 (Fragment),Calliophis bivirgatus,8633,1,Phospholipase_A2(PLA2),train,2
2858,2858,sp,P34180,PA2N2_VIPAA,Neutral phospholipase A2 ammodytin I2,Vipera ammodytes ammodytes,8705,1,Phospholipase_A2(PLA2),val,2
2859,2859,sp,Q9PVE9,PA2AC_CALRH,Acidic phospholipase A2 S1E6-c,Calloselasma rhodostoma,8717,2,Phospholipase_A2(PLA2),train,2
2860,2860,sp,P24645,PA22_CALBG,Phospholipase A2 2 (Fragment),Calliophis bivirgatus,8633,1,Phospholipase_A2(PLA2),train,2
2861,2861,sp,P0DMH0,PA2A_BOTFO,Basic phospholipase A2 Bfon11 (Fragment),Bothrops fonsecai,157549,1,Phospholipase_A2(PLA2),val,2
2862,2862,sp,Q9PUH2,PA2AC_AUSSU,Acidic phospholipase A2 S4-30,Austrelaps superbus,29156,2,Phospholipase_A2(PLA2),test,2
2863,2863,sp,Q9PUH7,PA2A7_AUSSU,Acidic phospholipase A2 S15-109,Austrelaps superbus,29156,2,Phospholipase_A2(PLA2),train,2
2864,2864,sp,Q9PUI0,PA2A4_AUSSU,Acidic phospholipase A2 S7-48J,Austrelaps superbus,29156,2,Phospholipase_A2(PLA2),train,2
2865,2865,sp,Q7LZQ6,PA2BD_BUNFA,Basic phospholipase A2 13 (Fragment),Bungarus fasciatus,8613,1,Phospholipase_A2(PLA2),val,2
2866,2866,sp,Q9PUH0,PA2AE_AUSSU,Acidic phospholipase A2 S8-51,Austrelaps superbus,29156,2,Phospholipase_A2(PLA2),train,2
2867,2867,sp,Q9PUH4,PA2AA_AUSSU,Acidic phospholipase A2 S5-32M,Austrelaps superbus,29156,2,Phospholipase_A2(PLA2),train,2
2868,2868,sp,Q9PUH5,PA2B9_AUSSU,Basic phospholipase A2 S11-61,Austrelaps superbus,29156,2,Phospholipase_A2(PLA2),train,2
2869,2869,sp,P18999,PA2_DABSI,Phospholipase A2 (Fragment),Daboia siamensis,343250,1,Phospholipase_A2(PLA2),train,2
2870,2870,sp,Q9PUG9,PA2AF_AUSSU,Acidic phospholipase A2 S12-65J,Austrelaps superbus,29156,2,Phospholipase_A2(PLA2),train,2
2871,2871,sp,Q9PUH3,PA2AB_AUSSU,Acidic phospholipase A2 S13-69J,Austrelaps superbus,29156,2,Phospholipase_A2(PLA2),val,2
2872,2872,sp,Q9PUH6,PA2B8_AUSSU,Basic phospholipase A2 S10-58F,Austrelaps superbus,29156,2,Phospholipase_A2(PLA2),train,2
2873,2873,sp,Q9PUH8,PA2A6_AUSSU,Acidic phospholipase A2 S3-24,Austrelaps superbus,29156,2,Phospholipase_A2(PLA2),train,2
2874,2874,sp,Q9PUI1,PA2B2_AUSSU,Basic phospholipase A2 S6-45,Austrelaps superbus,29156,2,Phospholipase_A2(PLA2),val,2
2875,2875,sp,Q9PUH1,PA2AD_AUSSU,Acidic phospholipase A2 S14-72F,Austrelaps superbus,29156,2,Phospholipase_A2(PLA2),train,2
2876,2876,sp,Q9PUH9,PA2A5_AUSSU,Acidic phospholipase A2 S9-53F,Austrelaps superbus,29156,2,Phospholipase_A2(PLA2),train,2
2877,2877,sp,Q800C2,PA2AG_CROVV,Acidic phospholipase A2 Cvv-E6g,Crotalus viridis viridis,8742,2,Phospholipase_A2(PLA2),test,2
2878,2878,sp,P0DJQ2,PA2HK_TRIST,Basic phospholipase A2 homolog CTs-K49c (Fragment),Trimeresurus stejnegeri,39682,1,Phospholipase_A2(PLA2),train,2
2879,2879,sp,P00603,PA2B2_NAJMO,Basic phospholipase A2 CM-II,Naja mossambica,8644,1,Phospholipase_A2(PLA2),train,2
2880,2880,sp,A8CG84,PA2BS_DABSI,Basic phospholipase A2 DsM-S1,Daboia siamensis,343250,2,Phospholipase_A2(PLA2),test,2
2881,2881,sp,A8CG87,PA2A2_DABRR,Acidic phospholipase A2 Drk-a2,Daboia russelii,8707,2,Phospholipase_A2(PLA2),train,2
2882,2882,sp,P70089,PA2H7_CRAGM,Basic phospholipase A2 homolog 7,Craspedocephalus gramineus,8767,3,Phospholipase_A2(PLA2),train,2
2883,2883,sp,P19000,PA2B_LATLA,Basic phospholipase A2 P'513,Laticauda laticaudata,8630,2,Phospholipase_A2(PLA2),test,2
2884,2884,sp,P48650,PA2HS_ECHCA,Basic phospholipase A2 homolog ecarpholin S,Echis carinatus,40353,1,Phospholipase_A2(PLA2),train,2
2885,2885,sp,P21791,PA22_MICNI,Phospholipase A2 2 (Fragment),Micrurus nigrocinctus,8635,1,Phospholipase_A2(PLA2),train,2
2886,2886,sp,P21792,PA23_MICNI,Phospholipase A2 3 (Fragment),Micrurus nigrocinctus,8635,1,Phospholipase_A2(PLA2),train,2
2887,2887,sp,P21790,PA21_MICNI,Phospholipase A2 1 (Fragment),Micrurus nigrocinctus,8635,1,Phospholipase_A2(PLA2),val,2
2888,2888,sp,P20146,PA2A_NOTSC,Acidic phospholipase A2,Notechis scutatus scutatus,70142,2,Phospholipase_A2(PLA2),test,2
2889,2889,sp,P0DJN3,PA2B2_CRODM,Basic phospholipase A2 CB2 (Fragment),Crotalus durissus cumanensis,184542,1,Phospholipase_A2(PLA2),train,2
2890,2890,sp,P18997,PA2B_GLOHA,Basic phospholipase A2 (Fragment),Gloydius halys,8714,1,Phospholipase_A2(PLA2),train,2
2891,2891,sp,P0CV89,PA23_CROAT,Phospholipase A2 (Fragment),Crotalus atrox,8730,1,Phospholipase_A2(PLA2),train,2
2892,2892,sp,P60045,PA2A3_NAJSG,Acidic phospholipase A2 3 (Fragment),Naja sagittifera,195058,1,Phospholipase_A2(PLA2),train,2
2893,2893,sp,C0HJC1,PA2_BOTLA,Acidic phospholipase A2 BlatPLA2,Bothriechis lateralis,44727,1,Phospholipase_A2(PLA2),train,2
2894,2894,sp,Q91133,PA2A2_NAJAT,Acidic phospholipase A2 2,Naja atra,8656,2,Phospholipase_A2(PLA2),train,2
2895,2895,sp,P0DJM7,PA2B_PROTO,Basic phospholipase A2 Pto-N6 (Fragment),Protobothrops tokarensis,61225,1,Phospholipase_A2(PLA2),train,2
2896,2896,sp,Q7LZI1,PLIGB_NAJKA,Phospholipase A2 inhibitor 31 kDa subunit,Naja kaouthia,8649,1,Phospholipase_A2(PLA2),train,2
2897,2897,sp,Q8UW08,PA2B0_HYDHA,Basic phospholipase A2,Hydrophis hardwickii,8781,2,Phospholipase_A2(PLA2),val,2
2898,2898,sp,P0DJQ0,PA2BA_TRIST,Basic phospholipase A2 CTs-G6 (Fragment),Trimeresurus stejnegeri,39682,1,Phospholipase_A2(PLA2),train,2
2899,2899,sp,P04057,PA2BD_PSEAU,Basic phospholipase A2 PA-13,Pseudechis australis,8670,1,Phospholipase_A2(PLA2),train,2
2900,2900,sp,P20252,PA2B_PSEAU,Basic phospholipase A2 PA-5,Pseudechis australis,8670,1,Phospholipase_A2(PLA2),train,2
2901,2901,sp,P20253,PA2B9_PSEAU,Basic phospholipase A2 PA-9C,Pseudechis australis,8670,1,Phospholipase_A2(PLA2),train,2
2902,2902,sp,P0DKR4,PA2AB_PSEFE,Acidic phospholipase A2 CbIbeta (Fragment),Pseudocerastes fieldi,1355908,1,Phospholipase_A2(PLA2),train,2
2903,2903,sp,P00600,PA2A2_NAJME,Acidic phospholipase A2 DE-II,Naja melanoleuca,8643,1,Phospholipase_A2(PLA2),train,2
2904,2904,sp,P07037,PA2A2_ASPSC,Acidic phospholipase A2 CM-II,Aspidelaps scutatus,8607,1,Phospholipase_A2(PLA2),train,2
2905,2905,sp,P04056,PA2BB_PSEAU,Basic phospholipase A2 PA-11,Pseudechis australis,8670,1,Phospholipase_A2(PLA2),train,2
2906,2906,sp,P20250,PA2A_PSEAU,Acidic phospholipase A2 PA-1G,Pseudechis australis,8670,1,Phospholipase_A2(PLA2),train,2
2907,2907,sp,P20251,PA2A3_PSEAU,Acidic phospholipase A2 PA-3,Pseudechis australis,8670,1,Phospholipase_A2(PLA2),train,2
2908,2908,sp,P20255,PA2BF_PSEAU,Basic phospholipase A2 PA-12A,Pseudechis australis,8670,1,Phospholipase_A2(PLA2),val,2
2909,2909,sp,P20256,PA2BC_PSEAU,Basic phospholipase A2 PA-12C,Pseudechis australis,8670,1,Phospholipase_A2(PLA2),train,2
2910,2910,sp,P00601,PA2A3_NAJME,Acidic phospholipase A2 DE-III,Naja melanoleuca,8643,1,Phospholipase_A2(PLA2),train,2
2911,2911,sp,P20249,PA2A_GLOBL,Acidic phospholipase A2,Gloydius blomhoffii,242054,1,Phospholipase_A2(PLA2),test,2
2912,2912,sp,P20257,PA2BE_PSEAU,Basic phospholipase A2 PA-15,Pseudechis australis,8670,1,Phospholipase_A2(PLA2),train,2
2913,2913,sp,P84651,PA2A_LACST,Acidic phospholipase A2,Lachesis stenophrys,88085,1,Phospholipase_A2(PLA2),train,2
2914,2914,sp,Q8UUH8,PA2BH_LATCO,Basic phospholipase A2 PC17,Laticauda colubrina,8628,3,Phospholipase_A2(PLA2),train,2
2915,2915,sp,Q9YGJ7,PA2A8_DABPA,Acidic phospholipase A2 VP8,Daboia palaestinae,1170828,3,Phospholipase_A2(PLA2),train,2
2916,2916,sp,P0DJM6,PA2B_PROMB,Basic phospholipase A2 mangshantoxin (Fragment),Protobothrops mangshanensis,242058,1,Phospholipase_A2(PLA2),train,2
2917,2917,sp,Q8UW30,PA2B7_HYDHA,Basic phospholipase A2 73,Hydrophis hardwickii,8781,2,Phospholipase_A2(PLA2),train,2
2918,2918,sp,Q8UUH7,PA2BK_LATCO,Basic phospholipase A2 PC20,Laticauda colubrina,8628,3,Phospholipase_A2(PLA2),train,2
2919,2919,sp,Q8UUI0,PA2B1_LATCO,Basic phospholipase A2 PC1,Laticauda colubrina,8628,3,Phospholipase_A2(PLA2),test,2
2920,2920,sp,Q9PWR6,PA2A7_DABPA,Acidic phospholipase A2 VP7,Daboia palaestinae,1170828,3,Phospholipase_A2(PLA2),train,2
2921,2921,sp,P0DJM8,PA2BI_GLOIT,Basic phospholipase A2 intermexin (Fragment),Gloydius intermedius,44732,1,Phospholipase_A2(PLA2),train,2
2922,2922,sp,Q8UUH9,PA2B9_LATCO,Basic phospholipase A2 PC9,Laticauda colubrina,8628,3,Phospholipase_A2(PLA2),train,2
2923,2923,sp,P0CAS9,PA2B1_MICPY,Phospholipase A2 B1 (Fragment),Micrurus pyrrhocryptus,129468,1,Phospholipase_A2(PLA2),train,2
2924,2924,sp,Q8UW31,PA2A5_HYDHA,Acidic phospholipase A2 57,Hydrophis hardwickii,8781,2,Phospholipase_A2(PLA2),train,2
2925,2925,sp,P81478,PA2A2_CRAGM,Acidic phospholipase A2 2,Craspedocephalus gramineus,8767,1,Phospholipase_A2(PLA2),train,2
2926,2926,sp,Q7T2Q4,PA2A2_BUNFL,Acidic phospholipase A2 2,Bungarus flaviceps flaviceps,8615,2,Phospholipase_A2(PLA2),train,2
2927,2927,sp,Q7T2Q5,PA2A1_BUNFL,Acidic phospholipase A2 1,Bungarus flaviceps flaviceps,8615,2,Phospholipase_A2(PLA2),val,2
2928,2928,sp,Q75S48,PA2A1_BUNCA,Acidic phospholipase A2 1,Bungarus candidus,92438,2,Phospholipase_A2(PLA2),train,2
2929,2929,sp,Q6EER3,PA2B2_SISTE,Basic phospholipase A2 Sct-N6,Sistrurus tergeminus,8757,2,Phospholipase_A2(PLA2),val,2
2930,2930,sp,P0DJN8,PA2B3_SISMB,Basic phospholipase A2 Smb-N6 (Fragment),Sistrurus miliarius barbouri,8759,1,Phospholipase_A2(PLA2),test,2
2931,2931,sp,P0DJN5,PA2B3_CRODU,Phospholipase A2 crotoxin basic chain 3 (Fragment),Crotalus durissus terrificus,8732,1,Phospholipase_A2(PLA2),val,2
2932,2932,sp,P84474,PA2BU_BUNCA,Basic phospholipase A2 T2 A chain (Fragment),Bungarus candidus,92438,1,Phospholipase_A2(PLA2),train,2
2933,2933,tr,J3SDV9,J3SDV9_CROAD,Cadam10_PLA2-1,Crotalus adamanteus,8729,2,Phospholipase_A2(PLA2),test,2
2934,2934,sp,P0C616,PA2HA_BOTAS,Basic phospholipase A2 homolog 4a,Bothrops asper,8722,1,Phospholipase_A2(PLA2),train,2
2935,2935,sp,Q9PTC3,PLIGA_NOTAT,Phospholipase A2 inhibitor NAI,Notechis ater,111176,1,Phospholipase_A2(PLA2),train,2
2936,2936,sp,P0DJP7,PA2AE_TRIST,Acidic phospholipase A2 Ts-A5 (Fragment),Trimeresurus stejnegeri,39682,1,Phospholipase_A2(PLA2),val,2
2937,2937,sp,P0DUP0,PA2H1_BOTDP,Basic phospholipase A2 homolog BdipTx-I (Fragment),Bothrops diporus,1107943,1,Phospholipase_A2(PLA2),train,2
2938,2938,sp,P84472,PA2BT_BUNCA,Basic phospholipase A2 T1-2 A chain (Fragment),Bungarus candidus,92438,1,Phospholipase_A2(PLA2),val,2
2939,2939,sp,P84475,PA2BA_BUNCA,Basic phospholipase A2 T1-1 A chain (Fragment),Bungarus candidus,92438,1,Phospholipase_A2(PLA2),train,2
2940,2940,sp,P22640,PA2H_PROMU,Basic phospholipase A2 homolog,Protobothrops mucrosquamatus,103944,1,Phospholipase_A2(PLA2),train,2
2941,2941,sp,P0DI92,PA2H_BOTMA,Phospholipase A2 homolog BmarPLA2 (Fragment),Bothrops marajoensis,157554,1,Phospholipase_A2(PLA2),val,2
2942,2942,sp,Q9PVE3,PA2H3_BOTAS,Basic phospholipase A2 homolog M1-3-3,Bothrops asper,8722,2,Phospholipase_A2(PLA2),train,2
2943,2943,sp,Q6EAN6,PA2HA_SISTE,Acidic phospholipase A2 homolog sistruxin A,Sistrurus tergeminus,8757,2,Phospholipase_A2(PLA2),train,2
2944,2944,sp,P59171,PA2A5_ECHOC,Acidic phospholipase A2 5,Echis ocellatus,99586,2,Phospholipase_A2(PLA2),train,2
2945,2945,sp,P82895,PA2A4_TRIST,Acidic phospholipase A2 4 (Fragment),Trimeresurus stejnegeri,39682,1,Phospholipase_A2(PLA2),train,2
2946,2946,sp,Q2PG83,PA2A_PROEL,Acidic phospholipase A2 PePLA2,Protobothrops elegans,88086,2,Phospholipase_A2(PLA2),val,2
2947,2947,sp,Q9PVF3,PA2HB_CALRH,Basic phospholipase A2 homolog G6K49,Calloselasma rhodostoma,8717,2,Phospholipase_A2(PLA2),test,2
2948,2948,sp,P0DJP6,PA2AB_TRIST,Acidic phospholipase A2 Ts-A2 (Fragment),Trimeresurus stejnegeri,39682,1,Phospholipase_A2(PLA2),train,2
2949,2949,sp,Q8JFG1,PA2H_VIPAP,Acidic phospholipase A2 inhibitor vaspin A chain,Vipera aspis aspis,194601,2,Phospholipase_A2(PLA2),train,2
2950,2950,sp,Q90358,PLIGA_CRODU,Phospholipase A2 inhibitor CNF,Crotalus durissus terrificus,8732,1,Phospholipase_A2(PLA2),train,2
2951,2951,sp,P0DUK6,PLIGB_LATSE,Phospholipase A2 inhibitor gamma subunit B,Laticauda semifasciata,8631,1,Phospholipase_A2(PLA2),test,2
2952,2952,sp,P0DUK5,PLIGA_LATSE,Phospholipase A2 inhibitor gamma subunit A,Laticauda semifasciata,8631,1,Phospholipase_A2(PLA2),val,2
2953,2953,sp,O57690,PLIG1_PROFL,Phospholipase A2 inhibitor 1,Protobothrops flavoviridis,88087,1,Phospholipase_A2(PLA2),train,2
2954,2954,sp,P0DKT8,PA2HB_OXYSA,Neutral phospholipase A2 homolog cannitoxin beta chain 1 (Fragment),Oxyuranus scutellatus canni,183720,1,Phospholipase_A2(PLA2),test,2
2955,2955,sp,P29601,PA2HA_BUNFA,Acidic phospholipase A2 homolog,Bungarus fasciatus,8613,1,Phospholipase_A2(PLA2),test,2
2956,2956,sp,I6PG79,PLGA1_TRIAE,Phospholipase A2 inhibitor gamma subunit A1,Trimerodytes annularis,2678873,2,Phospholipase_A2(PLA2),train,2
2957,2957,sp,A8E2V9,PA2B_TRIGS,Basic phospholipase A2 Tgc-K49,Trimeresurus gracilis,109781,2,Phospholipase_A2(PLA2),train,2
2958,2958,sp,P0CAT0,PA2D5_MICPY,Phospholipase A2 D5 (Fragment),Micrurus pyrrhocryptus,129468,1,Phospholipase_A2(PLA2),train,2
2959,2959,sp,P0CAT1,PA2D6_MICPY,Phospholipase A2 D6 (Fragment),Micrurus pyrrhocryptus,129468,1,Phospholipase_A2(PLA2),train,2
2960,2960,sp,P10117,PA2H1_LATCO,Basic phospholipase A2 homolog 1,Laticauda colubrina,8628,1,Phospholipase_A2(PLA2),train,2
2961,2961,sp,Q910A1,PA2A1_VIPAA,Acidic phospholipase A2 ammodytin I1,Vipera ammodytes ammodytes,8705,2,Phospholipase_A2(PLA2),train,2
2962,2962,sp,Q9PRZ0,PA2_BOTJA,Phospholipase A2 (Fragment),Bothrops jararaca,8724,1,Phospholipase_A2(PLA2),train,2
2963,2963,sp,Q9I8F8,PA2A_BOTPC,Acidic phospholipase A2,Bothrops pictus,133440,2,Phospholipase_A2(PLA2),train,2
2964,2964,sp,C0HLB8,PA2_MICLE,Phospholipase A2 (Fragment),Micrurus lemniscatus,129464,1,Phospholipase_A2(PLA2),train,2
2965,2965,sp,C0HJW8,PA2HA_BOTNI,Phospholipase A2 homolog nigroviriditoxin acidic subunit A (Fragment),Bothriechis nigroviridis,88079,1,Phospholipase_A2(PLA2),train,2
2966,2966,sp,P08872,PA2A_AIPLA,Acidic phospholipase A2,Aipysurus laevis,8678,2,Phospholipase_A2(PLA2),train,2
2967,2967,sp,P82144,PLIGA_GLOBS,Phospholipase A2 inhibitor gamma subunit A,Gloydius brevicaudus siniticus,31147,1,Phospholipase_A2(PLA2),train,2
2968,2968,sp,P59170,PA2A4_ECHCS,Acidic phospholipase A2 4,Echis carinatus sochureki,124223,2,Phospholipase_A2(PLA2),val,2
2969,2969,sp,P59172,PA2A5_ECHPL,Acidic phospholipase A2 5,Echis pyramidum leakeyi,38415,2,Phospholipase_A2(PLA2),train,2
2970,2970,sp,O42189,PA2A5_GLOHA,Acidic phospholipase A2 BA1,Gloydius halys,8714,2,Phospholipase_A2(PLA2),train,2
2971,2971,sp,P25498,PA2AE_NAJOX,Acidic phospholipase A2 E,Naja oxiana,8657,1,Phospholipase_A2(PLA2),train,2
2972,2972,sp,Q9I842,PA2BF_LATSE,Basic phospholipase A2 cPm08,Laticauda semifasciata,8631,2,Phospholipase_A2(PLA2),val,2
2973,2973,sp,Q9I846,PA2B_LATSE,Basic phospholipase A2 cL038,Laticauda semifasciata,8631,2,Phospholipase_A2(PLA2),train,2
2974,2974,sp,Q9I843,PA2BE_LATSE,Basic phospholipase A2 cPm05,Laticauda semifasciata,8631,2,Phospholipase_A2(PLA2),train,2
2975,2975,sp,Q9I844,PA2BD_LATSE,Basic phospholipase A2 cPt10,Laticauda semifasciata,8631,2,Phospholipase_A2(PLA2),train,2
2976,2976,sp,O42190,PA2A6_GLOHA,Acidic phospholipase A2 BA2,Gloydius halys,8714,2,Phospholipase_A2(PLA2),train,2
2977,2977,sp,Q9I845,PA2BC_LATSE,Basic phospholipase A2 cPt09,Laticauda semifasciata,8631,2,Phospholipase_A2(PLA2),train,2
2978,2978,sp,Q91506,PA2A1_PROMU,Acidic phospholipase A2 1,Protobothrops mucrosquamatus,103944,2,Phospholipase_A2(PLA2),train,2
2979,2979,sp,Q9I847,PA2BA_LATSE,Basic phospholipase A2 cL037,Laticauda semifasciata,8631,2,Phospholipase_A2(PLA2),train,2
2980,2980,sp,O42192,PA2A8_GLOHA,Acidic phospholipase A2 A',Gloydius halys,8714,2,Phospholipase_A2(PLA2),val,2
2981,2981,sp,P82143,PLIGB_GLOBS,Phospholipase A2 inhibitor gamma subunit B,Gloydius brevicaudus siniticus,31147,1,Phospholipase_A2(PLA2),train,2
2982,2982,sp,Q7LZI2,PLIGA_NAJKA,Phospholipase A2 inhibitor 25 kDa subunit,Naja kaouthia,8649,1,Phospholipase_A2(PLA2),train,2
2983,2983,sp,P00607,PA2H1_NOTSC,Basic phospholipase A2 homolog 1,Notechis scutatus scutatus,70142,1,Phospholipase_A2(PLA2),train,2
2984,2984,sp,P20260,PA2C_PSEPO,Phospholipase A2 pseudexin C chain (Fragment),Pseudechis porphyriacus,8671,1,Phospholipase_A2(PLA2),train,2
2985,2985,sp,P24294,PA2A2_ERIMA,Acidic phospholipase A2 PLA-2,Eristicophis macmahoni,110227,1,Phospholipase_A2(PLA2),train,2
2986,2986,sp,P86368,PA2B3_DABRR,Basic phospholipase A2 3,Daboia russelii,8707,1,Phospholipase_A2(PLA2),train,2
2987,2987,sp,P20254,PA2BA_PSEAU,Basic phospholipase A2 PA-10A,Pseudechis australis,8670,1,Phospholipase_A2(PLA2),train,2
2988,2988,sp,P24293,PA2A1_ERIMA,Acidic phospholipase A2 PLA-1,Eristicophis macmahoni,110227,1,Phospholipase_A2(PLA2),train,2
2989,2989,sp,Q8AXS4,PLIAL_ELAQU,Phospholipase A2 inhibitor alpha-like protein,Elaphe quadrivirgata,86195,1,Phospholipase_A2(PLA2),train,2
2990,2990,sp,Q9I837,PA2BG_LATSE,Basic phospholipase A2 GL1-1,Laticauda semifasciata,8631,2,Phospholipase_A2(PLA2),train,2
2991,2991,sp,P00599,PA2B1_NAJME,Basic phospholipase A2 1,Naja melanoleuca,8643,1,Phospholipase_A2(PLA2),train,2
2992,2992,sp,Q9PWI4,PLIGA_ELAQU,Phospholipase A2 inhibitor gamma subunit A,Elaphe quadrivirgata,86195,1,Phospholipase_A2(PLA2),val,2
2993,2993,sp,Q9PWI3,PLIGB_ELAQU,Phospholipase A2 inhibitor gamma subunit B,Elaphe quadrivirgata,86195,1,Phospholipase_A2(PLA2),train,2
2994,2994,sp,P60591,PLIG1_LACMU,Phospholipase A2 inhibitor LNF1,Lachesis muta muta,8753,2,Phospholipase_A2(PLA2),test,2
2995,2995,sp,P60592,PLIG2_LACMU,Phospholipase A2 inhibitor LNF2,Lachesis muta muta,8753,2,Phospholipase_A2(PLA2),train,2
2996,2996,sp,Q78CF9,PLIGB_NOTAT,Phospholipase A2 inhibitor NAI,Notechis ater,111176,1,Phospholipase_A2(PLA2),train,2
2997,2997,sp,C0STK8,PLIGA_ELACL,Phospholipase A2 inhibitor gamma subunit A,Elaphe climacophora,31143,1,Phospholipase_A2(PLA2),val,2
2998,2998,sp,C0STK9,PLIGB_ELACL,Phospholipase A2 inhibitor gamma subunit B,Elaphe climacophora,31143,1,Phospholipase_A2(PLA2),train,2
2999,2999,tr,R4G2D4,R4G2D4_9SAUR,phospholipase A2,Acanthophis wellsi,239747,2,Phospholipase_A2(PLA2),val,2
3000,3000,tr,A0AAW1AR40,A0AAW1AR40_CROAD,VENOM COMPONENT: phospholipase A2-1,Crotalus adamanteus,8729,3,Phospholipase_A2(PLA2),train,2
3001,3001,tr,A0A1J0R076,A0A1J0R076_CROAT,"Phospholipase A2, group IIG, acidic-Pla2-gA1",Crotalus atrox,8730,2,Phospholipase_A2(PLA2),train,2
3002,3002,tr,A0A1J0R080,A0A1J0R080_CROAT,"Phospholipase A2, group IIG, basic-Pla2-gK49",Crotalus atrox,8730,2,Phospholipase_A2(PLA2),train,2
3003,3003,tr,A0A1J0R067,A0A1J0R067_CROAT,"Phospholipase A2, group IIG, basic-Pla2-gB1",Crotalus atrox,8730,2,Phospholipase_A2(PLA2),train,2
3004,3004,tr,J3RY63,J3RY63_CROAD,Cadam10_PLA2-2,Crotalus adamanteus,8729,2,Phospholipase_A2(PLA2),train,2
3005,3005,sp,Q9PRT7,PA2H4_BOTAS,Phospholipase A2 homolog 4 (Fragment),Bothrops asper,8722,1,Phospholipase_A2(PLA2),train,2
3006,3006,sp,F8S101,PLB_CROAD,Phospholipase B,Crotalus adamanteus,8729,1,Phospholipase_A2(PLA2),val,2
3007,3007,sp,F8J2D3,PLB_DRYCN,Phospholipase-B 81,Drysdalia coronoides,66186,1,Phospholipase_A2(PLA2),val,2
3008,3008,sp,P0DJQ1,PA2HC_TRIST,Basic phospholipase A2 homolog (Fragment),Trimeresurus stejnegeri,39682,1,Phospholipase_A2(PLA2),train,2
3009,3009,tr,A6MFM3,A6MFM3_DEMVE,PLA2-4,Demansia vestigiata,412038,2,Phospholipase_A2(PLA2),train,2
3010,3010,tr,R4FJZ9,R4FJZ9_9SAUR,PLA2-Hop-15,Hoplocephalus bungaroides,83403,2,Phospholipase_A2(PLA2),train,2
3011,3011,tr,A6MFM0,A6MFM0_DEMVE,PLA2-1,Demansia vestigiata,412038,2,Phospholipase_A2(PLA2),train,2
3012,3012,tr,A6MFM4,A6MFM4_DEMVE,PLA2-5,Demansia vestigiata,412038,2,Phospholipase_A2(PLA2),train,2
3013,3013,sp,P0DKL7,PA2HA_VIPRE,Basic phospholipase A2 homolog Vur-S49 analog (Fragment),Vipera renardi,927686,1,Phospholipase_A2(PLA2),train,2
3014,3014,tr,A6MFM2,A6MFM2_DEMVE,PLA2-3,Demansia vestigiata,412038,2,Phospholipase_A2(PLA2),train,2
3015,3015,tr,A6MFM5,A6MFM5_DEMVE,PLA2-6,Demansia vestigiata,412038,2,Phospholipase_A2(PLA2),train,2
3016,3016,tr,A6MFM6,A6MFM6_DEMVE,PLA2-7,Demansia vestigiata,412038,2,Phospholipase_A2(PLA2),train,2
3017,3017,tr,A0AAW1APA3,A0AAW1APA3_CROAD,phospholipase A2,Crotalus adamanteus,8729,3,Phospholipase_A2(PLA2),train,2
3018,3018,tr,A6MJG5,A6MJG5_HOPST,PLA2 Hs-3,Hoplocephalus stephensii,196418,2,Phospholipase_A2(PLA2),train,2
3019,3019,tr,A6MJG4,A6MJG4_HOPST,PLA2 Hs-2,Hoplocephalus stephensii,196418,2,Phospholipase_A2(PLA2),train,2
3020,3020,tr,A0A024AXG5,A0A024AXG5_MICIK,phospholipase A2,Micropechis ikaheca,66188,2,Phospholipase_A2(PLA2),train,2
3021,3021,tr,A0A024AXW8,A0A024AXW8_MICIK,phospholipase A2,Micropechis ikaheca,66188,2,Phospholipase_A2(PLA2),train,2
3022,3022,tr,A0A024AX15,A0A024AX15_MICIK,phospholipase A2,Micropechis ikaheca,66188,2,Phospholipase_A2(PLA2),test,2
3023,3023,tr,A0A024AXC7,A0A024AXC7_MICIK,phospholipase A2,Micropechis ikaheca,66188,2,Phospholipase_A2(PLA2),train,2
3024,3024,tr,A0A024AXX2,A0A024AXX2_MICIK,phospholipase A2,Micropechis ikaheca,66188,2,Phospholipase_A2(PLA2),val,2
3025,3025,tr,A0A024AYB6,A0A024AYB6_MICIK,phospholipase A2,Micropechis ikaheca,66188,2,Phospholipase_A2(PLA2),train,2
3026,3026,tr,A0A024AYB9,A0A024AYB9_MICIK,phospholipase A2,Micropechis ikaheca,66188,2,Phospholipase_A2(PLA2),test,2
3027,3027,tr,A0A024AXG2,A0A024AXG2_MICIK,phospholipase A2,Micropechis ikaheca,66188,2,Phospholipase_A2(PLA2),train,2
3028,3028,tr,A0A024AX12,A0A024AX12_MICIK,phospholipase A2,Micropechis ikaheca,66188,2,Phospholipase_A2(PLA2),train,2
3029,3029,tr,A0A024AXF8,A0A024AXF8_MICIK,phospholipase A2,Micropechis ikaheca,66188,2,Phospholipase_A2(PLA2),test,2
3030,3030,tr,A0A024AXX4,A0A024AXX4_MICIK,phospholipase A2,Micropechis ikaheca,66188,2,Phospholipase_A2(PLA2),train,2
3031,3031,tr,A6MJG3,A6MJG3_HOPST,PLA2 Hs-1,Hoplocephalus stephensii,196418,2,Phospholipase_A2(PLA2),train,2
3032,3032,tr,J3S0I4,J3S0I4_CROAD,N-acyl-phosphatidylethanolamine-hydrolyzing phospholipase D,Crotalus adamanteus,8729,2,Phospholipase_A2(PLA2),train,2
3033,3033,tr,A0A8T1N457,A0A8T1N457_BOTJA,Snake venom acidic phospholipase A2,Bothrops jararaca,8724,3,Phospholipase_A2(PLA2),val,2
3034,3034,sp,P0DQX3,PLGA2_TRIAE,Phospholipase A2 inhibitor gamma subunit A2,Trimerodytes annularis,2678873,1,Phospholipase_A2(PLA2),test,2
3035,3035,sp,P0CAS8,PA2H1_MICPY,Phospholipase A2 homolog A1 (Fragment),Micrurus pyrrhocryptus,129468,1,Phospholipase_A2(PLA2),train,2
3036,3036,tr,A8S6C2,A8S6C2_AUSSU,phospholipase A2,Austrelaps superbus,29156,2,Phospholipase_A2(PLA2),train,2
3037,3037,tr,A8S6C5,A8S6C5_AUSSU,phospholipase A2,Austrelaps superbus,29156,2,Phospholipase_A2(PLA2),train,2
3038,3038,tr,B2BRS6,B2BRS6_AUSLA,phospholipase A2,Austrelaps labialis,471292,2,Phospholipase_A2(PLA2),train,2
3039,3039,tr,B2BRS9,B2BRS9_AUSLA,phospholipase A2,Austrelaps labialis,471292,2,Phospholipase_A2(PLA2),train,2
3040,3040,tr,B2BRS5,B2BRS5_AUSLA,phospholipase A2,Austrelaps labialis,471292,2,Phospholipase_A2(PLA2),train,2
3041,3041,tr,A8S6C8,A8S6C8_AUSSU,phospholipase A2,Austrelaps superbus,29156,2,Phospholipase_A2(PLA2),train,2
3042,3042,tr,B2BRS7,B2BRS7_AUSLA,phospholipase A2,Austrelaps labialis,471292,2,Phospholipase_A2(PLA2),train,2
3043,3043,tr,B2BRS8,B2BRS8_AUSLA,phospholipase A2,Austrelaps labialis,471292,2,Phospholipase_A2(PLA2),train,2
3044,3044,tr,R4FIM5,R4FIM5_9SAUR,phospholipase A2,Hoplocephalus bungaroides,83403,2,Phospholipase_A2(PLA2),val,2
3045,3045,tr,A0A0K8RYR4,A0A0K8RYR4_CROHD,Phospholipase A2 1a,Crotalus horridus,35024,2,Phospholipase_A2(PLA2),train,2
3046,3046,tr,B2BRS4,B2BRS4_AUSLA,phospholipase A2,Austrelaps labialis,471292,2,Phospholipase_A2(PLA2),train,2
3047,3047,tr,R4G7J2,R4G7J2_9SAUR,phospholipase A2,Hoplocephalus bungaroides,83403,2,Phospholipase_A2(PLA2),train,2
3048,3048,tr,T1DH17,T1DH17_CROHD,Phospholipase A2 1a,Crotalus horridus,35024,2,Phospholipase_A2(PLA2),train,2
3049,3049,tr,T1E3C9,T1E3C9_CROHD,Phospholipase A2 1a,Crotalus horridus,35024,2,Phospholipase_A2(PLA2),train,2
3050,3050,sp,O42188,PA2H_GLOHA,Basic phospholipase A2 homolog,Gloydius halys,8714,2,Phospholipase_A2(PLA2),train,2
3051,3051,sp,P25072,PA21_MICTM,Phospholipase A2 1 (Fragment),Micrurus tener microgalbineus,8636,1,Phospholipase_A2(PLA2),val,2
3052,3052,sp,P31859,PA2B_VIPBE,Basic phospholipase A2 (Fragment),Vipera berus,31155,1,Phospholipase_A2(PLA2),train,2
3053,3053,tr,A0A193CHK1,A0A193CHK1_CROCL,Phospholipase A2_2 Mojave toxin-like basic B chain,Crotalus concolor,8740,2,Phospholipase_A2(PLA2),train,2
3054,3054,tr,A0A193CHJ3,A0A193CHJ3_CROTA,Phospholipase A2_4 Mojave toxin-like acidic A chain,Crotalus tzabcan,1043006,2,Phospholipase_A2(PLA2),train,2
3055,3055,tr,A0A193CHK4,A0A193CHK4_CROCL,Phospholipase A2_1 Mojave toxin-like acidic A chain,Crotalus concolor,8740,2,Phospholipase_A2(PLA2),train,2
3056,3056,tr,T1D9S8,T1D9S8_CROHD,N-acyl-phosphatidylethanolamine-hydrolyzing phospholipase D,Crotalus horridus,35024,2,Phospholipase_A2(PLA2),train,2
3057,3057,sp,P86529,PA21_DABRR,Phospholipase A2 1 (Fragment),Daboia russelii,8707,1,Phospholipase_A2(PLA2),train,2
3058,3058,tr,A0A193CHI9,A0A193CHI9_CROCT,Phospholipase A2,Crotalus cerastes,8746,2,Phospholipase_A2(PLA2),train,2
3059,3059,sp,P86542,PA23_NAJNA,Phospholipase A2 3 (Fragment),Naja naja,35670,1,Phospholipase_A2(PLA2),train,2
3060,3060,tr,A0A2I7YS19,A0A2I7YS19_9SAUR,Secretory phospholipase A2,Crotalus mitchellii,384065,2,Phospholipase_A2(PLA2),test,2
3061,3061,tr,A0A2I7YS22,A0A2I7YS22_CROLE,Secretory phospholipase A2,Crotalus lepidus,44709,2,Phospholipase_A2(PLA2),val,2
3062,3062,tr,A0A2I7YS08,A0A2I7YS08_CROTI,Secretory phospholipase A2,Crotalus tigris,88082,2,Phospholipase_A2(PLA2),train,2
3063,3063,tr,A0A2I7YS12,A0A2I7YS12_9SAUR,Secretory phospholipase A2,Crotalus scutulatus,8737,2,Phospholipase_A2(PLA2),train,2
3064,3064,tr,A0A2I7YS21,A0A2I7YS21_9SAUR,Secretory phospholipase A2,Crotalus mitchellii,384065,2,Phospholipase_A2(PLA2),train,2
3065,3065,tr,A0A2I7YS06,A0A2I7YS06_9SAUR,Secretory phospholipase A2,Crotalus mitchellii,384065,2,Phospholipase_A2(PLA2),train,2
3066,3066,tr,A0A2I7YS07,A0A2I7YS07_9SAUR,Secretory phospholipase A2,Crotalus scutulatus,8737,2,Phospholipase_A2(PLA2),train,2
3067,3067,tr,A0A2I7YS13,A0A2I7YS13_9SAUR,Secretory phospholipase A2,Crotalus scutulatus,8737,2,Phospholipase_A2(PLA2),test,2
3068,3068,tr,A0A2I7YRZ4,A0A2I7YRZ4_CROLE,Secretory phospholipase A2,Crotalus lepidus,44709,2,Phospholipase_A2(PLA2),train,2
3069,3069,tr,A0A2I7YS05,A0A2I7YS05_9SAUR,Secretory phospholipase A2,Crotalus mitchellii,384065,2,Phospholipase_A2(PLA2),val,2
3070,3070,tr,A0A2I7YS09,A0A2I7YS09_CROTI,Secretory phospholipase A2,Crotalus tigris,88082,2,Phospholipase_A2(PLA2),train,2
3071,3071,tr,A0A1J0R042,A0A1J0R042_CROSS,"Phospholipase A2, group IIG A2, Mojave toxin A-subunit",Crotalus scutulatus scutulatus,8738,3,Phospholipase_A2(PLA2),train,2
3072,3072,tr,A0A1J0R046,A0A1J0R046_CROSS,"Phospholipase A2, group IIG B2, Mojave toxin B-subunit",Crotalus scutulatus scutulatus,8738,3,Phospholipase_A2(PLA2),train,2
3073,3073,tr,A0A1J0R055,A0A1J0R055_CROSS,"Phospholipase A2, group IIG, acidic-Pla2-gA1",Crotalus scutulatus scutulatus,8738,3,Phospholipase_A2(PLA2),val,2
3074,3074,tr,A0A1J0R061,A0A1J0R061_CROAT,"Phospholipase A2, group IIG, basic-Pla2-gC1",Crotalus atrox,8730,3,Phospholipase_A2(PLA2),train,2
3075,3075,tr,A0A1J0R063,A0A1J0R063_CROAT,"Phospholipase A2, group IIG, acidic-Pla2-gA1",Crotalus atrox,8730,3,Phospholipase_A2(PLA2),train,2
3076,3076,tr,A0A1J0R074,A0A1J0R074_CROAT,"Phospholipase A2, group IIG, basic-Pla2-gC1",Crotalus atrox,8730,3,Phospholipase_A2(PLA2),val,2
3077,3077,tr,A0A1J0R054,A0A1J0R054_CROSS,"Phospholipase A2, group IIG, basic-Pla2-gC1",Crotalus scutulatus scutulatus,8738,3,Phospholipase_A2(PLA2),train,2
3078,3078,tr,D5J9R8,D5J9R8_9SAUR,phospholipase A2,Bungarus flaviceps,8614,2,Phospholipase_A2(PLA2),train,2
3079,3079,tr,D5J9R7,D5J9R7_9SAUR,phospholipase A2,Bungarus flaviceps,8614,2,Phospholipase_A2(PLA2),train,2
3080,3080,tr,J3S3V5,J3S3V5_CROAD,Phospholipase A2 1b,Crotalus adamanteus,8729,2,Phospholipase_A2(PLA2),train,2
3081,3081,tr,A0A1J0R072,A0A1J0R072_CROAT,"Phospholipase A2, group IIG, basic-Pla2-gC1-prime",Crotalus atrox,8730,3,Phospholipase_A2(PLA2),train,2
3082,3082,tr,A0A1J0R081,A0A1J0R081_CROAT,"Phospholipase A2, group IIG, acidic-Pla2-gA1-prime",Crotalus atrox,8730,3,Phospholipase_A2(PLA2),train,2
3083,3083,tr,A0AAW1BCK2,A0AAW1BCK2_CROAD,N-acyl-phosphatidylethanolamine-hydrolyzing phospholipase D,Crotalus adamanteus,8729,3,Phospholipase_A2(PLA2),train,2
3084,3084,tr,H6BFA2,H6BFA2_CROHE,PLA2 2,Crotalus helleri,8741,2,Phospholipase_A2(PLA2),train,2
3085,3085,tr,A0A2D4J4I3,A0A2D4J4I3_MICLE,Phospholipase ABHD3 (Fragment),Micrurus lemniscatus lemniscatus,129467,3,Phospholipase_A2(PLA2),test,2
3086,3086,tr,V8N874,V8N874_OPHHA,N-acyl-phosphatidylethanolamine-hydrolyzing phospholipase D (Fragment),Ophiophagus hannah,8665,3,Phospholipase_A2(PLA2),train,2
3087,3087,tr,U3EPH0,U3EPH0_MICFL,phospholipase A2,Micrurus fulvius,8637,2,Phospholipase_A2(PLA2),train,2
3088,3088,tr,A0AAW1CD44,A0AAW1CD44_CROAD,Phospholipase ABHD3,Crotalus adamanteus,8729,3,Phospholipase_A2(PLA2),train,2
3089,3089,tr,B5G6G1,B5G6G1_TROCA,PLA2-7,Tropidechis carinatus,100989,2,Phospholipase_A2(PLA2),train,2
3090,3090,tr,C9E7C4,C9E7C4_CRODC,Acidic PLA2,Crotalus durissus cascavella,184540,2,Phospholipase_A2(PLA2),train,2
3091,3091,tr,R4G2Z3,R4G2Z3_9SAUR,PLA2-Hop-18,Hoplocephalus bungaroides,83403,2,Phospholipase_A2(PLA2),test,2
3092,3092,tr,H6BFA3,H6BFA3_CROHE,PLA2 5,Crotalus helleri,8741,2,Phospholipase_A2(PLA2),train,2
3093,3093,tr,H6BFA4,H6BFA4_CROHE,PLA2 6,Crotalus helleri,8741,2,Phospholipase_A2(PLA2),train,2
3094,3094,tr,R4G2Z5,R4G2Z5_9SAUR,PLA2-Hop-6,Hoplocephalus bungaroides,83403,2,Phospholipase_A2(PLA2),test,2
3095,3095,tr,R4G2I3,R4G2I3_9SAUR,PLA2-Hop-7,Hoplocephalus bungaroides,83403,2,Phospholipase_A2(PLA2),train,2
3096,3096,tr,A6MFM1,A6MFM1_DEMVE,PLA2-2,Demansia vestigiata,412038,2,Phospholipase_A2(PLA2),train,2
3097,3097,tr,V8PGG0,V8PGG0_OPHHA,Hepatic triacylglycerol lipase (Fragment),Ophiophagus hannah,8665,3,Phospholipase_A2(PLA2),train,2
3098,3098,tr,T1DE90,T1DE90_CROHE,PLA2-CohID-4,Crotalus helleri,8741,2,Phospholipase_A2(PLA2),train,2
3099,3099,tr,T1DP65,T1DP65_CROHE,PLA2-CohID-2,Crotalus helleri,8741,2,Phospholipase_A2(PLA2),val,2
3100,3100,tr,T1DMM4,T1DMM4_CROHE,PLA2-CohID-3,Crotalus helleri,8741,2,Phospholipase_A2(PLA2),test,2
3101,3101,tr,A6MJG7,A6MJG7_HOPST,PLA2 Hs-5,Hoplocephalus stephensii,196418,2,Phospholipase_A2(PLA2),train,2
3102,3102,tr,A6MJG8,A6MJG8_HOPST,PLA2 Hs-6,Hoplocephalus stephensii,196418,2,Phospholipase_A2(PLA2),train,2
3103,3103,tr,A6MJG6,A6MJG6_HOPST,PLA2 Hs-4,Hoplocephalus stephensii,196418,2,Phospholipase_A2(PLA2),train,2
3104,3104,tr,B5G6G0,B5G6G0_9SAUR,Acidic phospholipase A2 S5-32M-like,Notechis scutatus,8663,2,Phospholipase_A2(PLA2),train,2
3105,3105,tr,G9I931,G9I931_MICTN,phospholipase A2 (Fragment),Micrurus tener tener,1114302,2,Phospholipase_A2(PLA2),train,2
3106,3106,tr,R4G356,R4G356_9SAUR,phospholipase A2,Suta fasciata,529716,3,Phospholipase_A2(PLA2),train,2
3107,3107,tr,A0A2D4K8T2,A0A2D4K8T2_9SAUR,phospholipase A2 (Fragment),Micrurus paraensis,1970185,3,Phospholipase_A2(PLA2),train,2
3108,3108,tr,A0A898INH4,A0A898INH4_CALBG,phospholipase A2,Calliophis bivirgatus,8633,2,Phospholipase_A2(PLA2),train,2
3109,3109,tr,A7X418,A7X418_TRIBI,phospholipase A2,Trimorphodon biscutatus,338818,2,Phospholipase_A2(PLA2),train,2
3110,3110,tr,A0A194AT75,A0A194AT75_9SAUR,phospholipase A2,Micrurus tener,1114301,3,Phospholipase_A2(PLA2),test,2
3111,3111,tr,A0A898ILC3,A0A898ILC3_CALBG,phospholipase A2,Calliophis bivirgatus,8633,2,Phospholipase_A2(PLA2),train,2
3112,3112,tr,A3FM57,A3FM57_HYDHA,phospholipase A2 (Fragment),Hydrophis hardwickii,8781,2,Phospholipase_A2(PLA2),train,2
3113,3113,tr,A0A898INR6,A0A898INR6_CALBG,phospholipase A2,Calliophis bivirgatus,8633,2,Phospholipase_A2(PLA2),train,2
3114,3114,tr,A0A081DUC6,A0A081DUC6_PYTRG,phospholipase A2 (Fragment),Python regius,51751,2,Phospholipase_A2(PLA2),train,2
3115,3115,tr,A0A081DUB1,A0A081DUB1_ECHCO,phospholipase A2,Echis coloratus,64175,2,Phospholipase_A2(PLA2),train,2
3116,3116,tr,A0A2D4FHL7,A0A2D4FHL7_MICCO,N-acyl-phosphatidylethanolamine-hydrolyzing phospholipase D,Micrurus corallinus,54390,3,Phospholipase_A2(PLA2),test,2
3117,3117,tr,U3EPF0,U3EPF0_MICFL,phospholipase A2,Micrurus fulvius,8637,2,Phospholipase_A2(PLA2),train,2
3118,3118,tr,U3FYN9,U3FYN9_MICFL,phospholipase A2,Micrurus fulvius,8637,2,Phospholipase_A2(PLA2),val,2
3119,3119,tr,U3FYP5,U3FYP5_MICFL,phospholipase A2,Micrurus fulvius,8637,2,Phospholipase_A2(PLA2),train,2
3120,3120,tr,U3F597,U3F597_MICFL,phospholipase A2,Micrurus fulvius,8637,2,Phospholipase_A2(PLA2),train,2
3121,3121,tr,U3FA95,U3FA95_MICFL,phospholipase A2,Micrurus fulvius,8637,2,Phospholipase_A2(PLA2),train,2
3122,3122,tr,U3FVE8,U3FVE8_MICFL,phospholipase A2,Micrurus fulvius,8637,2,Phospholipase_A2(PLA2),train,2
3123,3123,tr,U3FVF7,U3FVF7_MICFL,phospholipase A2,Micrurus fulvius,8637,2,Phospholipase_A2(PLA2),train,2
3124,3124,tr,U3FYP0,U3FYP0_MICFL,phospholipase A2,Micrurus fulvius,8637,2,Phospholipase_A2(PLA2),train,2
3125,3125,tr,U3FYP3,U3FYP3_MICFL,phospholipase A2,Micrurus fulvius,8637,2,Phospholipase_A2(PLA2),train,2
3126,3126,tr,U3F576,U3F576_MICFL,phospholipase A2,Micrurus fulvius,8637,2,Phospholipase_A2(PLA2),train,2
3127,3127,tr,U3FVE2,U3FVE2_MICFL,phospholipase A2,Micrurus fulvius,8637,2,Phospholipase_A2(PLA2),train,2
3128,3128,tr,U3FVE6,U3FVE6_MICFL,phospholipase A2,Micrurus fulvius,8637,2,Phospholipase_A2(PLA2),train,2
3129,3129,tr,U3EPE5,U3EPE5_MICFL,phospholipase A2,Micrurus fulvius,8637,2,Phospholipase_A2(PLA2),train,2
3130,3130,tr,U3EPG2,U3EPG2_MICFL,phospholipase A2,Micrurus fulvius,8637,2,Phospholipase_A2(PLA2),val,2
3131,3131,tr,U3FA88,U3FA88_MICFL,phospholipase A2,Micrurus fulvius,8637,2,Phospholipase_A2(PLA2),train,2
3132,3132,tr,Q8AXW2,Q8AXW2_BUNMU,phospholipase A2,Bungarus multicinctus,8616,3,Phospholipase_A2(PLA2),train,2
3133,3133,tr,Q6TAR7,Q6TAR7_BUNCA,phospholipase A2 (Fragment),Bungarus candidus,92438,2,Phospholipase_A2(PLA2),train,2
3134,3134,tr,A0A193CHJ6,A0A193CHJ6_9SAUR,Phospholipase A2,Crotalus pricei,35027,2,Phospholipase_A2(PLA2),train,2
3135,3135,tr,A0A193CHK0,A0A193CHK0_CROMN,Phospholipase A2_1,Crotalus molossus nigrescens,8734,2,Phospholipase_A2(PLA2),val,2
3136,3136,tr,A0A193CHK8,A0A193CHK8_CROCE,Phospholipase A2_2,Crotalus cerberus,36309,2,Phospholipase_A2(PLA2),train,2
3137,3137,tr,A0A193CHK6,A0A193CHK6_CROBA,Phospholipase A2_2,Crotalus basiliscus,8744,2,Phospholipase_A2(PLA2),train,2
3138,3138,tr,A0A193CHL0,A0A193CHL0_CROBA,Phospholipase A2_1,Crotalus basiliscus,8744,2,Phospholipase_A2(PLA2),train,2
3139,3139,tr,A0A193CHJ1,A0A193CHJ1_CROTA,Phospholipase A2_2,Crotalus tzabcan,1043006,2,Phospholipase_A2(PLA2),train,2
3140,3140,tr,A0A193CHJ8,A0A193CHJ8_CROMN,Phospholipase A2_2,Crotalus molossus nigrescens,8734,2,Phospholipase_A2(PLA2),train,2
3141,3141,tr,A0A193CHK3,A0A193CHK3_CROCE,Phospholipase A2_1,Crotalus cerberus,36309,2,Phospholipase_A2(PLA2),train,2
3142,3142,tr,A0A193CHK5,A0A193CHK5_CROMN,Phospholipase A2_3,Crotalus molossus nigrescens,8734,2,Phospholipase_A2(PLA2),train,2
3143,3143,tr,A0A193CHK2,A0A193CHK2_CROCL,Phospholipase A2_3,Crotalus concolor,8740,2,Phospholipase_A2(PLA2),train,2
3144,3144,tr,T1DJY7,T1DJY7_CROHD,Phospholipase A2 7,Crotalus horridus,35024,2,Phospholipase_A2(PLA2),train,2
3145,3145,tr,T1E3Y1,T1E3Y1_CROHD,Phospholipase A2 6,Crotalus horridus,35024,2,Phospholipase_A2(PLA2),train,2
3146,3146,tr,Q2ES53,Q2ES53_DABRR,phospholipase A2,Daboia russelii russelii,31159,2,Phospholipase_A2(PLA2),train,2
3147,3147,tr,Q2ES52,Q2ES52_DABRR,phospholipase A2,Daboia russelii russelii,31159,2,Phospholipase_A2(PLA2),train,2
3148,3148,tr,T1DH13,T1DH13_CROHD,Phospholipase A2 8,Crotalus horridus,35024,2,Phospholipase_A2(PLA2),train,2
3149,3149,tr,T1E3Y3,T1E3Y3_CROHD,Phospholipase A2 1b,Crotalus horridus,35024,2,Phospholipase_A2(PLA2),test,2
3150,3150,tr,Q2ES51,Q2ES51_DABRR,phospholipase A2,Daboia russelii russelii,31159,2,Phospholipase_A2(PLA2),train,2
3151,3151,tr,T1D6N7,T1D6N7_CROHD,Phospholipase A2 9,Crotalus horridus,35024,2,Phospholipase_A2(PLA2),test,2
3152,3152,tr,T1D6P2,T1D6P2_CROHD,Phospholipase A2 4,Crotalus horridus,35024,2,Phospholipase_A2(PLA2),train,2
3153,3153,tr,T1E3C7,T1E3C7_CROHD,Phospholipase A2 5,Crotalus horridus,35024,2,Phospholipase_A2(PLA2),train,2
3154,3154,tr,A0AAW1AWA5,A0AAW1AWA5_CROAD,Hepatic triacylglycerol lipase,Crotalus adamanteus,8729,3,Phospholipase_A2(PLA2),test,2
3155,3155,tr,A0AAW1B9Q7,A0AAW1B9Q7_CROAD,Group XIIA secretory phospholipase A2,Crotalus adamanteus,8729,3,Phospholipase_A2(PLA2),train,2
3156,3156,tr,L8B360,L8B360_PROEL,phospholipase A2,Protobothrops elegans,88086,3,Phospholipase_A2(PLA2),train,2
3157,3157,tr,A0A0B8RV61,A0A0B8RV61_CROHD,Phospholipase A2 1b,Crotalus horridus,35024,3,Phospholipase_A2(PLA2),train,2
3158,3158,tr,U3FYP1,U3FYP1_MICFL,phospholipase A2,Micrurus fulvius,8637,2,Phospholipase_A2(PLA2),train,2
3159,3159,tr,Q7LZQ5,Q7LZQ5_VIPAS,Phospholipase A2 II (Fragment),Vipera aspis,8706,3,Phospholipase_A2(PLA2),test,2
3160,3160,tr,J3S3V6,J3S3V6_CROAD,Phospholipase A2 6,Crotalus adamanteus,8729,2,Phospholipase_A2(PLA2),train,2
3161,3161,tr,J3S823,J3S823_CROAD,Phospholipase A2 2,Crotalus adamanteus,8729,2,Phospholipase_A2(PLA2),train,2
3162,3162,tr,J3SBP4,J3SBP4_CROAD,Phospholipase A2 4,Crotalus adamanteus,8729,2,Phospholipase_A2(PLA2),val,2
3163,3163,tr,J3SDW0,J3SDW0_CROAD,Phospholipase A2 5,Crotalus adamanteus,8729,2,Phospholipase_A2(PLA2),test,2
3164,3164,tr,U5HS76,U5HS76_OVOMO,Phospholipase A2,Ovophis monticola,103941,3,Phospholipase_A2(PLA2),test,2
3165,3165,tr,U5HS18,U5HS18_OVOMO,Phospholipase A2,Ovophis monticola,103941,3,Phospholipase_A2(PLA2),train,2
3166,3166,tr,T1E5I4,T1E5I4_CROHD,Peroxiredoxin-6,Crotalus horridus,35024,2,Phospholipase_A2(PLA2),test,2
3167,3167,tr,U3EPE2,U3EPE2_MICFL,phospholipase A2,Micrurus fulvius,8637,2,Phospholipase_A2(PLA2),train,2
3168,3168,tr,U3FA98,U3FA98_MICFL,phospholipase A2,Micrurus fulvius,8637,2,Phospholipase_A2(PLA2),train,2
3169,3169,tr,U3FAA2,U3FAA2_MICFL,phospholipase A2,Micrurus fulvius,8637,2,Phospholipase_A2(PLA2),train,2
3170,3170,tr,U3FAA7,U3FAA7_MICFL,phospholipase A2,Micrurus fulvius,8637,2,Phospholipase_A2(PLA2),train,2
3171,3171,tr,U3FVF0,U3FVF0_MICFL,phospholipase A2,Micrurus fulvius,8637,2,Phospholipase_A2(PLA2),train,2
3172,3172,tr,U3EPD4,U3EPD4_MICFL,phospholipase A2,Micrurus fulvius,8637,2,Phospholipase_A2(PLA2),train,2
3173,3173,tr,U3F569,U3F569_MICFL,phospholipase A2,Micrurus fulvius,8637,2,Phospholipase_A2(PLA2),train,2
3174,3174,tr,U3F588,U3F588_MICFL,phospholipase A2,Micrurus fulvius,8637,2,Phospholipase_A2(PLA2),train,2
3175,3175,tr,U3FA82,U3FA82_MICFL,phospholipase A2,Micrurus fulvius,8637,2,Phospholipase_A2(PLA2),test,2
3176,3176,tr,U3FAB0,U3FAB0_MICFL,phospholipase A2,Micrurus fulvius,8637,2,Phospholipase_A2(PLA2),train,2
3177,3177,tr,U3FYP2,U3FYP2_MICFL,phospholipase A2,Micrurus fulvius,8637,2,Phospholipase_A2(PLA2),train,2
3178,3178,tr,U3FYP8,U3FYP8_MICFL,phospholipase A2,Micrurus fulvius,8637,2,Phospholipase_A2(PLA2),train,2
3179,3179,tr,U3EPD8,U3EPD8_MICFL,phospholipase A2,Micrurus fulvius,8637,2,Phospholipase_A2(PLA2),train,2
3180,3180,tr,U3F561,U3F561_MICFL,phospholipase A2,Micrurus fulvius,8637,2,Phospholipase_A2(PLA2),train,2
3181,3181,tr,U3F565,U3F565_MICFL,phospholipase A2,Micrurus fulvius,8637,2,Phospholipase_A2(PLA2),val,2
3182,3182,tr,U3F5A1,U3F5A1_MICFL,phospholipase A2,Micrurus fulvius,8637,2,Phospholipase_A2(PLA2),train,2
3183,3183,tr,U3FA85,U3FA85_MICFL,phospholipase A2,Micrurus fulvius,8637,2,Phospholipase_A2(PLA2),train,2
3184,3184,tr,U3FA91,U3FA91_MICFL,phospholipase A2,Micrurus fulvius,8637,2,Phospholipase_A2(PLA2),train,2
3185,3185,tr,U3FVE4,U3FVE4_MICFL,phospholipase A2,Micrurus fulvius,8637,2,Phospholipase_A2(PLA2),test,2
3186,3186,tr,U3FVF5,U3FVF5_MICFL,phospholipase A2,Micrurus fulvius,8637,2,Phospholipase_A2(PLA2),train,2
3187,3187,tr,U3FVG1,U3FVG1_MICFL,phospholipase A2,Micrurus fulvius,8637,2,Phospholipase_A2(PLA2),test,2
3188,3188,tr,U3FYN8,U3FYN8_MICFL,phospholipase A2,Micrurus fulvius,8637,2,Phospholipase_A2(PLA2),train,2
3189,3189,tr,U3FYP4,U3FYP4_MICFL,phospholipase A2,Micrurus fulvius,8637,2,Phospholipase_A2(PLA2),train,2
3190,3190,tr,U3FYP7,U3FYP7_MICFL,phospholipase A2,Micrurus fulvius,8637,2,Phospholipase_A2(PLA2),test,2
3191,3191,tr,U3EPF6,U3EPF6_MICFL,phospholipase A2,Micrurus fulvius,8637,2,Phospholipase_A2(PLA2),train,2
3192,3192,tr,U3FVF2,U3FVF2_MICFL,phospholipase A2,Micrurus fulvius,8637,2,Phospholipase_A2(PLA2),train,2
3193,3193,tr,U3FYP6,U3FYP6_MICFL,phospholipase A2,Micrurus fulvius,8637,2,Phospholipase_A2(PLA2),train,2
3194,3194,tr,A0A024AXD2,A0A024AXD2_MICIK,Phospholipase A2,Micropechis ikaheca,66188,2,Phospholipase_A2(PLA2),train,2
3195,3195,tr,U3EPD1,U3EPD1_MICFL,phospholipase A2,Micrurus fulvius,8637,2,Phospholipase_A2(PLA2),train,2
3196,3196,tr,U3EPF3,U3EPF3_MICFL,phospholipase A2,Micrurus fulvius,8637,2,Phospholipase_A2(PLA2),train,2
3197,3197,tr,U3EPG6,U3EPG6_MICFL,phospholipase A2,Micrurus fulvius,8637,2,Phospholipase_A2(PLA2),train,2
3198,3198,tr,U3F592,U3F592_MICFL,phospholipase A2,Micrurus fulvius,8637,2,Phospholipase_A2(PLA2),test,2
3199,3199,tr,U3FVF9,U3FVF9_MICFL,phospholipase A2,Micrurus fulvius,8637,2,Phospholipase_A2(PLA2),test,2
3200,3200,tr,A0A0K8RSA2,A0A0K8RSA2_CROHD,Phospholipase A2 3d,Crotalus horridus,35024,3,Phospholipase_A2(PLA2),train,2
3201,3201,tr,A0A0K8RSA5,A0A0K8RSA5_CROHD,Phospholipase A2 2b,Crotalus horridus,35024,3,Phospholipase_A2(PLA2),train,2
3202,3202,tr,A0A0K8RSB8,A0A0K8RSB8_CROHD,Phospholipase A2 3b,Crotalus horridus,35024,3,Phospholipase_A2(PLA2),train,2
3203,3203,tr,A0A0K8RYW0,A0A0K8RYW0_CROHD,Phospholipase A2 1d,Crotalus horridus,35024,3,Phospholipase_A2(PLA2),val,2
3204,3204,tr,A0A8C6Y654,A0A8C6Y654_NAJNA,Secretory phospholipase A2 receptor,Naja naja,35670,3,Phospholipase_A2(PLA2),val,2
3205,3205,tr,A0A0K8RS99,A0A0K8RS99_CROHD,Phospholipase A2 3c,Crotalus horridus,35024,3,Phospholipase_A2(PLA2),train,2
3206,3206,tr,A0A0K8RSG0,A0A0K8RSG0_CROHD,Phospholipase A2 1c,Crotalus horridus,35024,3,Phospholipase_A2(PLA2),val,2
3207,3207,tr,A0A0K8RYS5,A0A0K8RYS5_CROHD,Phospholipase A2 1e,Crotalus horridus,35024,3,Phospholipase_A2(PLA2),train,2
3208,3208,tr,A0A0K8RZ17,A0A0K8RZ17_CROHD,Phospholipase A2 1c,Crotalus horridus,35024,3,Phospholipase_A2(PLA2),val,2
3209,3209,tr,A0A0K8S034,A0A0K8S034_CROHD,Phospholipase A2 2,Crotalus horridus,35024,3,Phospholipase_A2(PLA2),train,2
3210,3210,tr,A0A193CHK7,A0A193CHK7_CROBA,Phospholipase A2_3 Crotoxin-like basic B subunit,Crotalus basiliscus,8744,2,Phospholipase_A2(PLA2),train,2
3211,3211,tr,A0A193CHI7,A0A193CHI7_CROTA,Phospholipase A2_1 Crotoxin-like acidic A chain,Crotalus tzabcan,1043006,2,Phospholipase_A2(PLA2),val,2
3212,3212,tr,A0A1J0R049,A0A1J0R049_CROSS,"Phospholipase A2, group IIE",Crotalus scutulatus scutulatus,8738,3,Phospholipase_A2(PLA2),train,2
3213,3213,tr,A0A1J0R065,A0A1J0R065_CROAT,"Phospholipase A2, group IIE",Crotalus atrox,8730,3,Phospholipase_A2(PLA2),train,2
3214,3214,tr,A0A1J0R068,A0A1J0R068_CROAT,"Phospholipase A2, group IIF",Crotalus atrox,8730,3,Phospholipase_A2(PLA2),train,2
3215,3215,tr,A0A1J0R087,A0A1J0R087_CROAD,"Phospholipase A2, group IID",Crotalus adamanteus,8729,3,Phospholipase_A2(PLA2),train,2
3216,3216,tr,A0A1J0R053,A0A1J0R053_CROSS,"Phospholipase A2, group IIF",Crotalus scutulatus scutulatus,8738,3,Phospholipase_A2(PLA2),val,2
3217,3217,tr,A0A1J0R094,A0A1J0R094_CROAD,"Phospholipase A2, group IIE",Crotalus adamanteus,8729,3,Phospholipase_A2(PLA2),train,2
3218,3218,tr,A0A1J0R079,A0A1J0R079_CROAT,"Phospholipase A2, group IIE",Crotalus atrox,8730,3,Phospholipase_A2(PLA2),test,2
3219,3219,tr,A0A1J0R091,A0A1J0R091_CROAD,"Phospholipase A2, group IIF",Crotalus adamanteus,8729,3,Phospholipase_A2(PLA2),val,2
3220,3220,tr,Q2TU95,Q2TU95_SISTE,Phospholipase A2,Sistrurus tergeminus,8757,2,Phospholipase_A2(PLA2),train,2
3221,3221,tr,F8J2D1,F8J2D1_DRYCN,Putative phospholipase A2 PS31,Drysdalia coronoides,66186,2,Phospholipase_A2(PLA2),train,2
3222,3222,tr,B3EXG9,B3EXG9_MICFL,phospholipase A2 (Fragment),Micrurus fulvius,8637,2,Phospholipase_A2(PLA2),train,2
3223,3223,tr,B3EXG8,B3EXG8_MICFL,phospholipase A2 (Fragment),Micrurus fulvius,8637,2,Phospholipase_A2(PLA2),train,2
3224,3224,tr,R4FI79,R4FI79_9SAUR,phospholipase A2,Brachyurophis roperi,1295043,2,Phospholipase_A2(PLA2),train,2
3225,3225,tr,R4G2E0,R4G2E0_9SAUR,phospholipase A2,Brachyurophis roperi,1295043,2,Phospholipase_A2(PLA2),train,2
3226,3226,tr,R4G7E9,R4G7E9_9SAUR,phospholipase A2,Brachyurophis roperi,1295043,2,Phospholipase_A2(PLA2),train,2
3227,3227,tr,A8E2V6,A8E2V6_CERGO,D1E6b phospholipase A2,Cerrophidion godmani,44722,2,Phospholipase_A2(PLA2),train,2
3228,3228,tr,A8E2V7,A8E2V7_CERGO,R6K49 phospholipase A2 (Fragment),Cerrophidion godmani,44722,2,Phospholipase_A2(PLA2),train,2
3229,3229,tr,A8E2V5,A8E2V5_CERGO,N1E6a phospholipase A2,Cerrophidion godmani,44722,2,Phospholipase_A2(PLA2),train,2
3230,3230,tr,B0LSG8,B0LSG8_SISTE,Phospholipase A2,Sistrurus tergeminus,8757,2,Phospholipase_A2(PLA2),train,2
3231,3231,tr,B3RFI8,B3RFI8_DABRR,phospholipase A2,Daboia russelii limitis,338883,2,Phospholipase_A2(PLA2),train,2
3232,3232,tr,B3RFI6,B3RFI6_DABRR,phospholipase A2,Daboia russelii limitis,338883,2,Phospholipase_A2(PLA2),train,2
3233,3233,tr,B3RFI7,B3RFI7_DABRR,phospholipase A2,Daboia russelii limitis,338883,2,Phospholipase_A2(PLA2),train,2
3234,3234,tr,A0AAW1ARB3,A0AAW1ARB3_CROAD,Phospholipase A2 like otoconin-22-like,Crotalus adamanteus,8729,3,Phospholipase_A2(PLA2),train,2
3235,3235,tr,A0A2D4LJS7,A0A2D4LJS7_9SAUR,phospholipase A2 (Fragment),Micrurus spixii,129469,3,Phospholipase_A2(PLA2),train,2
3236,3236,tr,A0A2D4LKP4,A0A2D4LKP4_9SAUR,phospholipase A2,Micrurus spixii,129469,3,Phospholipase_A2(PLA2),train,2
3237,3237,tr,A0A2H6MW32,A0A2H6MW32_9SAUR,phospholipase A2 (Fragment),Micrurus carvalhoi,3147026,3,Phospholipase_A2(PLA2),train,2
3238,3238,tr,A0A2H6N1H7,A0A2H6N1H7_9SAUR,phospholipase A2 (Fragment),Micrurus carvalhoi,3147026,3,Phospholipase_A2(PLA2),train,2
3239,3239,tr,A0A2D4G8M7,A0A2D4G8M7_MICCO,phospholipase A2,Micrurus corallinus,54390,3,Phospholipase_A2(PLA2),train,2
3240,3240,tr,A0A2D4IRJ0,A0A2D4IRJ0_MICLE,phospholipase A2 (Fragment),Micrurus lemniscatus lemniscatus,129467,3,Phospholipase_A2(PLA2),train,2
3241,3241,tr,A0A2D4J1S7,A0A2D4J1S7_MICLE,phospholipase A2 (Fragment),Micrurus lemniscatus lemniscatus,129467,3,Phospholipase_A2(PLA2),train,2
3242,3242,tr,A0A2D4LJR5,A0A2D4LJR5_9SAUR,phospholipase A2 (Fragment),Micrurus spixii,129469,3,Phospholipase_A2(PLA2),train,2
3243,3243,tr,A0A2D4LK05,A0A2D4LK05_9SAUR,phospholipase A2 (Fragment),Micrurus spixii,129469,3,Phospholipase_A2(PLA2),test,2
3244,3244,tr,A0A2D4N508,A0A2D4N508_9SAUR,phospholipase A2 (Fragment),Micrurus spixii,129469,3,Phospholipase_A2(PLA2),train,2
3245,3245,tr,A0A2D4PRR8,A0A2D4PRR8_MICSU,phospholipase A2,Micrurus surinamensis,129470,3,Phospholipase_A2(PLA2),train,2
3246,3246,tr,A0A2D4PTY2,A0A2D4PTY2_MICSU,phospholipase A2 (Fragment),Micrurus surinamensis,129470,3,Phospholipase_A2(PLA2),train,2
3247,3247,tr,A0A2H6MVK4,A0A2H6MVK4_9SAUR,phospholipase A2 (Fragment),Micrurus carvalhoi,3147026,3,Phospholipase_A2(PLA2),train,2
3248,3248,tr,A0A2H6MZQ2,A0A2H6MZQ2_9SAUR,phospholipase A2 (Fragment),Micrurus carvalhoi,3147026,3,Phospholipase_A2(PLA2),train,2
3249,3249,tr,A0A2H6NFN0,A0A2H6NFN0_9SAUR,phospholipase A2,Micrurus carvalhoi,3147026,3,Phospholipase_A2(PLA2),test,2
3250,3250,tr,A0A2H6NFQ4,A0A2H6NFQ4_9SAUR,phospholipase A2 (Fragment),Micrurus carvalhoi,3147026,3,Phospholipase_A2(PLA2),train,2
3251,3251,tr,A0A2D4J1M6,A0A2D4J1M6_MICLE,phospholipase A2 (Fragment),Micrurus lemniscatus lemniscatus,129467,3,Phospholipase_A2(PLA2),train,2
3252,3252,tr,A0A2D4J1P6,A0A2D4J1P6_MICLE,phospholipase A2 (Fragment),Micrurus lemniscatus lemniscatus,129467,3,Phospholipase_A2(PLA2),train,2
3253,3253,tr,A0A2D4LJR2,A0A2D4LJR2_9SAUR,phospholipase A2 (Fragment),Micrurus spixii,129469,3,Phospholipase_A2(PLA2),train,2
3254,3254,tr,A0A2D4MX56,A0A2D4MX56_9SAUR,phospholipase A2 (Fragment),Micrurus spixii,129469,3,Phospholipase_A2(PLA2),train,2
3255,3255,tr,A0A2H6NIR3,A0A2H6NIR3_9SAUR,phospholipase A2 (Fragment),Micrurus carvalhoi,3147026,3,Phospholipase_A2(PLA2),train,2
3256,3256,tr,A0A2D4ISD1,A0A2D4ISD1_MICLE,phospholipase A2,Micrurus lemniscatus lemniscatus,129467,3,Phospholipase_A2(PLA2),train,2
3257,3257,tr,A0A2D4J1R0,A0A2D4J1R0_MICLE,phospholipase A2 (Fragment),Micrurus lemniscatus lemniscatus,129467,3,Phospholipase_A2(PLA2),test,2
3258,3258,tr,A0A2D4J1T5,A0A2D4J1T5_MICLE,phospholipase A2 (Fragment),Micrurus lemniscatus lemniscatus,129467,3,Phospholipase_A2(PLA2),train,2
3259,3259,tr,A0A2D4L945,A0A2D4L945_9SAUR,phospholipase A2 (Fragment),Micrurus paraensis,1970185,3,Phospholipase_A2(PLA2),train,2
3260,3260,tr,A0A2D4NMD6,A0A2D4NMD6_9SAUR,phospholipase A2 (Fragment),Micrurus spixii,129469,3,Phospholipase_A2(PLA2),train,2
3261,3261,tr,A0A2D4PRN1,A0A2D4PRN1_MICSU,phospholipase A2,Micrurus surinamensis,129470,3,Phospholipase_A2(PLA2),train,2
3262,3262,tr,A0A2H6MW53,A0A2H6MW53_9SAUR,phospholipase A2 (Fragment),Micrurus carvalhoi,3147026,3,Phospholipase_A2(PLA2),train,2
3263,3263,tr,A0A2H6N4A4,A0A2H6N4A4_9SAUR,phospholipase A2 (Fragment),Micrurus carvalhoi,3147026,3,Phospholipase_A2(PLA2),train,2
3264,3264,tr,A0A2H6NAU5,A0A2H6NAU5_9SAUR,phospholipase A2 (Fragment),Micrurus carvalhoi,3147026,3,Phospholipase_A2(PLA2),train,2
3265,3265,tr,A0A2D4ISG3,A0A2D4ISG3_MICLE,phospholipase A2 (Fragment),Micrurus lemniscatus lemniscatus,129467,3,Phospholipase_A2(PLA2),train,2
3266,3266,tr,A0A2D4J1R6,A0A2D4J1R6_MICLE,phospholipase A2 (Fragment),Micrurus lemniscatus lemniscatus,129467,3,Phospholipase_A2(PLA2),train,2
3267,3267,tr,A0A2D4J1S8,A0A2D4J1S8_MICLE,phospholipase A2 (Fragment),Micrurus lemniscatus lemniscatus,129467,3,Phospholipase_A2(PLA2),train,2
3268,3268,tr,A0A2D4JI11,A0A2D4JI11_MICLE,phospholipase A2 (Fragment),Micrurus lemniscatus lemniscatus,129467,3,Phospholipase_A2(PLA2),train,2
3269,3269,tr,A0A2D4JI29,A0A2D4JI29_MICLE,phospholipase A2 (Fragment),Micrurus lemniscatus lemniscatus,129467,3,Phospholipase_A2(PLA2),train,2
3270,3270,tr,A0A2D4LJT5,A0A2D4LJT5_9SAUR,phospholipase A2 (Fragment),Micrurus spixii,129469,3,Phospholipase_A2(PLA2),train,2
3271,3271,tr,A0A2D4LJU6,A0A2D4LJU6_9SAUR,phospholipase A2 (Fragment),Micrurus spixii,129469,3,Phospholipase_A2(PLA2),train,2
3272,3272,tr,A0A2D4MV36,A0A2D4MV36_9SAUR,phospholipase A2 (Fragment),Micrurus spixii,129469,3,Phospholipase_A2(PLA2),train,2
3273,3273,tr,A0A2D4PAV8,A0A2D4PAV8_MICSU,phospholipase A2 (Fragment),Micrurus surinamensis,129470,3,Phospholipase_A2(PLA2),train,2
3274,3274,tr,A0A2D4PZ69,A0A2D4PZ69_MICSU,phospholipase A2 (Fragment),Micrurus surinamensis,129470,3,Phospholipase_A2(PLA2),train,2
3275,3275,tr,A0A2H6MW34,A0A2H6MW34_9SAUR,phospholipase A2 (Fragment),Micrurus carvalhoi,3147026,3,Phospholipase_A2(PLA2),train,2
3276,3276,tr,A0A2H6NBA3,A0A2H6NBA3_9SAUR,phospholipase A2 (Fragment),Micrurus carvalhoi,3147026,3,Phospholipase_A2(PLA2),train,2
3277,3277,tr,A0A194AR64,A0A194AR64_9SAUR,phospholipase A2,Micrurus tener,1114301,3,Phospholipase_A2(PLA2),test,2
3278,3278,tr,A0A194AR68,A0A194AR68_9SAUR,phospholipase A2,Micrurus tener,1114301,3,Phospholipase_A2(PLA2),train,2
3279,3279,tr,A0A194AR73,A0A194AR73_9SAUR,phospholipase A2,Micrurus tener,1114301,3,Phospholipase_A2(PLA2),train,2
3280,3280,tr,A0A194ARA5,A0A194ARA5_9SAUR,phospholipase A2,Micrurus tener,1114301,3,Phospholipase_A2(PLA2),train,2
3281,3281,tr,A0A194ARB4,A0A194ARB4_9SAUR,phospholipase A2,Micrurus tener,1114301,3,Phospholipase_A2(PLA2),train,2
3282,3282,tr,A0A194AS87,A0A194AS87_9SAUR,phospholipase A2,Micrurus tener,1114301,3,Phospholipase_A2(PLA2),train,2
3283,3283,tr,A0A194AT57,A0A194AT57_9SAUR,phospholipase A2,Micrurus tener,1114301,3,Phospholipase_A2(PLA2),test,2
3284,3284,tr,A0A194AT61,A0A194AT61_9SAUR,phospholipase A2,Micrurus tener,1114301,3,Phospholipase_A2(PLA2),train,2
3285,3285,tr,A0A898IPP8,A0A898IPP8_CALBG,phospholipase A2,Calliophis bivirgatus,8633,2,Phospholipase_A2(PLA2),train,2
3286,3286,tr,B2YHV1,B2YHV1_DABSI,phospholipase A2,Daboia siamensis,343250,2,Phospholipase_A2(PLA2),train,2
3287,3287,tr,A0A0B4U791,A0A0B4U791_PROTO,Phospholipase A2,Protobothrops tokarensis,61225,2,Phospholipase_A2(PLA2),train,2
3288,3288,tr,A0A194AP70,A0A194AP70_9SAUR,phospholipase A2,Micrurus tener,1114301,3,Phospholipase_A2(PLA2),train,2
3289,3289,tr,A0A194APA1,A0A194APA1_9SAUR,phospholipase A2,Micrurus tener,1114301,3,Phospholipase_A2(PLA2),test,2
3290,3290,tr,A0A194AR59,A0A194AR59_9SAUR,phospholipase A2,Micrurus tener,1114301,3,Phospholipase_A2(PLA2),train,2
3291,3291,tr,A0A194AS68,A0A194AS68_9SAUR,phospholipase A2,Micrurus tener,1114301,3,Phospholipase_A2(PLA2),train,2
3292,3292,tr,A0A194AT46,A0A194AT46_9SAUR,phospholipase A2,Micrurus tener,1114301,3,Phospholipase_A2(PLA2),train,2
3293,3293,tr,A0A194AT52,A0A194AT52_9SAUR,phospholipase A2,Micrurus tener,1114301,3,Phospholipase_A2(PLA2),train,2
3294,3294,tr,A0A898ILK1,A0A898ILK1_CALBG,phospholipase A2,Calliophis bivirgatus,8633,2,Phospholipase_A2(PLA2),train,2
3295,3295,tr,A0A898IM03,A0A898IM03_CALBG,phospholipase A2,Calliophis bivirgatus,8633,2,Phospholipase_A2(PLA2),train,2
3296,3296,tr,A0A898IPN5,A0A898IPN5_CALBG,phospholipase A2,Calliophis bivirgatus,8633,2,Phospholipase_A2(PLA2),train,2
3297,3297,tr,A0A194AP74,A0A194AP74_9SAUR,phospholipase A2,Micrurus tener,1114301,3,Phospholipase_A2(PLA2),train,2
3298,3298,tr,A0A194AP88,A0A194AP88_9SAUR,phospholipase A2,Micrurus tener,1114301,3,Phospholipase_A2(PLA2),train,2
3299,3299,tr,A0A194AS78,A0A194AS78_9SAUR,phospholipase A2,Micrurus tener,1114301,3,Phospholipase_A2(PLA2),train,2
3300,3300,tr,A0A194AS82,A0A194AS82_9SAUR,phospholipase A2,Micrurus tener,1114301,3,Phospholipase_A2(PLA2),train,2
3301,3301,tr,A0A194AT64,A0A194AT64_9SAUR,phospholipase A2,Micrurus tener,1114301,3,Phospholipase_A2(PLA2),test,2
3302,3302,tr,A0A898INB8,A0A898INB8_CALBG,phospholipase A2,Calliophis bivirgatus,8633,2,Phospholipase_A2(PLA2),train,2
3303,3303,tr,A0A898ING8,A0A898ING8_CALBG,phospholipase A2,Calliophis bivirgatus,8633,2,Phospholipase_A2(PLA2),train,2
3304,3304,tr,B2YHV5,B2YHV5_DABSI,phospholipase A2,Daboia siamensis,343250,3,Phospholipase_A2(PLA2),train,2
3305,3305,tr,A0A194AR49,A0A194AR49_9SAUR,phospholipase A2,Micrurus tener,1114301,3,Phospholipase_A2(PLA2),test,2
3306,3306,tr,A0A194ARC7,A0A194ARC7_9SAUR,phospholipase A2,Micrurus tener,1114301,3,Phospholipase_A2(PLA2),test,2
3307,3307,tr,A0A194AS73,A0A194AS73_9SAUR,phospholipase A2,Micrurus tener,1114301,3,Phospholipase_A2(PLA2),test,2
3308,3308,tr,A0A898IM16,A0A898IM16_CALBG,phospholipase A2,Calliophis bivirgatus,8633,2,Phospholipase_A2(PLA2),train,2
3309,3309,tr,A0A194AP65,A0A194AP65_9SAUR,phospholipase A2,Micrurus tener,1114301,3,Phospholipase_A2(PLA2),train,2
3310,3310,tr,A0A194ARA9,A0A194ARA9_9SAUR,phospholipase A2,Micrurus tener,1114301,3,Phospholipase_A2(PLA2),train,2
3311,3311,tr,A0A194ARB9,A0A194ARB9_9SAUR,phospholipase A2,Micrurus tener,1114301,3,Phospholipase_A2(PLA2),val,2
3312,3312,tr,A0A194ARC3,A0A194ARC3_9SAUR,phospholipase A2,Micrurus tener,1114301,3,Phospholipase_A2(PLA2),train,2
3313,3313,tr,A0A194AS58,A0A194AS58_9SAUR,phospholipase A2,Micrurus tener,1114301,3,Phospholipase_A2(PLA2),train,2
3314,3314,tr,A0A194AS63,A0A194AS63_9SAUR,phospholipase A2,Micrurus tener,1114301,3,Phospholipase_A2(PLA2),val,2
3315,3315,tr,A0A194AT50,A0A194AT50_9SAUR,phospholipase A2,Micrurus tener,1114301,3,Phospholipase_A2(PLA2),test,2
3316,3316,tr,A0A898IKP1,A0A898IKP1_CALBG,phospholipase A2,Calliophis bivirgatus,8633,2,Phospholipase_A2(PLA2),train,2
3317,3317,tr,A0A898IPN3,A0A898IPN3_CALBG,phospholipase A2,Calliophis bivirgatus,8633,2,Phospholipase_A2(PLA2),train,2
3318,3318,tr,A0A898IPP9,A0A898IPP9_CALBG,phospholipase A2,Calliophis bivirgatus,8633,2,Phospholipase_A2(PLA2),train,2
3319,3319,tr,F5CPE9,F5CPE9_MICAT,phospholipase A2,Micrurus altirostris,129457,2,Phospholipase_A2(PLA2),train,2
3320,3320,tr,A0A223PK30,A0A223PK30_DABRR,phospholipase A2 (Fragment),Daboia russelii,8707,2,Phospholipase_A2(PLA2),train,2
3321,3321,tr,U3FVE0,U3FVE0_MICFL,phospholipase A2,Micrurus fulvius,8637,2,Phospholipase_A2(PLA2),train,2
3322,3322,tr,U3F572,U3F572_MICFL,phospholipase A2,Micrurus fulvius,8637,2,Phospholipase_A2(PLA2),val,2
3323,3323,tr,U3F584,U3F584_MICFL,phospholipase A2,Micrurus fulvius,8637,2,Phospholipase_A2(PLA2),train,2
3324,3324,tr,V8PDP0,V8PDP0_OPHHA,phospholipase A2 (Fragment),Ophiophagus hannah,8665,3,Phospholipase_A2(PLA2),train,2
3325,3325,tr,V8PFQ2,V8PFQ2_OPHHA,phospholipase A2 (Fragment),Ophiophagus hannah,8665,3,Phospholipase_A2(PLA2),train,2
3326,3326,tr,R4G2I9,R4G2I9_9SAUR,PLA2-Pse-4,Pseudonaja modesta,340912,2,Phospholipase_A2(PLA2),test,2
3327,3327,tr,R4G2N4,R4G2N4_9SAUR,PLA2-Aca-97,Acanthophis wellsi,239747,2,Phospholipase_A2(PLA2),train,2
3328,3328,tr,R4G2R1,R4G2R1_9SAUR,PLA2-Cac-16,Cacophis squamulosus,505434,2,Phospholipase_A2(PLA2),train,2
3329,3329,tr,R4G7M2,R4G7M2_9SAUR,PLA2-Sut-22,Suta fasciata,529716,3,Phospholipase_A2(PLA2),test,2
3330,3330,tr,V8NC39,V8NC39_OPHHA,phospholipase A2 (Fragment),Ophiophagus hannah,8665,3,Phospholipase_A2(PLA2),val,2
3331,3331,tr,V8NFW5,V8NFW5_OPHHA,phospholipase A2 (Fragment),Ophiophagus hannah,8665,3,Phospholipase_A2(PLA2),train,2
3332,3332,tr,R4FI60,R4FI60_9SAUR,PLA2-Aca-2,Acanthophis wellsi,239747,2,Phospholipase_A2(PLA2),train,2
3333,3333,tr,R4FII7,R4FII7_9SAUR,PLA2-Hem-10,Hemiaspis signata,355698,2,Phospholipase_A2(PLA2),val,2
3334,3334,tr,R4FJ04,R4FJ04_9SAUR,PLA2-Sut-2,Suta fasciata,529716,3,Phospholipase_A2(PLA2),train,2
3335,3335,tr,R4FK41,R4FK41_9SAUR,PLA2-Pse-2,Pseudonaja modesta,340912,2,Phospholipase_A2(PLA2),val,2
3336,3336,tr,R4G2F3,R4G2F3_DENDV,PLA2-Den-9,Denisonia devisi,529689,2,Phospholipase_A2(PLA2),train,2
3337,3337,tr,R4G2N5,R4G2N5_9SAUR,PLA2-Aca-9,Acanthophis wellsi,239747,2,Phospholipase_A2(PLA2),train,2
3338,3338,tr,R4G7M1,R4G7M1_9SAUR,PLA2-Sut-1,Suta fasciata,529716,3,Phospholipase_A2(PLA2),val,2
3339,3339,tr,R4FIA4,R4FIA4_9SAUR,PLA2-Cac-6,Cacophis squamulosus,505434,2,Phospholipase_A2(PLA2),train,2
3340,3340,tr,R4FIQ4,R4FIQ4_9SAUR,PLA2-Pse-8,Pseudonaja modesta,340912,2,Phospholipase_A2(PLA2),train,2
3341,3341,tr,R4FKH0,R4FKH0_9SAUR,PLA2-Sut-16,Suta fasciata,529716,3,Phospholipase_A2(PLA2),train,2
3342,3342,tr,R4G2M6,R4G2M6_9SAUR,PLA2-Sut-19,Suta fasciata,529716,3,Phospholipase_A2(PLA2),train,2
3343,3343,tr,R4G310,R4G310_9SAUR,PLA2-Pse-3,Pseudonaja modesta,340912,2,Phospholipase_A2(PLA2),train,2
3344,3344,tr,R4G7G2,R4G7G2_DENDV,PLA2-Den-12,Denisonia devisi,529689,2,Phospholipase_A2(PLA2),train,2
3345,3345,tr,A6MFM8,A6MFM8_CRYNI,PLA2-3,Cryptophis nigrescens,292442,2,Phospholipase_A2(PLA2),val,2
3346,3346,tr,R4FJC0,R4FJC0_9SAUR,PLA2-Aca-8,Acanthophis wellsi,239747,2,Phospholipase_A2(PLA2),test,2
3347,3347,tr,R4FJH9,R4FJH9_9SAUR,PLA2-Cac-12,Cacophis squamulosus,505434,2,Phospholipase_A2(PLA2),train,2
3348,3348,tr,R4FJU8,R4FJU8_9SAUR,PLA2-Hem-11,Hemiaspis signata,355698,2,Phospholipase_A2(PLA2),val,2
3349,3349,tr,R4FKH4,R4FKH4_9SAUR,PLA2-Sut-23,Suta fasciata,529716,3,Phospholipase_A2(PLA2),train,2
3350,3350,tr,R4G2H2,R4G2H2_9SAUR,PLA2-Hem-7,Hemiaspis signata,355698,2,Phospholipase_A2(PLA2),train,2
3351,3351,tr,R4G2M4,R4G2M4_9SAUR,PLA2-Sut-25,Suta fasciata,529716,3,Phospholipase_A2(PLA2),train,2
3352,3352,tr,R4G2X1,R4G2X1_9SAUR,PLA2-Hem-3,Hemiaspis signata,355698,2,Phospholipase_A2(PLA2),train,2
3353,3353,tr,R4FI56,R4FI56_9SAUR,PLA2-Aca-43,Acanthophis wellsi,239747,2,Phospholipase_A2(PLA2),train,2
3354,3354,tr,R4FJ01,R4FJ01_9SAUR,PLA2-Sut-36,Suta fasciata,529716,3,Phospholipase_A2(PLA2),train,2
3355,3355,tr,R4FJB5,R4FJB5_9SAUR,PLA2-Aca-45,Acanthophis wellsi,239747,2,Phospholipase_A2(PLA2),train,2
3356,3356,tr,R4G2E6,R4G2E6_9SAUR,PLA2-Cac-18,Cacophis squamulosus,505434,2,Phospholipase_A2(PLA2),train,2
3357,3357,tr,R4G359,R4G359_9SAUR,PLA2-Sut-14,Suta fasciata,529716,3,Phospholipase_A2(PLA2),train,2
3358,3358,tr,R4G7E3,R4G7E3_9SAUR,PLA2-Aca-38,Acanthophis wellsi,239747,2,Phospholipase_A2(PLA2),val,2
3359,3359,tr,R4G7I1,R4G7I1_9SAUR,PLA2-Hem-9,Hemiaspis signata,355698,2,Phospholipase_A2(PLA2),train,2
3360,3360,tr,R4G7J8,R4G7J8_9SAUR,PLA2-Pse-5,Pseudonaja modesta,340912,2,Phospholipase_A2(PLA2),train,2
3361,3361,tr,A0A2D4EQ40,A0A2D4EQ40_MICCO,Phosphoinositide phospholipase C,Micrurus corallinus,54390,4,Phospholipase_A2(PLA2),train,2
3362,3362,tr,A6MFM9,A6MFM9_CRYNI,PLA2-4,Cryptophis nigrescens,292442,2,Phospholipase_A2(PLA2),train,2
3363,3363,tr,A0A2D4EP33,A0A2D4EP33_MICCO,Phosphoinositide phospholipase C,Micrurus corallinus,54390,4,Phospholipase_A2(PLA2),train,2
3364,3364,tr,A0A2D4IWS9,A0A2D4IWS9_MICLE,phosphoinositide phospholipase C (Fragment),Micrurus lemniscatus lemniscatus,129467,4,Phospholipase_A2(PLA2),train,2
3365,3365,tr,A6MFM7,A6MFM7_CRYNI,PLA2-2,Cryptophis nigrescens,292442,2,Phospholipase_A2(PLA2),test,2
3366,3366,tr,A0A2D4PK35,A0A2D4PK35_MICSU,Peroxiredoxin-6,Micrurus surinamensis,129470,3,Phospholipase_A2(PLA2),test,2
3367,3367,tr,A6MFN0,A6MFN0_CRYNI,PLA2-1,Cryptophis nigrescens,292442,2,Phospholipase_A2(PLA2),train,2
3368,3368,tr,A0AAW1BH57,A0AAW1BH57_CROAD,Phosphoinositide phospholipase C,Crotalus adamanteus,8729,4,Phospholipase_A2(PLA2),train,2
3369,3369,tr,A0AAW1C9Y1,A0AAW1C9Y1_CROAD,Phosphoinositide phospholipase C,Crotalus adamanteus,8729,4,Phospholipase_A2(PLA2),train,2
3370,3370,tr,A0AAW1ANS7,A0AAW1ANS7_CROAD,Phosphoinositide phospholipase C,Crotalus adamanteus,8729,4,Phospholipase_A2(PLA2),train,2
3371,3371,tr,A0AAW1C9H3,A0AAW1C9H3_CROAD,Phosphoinositide phospholipase C,Crotalus adamanteus,8729,4,Phospholipase_A2(PLA2),test,2
3372,3372,tr,A0A0B8RPQ3,A0A0B8RPQ3_9SAUR,Peroxiredoxin-6,Philothamnus irregularis,1899461,3,Phospholipase_A2(PLA2),train,2
3373,3373,tr,A0A1W7REX0,A0A1W7REX0_AGKCO,Peroxiredoxin-6,Agkistrodon contortrix contortrix,8713,3,Phospholipase_A2(PLA2),train,2
3374,3374,tr,B2KNL7,B2KNL7_BUNFA,Phospholipase A2 BF-43,Bungarus fasciatus,8613,2,Phospholipase_A2(PLA2),train,2
3375,3375,tr,B6F142,B6F142_PROFL,Phospholipase A2,Protobothrops flavoviridis,88087,3,Phospholipase_A2(PLA2),train,2
3376,3376,tr,B6F141,B6F141_PROFL,Phospholipase A2,Protobothrops flavoviridis,88087,3,Phospholipase_A2(PLA2),train,2
3377,3377,tr,V8NJ64,V8NJ64_OPHHA,Phosphoinositide phospholipase C,Ophiophagus hannah,8665,4,Phospholipase_A2(PLA2),train,2
3378,3378,tr,V8P608,V8P608_OPHHA,Phosphoinositide phospholipase C (Fragment),Ophiophagus hannah,8665,4,Phospholipase_A2(PLA2),val,2
3379,3379,tr,V8PDH0,V8PDH0_OPHHA,Phosphoinositide phospholipase C (Fragment),Ophiophagus hannah,8665,4,Phospholipase_A2(PLA2),val,2
3380,3380,tr,V8P5W0,V8P5W0_OPHHA,Phosphoinositide phospholipase C,Ophiophagus hannah,8665,4,Phospholipase_A2(PLA2),train,2
3381,3381,tr,V8PIL3,V8PIL3_OPHHA,Phosphoinositide phospholipase C (Fragment),Ophiophagus hannah,8665,4,Phospholipase_A2(PLA2),train,2
3382,3382,tr,A7X4N6,A7X4N6_AZEFE,PLA2(IIA)-Aze1,Azemiops feae,8773,2,Phospholipase_A2(PLA2),train,2
3383,3383,tr,A7X4P4,A7X4P4_AZEFE,PLA2(IIA)-Aze2,Azemiops feae,8773,2,Phospholipase_A2(PLA2),train,2
3384,3384,tr,A7X4U6,A7X4U6_CAURH,PLA2(IIA)-Cau1,Causus rhombeatus,44735,2,Phospholipase_A2(PLA2),test,2
3385,3385,tr,U3F773,U3F773_MICFL,Peroxiredoxin-6,Micrurus fulvius,8637,2,Phospholipase_A2(PLA2),val,2
3386,3386,tr,A0A0S2C1J6,A0A0S2C1J6_PROTO,Asp49 phospholipase A2 isozyme,Protobothrops tokarensis,61225,2,Phospholipase_A2(PLA2),test,2
3387,3387,tr,J3S0H2,J3S0H2_CROAD,Peroxiredoxin-6,Crotalus adamanteus,8729,2,Phospholipase_A2(PLA2),train,2
3388,3388,tr,A0A2D4JP13,A0A2D4JP13_MICLE,phospholipase A2 (Fragment),Micrurus lemniscatus lemniscatus,129467,3,Phospholipase_A2(PLA2),train,2
3389,3389,tr,A0A2D4NMA4,A0A2D4NMA4_9SAUR,phospholipase A2 (Fragment),Micrurus spixii,129469,3,Phospholipase_A2(PLA2),train,2
3390,3390,tr,A0A2D4NMB0,A0A2D4NMB0_9SAUR,phospholipase A2 (Fragment),Micrurus spixii,129469,3,Phospholipase_A2(PLA2),train,2
3391,3391,tr,A0A2D4NMB7,A0A2D4NMB7_9SAUR,phospholipase A2 (Fragment),Micrurus spixii,129469,3,Phospholipase_A2(PLA2),train,2
3392,3392,tr,A0A2D4NPI3,A0A2D4NPI3_9SAUR,phospholipase A2 (Fragment),Micrurus spixii,129469,3,Phospholipase_A2(PLA2),train,2
3393,3393,tr,A0A2H6MVX1,A0A2H6MVX1_9SAUR,phospholipase A2 (Fragment),Micrurus carvalhoi,3147026,3,Phospholipase_A2(PLA2),train,2
3394,3394,tr,A0A2D4MWE7,A0A2D4MWE7_9SAUR,phospholipase A2 (Fragment),Micrurus spixii,129469,3,Phospholipase_A2(PLA2),train,2
3395,3395,tr,A0A2D4NM91,A0A2D4NM91_9SAUR,phospholipase A2 (Fragment),Micrurus spixii,129469,3,Phospholipase_A2(PLA2),train,2
3396,3396,tr,A0A2D4NMB1,A0A2D4NMB1_9SAUR,phospholipase A2 (Fragment),Micrurus spixii,129469,3,Phospholipase_A2(PLA2),train,2
3397,3397,tr,A0A2D4NMB5,A0A2D4NMB5_9SAUR,phospholipase A2 (Fragment),Micrurus spixii,129469,3,Phospholipase_A2(PLA2),train,2
3398,3398,tr,A0A2D4NNB7,A0A2D4NNB7_9SAUR,phospholipase A2 (Fragment),Micrurus spixii,129469,3,Phospholipase_A2(PLA2),train,2
3399,3399,tr,A0A2H6MVJ7,A0A2H6MVJ7_9SAUR,phospholipase A2 (Fragment),Micrurus carvalhoi,3147026,3,Phospholipase_A2(PLA2),train,2
3400,3400,tr,A0A2D4JNY5,A0A2D4JNY5_MICLE,phospholipase A2 (Fragment),Micrurus lemniscatus lemniscatus,129467,3,Phospholipase_A2(PLA2),train,2
3401,3401,tr,A0A2H6MZ62,A0A2H6MZ62_9SAUR,phospholipase A2 (Fragment),Micrurus carvalhoi,3147026,3,Phospholipase_A2(PLA2),val,2
3402,3402,tr,A0A2D4NM96,A0A2D4NM96_9SAUR,phospholipase A2 (Fragment),Micrurus spixii,129469,3,Phospholipase_A2(PLA2),train,2
3403,3403,tr,A0A2H6MVP9,A0A2H6MVP9_9SAUR,phospholipase A2 (Fragment),Micrurus carvalhoi,3147026,3,Phospholipase_A2(PLA2),train,2
3404,3404,tr,A0A2D4IRB3,A0A2D4IRB3_MICLE,phospholipase A2 (Fragment),Micrurus lemniscatus lemniscatus,129467,3,Phospholipase_A2(PLA2),train,2
3405,3405,tr,A0A2D4IRN4,A0A2D4IRN4_MICLE,phospholipase A2 (Fragment),Micrurus lemniscatus lemniscatus,129467,3,Phospholipase_A2(PLA2),train,2
3406,3406,tr,A0A2D4J1R3,A0A2D4J1R3_MICLE,phospholipase A2,Micrurus lemniscatus lemniscatus,129467,3,Phospholipase_A2(PLA2),train,2
3407,3407,tr,A0A2D4N7P6,A0A2D4N7P6_9SAUR,phospholipase A2 (Fragment),Micrurus spixii,129469,3,Phospholipase_A2(PLA2),train,2
3408,3408,tr,A0A2D4NM81,A0A2D4NM81_9SAUR,phospholipase A2 (Fragment),Micrurus spixii,129469,3,Phospholipase_A2(PLA2),train,2
3409,3409,tr,A0A2D4NMC0,A0A2D4NMC0_9SAUR,phospholipase A2 (Fragment),Micrurus spixii,129469,3,Phospholipase_A2(PLA2),train,2
3410,3410,tr,A0A2D4NMC2,A0A2D4NMC2_9SAUR,phospholipase A2 (Fragment),Micrurus spixii,129469,3,Phospholipase_A2(PLA2),train,2
3411,3411,tr,A0A2D4NP89,A0A2D4NP89_9SAUR,phospholipase A2 (Fragment),Micrurus spixii,129469,3,Phospholipase_A2(PLA2),train,2
3412,3412,tr,A0A194AR41,A0A194AR41_9SAUR,phospholipase A2,Micrurus tener,1114301,3,Phospholipase_A2(PLA2),train,2
3413,3413,tr,Q6A3B1,Q6A3B1_VIPAA,phospholipase A2,Vipera ammodytes ammodytes,8705,2,Phospholipase_A2(PLA2),train,2
3414,3414,tr,Q6A3B4,Q6A3B4_VIPAS,phospholipase A2,Vipera aspis atra,246182,2,Phospholipase_A2(PLA2),train,2
3415,3415,tr,Q6A3D3,Q6A3D3_VIPAP,phospholipase A2,Vipera aspis aspis,194601,2,Phospholipase_A2(PLA2),train,2
3416,3416,tr,Q6A3E3,Q6A3E3_VIPAP,phospholipase A2,Vipera aspis aspis,194601,2,Phospholipase_A2(PLA2),train,2
3417,3417,tr,Q6A3F2,Q6A3F2_VIPAZ,phospholipase A2,Vipera aspis zinnikeri,55427,2,Phospholipase_A2(PLA2),train,2
3418,3418,tr,Q6A3J0,Q6A3J0_VIPBB,phospholipase A2,Vipera berus berus,31156,2,Phospholipase_A2(PLA2),train,2
3419,3419,tr,Q6A3J3,Q6A3J3_VIPBB,phospholipase A2,Vipera berus berus,31156,2,Phospholipase_A2(PLA2),train,2
3420,3420,tr,Q6A3J6,Q6A3J6_VIPAZ,phospholipase A2,Vipera aspis zinnikeri,55427,2,Phospholipase_A2(PLA2),train,2
3421,3421,tr,Q6A3K7,Q6A3K7_VIPAP,phospholipase A2,Vipera aspis aspis,194601,2,Phospholipase_A2(PLA2),train,2
3422,3422,tr,Q6A3K8,Q6A3K8_VIPAP,phospholipase A2,Vipera aspis aspis,194601,2,Phospholipase_A2(PLA2),train,2
3423,3423,tr,Q6A3K9,Q6A3K9_VIPAP,phospholipase A2,Vipera aspis aspis,194601,2,Phospholipase_A2(PLA2),train,2
3424,3424,tr,Q6A3N0,Q6A3N0_VIPAM,phospholipase A2,Vipera ammodytes ruffoi,246549,2,Phospholipase_A2(PLA2),train,2
3425,3425,tr,Q6YCN7,Q6YCN7_VIPBB,phospholipase A2,Vipera berus berus,31156,2,Phospholipase_A2(PLA2),train,2
3426,3426,tr,Q6A3A5,Q6A3A5_VIPAE,phospholipase A2,Vipera ammodytes meridionalis,73841,2,Phospholipase_A2(PLA2),test,2
3427,3427,tr,Q6A3C0,Q6A3C0_VIPAP,phospholipase A2,Vipera aspis aspis,194601,2,Phospholipase_A2(PLA2),test,2
3428,3428,tr,Q6A3D5,Q6A3D5_VIPAP,phospholipase A2,Vipera aspis aspis,194601,2,Phospholipase_A2(PLA2),val,2
3429,3429,tr,Q6A3D7,Q6A3D7_VIPAP,phospholipase A2,Vipera aspis aspis,194601,2,Phospholipase_A2(PLA2),train,2
3430,3430,tr,Q6A3D9,Q6A3D9_VIPAP,phospholipase A2,Vipera aspis aspis,194601,2,Phospholipase_A2(PLA2),train,2
3431,3431,tr,Q6A3G4,Q6A3G4_VIPAM,phospholipase A2,Vipera ammodytes montandoni,235554,2,Phospholipase_A2(PLA2),train,2
3432,3432,tr,Q6A3G5,Q6A3G5_VIPAE,phospholipase A2,Vipera ammodytes meridionalis,73841,2,Phospholipase_A2(PLA2),train,2
3433,3433,tr,Q6A3H6,Q6A3H6_VIPAS,phospholipase A2,Vipera aspis atra,246182,2,Phospholipase_A2(PLA2),train,2
3434,3434,tr,Q6A3H8,Q6A3H8_VIPAP,phospholipase A2,Vipera aspis aspis,194601,2,Phospholipase_A2(PLA2),train,2
3435,3435,tr,Q6A3I4,Q6A3I4_VIPAP,phospholipase A2,Vipera aspis aspis,194601,2,Phospholipase_A2(PLA2),test,2
3436,3436,tr,Q6A3I6,Q6A3I6_VIPAP,phospholipase A2,Vipera aspis aspis,194601,2,Phospholipase_A2(PLA2),train,2
3437,3437,tr,Q6A3J5,Q6A3J5_VIPAZ,phospholipase A2,Vipera aspis zinnikeri,55427,2,Phospholipase_A2(PLA2),val,2
3438,3438,tr,Q6A3K3,Q6A3K3_VIPAP,phospholipase A2,Vipera aspis aspis,194601,2,Phospholipase_A2(PLA2),train,2
3439,3439,tr,Q6A3K4,Q6A3K4_VIPAP,phospholipase A2,Vipera aspis aspis,194601,2,Phospholipase_A2(PLA2),test,2
3440,3440,tr,Q6A3M4,Q6A3M4_VIPAP,phospholipase A2,Vipera aspis aspis,194601,2,Phospholipase_A2(PLA2),train,2
3441,3441,tr,Q7T1D1,Q7T1D1_VIPBB,phospholipase A2,Vipera berus berus,31156,2,Phospholipase_A2(PLA2),train,2
3442,3442,tr,Q7T1D2,Q7T1D2_VIPAZ,phospholipase A2,Vipera aspis zinnikeri,55427,2,Phospholipase_A2(PLA2),test,2
3443,3443,tr,Q6A3A1,Q6A3A1_VIPAM,phospholipase A2,Vipera ammodytes montandoni,235554,2,Phospholipase_A2(PLA2),test,2
3444,3444,tr,Q6A3A4,Q6A3A4_VIPAE,phospholipase A2,Vipera ammodytes meridionalis,73841,2,Phospholipase_A2(PLA2),train,2
3445,3445,tr,Q6A3B9,Q6A3B9_VIPAP,phospholipase A2,Vipera aspis aspis,194601,2,Phospholipase_A2(PLA2),test,2
3446,3446,tr,Q6A3C6,Q6A3C6_VIPAM,phospholipase A2,Vipera ammodytes ruffoi,246549,2,Phospholipase_A2(PLA2),train,2
3447,3447,tr,Q6A3D4,Q6A3D4_VIPAP,phospholipase A2,Vipera aspis aspis,194601,2,Phospholipase_A2(PLA2),train,2
3448,3448,tr,Q6A3E0,Q6A3E0_VIPAP,phospholipase A2,Vipera aspis aspis,194601,2,Phospholipase_A2(PLA2),train,2
3449,3449,tr,Q6A3G8,Q6A3G8_VIPAA,phospholipase A2,Vipera ammodytes ammodytes,8705,2,Phospholipase_A2(PLA2),test,2
3450,3450,tr,Q6A3H1,Q6A3H1_VIPAS,phospholipase A2,Vipera aspis atra,246182,2,Phospholipase_A2(PLA2),train,2
3451,3451,tr,Q6A3H7,Q6A3H7_VIPAS,phospholipase A2,Vipera aspis atra,246182,2,Phospholipase_A2(PLA2),train,2
3452,3452,tr,Q6A3I0,Q6A3I0_VIPAP,phospholipase A2,Vipera aspis aspis,194601,2,Phospholipase_A2(PLA2),train,2
3453,3453,tr,Q6A3K0,Q6A3K0_VIPBB,phospholipase A2,Vipera berus berus,31156,2,Phospholipase_A2(PLA2),train,2
3454,3454,tr,Q6T7B8,Q6T7B8_BITGA,phospholipase A2,Bitis gabonica,8694,2,Phospholipase_A2(PLA2),train,2
3455,3455,tr,Q1RP80,Q1RP80_VIPNI,phospholipase A2,Vipera nikolskii,1808362,2,Phospholipase_A2(PLA2),train,2
3456,3456,tr,Q6A3A6,Q6A3A6_VIPAE,phospholipase A2,Vipera ammodytes meridionalis,73841,2,Phospholipase_A2(PLA2),train,2
3457,3457,tr,Q6A3A9,Q6A3A9_VIPAA,phospholipase A2,Vipera ammodytes ammodytes,8705,2,Phospholipase_A2(PLA2),val,2
3458,3458,tr,Q6A3B2,Q6A3B2_VIPAA,phospholipase A2,Vipera ammodytes ammodytes,8705,2,Phospholipase_A2(PLA2),train,2
3459,3459,tr,Q6A3C7,Q6A3C7_VIPAM,phospholipase A2,Vipera ammodytes ruffoi,246549,2,Phospholipase_A2(PLA2),train,2
3460,3460,tr,Q6A3F7,Q6A3F7_VIPAP,phospholipase A2,Vipera aspis aspis,194601,2,Phospholipase_A2(PLA2),train,2
3461,3461,tr,Q6A3G1,Q6A3G1_VIPAP,phospholipase A2,Vipera aspis aspis,194601,2,Phospholipase_A2(PLA2),train,2
3462,3462,tr,Q6A3I3,Q6A3I3_VIPAP,phospholipase A2,Vipera aspis aspis,194601,2,Phospholipase_A2(PLA2),val,2
3463,3463,tr,Q6A3I8,Q6A3I8_VIPUR,phospholipase A2,Vipera ursinii,103942,2,Phospholipase_A2(PLA2),train,2
3464,3464,tr,Q6A3I9,Q6A3I9_VIPBB,phospholipase A2,Vipera berus berus,31156,2,Phospholipase_A2(PLA2),train,2
3465,3465,tr,Q6A3J2,Q6A3J2_VIPBB,phospholipase A2,Vipera berus berus,31156,2,Phospholipase_A2(PLA2),test,2
3466,3466,tr,Q6A3M2,Q6A3M2_VIPAZ,phospholipase A2,Vipera aspis zinnikeri,55427,2,Phospholipase_A2(PLA2),train,2
3467,3467,tr,A0A0D3S151,A0A0D3S151_ATHCH,phospholipase A2,Atheris chlorechis,110216,2,Phospholipase_A2(PLA2),train,2
3468,3468,tr,Q6A3A0,Q6A3A0_VIPAM,phospholipase A2,Vipera ammodytes montandoni,235554,2,Phospholipase_A2(PLA2),train,2
3469,3469,tr,Q6A3A3,Q6A3A3_VIPAM,phospholipase A2,Vipera ammodytes montandoni,235554,2,Phospholipase_A2(PLA2),train,2
3470,3470,tr,Q6A3B0,Q6A3B0_VIPAA,phospholipase A2,Vipera ammodytes ammodytes,8705,2,Phospholipase_A2(PLA2),train,2
3471,3471,tr,Q6A3B5,Q6A3B5_VIPAS,phospholipase A2,Vipera aspis atra,246182,2,Phospholipase_A2(PLA2),train,2
3472,3472,tr,Q6A3B7,Q6A3B7_VIPAP,phospholipase A2,Vipera aspis aspis,194601,2,Phospholipase_A2(PLA2),train,2
3473,3473,tr,Q6A3C2,Q6A3C2_VIPUR,phospholipase A2,Vipera ursinii,103942,2,Phospholipase_A2(PLA2),train,2
3474,3474,tr,Q6A3D1,Q6A3D1_VIPAP,phospholipase A2,Vipera aspis aspis,194601,2,Phospholipase_A2(PLA2),train,2
3475,3475,tr,Q6A3D6,Q6A3D6_VIPAP,phospholipase A2,Vipera aspis aspis,194601,2,Phospholipase_A2(PLA2),train,2
3476,3476,tr,Q6A3E7,Q6A3E7_VIPBB,phospholipase A2,Vipera berus berus,31156,2,Phospholipase_A2(PLA2),train,2
3477,3477,tr,Q6A3F0,Q6A3F0_VIPAP,phospholipase A2,Vipera aspis aspis,194601,2,Phospholipase_A2(PLA2),train,2
3478,3478,tr,Q6A3F4,Q6A3F4_VIPAP,phospholipase A2,Vipera aspis aspis,194601,2,Phospholipase_A2(PLA2),train,2
3479,3479,tr,Q6A3H2,Q6A3H2_VIPAS,phospholipase A2,Vipera aspis atra,246182,2,Phospholipase_A2(PLA2),train,2
3480,3480,tr,Q6A3H4,Q6A3H4_VIPAS,phospholipase A2,Vipera aspis atra,246182,2,Phospholipase_A2(PLA2),train,2
3481,3481,tr,Q6A3H5,Q6A3H5_VIPAS,phospholipase A2,Vipera aspis atra,246182,2,Phospholipase_A2(PLA2),train,2
3482,3482,tr,Q6A3I1,Q6A3I1_VIPAP,phospholipase A2,Vipera aspis aspis,194601,2,Phospholipase_A2(PLA2),train,2
3483,3483,tr,Q6A3J4,Q6A3J4_VIPBB,phospholipase A2,Vipera berus berus,31156,2,Phospholipase_A2(PLA2),train,2
3484,3484,tr,Q6A3L0,Q6A3L0_VIPAP,phospholipase A2,Vipera aspis aspis,194601,2,Phospholipase_A2(PLA2),test,2
3485,3485,tr,Q6A3L1,Q6A3L1_VIPAP,phospholipase A2,Vipera aspis aspis,194601,2,Phospholipase_A2(PLA2),train,2
3486,3486,tr,Q6A3M5,Q6A3M5_VIPAP,phospholipase A2,Vipera aspis aspis,194601,2,Phospholipase_A2(PLA2),train,2
3487,3487,tr,Q6YCN9,Q6YCN9_VIPAP,phospholipase A2,Vipera aspis aspis,194601,2,Phospholipase_A2(PLA2),train,2
3488,3488,tr,Q7T1D4,Q7T1D4_VIPAP,phospholipase A2,Vipera aspis aspis,194601,2,Phospholipase_A2(PLA2),val,2
3489,3489,tr,D9N4B8,D9N4B8_PROEL,Phospholipase A2 inhibitor,Protobothrops elegans,88086,2,Phospholipase_A2(PLA2),test,2
3490,3490,tr,D9N4B5,D9N4B5_PROEL,Phospholipase A2 inhibitor,Protobothrops elegans,88086,2,Phospholipase_A2(PLA2),train,2
3491,3491,tr,D9N4B6,D9N4B6_PROEL,Phospholipase A2 inhibitor,Protobothrops elegans,88086,2,Phospholipase_A2(PLA2),train,2
3492,3492,tr,D9N4B7,D9N4B7_PROEL,Phospholipase A2 inhibitor,Protobothrops elegans,88086,2,Phospholipase_A2(PLA2),train,2
3493,3493,tr,D9N4B9,D9N4B9_PROEL,Phospholipase A2 inhibitor,Protobothrops elegans,88086,2,Phospholipase_A2(PLA2),train,2
3494,3494,tr,A0A0F7YYV2,A0A0F7YYV2_MICFL,phospholipase A2,Micrurus fulvius,8637,2,Phospholipase_A2(PLA2),train,2
3495,3495,tr,A0A0F7YYV8,A0A0F7YYV8_MICFL,phospholipase A2,Micrurus fulvius,8637,2,Phospholipase_A2(PLA2),test,2
3496,3496,tr,A0A0F7YYW1,A0A0F7YYW1_MICFL,phospholipase A2,Micrurus fulvius,8637,2,Phospholipase_A2(PLA2),train,2
3497,3497,tr,A0A0F7YYZ6,A0A0F7YYZ6_MICFL,phospholipase A2,Micrurus fulvius,8637,2,Phospholipase_A2(PLA2),train,2
3498,3498,tr,A0A0F7YZJ3,A0A0F7YZJ3_MICFL,phospholipase A2,Micrurus fulvius,8637,2,Phospholipase_A2(PLA2),train,2
3499,3499,tr,A0A0F7YZK1,A0A0F7YZK1_MICFL,phospholipase A2,Micrurus fulvius,8637,2,Phospholipase_A2(PLA2),train,2
3500,3500,tr,A0A0F7YZL3,A0A0F7YZL3_MICFL,phospholipase A2,Micrurus fulvius,8637,2,Phospholipase_A2(PLA2),train,2
3501,3501,tr,A0A0F7YZM0,A0A0F7YZM0_MICFL,phospholipase A2,Micrurus fulvius,8637,2,Phospholipase_A2(PLA2),val,2
3502,3502,tr,A0A0F7YZT8,A0A0F7YZT8_MICFL,phospholipase A2,Micrurus fulvius,8637,2,Phospholipase_A2(PLA2),train,2
3503,3503,tr,A0A0F7Z3J9,A0A0F7Z3J9_MICFL,phospholipase A2,Micrurus fulvius,8637,2,Phospholipase_A2(PLA2),train,2
3504,3504,tr,A0A0F7Z3K3,A0A0F7Z3K3_MICFL,phospholipase A2,Micrurus fulvius,8637,2,Phospholipase_A2(PLA2),train,2
3505,3505,tr,A0A0F7Z3L5,A0A0F7Z3L5_MICFL,phospholipase A2,Micrurus fulvius,8637,2,Phospholipase_A2(PLA2),train,2
3506,3506,tr,A0A0F7YYV3,A0A0F7YYV3_MICFL,phospholipase A2,Micrurus fulvius,8637,2,Phospholipase_A2(PLA2),train,2
3507,3507,tr,A0A0F7YYY8,A0A0F7YYY8_MICFL,phospholipase A2,Micrurus fulvius,8637,2,Phospholipase_A2(PLA2),train,2
3508,3508,tr,A0A0F7YZS1,A0A0F7YZS1_MICFL,phospholipase A2,Micrurus fulvius,8637,2,Phospholipase_A2(PLA2),test,2
3509,3509,tr,A0A0F7Z3K6,A0A0F7Z3K6_MICFL,phospholipase A2,Micrurus fulvius,8637,2,Phospholipase_A2(PLA2),train,2
3510,3510,tr,A0A0F7YYX8,A0A0F7YYX8_MICFL,phospholipase A2,Micrurus fulvius,8637,2,Phospholipase_A2(PLA2),train,2
3511,3511,tr,A0A0F7YYY0,A0A0F7YYY0_MICFL,phospholipase A2,Micrurus fulvius,8637,2,Phospholipase_A2(PLA2),train,2
3512,3512,tr,A0A0F7YZK4,A0A0F7YZK4_MICFL,phospholipase A2,Micrurus fulvius,8637,2,Phospholipase_A2(PLA2),train,2
3513,3513,tr,A0A0F7YZR5,A0A0F7YZR5_MICFL,phospholipase A2,Micrurus fulvius,8637,2,Phospholipase_A2(PLA2),train,2
3514,3514,tr,A0A0F7YZR9,A0A0F7YZR9_MICFL,phospholipase A2,Micrurus fulvius,8637,2,Phospholipase_A2(PLA2),train,2
3515,3515,tr,A0A0F7Z3M1,A0A0F7Z3M1_MICFL,phospholipase A2,Micrurus fulvius,8637,2,Phospholipase_A2(PLA2),val,2
3516,3516,tr,A0A0F7YYZ0,A0A0F7YYZ0_MICFL,phospholipase A2,Micrurus fulvius,8637,2,Phospholipase_A2(PLA2),train,2
3517,3517,tr,A0A0F7Z3L1,A0A0F7Z3L1_MICFL,phospholipase A2,Micrurus fulvius,8637,2,Phospholipase_A2(PLA2),test,2
3518,3518,tr,A0A0F7Z3L8,A0A0F7Z3L8_MICFL,phospholipase A2,Micrurus fulvius,8637,2,Phospholipase_A2(PLA2),train,2
3519,3519,tr,A0A0F7YZK7,A0A0F7YZK7_MICFL,phospholipase A2,Micrurus fulvius,8637,2,Phospholipase_A2(PLA2),train,2
3520,3520,tr,A0A346CI91,A0A346CI91_SPISL,Phospholipase B-like (Fragment),Spilotes sulphureus,1899469,2,Phospholipase_A2(PLA2),test,2
3521,3521,tr,A0A0H3U1V7,A0A0H3U1V7_9SAUR,Phospholipase A2,Trimeresurus sabahi,342872,3,Phospholipase_A2(PLA2),val,2
3522,3522,tr,A0A0H3U1W7,A0A0H3U1W7_9SAUR,Phospholipase A2,Trimeresurus cardamomensis,1457320,3,Phospholipase_A2(PLA2),train,2
3523,3523,tr,A0A0H3U1X1,A0A0H3U1X1_9SAUR,Phospholipase A2,Trimeresurus popeiorum,109786,3,Phospholipase_A2(PLA2),train,2
3524,3524,tr,A0A0H3U1Y0,A0A0H3U1Y0_GLOBR,Phospholipase A2,Gloydius brevicauda,3148161,3,Phospholipase_A2(PLA2),train,2
3525,3525,tr,A0A0H3U1Y3,A0A0H3U1Y3_9SAUR,Phospholipase A2,Ovophis tonkinensis,1027823,3,Phospholipase_A2(PLA2),val,2
3526,3526,tr,A0A0H3U1Y6,A0A0H3U1Y6_9SAUR,Phospholipase A2,Trimeresurus cardamomensis,1457320,3,Phospholipase_A2(PLA2),train,2
3527,3527,tr,A0A0H3U201,A0A0H3U201_GLOBR,Phospholipase A2,Gloydius brevicauda,3148161,3,Phospholipase_A2(PLA2),train,2
3528,3528,tr,A0A0H3U232,A0A0H3U232_9SAUR,Phospholipase A2,Trimeresurus sabahi,342872,3,Phospholipase_A2(PLA2),train,2
3529,3529,tr,A0A0H3U248,A0A0H3U248_9SAUR,Phospholipase A2,Trimeresurus cardamomensis,1457320,3,Phospholipase_A2(PLA2),train,2
3530,3530,tr,A0A0H3U264,A0A0H3U264_TRIAB,Phospholipase A2,Trimeresurus albolabris,8765,3,Phospholipase_A2(PLA2),train,2
3531,3531,tr,A0A0H3U270,A0A0H3U270_9SAUR,Phospholipase A2,Trimeresurus erythrurus,109779,3,Phospholipase_A2(PLA2),train,2
3532,3532,tr,A0A0H3U281,A0A0H3U281_TRIAB,Phospholipase A2,Trimeresurus albolabris,8765,3,Phospholipase_A2(PLA2),train,2
3533,3533,tr,A0A0H3U1V2,A0A0H3U1V2_TRIAB,Phospholipase A2,Trimeresurus albolabris,8765,3,Phospholipase_A2(PLA2),train,2
3534,3534,tr,A0A0H3U1V4,A0A0H3U1V4_9SAUR,Phospholipase A2,Ovophis makazayazaya,699371,3,Phospholipase_A2(PLA2),train,2
3535,3535,tr,A0A0H3U1V8,A0A0H3U1V8_PROMB,Phospholipase A2,Protobothrops mangshanensis,242058,3,Phospholipase_A2(PLA2),train,2
3536,3536,tr,A0A0H3U1W0,A0A0H3U1W0_GLOBR,Phospholipase A2,Gloydius brevicauda,3148161,3,Phospholipase_A2(PLA2),train,2
3537,3537,tr,A0A0H3U1W6,A0A0H3U1W6_9SAUR,Phospholipase A2,Trimeresurus cardamomensis,1457320,3,Phospholipase_A2(PLA2),train,2
3538,3538,tr,A0A0H3U1X3,A0A0H3U1X3_9SAUR,Phospholipase A2,Trimeresurus venustus,232281,3,Phospholipase_A2(PLA2),test,2
3539,3539,tr,A0A0H3U1X5,A0A0H3U1X5_TRIHG,Phospholipase A2,Trimeresurus hageni,109782,3,Phospholipase_A2(PLA2),train,2
3540,3540,tr,A0A0H3U1X7,A0A0H3U1X7_9SAUR,Phospholipase A2,Trimeresurus malcolmi,243557,3,Phospholipase_A2(PLA2),train,2
3541,3541,tr,A0A0H3U1Y1,A0A0H3U1Y1_OVOOK,Phospholipase A2,Ovophis okinavensis,8769,3,Phospholipase_A2(PLA2),train,2
3542,3542,tr,A0A0H3U1Z5,A0A0H3U1Z5_TRIAB,Phospholipase A2,Trimeresurus albolabris,8765,3,Phospholipase_A2(PLA2),train,2
3543,3543,tr,A0A0H3U1Z6,A0A0H3U1Z6_TRIHG,Phospholipase A2,Trimeresurus hageni,109782,3,Phospholipase_A2(PLA2),train,2
3544,3544,tr,A0A0H3U1Z7,A0A0H3U1Z7_TRIHG,Phospholipase A2,Trimeresurus hageni,109782,3,Phospholipase_A2(PLA2),train,2
3545,3545,tr,A0A0H3U1Z9,A0A0H3U1Z9_PROMB,Phospholipase A2,Protobothrops mangshanensis,242058,3,Phospholipase_A2(PLA2),train,2
3546,3546,tr,A0A0H3U200,A0A0H3U200_9SAUR,Phospholipase A2,Ovophis makazayazaya,699371,3,Phospholipase_A2(PLA2),train,2
3547,3547,tr,A0A0H3U208,A0A0H3U208_9SAUR,Phospholipase A2,Ovophis convictus,1027826,3,Phospholipase_A2(PLA2),val,2
3548,3548,tr,A0A0H3U277,A0A0H3U277_OVOOK,Phospholipase A2,Ovophis okinavensis,8769,3,Phospholipase_A2(PLA2),train,2
3549,3549,tr,A0A0H3U286,A0A0H3U286_9SAUR,Phospholipase A2,Trimeresurus cardamomensis,1457320,3,Phospholipase_A2(PLA2),train,2
3550,3550,tr,A0A0H3U1V1,A0A0H3U1V1_9SAUR,Phospholipase A2,Trimeresurus popeiorum,109786,3,Phospholipase_A2(PLA2),train,2
3551,3551,tr,A0A0H3U1Y5,A0A0H3U1Y5_9SAUR,Phospholipase A2,Ovophis makazayazaya,699371,3,Phospholipase_A2(PLA2),train,2
3552,3552,tr,A0A0H3U206,A0A0H3U206_TRIAB,Phospholipase A2,Trimeresurus albolabris,8765,3,Phospholipase_A2(PLA2),train,2
3553,3553,tr,A0A0H3U246,A0A0H3U246_9SAUR,Phospholipase A2,Ovophis makazayazaya,699371,3,Phospholipase_A2(PLA2),train,2
3554,3554,tr,A0A0H3U271,A0A0H3U271_PROMB,Phospholipase A2,Protobothrops mangshanensis,242058,3,Phospholipase_A2(PLA2),train,2
3555,3555,tr,A0A0H3U273,A0A0H3U273_9SAUR,Phospholipase A2,Trimeresurus gumprechti,240363,3,Phospholipase_A2(PLA2),train,2
3556,3556,tr,A0A0H3U275,A0A0H3U275_OVOOK,Phospholipase A2,Ovophis okinavensis,8769,3,Phospholipase_A2(PLA2),train,2
3557,3557,tr,A0A0H3U284,A0A0H3U284_9SAUR,Phospholipase A2,Ovophis makazayazaya,699371,3,Phospholipase_A2(PLA2),train,2
3558,3558,tr,A0A0H3U288,A0A0H3U288_9SAUR,Phospholipase A2,Trimeresurus cardamomensis,1457320,3,Phospholipase_A2(PLA2),train,2
3559,3559,tr,A0A0H3U1V3,A0A0H3U1V3_9SAUR,Phospholipase A2,Trimeresurus venustus,232281,3,Phospholipase_A2(PLA2),train,2
3560,3560,tr,A0A0H3U1V5,A0A0H3U1V5_CRABR,Phospholipase A2,Craspedocephalus borneensis,3147914,3,Phospholipase_A2(PLA2),train,2
3561,3561,tr,A0A0H3U1W5,A0A0H3U1W5_9SAUR,Phospholipase A2,Ovophis makazayazaya,699371,3,Phospholipase_A2(PLA2),train,2
3562,3562,tr,A0A0H3U1X6,A0A0H3U1X6_TRIHG,Phospholipase A2,Trimeresurus hageni,109782,3,Phospholipase_A2(PLA2),train,2
3563,3563,tr,A0A0H3U1Y4,A0A0H3U1Y4_9SAUR,Phospholipase A2,Ovophis convictus,1027826,3,Phospholipase_A2(PLA2),train,2
3564,3564,tr,A0A0H3U1Y7,A0A0H3U1Y7_9SAUR,Phospholipase A2,Trimeresurus cardamomensis,1457320,3,Phospholipase_A2(PLA2),train,2
3565,3565,tr,A0A0H3U1Z3,A0A0H3U1Z3_9SAUR,Phospholipase A2,Trimeresurus venustus,232281,3,Phospholipase_A2(PLA2),test,2
3566,3566,tr,A0A0H3U1Z8,A0A0H3U1Z8_9SAUR,Phospholipase A2,Trimeresurus sabahi,342872,3,Phospholipase_A2(PLA2),train,2
3567,3567,tr,A0A0H3U238,A0A0H3U238_9SAUR,Phospholipase A2,Trimeresurus sabahi,342872,3,Phospholipase_A2(PLA2),train,2
3568,3568,tr,A0A0H3U247,A0A0H3U247_9SAUR,Phospholipase A2,Trimeresurus cardamomensis,1457320,3,Phospholipase_A2(PLA2),val,2
3569,3569,tr,A0A0H3U268,A0A0H3U268_TRIHG,Phospholipase A2,Trimeresurus hageni,109782,3,Phospholipase_A2(PLA2),train,2
3570,3570,tr,A0A0H3U1V6,A0A0H3U1V6_TRIHG,Phospholipase A2,Trimeresurus hageni,109782,3,Phospholipase_A2(PLA2),train,2
3571,3571,tr,A0A0H3U1V9,A0A0H3U1V9_9SAUR,Phospholipase A2,Ovophis makazayazaya,699371,3,Phospholipase_A2(PLA2),train,2
3572,3572,tr,A0A0H3U1W1,A0A0H3U1W1_OVOOK,Phospholipase A2,Ovophis okinavensis,8769,3,Phospholipase_A2(PLA2),train,2
3573,3573,tr,A0A0H3U1W2,A0A0H3U1W2_OVOOK,Phospholipase A2,Ovophis okinavensis,8769,3,Phospholipase_A2(PLA2),train,2
3574,3574,tr,A0A0H3U1W3,A0A0H3U1W3_9SAUR,Phospholipase A2,Ovophis makazayazaya,699371,3,Phospholipase_A2(PLA2),train,2
3575,3575,tr,A0A0H3U1W4,A0A0H3U1W4_TRIAB,Phospholipase A2,Trimeresurus albolabris,8765,3,Phospholipase_A2(PLA2),train,2
3576,3576,tr,A0A0H3U1X2,A0A0H3U1X2_TRIAB,Phospholipase A2,Trimeresurus albolabris,8765,3,Phospholipase_A2(PLA2),train,2
3577,3577,tr,A0A0H3U1X8,A0A0H3U1X8_PROMB,Phospholipase A2,Protobothrops mangshanensis,242058,3,Phospholipase_A2(PLA2),train,2
3578,3578,tr,A0A0H3U1X9,A0A0H3U1X9_9SAUR,Phospholipase A2,Ovophis makazayazaya,699371,3,Phospholipase_A2(PLA2),train,2
3579,3579,tr,A0A0H3U204,A0A0H3U204_OVOMO,Phospholipase A2,Ovophis monticola,103941,3,Phospholipase_A2(PLA2),train,2
3580,3580,tr,A0A0H3U209,A0A0H3U209_9SAUR,Phospholipase A2,Ovophis makazayazaya,699371,3,Phospholipase_A2(PLA2),train,2
3581,3581,tr,A0A0H3U234,A0A0H3U234_9SAUR,Phospholipase A2,Trimeresurus venustus,232281,3,Phospholipase_A2(PLA2),train,2
3582,3582,tr,A0A0H3U239,A0A0H3U239_9SAUR,Phospholipase A2,Trimeresurus erythrurus,109779,3,Phospholipase_A2(PLA2),train,2
3583,3583,tr,A0A0H3U240,A0A0H3U240_PROMB,Phospholipase A2,Protobothrops mangshanensis,242058,3,Phospholipase_A2(PLA2),test,2
3584,3584,tr,A0A0H3U241,A0A0H3U241_GLOBR,Phospholipase A2,Gloydius brevicauda,3148161,3,Phospholipase_A2(PLA2),train,2
3585,3585,tr,A0A0H3U242,A0A0H3U242_OVOOK,Phospholipase A2,Ovophis okinavensis,8769,3,Phospholipase_A2(PLA2),val,2
3586,3586,tr,A0A0H3U243,A0A0H3U243_OVOOK,Phospholipase A2,Ovophis okinavensis,8769,3,Phospholipase_A2(PLA2),train,2
3587,3587,tr,A0A0H3U244,A0A0H3U244_9SAUR,Phospholipase A2,Ovophis makazayazaya,699371,3,Phospholipase_A2(PLA2),train,2
3588,3588,tr,A0A0H3U245,A0A0H3U245_TRIAB,Phospholipase A2,Trimeresurus albolabris,8765,3,Phospholipase_A2(PLA2),train,2
3589,3589,tr,A0A0H3U265,A0A0H3U265_9SAUR,Phospholipase A2,Trimeresurus venustus,232281,3,Phospholipase_A2(PLA2),val,2
3590,3590,tr,A0A0H3U266,A0A0H3U266_CALRH,Phospholipase A2,Calloselasma rhodostoma,8717,3,Phospholipase_A2(PLA2),train,2
3591,3591,tr,A0A0H3U267,A0A0H3U267_TRIAB,Phospholipase A2,Trimeresurus albolabris,8765,3,Phospholipase_A2(PLA2),train,2
3592,3592,tr,A0A0H3U279,A0A0H3U279_9SAUR,Phospholipase A2,Ovophis makazayazaya,699371,3,Phospholipase_A2(PLA2),val,2
3593,3593,tr,A0A411EZZ3,A0A411EZZ3_CROAD,Phospholipase A2 (Fragment),Crotalus adamanteus,8729,2,Phospholipase_A2(PLA2),train,2
3594,3594,tr,A0A411EZZ4,A0A411EZZ4_CROAT,Phospholipase A2 (Fragment),Crotalus atrox,8730,2,Phospholipase_A2(PLA2),train,2
3595,3595,tr,A0A411F000,A0A411F000_CROAD,Phospholipase A2 (Fragment),Crotalus adamanteus,8729,2,Phospholipase_A2(PLA2),train,2
3596,3596,tr,A0A411F012,A0A411F012_CROAD,Phospholipase A2 (Fragment),Crotalus adamanteus,8729,2,Phospholipase_A2(PLA2),train,2
3597,3597,tr,A0A0F7Z7A2,A0A0F7Z7A2_CROAD,Phospholipase A2 1d,Crotalus adamanteus,8729,2,Phospholipase_A2(PLA2),train,2
3598,3598,tr,A0A0F7YZM3,A0A0F7YZM3_MICFL,phospholipase A2,Micrurus fulvius,8637,2,Phospholipase_A2(PLA2),train,2
3599,3599,tr,A0A0F7Z2R2,A0A0F7Z2R2_CROAD,Sphingomyelin phosphodiesterase 2,Crotalus adamanteus,8729,2,Phospholipase_A2(PLA2),train,2
3600,3600,tr,A0AAW1AZ73,A0AAW1AZ73_CROAD,Phospholipase A2 inhibitor N-terminal domain-containing protein,Crotalus adamanteus,8729,3,Phospholipase_A2(PLA2),train,2
3601,3601,tr,A0A0B8RX00,A0A0B8RX00_9SAUR,Sphingomyelin phosphodiesterase 2,Philothamnus irregularis,1899461,3,Phospholipase_A2(PLA2),train,2
3602,3602,tr,A0AAW1BQZ2,A0AAW1BQZ2_CROAD,Sphingomyelin phosphodiesterase 2,Crotalus adamanteus,8729,3,Phospholipase_A2(PLA2),train,2
3603,3603,tr,U3FA79,U3FA79_MICFL,Phospholipase B-like,Micrurus fulvius,8637,2,Phospholipase_A2(PLA2),val,2
3604,3604,tr,Q6TAR5,Q6TAR5_BUNCA,phospholipase A2 (Fragment),Bungarus candidus,92438,3,Phospholipase_A2(PLA2),val,2
3605,3605,tr,J3S9A2,J3S9A2_CROAD,Phosphoinositide phospholipase C,Crotalus adamanteus,8729,2,Phospholipase_A2(PLA2),train,2
3606,3606,tr,Q6YCN8,Q6YCN8_VIPAS,phospholipase A2,Vipera aspis,8706,3,Phospholipase_A2(PLA2),train,2
3607,3607,tr,Q6YC90,Q6YC90_VIPAS,phospholipase A2,Vipera aspis,8706,3,Phospholipase_A2(PLA2),train,2
3608,3608,tr,Q7T1D3,Q7T1D3_VIPAS,phospholipase A2,Vipera aspis,8706,3,Phospholipase_A2(PLA2),train,2
3609,3609,tr,A0A077L6W2,A0A077L6W2_PROFL,Phospholipase A2 (Fragment),Protobothrops flavoviridis,88087,2,Phospholipase_A2(PLA2),train,2
3610,3610,tr,A0A077L7Z9,A0A077L7Z9_PROFL,Phospholipase A2,Protobothrops flavoviridis,88087,2,Phospholipase_A2(PLA2),train,2
3611,3611,tr,A0A077LD26,A0A077LD26_PROFL,Phospholipase A2 (Fragment),Protobothrops flavoviridis,88087,2,Phospholipase_A2(PLA2),train,2
3612,3612,tr,A0A077L7E7,A0A077L7E7_PROEL,Phospholipase B-like,Protobothrops elegans,88086,2,Phospholipase_A2(PLA2),train,2
3613,3613,tr,A0A077L6K1,A0A077L6K1_PROEL,Phospholipase A2 2 (Fragment),Protobothrops elegans,88086,2,Phospholipase_A2(PLA2),test,2
3614,3614,tr,T2HPU3,T2HPU3_PROFL,phospholipase A2 (Fragment),Protobothrops flavoviridis,88087,2,Phospholipase_A2(PLA2),train,2
3615,3615,tr,A0A670YPF1,A0A670YPF1_PSETE,Phospholipase A2 receptor 1,Pseudonaja textilis,8673,3,Phospholipase_A2(PLA2),train,2
3616,3616,tr,V8P6Q3,V8P6Q3_OPHHA,Secretory phospholipase A2 receptor (Fragment),Ophiophagus hannah,8665,3,Phospholipase_A2(PLA2),train,2
3617,3617,tr,V8NWQ9,V8NWQ9_OPHHA,Peroxiredoxin-6 (Fragment),Ophiophagus hannah,8665,3,Phospholipase_A2(PLA2),val,2
3618,3618,tr,A0A194AQL5,A0A194AQL5_9SAUR,Phospholipase A2 1a,Agkistrodon piscivorus,8715,2,Phospholipase_A2(PLA2),train,2
3619,3619,tr,T1DLW3,T1DLW3_CROHD,Phospholipase B-like,Crotalus horridus,35024,2,Phospholipase_A2(PLA2),train,2
3620,3620,tr,T2HP68,T2HP68_PROFL,Phospholipase B-like,Protobothrops flavoviridis,88087,2,Phospholipase_A2(PLA2),val,2
3621,3621,tr,A0A194AR36,A0A194AR36_9SAUR,Phospholipase A2 9a,Micrurus tener,1114301,3,Phospholipase_A2(PLA2),train,2
3622,3622,tr,A0A194AQ47,A0A194AQ47_SISMB,Phospholipase A2 2a,Sistrurus miliarius barbouri,8759,2,Phospholipase_A2(PLA2),train,2
3623,3623,tr,Q7LZQ7,Q7LZQ7_VIPAS,phospholipase A2 (Fragment),Vipera aspis,8706,3,Phospholipase_A2(PLA2),train,2
3624,3624,tr,B2KNL8,B2KNL8_BUNFA,Phospholipase A2 BF-29,Bungarus fasciatus,8613,2,Phospholipase_A2(PLA2),train,2
3625,3625,tr,B0LSG1,B0LSG1_SISCA,Phospholipase A2,Sistrurus catenatus edwardsii,8762,2,Phospholipase_A2(PLA2),val,2
3626,3626,tr,A0A194AQJ1,A0A194AQJ1_9SAUR,Phospholipase A2 3a,Agkistrodon piscivorus,8715,2,Phospholipase_A2(PLA2),train,2
3627,3627,tr,A0AAW1B923,A0AAW1B923_CROAD,Phospholipase,Crotalus adamanteus,8729,3,Phospholipase_A2(PLA2),val,2
3628,3628,tr,A0A194AQK1,A0A194AQK1_9SAUR,Phospholipase A2 2a,Agkistrodon piscivorus,8715,2,Phospholipase_A2(PLA2),train,2
3629,3629,tr,A0A1W7RJX0,A0A1W7RJX0_AGKCO,Phospholipase A2 4,Agkistrodon contortrix contortrix,8713,2,Phospholipase_A2(PLA2),train,2
3630,3630,tr,A0A194AQ70,A0A194AQ70_AGKCO,Phospholipase A2 3a,Agkistrodon contortrix contortrix,8713,2,Phospholipase_A2(PLA2),train,2
3631,3631,tr,A0A194AQ80,A0A194AQ80_AGKCO,Phospholipase A2 1a,Agkistrodon contortrix contortrix,8713,2,Phospholipase_A2(PLA2),test,2
3632,3632,tr,A0A194ASX5,A0A194ASX5_SISMB,Phospholipase A2 3,Sistrurus miliarius barbouri,8759,2,Phospholipase_A2(PLA2),train,2
3633,3633,tr,A0A2D4I191,A0A2D4I191_MICLE,Phospholipase A2 (Fragment),Micrurus lemniscatus lemniscatus,129467,4,Phospholipase_A2(PLA2),train,2
3634,3634,tr,A0A2D4M2T9,A0A2D4M2T9_9SAUR,phospholipase A2 (Fragment),Micrurus spixii,129469,4,Phospholipase_A2(PLA2),test,2
3635,3635,tr,A0A2H6NFP9,A0A2H6NFP9_9SAUR,phospholipase A2 (Fragment),Micrurus carvalhoi,3147026,3,Phospholipase_A2(PLA2),train,2
3636,3636,tr,A0A2D4JID8,A0A2D4JID8_MICLE,phospholipase A2 (Fragment),Micrurus lemniscatus lemniscatus,129467,3,Phospholipase_A2(PLA2),train,2
3637,3637,tr,A0A2D4M9N8,A0A2D4M9N8_9SAUR,Phospholipase A2,Micrurus spixii,129469,4,Phospholipase_A2(PLA2),train,2
3638,3638,tr,A0A1W7RB94,A0A1W7RB94_CROAD,Phospholipase B-like,Crotalus adamanteus,8729,3,Phospholipase_A2(PLA2),train,2
3639,3639,tr,A0A0D3S0Q5,A0A0D3S0Q5_ATHNI,Phospholipase A2,Atheris nitschei,110224,2,Phospholipase_A2(PLA2),train,2
3640,3640,tr,Q6A3F6,Q6A3F6_VIPAP,phospholipase A2,Vipera aspis aspis,194601,2,Phospholipase_A2(PLA2),train,2
3641,3641,tr,Q75XS8,Q75XS8_LATSE,Phospholipase A2 (Fragment),Laticauda semifasciata,8631,2,Phospholipase_A2(PLA2),train,2
3642,3642,tr,A0A0D3S0M2,A0A0D3S0M2_ATHSQ,Phospholipase A2,Atheris squamigera,110225,2,Phospholipase_A2(PLA2),train,2
3643,3643,tr,Q6A3D8,Q6A3D8_VIPAP,phospholipase A2,Vipera aspis aspis,194601,2,Phospholipase_A2(PLA2),val,2
3644,3644,tr,A0A0K8RXH2,A0A0K8RXH2_CROHD,Phospholipase A2,Crotalus horridus,35024,4,Phospholipase_A2(PLA2),train,2
3645,3645,tr,M1TFP9,M1TFP9_BOTNU,Phospholipase A2,Bothrops neuwiedi,95648,2,Phospholipase_A2(PLA2),train,2
3646,3646,tr,T2HPB8,T2HPB8_PROFL,Phospholipase a2 (Fragment),Protobothrops flavoviridis,88087,2,Phospholipase_A2(PLA2),train,2
3647,3647,tr,U3TDC9,U3TDC9_PROFL,Phospholipase a2,Protobothrops flavoviridis,88087,2,Phospholipase_A2(PLA2),train,2
3648,3648,tr,U3T7B0,U3T7B0_OVOOK,Phospholipase_a2 (Fragment),Ovophis okinavensis,8769,2,Phospholipase_A2(PLA2),train,2
3649,3649,tr,A0A223PK36,A0A223PK36_DABRR,phospholipase A2 (Fragment),Daboia russelii,8707,2,Phospholipase_A2(PLA2),train,2
3650,3650,tr,A0A223PK37,A0A223PK37_DABRR,phospholipase A2 (Fragment),Daboia russelii,8707,2,Phospholipase_A2(PLA2),train,2
3651,3651,tr,A0A223PK45,A0A223PK45_DABRR,phospholipase A2 (Fragment),Daboia russelii,8707,2,Phospholipase_A2(PLA2),train,2
3652,3652,tr,A0AAW1C602,A0AAW1C602_CROAD,Phospholipase A2,Crotalus adamanteus,8729,4,Phospholipase_A2(PLA2),train,2
3653,3653,tr,A0AAW1C7R2,A0AAW1C7R2_CROAD,Phospholipase A2,Crotalus adamanteus,8729,4,Phospholipase_A2(PLA2),test,2
3654,3654,tr,A0AAW1BRD3,A0AAW1BRD3_CROAD,Phospholipase A2,Crotalus adamanteus,8729,4,Phospholipase_A2(PLA2),train,2
3655,3655,tr,F1SZV7,F1SZV7_PROFL,Phospholipase A2,Protobothrops flavoviridis,88087,3,Phospholipase_A2(PLA2),val,2
3656,3656,tr,A0A0B8RV84,A0A0B8RV84_9SAUR,Phospholipase A2,Philothamnus irregularis,1899461,2,Phospholipase_A2(PLA2),val,2
3657,3657,tr,T2HPH7,T2HPH7_OVOOK,Phospholipase a2,Ovophis okinavensis,8769,2,Phospholipase_A2(PLA2),train,2
3658,3658,tr,A0AAW1BDR8,A0AAW1BDR8_CROAD,phospholipase A2,Crotalus adamanteus,8729,4,Phospholipase_A2(PLA2),train,2
3659,3659,tr,A0A223PK47,A0A223PK47_DABRR,Phospholipase A2 (Fragment),Daboia russelii,8707,2,Phospholipase_A2(PLA2),train,2
3660,3660,tr,A0AAW1BIS7,A0AAW1BIS7_CROAD,phospholipase D,Crotalus adamanteus,8729,3,Phospholipase_A2(PLA2),train,2
3661,3661,tr,D3IVZ4,D3IVZ4_LACMT,Phospholipase A2,Lachesis muta,8752,2,Phospholipase_A2(PLA2),train,2
3662,3662,tr,A0AAW1APM9,A0AAW1APM9_CROAD,phospholipase A2,Crotalus adamanteus,8729,4,Phospholipase_A2(PLA2),train,2
3663,3663,tr,A0AAW1C6T0,A0AAW1C6T0_CROAD,Phospholipase A2,Crotalus adamanteus,8729,4,Phospholipase_A2(PLA2),train,2
3664,3664,tr,A0AAW1CDS9,A0AAW1CDS9_CROAD,phospholipase A2,Crotalus adamanteus,8729,4,Phospholipase_A2(PLA2),train,2
3665,3665,tr,H8PG84,H8PG84_9SAUR,Phospholipase A2 isoform 3,Suta nigriceps,687874,2,Phospholipase_A2(PLA2),test,2
3666,3666,tr,H8PG87,H8PG87_9SAUR,Phospholipase A2 isoform 6,Suta nigriceps,687874,2,Phospholipase_A2(PLA2),train,2
3667,3667,tr,I0BWR7,I0BWR7_DISTY,Phospholipase A2 type IIE,Dispholidus typus,46295,2,Phospholipase_A2(PLA2),train,2
3668,3668,tr,I0BWR8,I0BWR8_DISTY,Phospholipase A2 type IIE,Dispholidus typus,46295,2,Phospholipase_A2(PLA2),train,2
3669,3669,tr,H8PG83,H8PG83_9SAUR,Phospholipase A2 isoform 2,Suta nigriceps,687874,2,Phospholipase_A2(PLA2),val,2
3670,3670,tr,H8PG86,H8PG86_9SAUR,Phospholipase A2 isoform 5,Suta nigriceps,687874,2,Phospholipase_A2(PLA2),train,2
3671,3671,tr,I0BWR9,I0BWR9_LEIMD,Phospholipase A2 type IIE,Leioheterodon madagascariensis,46577,2,Phospholipase_A2(PLA2),train,2
3672,3672,tr,I0BWS0,I0BWS0_LEIMD,Phospholipase A2 type IIE,Leioheterodon madagascariensis,46577,2,Phospholipase_A2(PLA2),train,2
3673,3673,tr,H8PG82,H8PG82_9SAUR,Phospholipase A2 isoform 1,Suta nigriceps,687874,2,Phospholipase_A2(PLA2),train,2
3674,3674,tr,I0BWS1,I0BWS1_LEIMD,Phospholipase A2 type IIE,Leioheterodon madagascariensis,46577,2,Phospholipase_A2(PLA2),train,2
3675,3675,tr,H8PG85,H8PG85_9SAUR,Phospholipase A2 isoform 4,Suta nigriceps,687874,2,Phospholipase_A2(PLA2),train,2
3676,3676,tr,A0A2I7NAF3,A0A2I7NAF3_CROSS,Phospholipase A2 group IIG A2 Mojave toxin A-subunit (Fragment),Crotalus scutulatus scutulatus,8738,4,Phospholipase_A2(PLA2),train,2
3677,3677,tr,H8PG88,H8PG88_9SAUR,Phospholipase A2 isoform 7,Suta nigriceps,687874,2,Phospholipase_A2(PLA2),train,2
3678,3678,tr,V8NAX4,V8NAX4_OPHHA,phospholipase D (Fragment),Ophiophagus hannah,8665,4,Phospholipase_A2(PLA2),train,2
3679,3679,tr,V8NXU8,V8NXU8_OPHHA,Phospholipase A2 (Fragment),Ophiophagus hannah,8665,4,Phospholipase_A2(PLA2),train,2
3680,3680,tr,V8P098,V8P098_OPHHA,Phospholipase DDHD2 (Fragment),Ophiophagus hannah,8665,3,Phospholipase_A2(PLA2),val,2
3681,3681,tr,V8N3R5,V8N3R5_OPHHA,phospholipase A2 (Fragment),Ophiophagus hannah,8665,4,Phospholipase_A2(PLA2),train,2
3682,3682,tr,V8NR21,V8NR21_OPHHA,Phospholipase A2,Ophiophagus hannah,8665,4,Phospholipase_A2(PLA2),train,2
3683,3683,tr,V8NEH4,V8NEH4_OPHHA,Phospholipase A2 (Fragment),Ophiophagus hannah,8665,4,Phospholipase_A2(PLA2),train,2
3684,3684,tr,V8NHI8,V8NHI8_OPHHA,Phospholipase A2 (Fragment),Ophiophagus hannah,8665,4,Phospholipase_A2(PLA2),train,2
3685,3685,tr,V8PAX8,V8PAX8_OPHHA,phospholipase A2 (Fragment),Ophiophagus hannah,8665,4,Phospholipase_A2(PLA2),train,2
3686,3686,tr,Q9PTC1,Q9PTC1_OXYSU,Phospholipase A2 inhibitor,Oxyuranus scutellatus,8668,2,Phospholipase_A2(PLA2),test,2
3687,3687,tr,Q9PU35,Q9PU35_9SAUR,Phospholipase A2 inhibitor,Notechis scutatus,8663,2,Phospholipase_A2(PLA2),train,2
3688,3688,tr,V8N6U5,V8N6U5_OPHHA,phospholipase D (Fragment),Ophiophagus hannah,8665,4,Phospholipase_A2(PLA2),train,2
3689,3689,tr,V8N729,V8N729_OPHHA,Phospholipase A2 (Fragment),Ophiophagus hannah,8665,4,Phospholipase_A2(PLA2),test,2
3690,3690,tr,V8N960,V8N960_OPHHA,Phospholipase A2 (Fragment),Ophiophagus hannah,8665,4,Phospholipase_A2(PLA2),train,2
3691,3691,tr,V8NT45,V8NT45_OPHHA,phospholipase D (Fragment),Ophiophagus hannah,8665,4,Phospholipase_A2(PLA2),train,2
3692,3692,tr,Q9PU33,Q9PU33_9SAUR,Phospholipase A2 inhibitor,Notechis scutatus,8663,2,Phospholipase_A2(PLA2),train,2
3693,3693,tr,A0A670Z2I0,A0A670Z2I0_PSETE,Phospholipase A2 inhibitor,Pseudonaja textilis,8673,3,Phospholipase_A2(PLA2),train,2
3694,3694,tr,A8I4L6,A8I4L6_BOTJA,Phospholipase A2 inhibitor,Bothrops jararaca,8724,2,Phospholipase_A2(PLA2),train,2
3695,3695,tr,Q78CF8,Q78CF8_OXYSU,Phospholipase A2 inhibitor,Oxyuranus scutellatus,8668,2,Phospholipase_A2(PLA2),train,2
3696,3696,tr,T1DJN7,T1DJN7_CROHD,5'-3' exonuclease PLD3,Crotalus horridus,35024,2,Phospholipase_A2(PLA2),train,2
3697,3697,tr,Q5DND9,Q5DND9_9SAUR,Phospholipase A2 isozyme,Aipysurus eydouxii,274825,2,Phospholipase_A2(PLA2),train,2
3698,3698,tr,A0AAW1ATU2,A0AAW1ATU2_CROAD,Mitochondrial cardiolipin hydrolase,Crotalus adamanteus,8729,3,Phospholipase_A2(PLA2),train,2
3699,3699,tr,A0A2D4EPW8,A0A2D4EPW8_MICCO,Phosphoinositide phospholipase C,Micrurus corallinus,54390,4,Phospholipase_A2(PLA2),val,2
3700,3700,tr,A0A2D4IIS0,A0A2D4IIS0_MICLE,phosphoinositide phospholipase C (Fragment),Micrurus lemniscatus lemniscatus,129467,4,Phospholipase_A2(PLA2),test,2
3701,3701,tr,A0A2D4IN32,A0A2D4IN32_MICLE,Phosphoinositide phospholipase C (Fragment),Micrurus lemniscatus lemniscatus,129467,4,Phospholipase_A2(PLA2),test,2
3702,3702,tr,A0A2D4IU58,A0A2D4IU58_MICLE,Phosphoinositide phospholipase C,Micrurus lemniscatus lemniscatus,129467,4,Phospholipase_A2(PLA2),test,2
3703,3703,tr,A0A2D4J940,A0A2D4J940_MICLE,Phosphoinositide phospholipase C,Micrurus lemniscatus lemniscatus,129467,4,Phospholipase_A2(PLA2),train,2
3704,3704,tr,A0A2D4KIF5,A0A2D4KIF5_9SAUR,Phosphoinositide phospholipase C (Fragment),Micrurus paraensis,1970185,4,Phospholipase_A2(PLA2),train,2
3705,3705,tr,A0A2D4KUV7,A0A2D4KUV7_9SAUR,Phosphoinositide phospholipase C (Fragment),Micrurus paraensis,1970185,4,Phospholipase_A2(PLA2),test,2
3706,3706,tr,A0A2D4LLD5,A0A2D4LLD5_9SAUR,Phosphoinositide phospholipase C,Micrurus spixii,129469,4,Phospholipase_A2(PLA2),test,2
3707,3707,tr,A0A2D4MPD3,A0A2D4MPD3_9SAUR,Phosphoinositide phospholipase C (Fragment),Micrurus spixii,129469,4,Phospholipase_A2(PLA2),train,2
3708,3708,tr,A0A2D4MRG7,A0A2D4MRG7_9SAUR,Phosphoinositide phospholipase C,Micrurus spixii,129469,4,Phospholipase_A2(PLA2),train,2
3709,3709,tr,A0A2D4MVI9,A0A2D4MVI9_9SAUR,Phosphoinositide phospholipase C (Fragment),Micrurus spixii,129469,4,Phospholipase_A2(PLA2),train,2
3710,3710,tr,A0A2D4PCS5,A0A2D4PCS5_MICSU,Phospholipase B-like (Fragment),Micrurus surinamensis,129470,3,Phospholipase_A2(PLA2),train,2
3711,3711,tr,A0A2D4PQ55,A0A2D4PQ55_MICSU,Phosphoinositide phospholipase C (Fragment),Micrurus surinamensis,129470,4,Phospholipase_A2(PLA2),train,2
3712,3712,tr,A0A2D4Q0Q6,A0A2D4Q0Q6_MICSU,Phosphoinositide phospholipase C (Fragment),Micrurus surinamensis,129470,4,Phospholipase_A2(PLA2),train,2
3713,3713,tr,A0A2D4Q2K1,A0A2D4Q2K1_MICSU,Phosphoinositide phospholipase C (Fragment),Micrurus surinamensis,129470,4,Phospholipase_A2(PLA2),train,2
3714,3714,tr,A0A2H6MXC6,A0A2H6MXC6_9SAUR,Phosphoinositide phospholipase C (Fragment),Micrurus carvalhoi,3147026,4,Phospholipase_A2(PLA2),train,2
3715,3715,tr,A0A2H6N954,A0A2H6N954_9SAUR,Phospholipase B-like,Micrurus carvalhoi,3147026,3,Phospholipase_A2(PLA2),train,2
3716,3716,tr,A0A2D4EPU9,A0A2D4EPU9_MICCO,Phosphoinositide phospholipase C,Micrurus corallinus,54390,4,Phospholipase_A2(PLA2),val,2
3717,3717,tr,A0A2D4EPY3,A0A2D4EPY3_MICCO,Phosphoinositide phospholipase C (Fragment),Micrurus corallinus,54390,4,Phospholipase_A2(PLA2),train,2
3718,3718,tr,A0A2D4F5B2,A0A2D4F5B2_MICCO,phosphoinositide phospholipase C (Fragment),Micrurus corallinus,54390,4,Phospholipase_A2(PLA2),test,2
3719,3719,tr,A0A2D4HN84,A0A2D4HN84_MICLE,Phospholipase B-like,Micrurus lemniscatus lemniscatus,129467,3,Phospholipase_A2(PLA2),train,2
3720,3720,tr,A0A2D4IU70,A0A2D4IU70_MICLE,Phosphoinositide phospholipase C,Micrurus lemniscatus lemniscatus,129467,4,Phospholipase_A2(PLA2),train,2
3721,3721,tr,A0A2D4KS15,A0A2D4KS15_9SAUR,Phospholipase B-like,Micrurus paraensis,1970185,3,Phospholipase_A2(PLA2),train,2
3722,3722,tr,A0A2D4LLL9,A0A2D4LLL9_9SAUR,Phosphoinositide phospholipase C,Micrurus spixii,129469,4,Phospholipase_A2(PLA2),train,2
3723,3723,tr,A0A2D4MVG4,A0A2D4MVG4_9SAUR,Phosphoinositide phospholipase C (Fragment),Micrurus spixii,129469,4,Phospholipase_A2(PLA2),train,2
3724,3724,tr,A0A2D4NAL1,A0A2D4NAL1_9SAUR,Phosphoinositide phospholipase C (Fragment),Micrurus spixii,129469,4,Phospholipase_A2(PLA2),train,2
3725,3725,tr,A0A2D4EPV7,A0A2D4EPV7_MICCO,Phosphoinositide phospholipase C (Fragment),Micrurus corallinus,54390,4,Phospholipase_A2(PLA2),train,2
3726,3726,tr,A0A2D4F1B2,A0A2D4F1B2_MICCO,Phosphoinositide phospholipase C (Fragment),Micrurus corallinus,54390,4,Phospholipase_A2(PLA2),train,2
3727,3727,tr,A0A2D4F5C4,A0A2D4F5C4_MICCO,Phosphoinositide phospholipase C,Micrurus corallinus,54390,4,Phospholipase_A2(PLA2),train,2
3728,3728,tr,A0A2D4G1L8,A0A2D4G1L8_MICCO,Phosphoinositide phospholipase C (Fragment),Micrurus corallinus,54390,4,Phospholipase_A2(PLA2),train,2
3729,3729,tr,A0A2D4G2M7,A0A2D4G2M7_MICCO,Phosphoinositide phospholipase C (Fragment),Micrurus corallinus,54390,4,Phospholipase_A2(PLA2),train,2
3730,3730,tr,A0A2D4GE13,A0A2D4GE13_MICCO,Phosphoinositide phospholipase C (Fragment),Micrurus corallinus,54390,4,Phospholipase_A2(PLA2),train,2
3731,3731,tr,A0A2D4GE14,A0A2D4GE14_MICCO,Phosphoinositide phospholipase C (Fragment),Micrurus corallinus,54390,4,Phospholipase_A2(PLA2),train,2
3732,3732,tr,A0A2D4J990,A0A2D4J990_MICLE,Phosphoinositide phospholipase C,Micrurus lemniscatus lemniscatus,129467,4,Phospholipase_A2(PLA2),train,2
3733,3733,tr,A0A2D4J9F2,A0A2D4J9F2_MICLE,Phosphoinositide phospholipase C,Micrurus lemniscatus lemniscatus,129467,4,Phospholipase_A2(PLA2),train,2
3734,3734,tr,A0A2D4LBL0,A0A2D4LBL0_9SAUR,phosphoinositide phospholipase C (Fragment),Micrurus spixii,129469,4,Phospholipase_A2(PLA2),train,2
3735,3735,tr,A0A2D4MMP8,A0A2D4MMP8_9SAUR,Phosphoinositide phospholipase C (Fragment),Micrurus spixii,129469,4,Phospholipase_A2(PLA2),train,2
3736,3736,tr,A0A2D4MMQ0,A0A2D4MMQ0_9SAUR,Phosphoinositide phospholipase C (Fragment),Micrurus spixii,129469,4,Phospholipase_A2(PLA2),train,2
3737,3737,tr,A0A2H6NNA6,A0A2H6NNA6_9SAUR,Phospholipase B-like (Fragment),Micrurus carvalhoi,3147026,3,Phospholipase_A2(PLA2),train,2
3738,3738,tr,A0A2D4F630,A0A2D4F630_MICCO,Phosphoinositide phospholipase C (Fragment),Micrurus corallinus,54390,4,Phospholipase_A2(PLA2),train,2
3739,3739,tr,A0A2D4G1P8,A0A2D4G1P8_MICCO,Phosphoinositide phospholipase C (Fragment),Micrurus corallinus,54390,4,Phospholipase_A2(PLA2),train,2
3740,3740,tr,A0A2D4GLS8,A0A2D4GLS8_MICCO,Phosphoinositide phospholipase C (Fragment),Micrurus corallinus,54390,4,Phospholipase_A2(PLA2),train,2
3741,3741,tr,A0A2D4GW39,A0A2D4GW39_MICCO,Phospholipase B-like (Fragment),Micrurus corallinus,54390,3,Phospholipase_A2(PLA2),train,2
3742,3742,tr,A0A2D4IIR9,A0A2D4IIR9_MICLE,Phosphoinositide phospholipase C (Fragment),Micrurus lemniscatus lemniscatus,129467,4,Phospholipase_A2(PLA2),train,2
3743,3743,tr,A0A2D4IJK9,A0A2D4IJK9_MICLE,Phosphoinositide phospholipase C (Fragment),Micrurus lemniscatus lemniscatus,129467,4,Phospholipase_A2(PLA2),train,2
3744,3744,tr,A0A2D4IT96,A0A2D4IT96_MICLE,Phosphoinositide phospholipase C (Fragment),Micrurus lemniscatus lemniscatus,129467,4,Phospholipase_A2(PLA2),train,2
3745,3745,tr,A0A2D4IU79,A0A2D4IU79_MICLE,phosphoinositide phospholipase C,Micrurus lemniscatus lemniscatus,129467,4,Phospholipase_A2(PLA2),test,2
3746,3746,tr,A0A2D4IXY1,A0A2D4IXY1_MICLE,Phosphoinositide phospholipase C,Micrurus lemniscatus lemniscatus,129467,4,Phospholipase_A2(PLA2),train,2
3747,3747,tr,A0A2D4J9F1,A0A2D4J9F1_MICLE,Phosphoinositide phospholipase C,Micrurus lemniscatus lemniscatus,129467,4,Phospholipase_A2(PLA2),test,2
3748,3748,tr,A0A2D4Q3A4,A0A2D4Q3A4_MICSU,Phosphoinositide phospholipase C (Fragment),Micrurus surinamensis,129470,4,Phospholipase_A2(PLA2),train,2
3749,3749,tr,K7TC65,K7TC65_GLOHA,Basic phospholipase A2,Gloydius halys,8714,2,Phospholipase_A2(PLA2),train,2
3750,3750,tr,A0A2D4EPW0,A0A2D4EPW0_MICCO,Phosphoinositide phospholipase C,Micrurus corallinus,54390,4,Phospholipase_A2(PLA2),val,2
3751,3751,tr,A0A2D4EPW5,A0A2D4EPW5_MICCO,Phosphoinositide phospholipase C (Fragment),Micrurus corallinus,54390,4,Phospholipase_A2(PLA2),train,2
3752,3752,tr,A0A2D4EPY5,A0A2D4EPY5_MICCO,Phosphoinositide phospholipase C,Micrurus corallinus,54390,4,Phospholipase_A2(PLA2),train,2
3753,3753,tr,A0A2D4GZL0,A0A2D4GZL0_MICCO,Phosphoinositide phospholipase C (Fragment),Micrurus corallinus,54390,4,Phospholipase_A2(PLA2),train,2
3754,3754,tr,A0A2D4IU68,A0A2D4IU68_MICLE,Phosphoinositide phospholipase C,Micrurus lemniscatus lemniscatus,129467,4,Phospholipase_A2(PLA2),train,2
3755,3755,tr,A0A2D4J958,A0A2D4J958_MICLE,Phosphoinositide phospholipase C (Fragment),Micrurus lemniscatus lemniscatus,129467,4,Phospholipase_A2(PLA2),train,2
3756,3756,tr,A0A2D4K641,A0A2D4K641_9SAUR,Phosphoinositide phospholipase C (Fragment),Micrurus paraensis,1970185,4,Phospholipase_A2(PLA2),train,2
3757,3757,tr,A0A2D4PEB0,A0A2D4PEB0_MICSU,Phospholipase B-like (Fragment),Micrurus surinamensis,129470,3,Phospholipase_A2(PLA2),train,2
3758,3758,tr,A0A2H4N395,A0A2H4N395_BOTMO,Phospholipase B-like (Fragment),Bothrops moojeni,98334,2,Phospholipase_A2(PLA2),train,2
3759,3759,tr,A8I4L3,A8I4L3_BOTER,Phospholipase A2 inhibitor,Bothrops erythromelas,44710,2,Phospholipase_A2(PLA2),train,2
3760,3760,tr,A8I4M3,A8I4M3_BOTJR,Phospholipase A2 inhibitor,Bothrops jararacussu,8726,2,Phospholipase_A2(PLA2),test,2
3761,3761,tr,A8I4N1,A8I4N1_BOTMO,Phospholipase A2 inhibitor,Bothrops moojeni,98334,2,Phospholipase_A2(PLA2),train,2
3762,3762,tr,Q9PTC5,Q9PTC5_PSETE,Phospholipase A2 inhibitor,Pseudonaja textilis,8673,2,Phospholipase_A2(PLA2),train,2
3763,3763,tr,Q9PTC6,Q9PTC6_PSETE,Phospholipase A2 inhibitor,Pseudonaja textilis,8673,2,Phospholipase_A2(PLA2),train,2
3764,3764,tr,A7M6G3,A7M6G3_PROFL,Phospholipase A2 inhibitor,Protobothrops flavoviridis,88087,2,Phospholipase_A2(PLA2),test,2
3765,3765,tr,A8I4K9,A8I4K9_BOTER,Phospholipase A2 inhibitor,Bothrops erythromelas,44710,2,Phospholipase_A2(PLA2),test,2
3766,3766,tr,A8I4M7,A8I4M7_BOTJR,Phospholipase A2 inhibitor,Bothrops jararacussu,8726,2,Phospholipase_A2(PLA2),val,2
3767,3767,tr,A8I4N8,A8I4N8_BOTNU,Phospholipase A2 inhibitor,Bothrops neuwiedi,95648,2,Phospholipase_A2(PLA2),train,2
3768,3768,tr,Q9PRI2,Q9PRI2_OXYMI,Phospholipase A2 inhibitor,Oxyuranus microlepidotus,111177,2,Phospholipase_A2(PLA2),test,2
3769,3769,tr,Q9PTB9,Q9PTB9_OXYMI,Phospholipase A2 inhibitor,Oxyuranus microlepidotus,111177,2,Phospholipase_A2(PLA2),test,2
3770,3770,tr,Q9PTC9,Q9PTC9_OXYSU,Phospholipase A2 inhibitor,Oxyuranus scutellatus,8668,2,Phospholipase_A2(PLA2),train,2
3771,3771,tr,A0A6P9AX82,A0A6P9AX82_PANGU,Phospholipase A2 inhibitor,Pantherophis guttatus,94885,3,Phospholipase_A2(PLA2),train,2
3772,3772,tr,A0A8C6VEW5,A0A8C6VEW5_NAJNA,Phospholipase A2 inhibitor,Naja naja,35670,3,Phospholipase_A2(PLA2),train,2
3773,3773,tr,A8I4K2,A8I4K2_BOTAL,Phospholipase A2 inhibitor,Bothrops alternatus,64174,2,Phospholipase_A2(PLA2),train,2
3774,3774,tr,A8I4K5,A8I4K5_BOTAL,Phospholipase A2 inhibitor,Bothrops alternatus,64174,2,Phospholipase_A2(PLA2),train,2
3775,3775,tr,Q9PTC0,Q9PTC0_PSETE,Phospholipase A2 inhibitor,Pseudonaja textilis,8673,2,Phospholipase_A2(PLA2),train,2
3776,3776,tr,Q9PTC4,Q9PTC4_NOTAT,Phospholipase A2 inhibitor,Notechis ater,111176,2,Phospholipase_A2(PLA2),train,2
3777,3777,tr,Q9PU34,Q9PU34_9SAUR,Phospholipase A2 inhibitor,Notechis scutatus,8663,2,Phospholipase_A2(PLA2),train,2
3778,3778,tr,A0A6P9DEU3,A0A6P9DEU3_PANGU,Phospholipase A2 inhibitor,Pantherophis guttatus,94885,3,Phospholipase_A2(PLA2),train,2
3779,3779,tr,A0A8C5RPQ3,A0A8C5RPQ3_LATLA,Phospholipase A2 inhibitor,Laticauda laticaudata,8630,3,Phospholipase_A2(PLA2),train,2
3780,3780,tr,A8I4M0,A8I4M0_BOTJA,Phospholipase A2 inhibitor,Bothrops jararaca,8724,2,Phospholipase_A2(PLA2),test,2
3781,3781,tr,A8I4N5,A8I4N5_BOTMO,Phospholipase A2 inhibitor,Bothrops moojeni,98334,2,Phospholipase_A2(PLA2),train,2
3782,3782,tr,Q9PTC2,Q9PTC2_NOTAT,Phospholipase A2 inhibitor,Notechis ater,111176,2,Phospholipase_A2(PLA2),train,2
3783,3783,tr,Q9PTC7,Q9PTC7_OXYMI,Phospholipase A2 inhibitor,Oxyuranus microlepidotus,111177,2,Phospholipase_A2(PLA2),train,2
3784,3784,tr,Q9PTC8,Q9PTC8_OXYMI,Phospholipase A2 inhibitor,Oxyuranus microlepidotus,111177,2,Phospholipase_A2(PLA2),train,2
3785,3785,tr,A8I4P1,A8I4P1_BOTNU,Phospholipase A2 inhibitor,Bothrops neuwiedi,95648,2,Phospholipase_A2(PLA2),train,2
3786,3786,tr,Q9PRF7,Q9PRF7_9SAUR,Phospholipase A2 inhibitor,Notechis scutatus,8663,2,Phospholipase_A2(PLA2),train,2
3787,3787,tr,A0A0F7Z632,A0A0F7Z632_CROAD,Phospholipase B-like,Crotalus adamanteus,8729,2,Phospholipase_A2(PLA2),train,2
3788,3788,tr,A0A0F7YZW7,A0A0F7YZW7_MICFL,Phosphoinositide phospholipase C,Micrurus fulvius,8637,2,Phospholipase_A2(PLA2),train,2
3789,3789,tr,A0A194AMI1,A0A194AMI1_9SAUR,Phospholipase A2 2e,Agkistrodon piscivorus,8715,3,Phospholipase_A2(PLA2),train,2
3790,3790,tr,A0A194AMJ1,A0A194AMJ1_9SAUR,Phospholipase A2 1n,Agkistrodon piscivorus,8715,3,Phospholipase_A2(PLA2),train,2
3791,3791,tr,A0A194AP59,A0A194AP59_9SAUR,Phospholipase A2 9b,Micrurus tener,1114301,3,Phospholipase_A2(PLA2),train,2
3792,3792,tr,A0A194API6,A0A194API6_9SAUR,Phospholipase A2 2i,Agkistrodon piscivorus,8715,3,Phospholipase_A2(PLA2),train,2
3793,3793,tr,A0A194APJ6,A0A194APJ6_9SAUR,Phospholipase A2 1r,Agkistrodon piscivorus,8715,3,Phospholipase_A2(PLA2),train,2
3794,3794,tr,A0A194APR3,A0A194APR3_SISTE,Phospholipase A2 2b,Sistrurus tergeminus,8757,3,Phospholipase_A2(PLA2),train,2
3795,3795,tr,A0A194APS9,A0A194APS9_9SAUR,Phospholipase A2 2b,Agkistrodon piscivorus,8715,3,Phospholipase_A2(PLA2),train,2
3796,3796,tr,A0A194APT4,A0A194APT4_9SAUR,Phospholipase A2 1p,Agkistrodon piscivorus,8715,3,Phospholipase_A2(PLA2),train,2
3797,3797,tr,A0A194APT7,A0A194APT7_9SAUR,Phospholipase A2 1k,Agkistrodon piscivorus,8715,3,Phospholipase_A2(PLA2),train,2
3798,3798,tr,A0A194APU2,A0A194APU2_9SAUR,Phospholipase A2 1f,Agkistrodon piscivorus,8715,3,Phospholipase_A2(PLA2),test,2
3799,3799,tr,A0A194AQ53,A0A194AQ53_SISMB,Phospholipase A2 1,Sistrurus miliarius barbouri,8759,3,Phospholipase_A2(PLA2),train,2
3800,3800,tr,A0A194AQJ6,A0A194AQJ6_9SAUR,Phospholipase A2 2f,Agkistrodon piscivorus,8715,3,Phospholipase_A2(PLA2),train,2
3801,3801,tr,A0A194ATT4,A0A194ATT4_SISMB,Phospholipase A2 2c,Sistrurus miliarius barbouri,8759,3,Phospholipase_A2(PLA2),train,2
3802,3802,tr,A0A1W7RER1,A0A1W7RER1_AGKCO,Phospholipase B-like,Agkistrodon contortrix contortrix,8713,3,Phospholipase_A2(PLA2),train,2
3803,3803,tr,A0A646QBV7,A0A646QBV7_9SAUR,Phospholipase A2 1b,Thelotornis mossambicanus,1328036,3,Phospholipase_A2(PLA2),train,2
3804,3804,tr,A0A646QBW9,A0A646QBW9_9SAUR,Phospholipase A2 1b,Thelotornis mossambicanus,1328036,3,Phospholipase_A2(PLA2),test,2
3805,3805,tr,A0A646QBX4,A0A646QBX4_9SAUR,Phospholipase B-like,Thelotornis mossambicanus,1328036,3,Phospholipase_A2(PLA2),train,2
3806,3806,tr,A0A646QD08,A0A646QD08_9SAUR,Phospholipase A2 1b,Thelotornis mossambicanus,1328036,3,Phospholipase_A2(PLA2),test,2
3807,3807,tr,A0A646QD33,A0A646QD33_9SAUR,Phospholipase A2 1b,Thelotornis mossambicanus,1328036,3,Phospholipase_A2(PLA2),val,2
3808,3808,tr,A0A646QEL5,A0A646QEL5_9SAUR,Phospholipase A2 1b,Thelotornis mossambicanus,1328036,3,Phospholipase_A2(PLA2),train,2
3809,3809,tr,A0A646QH52,A0A646QH52_9SAUR,Phospholipase A2 1b,Thelotornis mossambicanus,1328036,3,Phospholipase_A2(PLA2),train,2
3810,3810,tr,A0A646QI79,A0A646QI79_9SAUR,Phospholipase A2 1b,Thelotornis mossambicanus,1328036,3,Phospholipase_A2(PLA2),train,2
3811,3811,tr,Q5DNC8,Q5DNC8_9SAUR,Phospholipase A2 isozyme,Aipysurus eydouxii,274825,2,Phospholipase_A2(PLA2),train,2
3812,3812,tr,Q5DNC9,Q5DNC9_9SAUR,Phospholipase A2 isozyme,Aipysurus eydouxii,274825,2,Phospholipase_A2(PLA2),train,2
3813,3813,tr,A0A194ARQ7,A0A194ARQ7_9SAUR,Phospholipase A2 1q,Agkistrodon piscivorus,8715,3,Phospholipase_A2(PLA2),train,2
3814,3814,tr,A0A194ART7,A0A194ART7_SISTE,Phospholipase A2 2d,Sistrurus tergeminus,8757,3,Phospholipase_A2(PLA2),val,2
3815,3815,tr,A0A646QCA4,A0A646QCA4_9SAUR,Phospholipase A2 1b,Thelotornis mossambicanus,1328036,3,Phospholipase_A2(PLA2),train,2
3816,3816,tr,Q5DND0,Q5DND0_9SAUR,Phospholipase A2 isozyme,Aipysurus eydouxii,274825,2,Phospholipase_A2(PLA2),train,2
3817,3817,tr,Q5DND2,Q5DND2_9SAUR,Phospholipase A2 isozyme,Aipysurus eydouxii,274825,2,Phospholipase_A2(PLA2),train,2
3818,3818,tr,Q5DNE0,Q5DNE0_9SAUR,Phospholipase A2 isozyme,Aipysurus eydouxii,274825,2,Phospholipase_A2(PLA2),train,2
3819,3819,tr,T2HPJ4,T2HPJ4_OVOOK,Phospholipase B-like,Ovophis okinavensis,8769,2,Phospholipase_A2(PLA2),test,2
3820,3820,tr,A0A0B8RYU6,A0A0B8RYU6_9SAUR,Phospholipase A2 1a,Philothamnus irregularis,1899461,3,Phospholipase_A2(PLA2),train,2
3821,3821,tr,A0A194AMK1,A0A194AMK1_9SAUR,Phospholipase A2 1d,Agkistrodon piscivorus,8715,3,Phospholipase_A2(PLA2),train,2
3822,3822,tr,A0A194AP55,A0A194AP55_9SAUR,Phospholipase A2 9g,Micrurus tener,1114301,3,Phospholipase_A2(PLA2),train,2
3823,3823,tr,A0A194APS0,A0A194APS0_9SAUR,Phospholipase A2 3c,Agkistrodon piscivorus,8715,3,Phospholipase_A2(PLA2),val,2
3824,3824,tr,A0A194AQK5,A0A194AQK5_9SAUR,Phospholipase A2 1o,Agkistrodon piscivorus,8715,3,Phospholipase_A2(PLA2),train,2
3825,3825,tr,A0A194AR95,A0A194AR95_9SAUR,Phospholipase A2 9d,Micrurus tener,1114301,3,Phospholipase_A2(PLA2),val,2
3826,3826,tr,A0A194ARP8,A0A194ARP8_9SAUR,Phospholipase A2 2h,Agkistrodon piscivorus,8715,3,Phospholipase_A2(PLA2),test,2
3827,3827,tr,A0A346CLY2,A0A346CLY2_9SAUR,Phospholipase B-like (Fragment),Ahaetulla prasina,499056,2,Phospholipase_A2(PLA2),train,2
3828,3828,tr,A0A646QEM7,A0A646QEM7_9SAUR,Phospholipase B-like,Thelotornis mossambicanus,1328036,3,Phospholipase_A2(PLA2),train,2
3829,3829,tr,A0A646QI89,A0A646QI89_9SAUR,Phospholipase A2 1b,Thelotornis mossambicanus,1328036,3,Phospholipase_A2(PLA2),train,2
3830,3830,tr,A0A6B7FMQ9,A0A6B7FMQ9_VIPAA,Phospholipase B-like,Vipera ammodytes ammodytes,8705,2,Phospholipase_A2(PLA2),train,2
3831,3831,tr,Q5DND8,Q5DND8_9SAUR,Phospholipase A2 isozyme,Aipysurus eydouxii,274825,2,Phospholipase_A2(PLA2),train,2
3832,3832,tr,A0A0B8RQP5,A0A0B8RQP5_9SAUR,Phospholipase B-like,Philothamnus irregularis,1899461,3,Phospholipase_A2(PLA2),train,2
3833,3833,tr,A0A0K8S248,A0A0K8S248_CROHD,Phosphoinositide phospholipase C,Crotalus horridus,35024,4,Phospholipase_A2(PLA2),train,2
3834,3834,tr,A0A182C6E9,A0A182C6E9_9SAUR,Phospholipase B-like,Phalotris mertensi,1260334,3,Phospholipase_A2(PLA2),train,2
3835,3835,tr,A0A194APJ1,A0A194APJ1_9SAUR,Phospholipase A2 2d,Agkistrodon piscivorus,8715,3,Phospholipase_A2(PLA2),train,2
3836,3836,tr,A0A194APK7,A0A194APK7_9SAUR,Phospholipase A2 1h,Agkistrodon piscivorus,8715,3,Phospholipase_A2(PLA2),train,2
3837,3837,tr,A0A194ARQ3,A0A194ARQ3_9SAUR,Phospholipase A2 2c,Agkistrodon piscivorus,8715,3,Phospholipase_A2(PLA2),train,2
3838,3838,tr,A0A194ARR2,A0A194ARR2_9SAUR,Phospholipase A2 1l,Agkistrodon piscivorus,8715,3,Phospholipase_A2(PLA2),train,2
3839,3839,tr,A0A194ARZ7,A0A194ARZ7_SISMB,Phospholipase A2 2d,Sistrurus miliarius barbouri,8759,3,Phospholipase_A2(PLA2),val,2
3840,3840,tr,A0A1W7RJZ3,A0A1W7RJZ3_AGKCO,Phospholipase A2 2,Agkistrodon contortrix contortrix,8713,3,Phospholipase_A2(PLA2),val,2
3841,3841,tr,Q5DNC7,Q5DNC7_9SAUR,Phospholipase A2 isozyme,Aipysurus eydouxii,274825,2,Phospholipase_A2(PLA2),train,2
3842,3842,tr,T2HQ75,T2HQ75_OVOOK,Phospholipase B-like,Ovophis okinavensis,8769,2,Phospholipase_A2(PLA2),test,2
3843,3843,tr,A0AAW1APA9,A0AAW1APA9_CROAD,Phospholipase B-like,Crotalus adamanteus,8729,3,Phospholipase_A2(PLA2),train,2
3844,3844,tr,A0AAW1BKQ2,A0AAW1BKQ2_CROAD,Phosphoinositide phospholipase C,Crotalus adamanteus,8729,4,Phospholipase_A2(PLA2),train,2
3845,3845,tr,A0A0A1ENR3,A0A0A1ENR3_LACMT,Phospholipase A2,Lachesis muta,8752,2,Phospholipase_A2(PLA2),train,2
3846,3846,tr,A0A0A1WC86,A0A0A1WC86_ECHCO,phospholipase A2 (Fragment),Echis coloratus,64175,2,Phospholipase_A2(PLA2),train,2
3847,3847,tr,A0AAW1B5P4,A0AAW1B5P4_CROAD,Phosphoinositide phospholipase C,Crotalus adamanteus,8729,4,Phospholipase_A2(PLA2),train,2
3848,3848,tr,A0AAW1BM10,A0AAW1BM10_CROAD,Phosphoinositide phospholipase C,Crotalus adamanteus,8729,4,Phospholipase_A2(PLA2),train,2
3849,3849,tr,A0A194AMJ6,A0A194AMJ6_9SAUR,Phospholipase A2 1i,Agkistrodon piscivorus,8715,3,Phospholipase_A2(PLA2),train,2
3850,3850,tr,A0A194APL4,A0A194APL4_9SAUR,Phospholipase A2 1c,Agkistrodon piscivorus,8715,3,Phospholipase_A2(PLA2),train,2
3851,3851,tr,A0A194APS4,A0A194APS4_9SAUR,Phospholipase A2 2g,Agkistrodon piscivorus,8715,3,Phospholipase_A2(PLA2),val,2
3852,3852,tr,A0A194ARR6,A0A194ARR6_9SAUR,Phospholipase A2 1g,Agkistrodon piscivorus,8715,3,Phospholipase_A2(PLA2),train,2
3853,3853,tr,A0A346CLX0,A0A346CLX0_BORPO,Phospholipase B-like (Fragment),Borikenophis portoricensis,1260276,2,Phospholipase_A2(PLA2),train,2
3854,3854,tr,A0A646QDV7,A0A646QDV7_9SAUR,Phospholipase A2 1b,Thelotornis mossambicanus,1328036,3,Phospholipase_A2(PLA2),train,2
3855,3855,tr,A0A646QF13,A0A646QF13_9SAUR,Phospholipase A2 1b,Thelotornis mossambicanus,1328036,3,Phospholipase_A2(PLA2),val,2
3856,3856,tr,A0A7U3W7V1,A0A7U3W7V1_BOTPC,Basic phospholipase A2,Bothrops pictus,133440,2,Phospholipase_A2(PLA2),train,2
3857,3857,tr,A0A898INS1,A0A898INS1_CALBG,Phospholipase B-like,Calliophis bivirgatus,8633,2,Phospholipase_A2(PLA2),train,2
3858,3858,tr,Q5DND3,Q5DND3_9SAUR,Phospholipase A2 isozyme,Aipysurus eydouxii,274825,2,Phospholipase_A2(PLA2),train,2
3859,3859,tr,Q5DND4,Q5DND4_9SAUR,Phospholipase A2 isozyme,Aipysurus eydouxii,274825,2,Phospholipase_A2(PLA2),train,2
3860,3860,tr,Q5DND5,Q5DND5_9SAUR,Phospholipase A2 isozyme,Aipysurus eydouxii,274825,2,Phospholipase_A2(PLA2),train,2
3861,3861,tr,Q5DNE1,Q5DNE1_9SAUR,Phospholipase A2 isozyme,Aipysurus eydouxii,274825,2,Phospholipase_A2(PLA2),train,2
3862,3862,tr,A0AAW1BGA9,A0AAW1BGA9_CROAD,Phosphoinositide phospholipase C,Crotalus adamanteus,8729,4,Phospholipase_A2(PLA2),train,2
3863,3863,tr,A0AAW1C7H5,A0AAW1C7H5_CROAD,Phosphoinositide phospholipase C,Crotalus adamanteus,8729,4,Phospholipase_A2(PLA2),train,2
3864,3864,tr,A0AAW1BDS5,A0AAW1BDS5_CROAD,Phosphoinositide phospholipase C,Crotalus adamanteus,8729,4,Phospholipase_A2(PLA2),train,2
3865,3865,tr,A0AAW1AQK6,A0AAW1AQK6_CROAD,Phosphoinositide phospholipase C,Crotalus adamanteus,8729,4,Phospholipase_A2(PLA2),train,2
3866,3866,tr,A0AAW1B4G9,A0AAW1B4G9_CROAD,Phosphoinositide phospholipase C,Crotalus adamanteus,8729,4,Phospholipase_A2(PLA2),train,2
3867,3867,tr,A0AAW1BED4,A0AAW1BED4_CROAD,Phosphoinositide phospholipase C,Crotalus adamanteus,8729,4,Phospholipase_A2(PLA2),train,2
3868,3868,tr,B2KNL4,B2KNL4_BUNFA,Phospholipase A2 BF-40,Bungarus fasciatus,8613,2,Phospholipase_A2(PLA2),test,2
3869,3869,tr,B2KNL9,B2KNL9_BUNFA,Phospholipase A2 BF-3,Bungarus fasciatus,8613,2,Phospholipase_A2(PLA2),val,2
3870,3870,tr,B2KNL1,B2KNL1_BUNFA,Phospholipase A2 BF-16,Bungarus fasciatus,8613,2,Phospholipase_A2(PLA2),test,2
3871,3871,tr,B2KNL6,B2KNL6_BUNFA,Phospholipase A2 BF-42,Bungarus fasciatus,8613,2,Phospholipase_A2(PLA2),val,2
3872,3872,tr,B2KNL3,B2KNL3_BUNFA,Phospholipase A2 BF-33,Bungarus fasciatus,8613,2,Phospholipase_A2(PLA2),train,2
3873,3873,tr,B2KNL5,B2KNL5_BUNFA,Phospholipase A2 BF-41,Bungarus fasciatus,8613,2,Phospholipase_A2(PLA2),train,2
3874,3874,tr,V8P6F0,V8P6F0_OPHHA,Phosphoinositide phospholipase C (Fragment),Ophiophagus hannah,8665,4,Phospholipase_A2(PLA2),train,2
3875,3875,tr,V8PE64,V8PE64_OPHHA,Phosphoinositide phospholipase C (Fragment),Ophiophagus hannah,8665,4,Phospholipase_A2(PLA2),train,2
3876,3876,tr,V8N4G5,V8N4G5_OPHHA,Phosphoinositide phospholipase C (Fragment),Ophiophagus hannah,8665,4,Phospholipase_A2(PLA2),val,2
3877,3877,tr,V8N9S2,V8N9S2_OPHHA,Phosphoinositide phospholipase C (Fragment),Ophiophagus hannah,8665,4,Phospholipase_A2(PLA2),train,2
3878,3878,tr,V8NCI6,V8NCI6_OPHHA,Phosphoinositide phospholipase C (Fragment),Ophiophagus hannah,8665,4,Phospholipase_A2(PLA2),train,2
3879,3879,tr,V8NBX9,V8NBX9_OPHHA,Phosphoinositide phospholipase C (Fragment),Ophiophagus hannah,8665,4,Phospholipase_A2(PLA2),val,2
3880,3880,tr,V8ND68,V8ND68_OPHHA,Phospholipase B-like (Fragment),Ophiophagus hannah,8665,3,Phospholipase_A2(PLA2),train,2
3881,3881,tr,V8NF02,V8NF02_OPHHA,phosphoinositide phospholipase C (Fragment),Ophiophagus hannah,8665,4,Phospholipase_A2(PLA2),train,2
3882,3882,tr,V8NLQ9,V8NLQ9_OPHHA,Phospholipase B-like (Fragment),Ophiophagus hannah,8665,3,Phospholipase_A2(PLA2),test,2
3883,3883,tr,V8NRD2,V8NRD2_OPHHA,Phosphoinositide phospholipase C (Fragment),Ophiophagus hannah,8665,4,Phospholipase_A2(PLA2),train,2
3884,3884,tr,V8N7F0,V8N7F0_OPHHA,Phosphoinositide phospholipase C (Fragment),Ophiophagus hannah,8665,4,Phospholipase_A2(PLA2),test,2
3885,3885,tr,V8NCE6,V8NCE6_OPHHA,Phosphoinositide phospholipase C (Fragment),Ophiophagus hannah,8665,4,Phospholipase_A2(PLA2),train,2
3886,3886,tr,V8NIC5,V8NIC5_OPHHA,Phosphoinositide phospholipase C (Fragment),Ophiophagus hannah,8665,4,Phospholipase_A2(PLA2),train,2
3887,3887,tr,V8NZ24,V8NZ24_OPHHA,Phosphoinositide phospholipase C (Fragment),Ophiophagus hannah,8665,4,Phospholipase_A2(PLA2),train,2
3888,3888,tr,V8PE75,V8PE75_OPHHA,Phosphoinositide phospholipase C (Fragment),Ophiophagus hannah,8665,4,Phospholipase_A2(PLA2),train,2
3889,3889,tr,A0AAW1BNZ8,A0AAW1BNZ8_CROAD,Phosphatidylinositol-glycan-specific phospholipase D,Crotalus adamanteus,8729,3,Phospholipase_A2(PLA2),train,2
3890,3890,tr,A0A2H4N391,A0A2H4N391_BOTMO,Basic phospholipase A2 myotoxin (Fragment),Bothrops moojeni,98334,2,Phospholipase_A2(PLA2),train,2
3891,3891,tr,S6B451,S6B451_PROFL,Phospholipase A2,Protobothrops flavoviridis,88087,2,Phospholipase_A2(PLA2),train,2
3892,3892,tr,S6BAM8,S6BAM8_PROFL,Phospholipase A2,Protobothrops flavoviridis,88087,2,Phospholipase_A2(PLA2),train,2
3893,3893,tr,S6BAM4,S6BAM4_PROFL,Phospholipase A2,Protobothrops flavoviridis,88087,2,Phospholipase_A2(PLA2),train,2
3894,3894,tr,A0A2H4N3A5,A0A2H4N3A5_BOTMO,Phospholipase A2 group IIE (Fragment),Bothrops moojeni,98334,2,Phospholipase_A2(PLA2),train,2
3895,3895,tr,J3S4V8,J3S4V8_CROAD,Phospholipase A2 inhibitor subunit B,Crotalus adamanteus,8729,2,Phospholipase_A2(PLA2),train,2
3896,3896,tr,A0A2H4WCX2,A0A2H4WCX2_9SAUR,K49-type phospholipase A2,Gloydius strauchi,103939,2,Phospholipase_A2(PLA2),train,2
3897,3897,tr,A0A2D1UXN7,A0A2D1UXN7_BOTAS,Acidic myotoxic phospholipase A2 (Fragment),Bothrops asper,8722,2,Phospholipase_A2(PLA2),train,2
3898,3898,tr,A0AAW1C139,A0AAW1C139_CROAD,Phospholipase A1 member A,Crotalus adamanteus,8729,3,Phospholipase_A2(PLA2),train,2
3899,3899,tr,A0A0A1WDU0,A0A0A1WDU0_ECHCO,Phospholipase B-like,Echis coloratus,64175,2,Phospholipase_A2(PLA2),train,2
3900,3900,tr,A0A098LWY9,A0A098LWY9_PANGU,Phospholipase B-like,Pantherophis guttatus,94885,2,Phospholipase_A2(PLA2),test,2
3901,3901,tr,A0A098LY74,A0A098LY74_PYTRG,Phospholipase B-like,Python regius,51751,2,Phospholipase_A2(PLA2),val,2
3902,3902,tr,A0A098LYE7,A0A098LYE7_9SAUR,Phospholipase B-like,Opheodrys aestivus,186591,2,Phospholipase_A2(PLA2),test,2
3903,3903,tr,V8NZK5,V8NZK5_OPHHA,Phospholipase A1 member A (Fragment),Ophiophagus hannah,8665,3,Phospholipase_A2(PLA2),test,2
3904,3904,tr,B0LSF5,B0LSF5_9SAUR,Phospholipase A2,Sistrurus catenatus catenatus,496732,3,Phospholipase_A2(PLA2),train,2
3905,3905,tr,B0LSF8,B0LSF8_9SAUR,Phospholipase A2,Sistrurus catenatus catenatus,496732,3,Phospholipase_A2(PLA2),train,2
3906,3906,tr,B0LSF9,B0LSF9_9SAUR,Phospholipase A2,Sistrurus catenatus catenatus,496732,3,Phospholipase_A2(PLA2),train,2
3907,3907,tr,B0LSG0,B0LSG0_9SAUR,Phospholipase A2,Sistrurus catenatus catenatus,496732,3,Phospholipase_A2(PLA2),train,2
3908,3908,tr,B0LSF6,B0LSF6_9SAUR,Phospholipase A2,Sistrurus catenatus catenatus,496732,3,Phospholipase_A2(PLA2),train,2
3909,3909,tr,B0LSG3,B0LSG3_SISCA,Phospholipase A2,Sistrurus catenatus edwardsii,8762,3,Phospholipase_A2(PLA2),train,2
3910,3910,tr,B0LSF7,B0LSF7_9SAUR,Phospholipase A2,Sistrurus catenatus catenatus,496732,3,Phospholipase_A2(PLA2),test,2
3911,3911,tr,B0LSG2,B0LSG2_SISCA,Phospholipase A2,Sistrurus catenatus edwardsii,8762,3,Phospholipase_A2(PLA2),train,2
3912,3912,tr,B0LSG4,B0LSG4_SISMI,Phospholipase A2,Sistrurus miliarius,8758,3,Phospholipase_A2(PLA2),train,2
3913,3913,tr,B0LSG5,B0LSG5_SISMI,Phospholipase A2,Sistrurus miliarius,8758,3,Phospholipase_A2(PLA2),train,2
3914,3914,tr,B0LSG6,B0LSG6_SISMI,Phospholipase A2,Sistrurus miliarius,8758,3,Phospholipase_A2(PLA2),val,2
3915,3915,tr,B0LSG7,B0LSG7_SISMI,Phospholipase A2,Sistrurus miliarius,8758,3,Phospholipase_A2(PLA2),train,2
3916,3916,tr,A8E2V4,A8E2V4_BOTSC,Acidic phospholipase A2,Bothriechis schlegelii,44725,2,Phospholipase_A2(PLA2),train,2
3917,3917,tr,B0LSF4,B0LSF4_9SAUR,Phospholipase A2,Sistrurus catenatus catenatus,496732,3,Phospholipase_A2(PLA2),train,2
3918,3918,tr,A0A2D4GWI8,A0A2D4GWI8_MICCO,Phospholipase A2 domain-containing protein (Fragment),Micrurus corallinus,54390,3,Phospholipase_A2(PLA2),val,2
3919,3919,tr,A0A2D4PSQ9,A0A2D4PSQ9_MICSU,Phospholipase A-2-activating protein,Micrurus surinamensis,129470,3,Phospholipase_A2(PLA2),val,2
3920,3920,tr,A0A2D4PSR6,A0A2D4PSR6_MICSU,Phospholipase A-2-activating protein,Micrurus surinamensis,129470,3,Phospholipase_A2(PLA2),val,2
3921,3921,tr,A0A2H6MV97,A0A2H6MV97_9SAUR,Phospholipase A2 domain-containing protein (Fragment),Micrurus carvalhoi,3147026,3,Phospholipase_A2(PLA2),train,2
3922,3922,tr,A0A2D4GWJ5,A0A2D4GWJ5_MICCO,Phospholipase A2 domain-containing protein (Fragment),Micrurus corallinus,54390,3,Phospholipase_A2(PLA2),train,2
3923,3923,tr,A0A2D4Q1F6,A0A2D4Q1F6_MICSU,Phospholipase A2 domain-containing protein (Fragment),Micrurus surinamensis,129470,3,Phospholipase_A2(PLA2),train,2
3924,3924,tr,A0A098LYL4,A0A098LYL4_PANGU,Group IIE secretory phospholipase A2-like,Pantherophis guttatus,94885,2,Phospholipase_A2(PLA2),train,2
3925,3925,tr,A0A1D8BAX0,A0A1D8BAX0_PSEPP,Phospholipase A2,Pseudechis papuanus,61265,2,Phospholipase_A2(PLA2),test,2
3926,3926,tr,Q6A3A7,Q6A3A7_VIPAE,phospholipase A2,Vipera ammodytes meridionalis,73841,2,Phospholipase_A2(PLA2),train,2
3927,3927,tr,A0A0S2C1J5,A0A0S2C1J5_PROTO,Phospholipase A2 isozyme BP-I,Protobothrops tokarensis,61225,2,Phospholipase_A2(PLA2),train,2
3928,3928,tr,A0A2H4WCW7,A0A2H4WCW7_9SAUR,Acidic phospholipase A2 isoform a,Gloydius strauchi,103939,2,Phospholipase_A2(PLA2),train,2
3929,3929,tr,Q6A3C9,Q6A3C9_VIPAP,phospholipase A2,Vipera aspis aspis,194601,2,Phospholipase_A2(PLA2),train,2
3930,3930,tr,A0A2H4WCX1,A0A2H4WCX1_9SAUR,Acidic phospholipase A2 isoform b,Gloydius strauchi,103939,2,Phospholipase_A2(PLA2),test,2
3931,3931,tr,A0A223PK58,A0A223PK58_DABRR,Phospholipase A-2-activating protein (Fragment),Daboia russelii,8707,2,Phospholipase_A2(PLA2),train,2
3932,3932,tr,U3FWD8,U3FWD8_MICFL,Group XIIA secretory phospholipase A2,Micrurus fulvius,8637,2,Phospholipase_A2(PLA2),train,2
3933,3933,tr,A0AAW1C0D9,A0AAW1C0D9_CROAD,Phospholipase A-2-activating protein,Crotalus adamanteus,8729,3,Phospholipase_A2(PLA2),train,2
3934,3934,tr,Q65ZR0,Q65ZR0_9SAUR,Phospholipase A2,Agkistrodon piscivorus,8715,3,Phospholipase_A2(PLA2),train,2
3935,3935,tr,A0A098LY50,A0A098LY50_PYTRG,Phospholipase A2 Group IIE (Fragment),Python regius,51751,2,Phospholipase_A2(PLA2),test,2
3936,3936,tr,D5J9R5,D5J9R5_9SAUR,Phospholipase a2 isoform 2,Bungarus flaviceps,8614,2,Phospholipase_A2(PLA2),train,2
3937,3937,tr,D5J9R6,D5J9R6_9SAUR,Phospholipase a2 isoform 3,Bungarus flaviceps,8614,2,Phospholipase_A2(PLA2),train,2
3938,3938,tr,A0A098LY56,A0A098LY56_PYTRG,Phospholipase A2 Group IIE (Fragment),Python regius,51751,2,Phospholipase_A2(PLA2),train,2
3939,3939,tr,A0A098LWW2,A0A098LWW2_9SAUR,Phospholipase A2 Group IIE,Opheodrys aestivus,186591,2,Phospholipase_A2(PLA2),train,2
3940,3940,tr,D5J9R4,D5J9R4_9SAUR,Phospholipase a2 isoform 1,Bungarus flaviceps,8614,2,Phospholipase_A2(PLA2),train,2
3941,3941,tr,A0A2D4LGV1,A0A2D4LGV1_9SAUR,5'-3' exonuclease PLD3,Micrurus spixii,129469,3,Phospholipase_A2(PLA2),train,2
3942,3942,tr,A0A2D4NND0,A0A2D4NND0_MICSU,5'-3' exonuclease PLD3 (Fragment),Micrurus surinamensis,129470,3,Phospholipase_A2(PLA2),train,2
3943,3943,tr,V8NCM2,V8NCM2_OPHHA,Calcium-independent phospholipase A2-gamma (Fragment),Ophiophagus hannah,8665,4,Phospholipase_A2(PLA2),train,2
3944,3944,tr,A0A2D4JHB3,A0A2D4JHB3_MICLE,5'-3' exonuclease PLD3 (Fragment),Micrurus lemniscatus lemniscatus,129467,3,Phospholipase_A2(PLA2),train,2
3945,3945,tr,A0A2D4L4B7,A0A2D4L4B7_9SAUR,5'-3' exonuclease PLD3 (Fragment),Micrurus paraensis,1970185,4,Phospholipase_A2(PLA2),train,2
3946,3946,tr,A0A2D4LHA6,A0A2D4LHA6_9SAUR,5'-3' exonuclease PLD3,Micrurus spixii,129469,4,Phospholipase_A2(PLA2),train,2
3947,3947,tr,A0A2D4LH34,A0A2D4LH34_9SAUR,5'-3' exonuclease PLD3,Micrurus spixii,129469,3,Phospholipase_A2(PLA2),train,2
3948,3948,tr,V8P918,V8P918_OPHHA,Phospholipase A-2-activating protein (Fragment),Ophiophagus hannah,8665,3,Phospholipase_A2(PLA2),val,2
3949,3949,tr,A0A2D4G9K3,A0A2D4G9K3_MICCO,5'-3' exonuclease PLD3 (Fragment),Micrurus corallinus,54390,4,Phospholipase_A2(PLA2),train,2
3950,3950,tr,A0A2D4JH96,A0A2D4JH96_MICLE,5'-3' exonuclease PLD3 (Fragment),Micrurus lemniscatus lemniscatus,129467,3,Phospholipase_A2(PLA2),train,2
3951,3951,tr,A0A2D4LHB1,A0A2D4LHB1_9SAUR,5'-3' exonuclease PLD3 (Fragment),Micrurus spixii,129469,3,Phospholipase_A2(PLA2),train,2
3952,3952,tr,A0A0D3N8X5,A0A0D3N8X5_AZEFE,Acidic phospholipase A2,Azemiops feae,8773,2,Phospholipase_A2(PLA2),train,2
3953,3953,tr,A0A0D3N9P6,A0A0D3N9P6_AZEFE,Acidic phospholipase A2,Azemiops feae,8773,2,Phospholipase_A2(PLA2),train,2
3954,3954,tr,A0A140YIG5,A0A140YIG5_ATHNI,Acidic phospholipase A2,Atheris nitschei,110224,2,Phospholipase_A2(PLA2),val,2
3955,3955,tr,A0A0D3N9S4,A0A0D3N9S4_AZEFE,Basic phospholipase A2,Azemiops feae,8773,2,Phospholipase_A2(PLA2),train,2
3956,3956,tr,A0A140YIG3,A0A140YIG3_ECHCA,Basic phospholipase A2,Echis carinatus,40353,2,Phospholipase_A2(PLA2),val,2
3957,3957,tr,A0A0D3N8V5,A0A0D3N8V5_AZEFE,Acidic phospholipase A2,Azemiops feae,8773,2,Phospholipase_A2(PLA2),test,2
3958,3958,tr,A0A0D3N944,A0A0D3N944_AZEFE,Acidic phospholipase A2,Azemiops feae,8773,2,Phospholipase_A2(PLA2),val,2
3959,3959,tr,A0A140YIG4,A0A140YIG4_ECHCA,Acidic phospholipase A2,Echis carinatus,40353,2,Phospholipase_A2(PLA2),train,2
3960,3960,tr,A0A0F7Z4K7,A0A0F7Z4K7_CROAD,5'-3' exonuclease PLD3,Crotalus adamanteus,8729,2,Phospholipase_A2(PLA2),train,2
3961,3961,tr,A0A1W7REQ9,A0A1W7REQ9_AGKCO,5'-3' exonuclease PLD3,Agkistrodon contortrix contortrix,8713,3,Phospholipase_A2(PLA2),test,2
3962,3962,tr,A0A0S2C293,A0A0S2C293_PROTO,Asp49 phospholipase A2 isozyme PLA-N,Protobothrops tokarensis,61225,2,Phospholipase_A2(PLA2),train,2
3963,3963,tr,I2DAL5,I2DAL5_BOTDP,Acidic secretory phospholipase A2 sPLA2-II,Bothrops diporus,1107943,2,Phospholipase_A2(PLA2),train,2
3964,3964,tr,A0A077L7C7,A0A077L7C7_PROEL,PeBP(R)-II,Protobothrops elegans,88086,2,Phospholipase_A2(PLA2),train,2
3965,3965,tr,I2DAL4,I2DAL4_BOTDP,Acidic secretory phospholipase A2 sPLA2-I,Bothrops diporus,1107943,2,Phospholipase_A2(PLA2),train,2
3966,3966,tr,A0A0B8RU45,A0A0B8RU45_9SAUR,5'-3' exonuclease PLD3,Philothamnus irregularis,1899461,3,Phospholipase_A2(PLA2),train,2
3967,3967,tr,A0AAW1AWM5,A0AAW1AWM5_CROAD,5'-3' exonuclease PLD3,Crotalus adamanteus,8729,3,Phospholipase_A2(PLA2),train,2
3968,3968,tr,A0A096XPP8,A0A096XPP8_GLOIT,Basic phospholipase A2,Gloydius intermedius,44732,2,Phospholipase_A2(PLA2),train,2
3969,3969,tr,A0A182C6F2,A0A182C6F2_9SAUR,Gamma type PLA2 inhibitor,Phalotris mertensi,1260334,3,Phospholipase_A2(PLA2),train,2
3970,3970,tr,A0A0A1WDQ3,A0A0A1WDQ3_ECHCO,Phospholipase A2 Group IIA a (Fragment),Echis coloratus,64175,2,Phospholipase_A2(PLA2),train,2
3971,3971,tr,A0A0A1WC82,A0A0A1WC82_ECHCO,Phospholipase A2 Group IIA c,Echis coloratus,64175,2,Phospholipase_A2(PLA2),train,2
3972,3972,tr,A0A0A1WCG3,A0A0A1WCG3_ECHCO,Phospholipase A2 Group IIA d,Echis coloratus,64175,2,Phospholipase_A2(PLA2),train,2
3973,3973,tr,A0A0A1WCW3,A0A0A1WCW3_ECHCO,Phospholipase A2 Group IIA e (Fragment),Echis coloratus,64175,2,Phospholipase_A2(PLA2),val,2
3974,3974,tr,A0AAW1BEJ8,A0AAW1BEJ8_CROAD,Group XIIB secretory phospholipase A2-like protein,Crotalus adamanteus,8729,3,Phospholipase_A2(PLA2),val,2
3975,3975,tr,A0A0A1WDL6,A0A0A1WDL6_ECHCO,Phospholipase A2 Group IIA b (Fragment),Echis coloratus,64175,2,Phospholipase_A2(PLA2),train,2
3976,3976,tr,I2DAL6,I2DAL6_BOTDP,Putative phospholipase A2-like myotoxin Myo-II,Bothrops diporus,1107943,2,Phospholipase_A2(PLA2),train,2
3977,3977,tr,A0A2D4GKQ1,A0A2D4GKQ1_MICCO,Phosphatidylinositol-specific phospholipase C X domain-containing protein (Fragment),Micrurus corallinus,54390,4,Phospholipase_A2(PLA2),train,2
3978,3978,tr,V8PGP8,V8PGP8_OPHHA,Patatin-like phospholipase domain-containing protein 2 (Fragment),Ophiophagus hannah,8665,4,Phospholipase_A2(PLA2),train,2
3979,3979,tr,A0A9F2R540,A0A9F2R540_PYTBI,Phospholipase A2 inhibitor and Ly6/PLAUR domain-containing protein-like,Python bivittatus,176946,3,Phospholipase_A2(PLA2),train,2
3980,3980,tr,A0A0F7Z4M4,A0A0F7Z4M4_CROAD,Group XIIA secretory phospholipase A2,Crotalus adamanteus,8729,2,Phospholipase_A2(PLA2),val,2
3981,3981,tr,A0A223PK49,A0A223PK49_DABRR,Group XIIA secretory phospholipase A2 (Fragment),Daboia russelii,8707,2,Phospholipase_A2(PLA2),train,2
3982,3982,tr,A0A096XPP1,A0A096XPP1_GLOIT,Acidic phospholipase A2 isoform a,Gloydius intermedius,44732,2,Phospholipase_A2(PLA2),train,2
3983,3983,tr,A0A096XPP6,A0A096XPP6_GLOIT,Acidic phospholipase A2 isoform b,Gloydius intermedius,44732,2,Phospholipase_A2(PLA2),val,2
3984,3984,tr,A0A223PK40,A0A223PK40_DABRR,Secretory phospholipase A2 receptor (Fragment),Daboia russelii,8707,2,Phospholipase_A2(PLA2),train,2
3985,3985,tr,A0A0B8RPP0,A0A0B8RPP0_9SAUR,Phospholipase A2 inhibitor,Philothamnus irregularis,1899461,4,Phospholipase_A2(PLA2),train,2
3986,3986,tr,J3S0I2,J3S0I2_CROAD,Phospholipase A2 inhibitor,Crotalus adamanteus,8729,2,Phospholipase_A2(PLA2),train,2
3987,3987,tr,A0A182C5U2,A0A182C5U2_9SAUR,Beta type PLA2 inhibitor (Fragment),Phalotris mertensi,1260334,4,Phospholipase_A2(PLA2),train,2
3988,3988,tr,A0A346CLZ3,A0A346CLZ3_9SAUR,Phospholipase A2 inhibitor 1 (Fragment),Ahaetulla prasina,499056,2,Phospholipase_A2(PLA2),train,2
3989,3989,tr,A0A346CI92,A0A346CI92_SPISL,Phospholipase inhibitor 1 (Fragment),Spilotes sulphureus,1899469,2,Phospholipase_A2(PLA2),train,2
3990,3990,tr,T1DJP3,T1DJP3_CROHD,Phospholipase A2 inhibitor subunit gamma B-like protein,Crotalus horridus,35024,2,Phospholipase_A2(PLA2),train,2
3991,3991,tr,A0AAW1AXH4,A0AAW1AXH4_CROAD,Phospholipase A2 inhibitor 1,Crotalus adamanteus,8729,3,Phospholipase_A2(PLA2),train,2
3992,3992,tr,A0AAW1AY83,A0AAW1AY83_CROAD,Phospholipase A2 inhibitor subunit gamma B,Crotalus adamanteus,8729,4,Phospholipase_A2(PLA2),train,2
3993,3993,tr,J3SF11,J3SF11_CROAD,Phospholipase A2 inhibitor subunit gamma B,Crotalus adamanteus,8729,2,Phospholipase_A2(PLA2),train,2
3994,3994,tr,A0A0B8RU42,A0A0B8RU42_9SAUR,Phospholipase A2 inhibitor subunit gamma B,Philothamnus irregularis,1899461,3,Phospholipase_A2(PLA2),train,2
3995,3995,tr,A0A0B8RWU6,A0A0B8RWU6_9SAUR,Phospholipase A2 inhibitor subunit gamma B,Philothamnus irregularis,1899461,3,Phospholipase_A2(PLA2),train,2
3996,3996,tr,V8NFW2,V8NFW2_OPHHA,Phospholipase A2 inhibitor subunit gamma B (Fragment),Ophiophagus hannah,8665,4,Phospholipase_A2(PLA2),train,2
3997,3997,tr,J3S9A4,J3S9A4_CROAD,Phospholipase A2 inhibitor subunit gamma B-like,Crotalus adamanteus,8729,2,Phospholipase_A2(PLA2),val,2
3998,3998,tr,A0AAW1AXJ7,A0AAW1AXJ7_CROAD,Phospholipase A2 inhibitor subunit gamma B-like,Crotalus adamanteus,8729,4,Phospholipase_A2(PLA2),val,2
3999,3999,tr,A0A2H6NBN6,A0A2H6NBN6_9SAUR,Phospholipase A2 inhibitor N-terminal domain-containing protein,Micrurus carvalhoi,3147026,3,Phospholipase_A2(PLA2),test,2
4000,4000,tr,A0AAW1AXI6,A0AAW1AXI6_CROAD,Phospholipase A2 inhibitor 31 kDa subunit-like (Fragment),Crotalus adamanteus,8729,4,Phospholipase_A2(PLA2),val,2
4001,4001,tr,A0AAW1AXJ9,A0AAW1AXJ9_CROAD,Phospholipase A2 inhibitor subunit gamma B-like,Crotalus adamanteus,8729,3,Phospholipase_A2(PLA2),train,2
4002,4002,tr,V8NAL5,V8NAL5_OPHHA,Phospholipase A2 inhibitor N-terminal domain-containing protein (Fragment),Ophiophagus hannah,8665,3,Phospholipase_A2(PLA2),train,2
4003,4003,tr,V8NM84,V8NM84_OPHHA,Phospholipase A2 inhibitor N-terminal domain-containing protein (Fragment),Ophiophagus hannah,8665,3,Phospholipase_A2(PLA2),train,2
4004,4004,tr,V8NAC5,V8NAC5_OPHHA,Phospholipase A2 inhibitor N-terminal domain-containing protein (Fragment),Ophiophagus hannah,8665,3,Phospholipase_A2(PLA2),train,2
4005,4005,tr,B2BRT0,B2BRT0_AUSLA,Truncated putative phospholipase A2,Austrelaps labialis,471292,2,Phospholipase_A2(PLA2),train,2
4006,4006,tr,A0AAW1AXG4,A0AAW1AXG4_CROAD,Phospholipase A2 inhibitor and Ly6/PLAUR domain-containing protein,Crotalus adamanteus,8729,3,Phospholipase_A2(PLA2),train,2
4007,4007,tr,A0AAW1AY60,A0AAW1AY60_CROAD,Phospholipase A2 inhibitor and Ly6/PLAUR domain-containing protein-like,Crotalus adamanteus,8729,4,Phospholipase_A2(PLA2),train,2
4008,4008,tr,A0AAW1AY45,A0AAW1AY45_CROAD,Phospholipase A2 inhibitor and Ly6/PLAUR domain-containing protein-like,Crotalus adamanteus,8729,4,Phospholipase_A2(PLA2),train,2
4009,4009,tr,A0AAW1AY90,A0AAW1AY90_CROAD,Phospholipase A2 inhibitor and Ly6/PLAUR domain-containing protein-like,Crotalus adamanteus,8729,3,Phospholipase_A2(PLA2),train,2
4010,4010,tr,V8NGT4,V8NGT4_OPHHA,Phospholipase A2 inhibitor N-terminal domain-containing protein,Ophiophagus hannah,8665,3,Phospholipase_A2(PLA2),train,2
4011,4011,tr,A0A077LCZ9,A0A077LCZ9_PROEL,Phospholipase A2 3 (Fragment),Protobothrops elegans,88086,2,Phospholipase_A2(PLA2),train,2
4012,4012,tr,A0A8C6Y6N6,A0A8C6Y6N6_NAJNA,Phospholipase A2 receptor 1,Naja naja,35670,3,Phospholipase_A2(PLA2),train,2
4013,4013,tr,A0A670YRK6,A0A670YRK6_PSETE,Phospholipase A2 receptor 1,Pseudonaja textilis,8673,3,Phospholipase_A2(PLA2),train,2
4014,4014,tr,A0A8C6Y357,A0A8C6Y357_NAJNA,Phospholipase A2 receptor 1,Naja naja,35670,3,Phospholipase_A2(PLA2),train,2
4015,4015,tr,A0A6J1UH83,A0A6J1UH83_9SAUR,Secretory phospholipase A2 receptor-like,Notechis scutatus,8663,3,Phospholipase_A2(PLA2),test,2
4016,4016,tr,A0A6J1UNU0,A0A6J1UNU0_9SAUR,Secretory phospholipase A2 receptor-like,Notechis scutatus,8663,3,Phospholipase_A2(PLA2),train,2
4017,4017,tr,A0A2D4I3Q5,A0A2D4I3Q5_MICLE,phospholipase A2 (Fragment),Micrurus lemniscatus lemniscatus,129467,4,Phospholipase_A2(PLA2),test,2
4018,4018,tr,A0A2D4PJL6,A0A2D4PJL6_MICSU,phospholipase A2 (Fragment),Micrurus surinamensis,129470,4,Phospholipase_A2(PLA2),test,2
4019,4019,tr,A0A2D4H4Z7,A0A2D4H4Z7_MICCO,phospholipase D (Fragment),Micrurus corallinus,54390,4,Phospholipase_A2(PLA2),train,2
4020,4020,tr,A0A2D4IE24,A0A2D4IE24_MICLE,phospholipase D (Fragment),Micrurus lemniscatus lemniscatus,129467,4,Phospholipase_A2(PLA2),test,2
4021,4021,tr,A0A2D4MB92,A0A2D4MB92_9SAUR,phospholipase A2 (Fragment),Micrurus spixii,129469,4,Phospholipase_A2(PLA2),val,2
4022,4022,tr,U3T783,U3T783_PROFL,Phospholipase a2 (Fragment),Protobothrops flavoviridis,88087,2,Phospholipase_A2(PLA2),train,2
4023,4023,tr,A0AAW1AZ38,A0AAW1AZ38_CROAD,Phospholipase DDHD2,Crotalus adamanteus,8729,3,Phospholipase_A2(PLA2),train,2
4024,4024,tr,A0AAW1C6Y4,A0AAW1C6Y4_CROAD,Phospholipase A2,Crotalus adamanteus,8729,4,Phospholipase_A2(PLA2),train,2
4025,4025,tr,A0AAW1C563,A0AAW1C563_CROAD,Phospholipase DDHD1,Crotalus adamanteus,8729,3,Phospholipase_A2(PLA2),train,2
4026,4026,tr,A0AAW1C5N2,A0AAW1C5N2_CROAD,phospholipase A2,Crotalus adamanteus,8729,4,Phospholipase_A2(PLA2),train,2
4027,4027,tr,A0AAW1C7H4,A0AAW1C7H4_CROAD,Phospholipase A2,Crotalus adamanteus,8729,4,Phospholipase_A2(PLA2),train,2
4028,4028,tr,D9N4C0,D9N4C0_PROEL,Phospholipase A2 inhibitor,Protobothrops elegans,88086,2,Phospholipase_A2(PLA2),train,2
4029,4029,tr,D9N4C2,D9N4C2_PROEL,Phospholipase A2 inhibitor,Protobothrops elegans,88086,2,Phospholipase_A2(PLA2),train,2
4030,4030,tr,D9N4C1,D9N4C1_PROEL,Phospholipase A2 inhibitor,Protobothrops elegans,88086,2,Phospholipase_A2(PLA2),train,2
4031,4031,tr,D9N4C3,D9N4C3_PROEL,Phospholipase A2 inhibitor,Protobothrops elegans,88086,2,Phospholipase_A2(PLA2),train,2
4032,4032,tr,D9N4C4,D9N4C4_PROEL,Phospholipase A2 inhibitor,Protobothrops elegans,88086,2,Phospholipase_A2(PLA2),train,2
4033,4033,tr,D9N4C5,D9N4C5_PROEL,Phospholipase A2 inhibitor,Protobothrops elegans,88086,2,Phospholipase_A2(PLA2),test,2
4034,4034,tr,V8N7R3,V8N7R3_OPHHA,Phospholipase D3 (Fragment),Ophiophagus hannah,8665,4,Phospholipase_A2(PLA2),train,2
4035,4035,tr,V8N3V5,V8N3V5_OPHHA,phospholipase D (Fragment),Ophiophagus hannah,8665,4,Phospholipase_A2(PLA2),train,2
4036,4036,tr,A0A2Z4N9S5,A0A2Z4N9S5_9SAUR,Phospholipase A2 inhibitor (Fragment),Philothamnus irregularis,1899461,2,Phospholipase_A2(PLA2),val,2
4037,4037,tr,A0A8C6X354,A0A8C6X354_NAJNA,Phospholipase A2 inhibitor,Naja naja,35670,3,Phospholipase_A2(PLA2),train,2
4038,4038,tr,A0A2Z4N9V7,A0A2Z4N9V7_9SAUR,Phospholipase A2 inhibitor (Fragment),Philothamnus irregularis,1899461,2,Phospholipase_A2(PLA2),train,2
4039,4039,tr,A0A8C6VGI3,A0A8C6VGI3_NAJNA,Phospholipase A2 inhibitor,Naja naja,35670,3,Phospholipase_A2(PLA2),train,2
4040,4040,tr,A0A2D4KDF3,A0A2D4KDF3_9SAUR,Phosphoinositide phospholipase C (Fragment),Micrurus paraensis,1970185,4,Phospholipase_A2(PLA2),train,2
4041,4041,tr,A0A2D4PPX6,A0A2D4PPX6_MICSU,phosphoinositide phospholipase C (Fragment),Micrurus surinamensis,129470,4,Phospholipase_A2(PLA2),train,2
4042,4042,tr,A0A2D4IT94,A0A2D4IT94_MICLE,Phosphoinositide phospholipase C (Fragment),Micrurus lemniscatus lemniscatus,129467,4,Phospholipase_A2(PLA2),train,2
4043,4043,tr,A0A2D4JXZ7,A0A2D4JXZ7_9SAUR,Phospholipase B-like,Micrurus paraensis,1970185,4,Phospholipase_A2(PLA2),train,2
4044,4044,tr,A0A2D4EPX7,A0A2D4EPX7_MICCO,phosphoinositide phospholipase C,Micrurus corallinus,54390,4,Phospholipase_A2(PLA2),train,2
4045,4045,tr,A0A2D4GYK6,A0A2D4GYK6_MICCO,Phosphoinositide phospholipase C (Fragment),Micrurus corallinus,54390,4,Phospholipase_A2(PLA2),train,2
4046,4046,tr,A0A2D4PLE0,A0A2D4PLE0_MICSU,Phospholipase B-like (Fragment),Micrurus surinamensis,129470,4,Phospholipase_A2(PLA2),test,2
4047,4047,tr,A0A2D4PPE6,A0A2D4PPE6_MICSU,Phosphoinositide phospholipase C (Fragment),Micrurus surinamensis,129470,4,Phospholipase_A2(PLA2),train,2
4048,4048,tr,A0A2D4EM35,A0A2D4EM35_MICCO,Phospholipase B-like (Fragment),Micrurus corallinus,54390,4,Phospholipase_A2(PLA2),test,2
4049,4049,tr,A0A2D4IIS7,A0A2D4IIS7_MICLE,phosphoinositide phospholipase C (Fragment),Micrurus lemniscatus lemniscatus,129467,4,Phospholipase_A2(PLA2),val,2
4050,4050,tr,G1UJB0,G1UJB0_PROFL,Phospholipase A2 inhibitor IV,Protobothrops flavoviridis,88087,2,Phospholipase_A2(PLA2),train,2
4051,4051,tr,A0A0F7Z635,A0A0F7Z635_CROAD,Phospholipase A2 inhibitor,Crotalus adamanteus,8729,2,Phospholipase_A2(PLA2),train,2
4052,4052,tr,U3F748,U3F748_MICFL,Cytosolic phospholipase A2 gamma-like protein,Micrurus fulvius,8637,2,Phospholipase_A2(PLA2),train,2
4053,4053,tr,A0A481S725,A0A481S725_BOTMO,Phospholipase A2 inhibitor,Bothrops moojeni,98334,2,Phospholipase_A2(PLA2),train,2
4054,4054,tr,A0A0B8RQQ0,A0A0B8RQQ0_9SAUR,Phospholipase A2 inhibitor,Philothamnus irregularis,1899461,4,Phospholipase_A2(PLA2),val,2
4055,4055,tr,A0A481S7E6,A0A481S7E6_BOTJA,Phospholipase A2 inhibitor,Bothrops jararaca,8724,2,Phospholipase_A2(PLA2),train,2
4056,4056,tr,A0A0B8RXU2,A0A0B8RXU2_9SAUR,Phospholipase A2 inhibitor,Philothamnus irregularis,1899461,4,Phospholipase_A2(PLA2),train,2
4057,4057,tr,A0A481S6U8,A0A481S6U8_BOTAL,Phospholipase A2 inhibitor,Bothrops alternatus,64174,2,Phospholipase_A2(PLA2),train,2
4058,4058,tr,A0AAW1C599,A0AAW1C599_CROAD,PLA2G4E: Phospholipase A2,Crotalus adamanteus,8729,4,Phospholipase_A2(PLA2),train,2
4059,4059,tr,A0A481S7U7,A0A481S7U7_CRODU,Phospholipase A2 inhibitor,Crotalus durissus terrificus,8732,2,Phospholipase_A2(PLA2),train,2
4060,4060,tr,A0A481S8C9,A0A481S8C9_BOTNU,Phospholipase A2 inhibitor,Bothrops neuwiedi,95648,2,Phospholipase_A2(PLA2),train,2
4061,4061,tr,A0AAW1CBH4,A0AAW1CBH4_CROAD,Inactive phospholipase D5,Crotalus adamanteus,8729,3,Phospholipase_A2(PLA2),train,2
4062,4062,tr,V8N2S8,V8N2S8_OPHHA,phosphoinositide phospholipase C (Fragment),Ophiophagus hannah,8665,4,Phospholipase_A2(PLA2),train,2
4063,4063,tr,V8N5K6,V8N5K6_OPHHA,Phospholipase A2 inhibitor (Fragment),Ophiophagus hannah,8665,4,Phospholipase_A2(PLA2),train,2
4064,4064,tr,A0A2D4ILF9,A0A2D4ILF9_MICLE,Phospholipase A2 group VI,Micrurus lemniscatus lemniscatus,129467,4,Phospholipase_A2(PLA2),train,2
4065,4065,tr,A0A2D4JY02,A0A2D4JY02_9SAUR,"Phospholipase B1, membrane-associated",Micrurus paraensis,1970185,4,Phospholipase_A2(PLA2),train,2
4066,4066,tr,A0A2D4MBH3,A0A2D4MBH3_9SAUR,Phospholipase A2 group VI,Micrurus spixii,129469,4,Phospholipase_A2(PLA2),train,2
4067,4067,tr,A0A2D4MV67,A0A2D4MV67_9SAUR,"Phospholipase B1, membrane-associated (Fragment)",Micrurus spixii,129469,4,Phospholipase_A2(PLA2),train,2
4068,4068,tr,A0A2H4N3E1,A0A2H4N3E1_BOTMO,Phospholipase A2 inhibitor 2 (Fragment),Bothrops moojeni,98334,2,Phospholipase_A2(PLA2),test,2
4069,4069,tr,A0A2D4GY79,A0A2D4GY79_MICCO,Group XV phospholipase A2 (Fragment),Micrurus corallinus,54390,3,Phospholipase_A2(PLA2),val,2
4070,4070,tr,A0A2D4IL99,A0A2D4IL99_MICLE,Phospholipase A2 group VI,Micrurus lemniscatus lemniscatus,129467,4,Phospholipase_A2(PLA2),train,2
4071,4071,tr,A0A2D4MWF4,A0A2D4MWF4_9SAUR,"Phospholipase B1, membrane-associated",Micrurus spixii,129469,4,Phospholipase_A2(PLA2),train,2
4072,4072,tr,A0A2H4N3D8,A0A2H4N3D8_BOTMO,Phospholipase A2 inhibitor 1 (Fragment),Bothrops moojeni,98334,2,Phospholipase_A2(PLA2),train,2
4073,4073,tr,A0A6P9DBK2,A0A6P9DBK2_PANGU,Phospholipase A2 inhibitor LNF1-like,Pantherophis guttatus,94885,3,Phospholipase_A2(PLA2),train,2
4074,4074,tr,A0AAW1B5E0,A0AAW1B5E0_CROAD,Cytosolic phospholipase A2 gamma,Crotalus adamanteus,8729,4,Phospholipase_A2(PLA2),train,2
4075,4075,tr,A0AAW1C420,A0AAW1C420_CROAD,Phospholipase A2 inhibitor-like,Crotalus adamanteus,8729,4,Phospholipase_A2(PLA2),train,2
4076,4076,tr,A0AAW1C8B1,A0AAW1C8B1_CROAD,Secretory phospholipase A2 receptor,Crotalus adamanteus,8729,4,Phospholipase_A2(PLA2),train,2
4077,4077,tr,A0AAW1CCB9,A0AAW1CCB9_CROAD,Phospholipase B1 membrane-associated,Crotalus adamanteus,8729,4,Phospholipase_A2(PLA2),train,2
4078,4078,tr,A0AAW1ATF8,A0AAW1ATF8_CROAD,Group XV phospholipase A2,Crotalus adamanteus,8729,3,Phospholipase_A2(PLA2),train,2
4079,4079,tr,A0AAW1CC30,A0AAW1CC30_CROAD,Phospholipase B1 membrane-associated,Crotalus adamanteus,8729,4,Phospholipase_A2(PLA2),train,2
4080,4080,tr,A0A6I9Z7H6,A0A6I9Z7H6_9SAUR,Phospholipase A2 inhibitor and Ly6/PLAUR domain-containing protein-like,Thamnophis sirtalis,35019,4,Phospholipase_A2(PLA2),train,2
4081,4081,tr,A0A9F2WIF5,A0A9F2WIF5_PYTBI,Phospholipase A2 inhibitor LNF2-like,Python bivittatus,176946,3,Phospholipase_A2(PLA2),train,2
4082,4082,tr,A0A6I9YZM2,A0A6I9YZM2_9SAUR,Phospholipase A2 inhibitor LNF2-like,Thamnophis sirtalis,35019,3,Phospholipase_A2(PLA2),train,2
4083,4083,tr,V8NDC8,V8NDC8_OPHHA,Group XVI phospholipase A2 (Fragment),Ophiophagus hannah,8665,3,Phospholipase_A2(PLA2),val,2
4084,4084,tr,V8NN21,V8NN21_OPHHA,"Phospholipase B1, membrane-associated (Fragment)",Ophiophagus hannah,8665,4,Phospholipase_A2(PLA2),train,2
4085,4085,tr,V8NS07,V8NS07_OPHHA,Group XV phospholipase A2 (Fragment),Ophiophagus hannah,8665,3,Phospholipase_A2(PLA2),train,2
4086,4086,tr,V8N5U5,V8N5U5_OPHHA,Cytosolic phospholipase A2 gamma (Fragment),Ophiophagus hannah,8665,4,Phospholipase_A2(PLA2),train,2
4087,4087,tr,V8NJ26,V8NJ26_OPHHA,Cytosolic phospholipase A2 epsilon (Fragment),Ophiophagus hannah,8665,4,Phospholipase_A2(PLA2),train,2
4088,4088,tr,V8NA92,V8NA92_OPHHA,Cytosolic phospholipase A2 beta (Fragment),Ophiophagus hannah,8665,4,Phospholipase_A2(PLA2),train,2
4089,4089,tr,V8NHU8,V8NHU8_OPHHA,Cytosolic phospholipase A2 delta (Fragment),Ophiophagus hannah,8665,4,Phospholipase_A2(PLA2),train,2
4090,4090,tr,V8NSF7,V8NSF7_OPHHA,Group XVI phospholipase A2 (Fragment),Ophiophagus hannah,8665,3,Phospholipase_A2(PLA2),val,2
4091,4091,tr,J3S8A0,J3S8A0_CROAD,Calcium-independent phospholipase A2-gamma-like,Crotalus adamanteus,8729,2,Phospholipase_A2(PLA2),train,2
4092,4092,tr,V8NC20,V8NC20_OPHHA,Cytosolic phospholipase A2 beta (Fragment),Ophiophagus hannah,8665,4,Phospholipase_A2(PLA2),train,2
4093,4093,tr,V8NIR9,V8NIR9_OPHHA,Cytosolic phospholipase A2 zeta (Fragment),Ophiophagus hannah,8665,4,Phospholipase_A2(PLA2),train,2
4094,4094,tr,A0A2D4PV26,A0A2D4PV26_MICSU,Phospholipase A2 domain-containing protein,Micrurus surinamensis,129470,4,Phospholipase_A2(PLA2),train,2
4095,4095,tr,A0A2D4HA38,A0A2D4HA38_MICLE,Phospholipase A2 domain-containing protein (Fragment),Micrurus lemniscatus lemniscatus,129467,4,Phospholipase_A2(PLA2),train,2
4096,4096,tr,A0A2D4MSI7,A0A2D4MSI7_9SAUR,Phospholipase A2 domain-containing protein (Fragment),Micrurus spixii,129469,4,Phospholipase_A2(PLA2),train,2
4097,4097,tr,A0A2D4NC45,A0A2D4NC45_9SAUR,Phospholipase A2 domain-containing protein (Fragment),Micrurus spixii,129469,4,Phospholipase_A2(PLA2),test,2
4098,4098,tr,Q7LZG4,Q7LZG4_OXYSC,Phospholipase A2 OS2 (Fragment),Oxyuranus scutellatus scutellatus,8667,1,Phospholipase_A2(PLA2),train,2
4099,4099,tr,A0A0F7Z5B9,A0A0F7Z5B9_MICFL,Calcium-independent phospholipase A2-gamma,Micrurus fulvius,8637,2,Phospholipase_A2(PLA2),train,2
4100,4100,tr,A0A0F7Z636,A0A0F7Z636_CROAD,Calcium-independent phospholipase A2-gamma,Crotalus adamanteus,8729,2,Phospholipase_A2(PLA2),train,2
4101,4101,tr,A0A0B8RQP8,A0A0B8RQP8_9SAUR,Phospholipase A2 inhibitor subunit B,Philothamnus irregularis,1899461,4,Phospholipase_A2(PLA2),train,2
4102,4102,tr,A0AAW1B3I8,A0AAW1B3I8_CROAD,Inactive phospholipase C-like 2,Crotalus adamanteus,8729,4,Phospholipase_A2(PLA2),train,2
4103,4103,tr,A0AAW1BCV2,A0AAW1BCV2_CROAD,Calcium-independent phospholipase A2-gamma,Crotalus adamanteus,8729,4,Phospholipase_A2(PLA2),train,2
4104,4104,tr,A0AAW1BER9,A0AAW1BER9_CROAD,Phospholipase A2 inhibitor subunit A,Crotalus adamanteus,8729,4,Phospholipase_A2(PLA2),test,2
4105,4105,tr,A0AAW1C5H5,A0AAW1C5H5_CROAD,Cytosolic phospholipase A2 epsilon-like,Crotalus adamanteus,8729,4,Phospholipase_A2(PLA2),train,2
4106,4106,tr,A0AAW1C5T6,A0AAW1C5T6_CROAD,Cytosolic phospholipase A2 beta-like,Crotalus adamanteus,8729,4,Phospholipase_A2(PLA2),train,2
4107,4107,tr,A0A223PK35,A0A223PK35_DABRR,Group 15 secretory phospholipase A2 (Fragment),Daboia russelii,8707,2,Phospholipase_A2(PLA2),train,2
4108,4108,tr,A0A223PK42,A0A223PK42_DABRR,Group 4C secretory phospholipase A2 (Fragment),Daboia russelii,8707,2,Phospholipase_A2(PLA2),test,2
4109,4109,tr,A0A223PK46,A0A223PK46_DABRR,Group 12B secretory phospholipase A2 (Fragment),Daboia russelii,8707,2,Phospholipase_A2(PLA2),train,2
4110,4110,tr,A0AAW1C5U7,A0AAW1C5U7_CROAD,Cytosolic phospholipase A2 epsilon-like,Crotalus adamanteus,8729,4,Phospholipase_A2(PLA2),train,2
4111,4111,tr,A0AAW1C3S6,A0AAW1C3S6_CROAD,Phospholipase A2 inhibitor subunit B,Crotalus adamanteus,8729,4,Phospholipase_A2(PLA2),train,2
4112,4112,tr,A0AAW1B4U9,A0AAW1B4U9_CROAD,PLA2G4C: Cytosolic phospholipase A2 gamma,Crotalus adamanteus,8729,4,Phospholipase_A2(PLA2),train,2
4113,4113,tr,A0AAW1C6H3,A0AAW1C6H3_CROAD,Cytosolic phospholipase A2 epsilon-like,Crotalus adamanteus,8729,4,Phospholipase_A2(PLA2),train,2
4114,4114,tr,A0AAW1C9L7,A0AAW1C9L7_CROAD,Inactive phospholipase C-like 1,Crotalus adamanteus,8729,4,Phospholipase_A2(PLA2),train,2
4115,4115,tr,A0A6P9DRR7,A0A6P9DRR7_PANGU,Phospholipase A2 inhibitor subunit gamma B-like,Pantherophis guttatus,94885,4,Phospholipase_A2(PLA2),val,2
4116,4116,tr,A0A6I9Z7H0,A0A6I9Z7H0_9SAUR,Phospholipase A2 inhibitor 25 kDa subunit-like,Thamnophis sirtalis,35019,4,Phospholipase_A2(PLA2),val,2
4117,4117,tr,A0A6J1V1V0,A0A6J1V1V0_9SAUR,Phospholipase A2 inhibitor subunit gamma B-like,Notechis scutatus,8663,4,Phospholipase_A2(PLA2),train,2
4118,4118,tr,A0A6P9B6L0,A0A6P9B6L0_PANGU,Phospholipase A2 inhibitor subunit gamma B-like,Pantherophis guttatus,94885,4,Phospholipase_A2(PLA2),train,2
4119,4119,tr,V8N1D8,V8N1D8_OPHHA,Phospholipase A2 domain-containing protein (Fragment),Ophiophagus hannah,8665,4,Phospholipase_A2(PLA2),train,2
4120,4120,tr,V8PF92,V8PF92_OPHHA,Phosphatidylinositol-glycan-specific phospholipase D (Fragment),Ophiophagus hannah,8665,4,Phospholipase_A2(PLA2),test,2
4121,4121,tr,A0A2D4MU97,A0A2D4MU97_9SAUR,Inactive phospholipase C-like protein 2,Micrurus spixii,129469,4,Phospholipase_A2(PLA2),test,2
4122,4122,tr,A0A6I9XSF4,A0A6I9XSF4_9SAUR,Phospholipase A2 inhibitor subunit gamma B-like,Thamnophis sirtalis,35019,3,Phospholipase_A2(PLA2),train,2
4123,4123,tr,A0A9F3QSR7,A0A9F3QSR7_PYTBI,Phospholipase A2 inhibitor subunit gamma B-like,Python bivittatus,176946,3,Phospholipase_A2(PLA2),train,2
4124,4124,tr,A0A6P9DPM2,A0A6P9DPM2_PANGU,Phospholipase A2 inhibitor subunit gamma B-like,Pantherophis guttatus,94885,3,Phospholipase_A2(PLA2),train,2
4125,4125,tr,B2D1Y1,B2D1Y1_BOTJR,Phospholipase A2 myotoxin inhibitor protein gamma-type (Fragment),Bothrops jararacussu,8726,2,Phospholipase_A2(PLA2),train,2
4126,4126,tr,A0A6J1WB30,A0A6J1WB30_9SAUR,Phospholipase A2 inhibitor 25 kDa subunit-like,Notechis scutatus,8663,3,Phospholipase_A2(PLA2),train,2
4127,4127,tr,A0A6P9DDX6,A0A6P9DDX6_PANGU,Phospholipase A2 inhibitor subunit gamma B-like,Pantherophis guttatus,94885,3,Phospholipase_A2(PLA2),train,2
4128,4128,tr,A0AAW1BJX9,A0AAW1BJX9_CROAD,Group 10 secretory phospholipase A2-like,Crotalus adamanteus,8729,4,Phospholipase_A2(PLA2),train,2
4129,4129,tr,A0A6J1W3P4,A0A6J1W3P4_9SAUR,Phospholipase A2 inhibitor 25 kDa subunit-like isoform X1,Notechis scutatus,8663,3,Phospholipase_A2(PLA2),train,2
4130,4130,tr,V8N4I4,V8N4I4_OPHHA,N-acyl-phosphatidylethanolamine-hydrolyzing phospholipase D (Fragment),Ophiophagus hannah,8665,4,Phospholipase_A2(PLA2),val,2
4131,4131,tr,A0AAW1ARP3,A0AAW1ARP3_CROAD,Patatin-like phospholipase domain-containing protein 7,Crotalus adamanteus,8729,4,Phospholipase_A2(PLA2),val,2
4132,4132,tr,A0A2D4F7Z1,A0A2D4F7Z1_MICCO,Phospholipase C-beta C-terminal domain-containing protein (Fragment),Micrurus corallinus,54390,4,Phospholipase_A2(PLA2),train,2
4133,4133,tr,A0A2D4F828,A0A2D4F828_MICCO,Phospholipase C-beta C-terminal domain-containing protein (Fragment),Micrurus corallinus,54390,4,Phospholipase_A2(PLA2),val,2
4134,4134,tr,A0A2D4PPT8,A0A2D4PPT8_MICSU,Phosphatidylinositol-specific phospholipase C X domain-containing protein (Fragment),Micrurus surinamensis,129470,4,Phospholipase_A2(PLA2),train,2
4135,4135,tr,A0A2D4F619,A0A2D4F619_MICCO,Phosphatidylinositol-specific phospholipase C X domain-containing protein (Fragment),Micrurus corallinus,54390,4,Phospholipase_A2(PLA2),train,2
4136,4136,tr,A0A2D4MC06,A0A2D4MC06_9SAUR,Phospholipase C-beta C-terminal domain-containing protein (Fragment),Micrurus spixii,129469,4,Phospholipase_A2(PLA2),train,2
4137,4137,tr,A0A2D4INC7,A0A2D4INC7_MICLE,Phosphatidylinositol-specific phospholipase C X domain-containing protein (Fragment),Micrurus lemniscatus lemniscatus,129467,4,Phospholipase_A2(PLA2),train,2
4138,4138,tr,A0A2D4IXY4,A0A2D4IXY4_MICLE,Phosphatidylinositol-specific phospholipase C X domain-containing protein,Micrurus lemniscatus lemniscatus,129467,4,Phospholipase_A2(PLA2),train,2
4139,4139,tr,A0A2D4N989,A0A2D4N989_9SAUR,Phospholipase C-beta C-terminal domain-containing protein (Fragment),Micrurus spixii,129469,4,Phospholipase_A2(PLA2),train,2
4140,4140,tr,A0A2D4NY34,A0A2D4NY34_MICSU,Phosphatidylinositol-specific phospholipase C X domain-containing protein (Fragment),Micrurus surinamensis,129470,4,Phospholipase_A2(PLA2),test,2
4141,4141,tr,A0A2H6NCR1,A0A2H6NCR1_9SAUR,Phospholipase C-beta C-terminal domain-containing protein,Micrurus carvalhoi,3147026,4,Phospholipase_A2(PLA2),train,2
4142,4142,tr,A0A2D4F7Z0,A0A2D4F7Z0_MICCO,Phospholipase C-beta C-terminal domain-containing protein (Fragment),Micrurus corallinus,54390,4,Phospholipase_A2(PLA2),train,2
4143,4143,tr,A0A2D4K639,A0A2D4K639_9SAUR,Phosphatidylinositol-specific phospholipase C X domain-containing protein (Fragment),Micrurus paraensis,1970185,4,Phospholipase_A2(PLA2),train,2
4144,4144,tr,A0A2D4KS39,A0A2D4KS39_9SAUR,Phospholipase C-beta C-terminal domain-containing protein (Fragment),Micrurus paraensis,1970185,4,Phospholipase_A2(PLA2),train,2
4145,4145,tr,A0A2D4LH86,A0A2D4LH86_9SAUR,Phospholipase C-beta C-terminal domain-containing protein (Fragment),Micrurus spixii,129469,4,Phospholipase_A2(PLA2),val,2
4146,4146,tr,A0A2H6N479,A0A2H6N479_9SAUR,Phospholipase C-beta C-terminal domain-containing protein (Fragment),Micrurus carvalhoi,3147026,4,Phospholipase_A2(PLA2),train,2
4147,4147,tr,A0A2D4GE80,A0A2D4GE80_MICCO,Phosphatidylinositol-specific phospholipase C X domain-containing protein (Fragment),Micrurus corallinus,54390,4,Phospholipase_A2(PLA2),train,2
4148,4148,tr,A0A2D4GEA2,A0A2D4GEA2_MICCO,Phosphatidylinositol-specific phospholipase C X domain-containing protein (Fragment),Micrurus corallinus,54390,4,Phospholipase_A2(PLA2),train,2
4149,4149,tr,A0A2D4GF99,A0A2D4GF99_MICCO,Phosphatidylinositol-specific phospholipase C X domain-containing protein (Fragment),Micrurus corallinus,54390,4,Phospholipase_A2(PLA2),train,2
4150,4150,tr,A0A2D4Q239,A0A2D4Q239_MICSU,Phospholipase C-beta C-terminal domain-containing protein (Fragment),Micrurus surinamensis,129470,4,Phospholipase_A2(PLA2),train,2
4151,4151,tr,V8N859,V8N859_OPHHA,Group XIIB secretory phospholipase A2-like protein (Fragment),Ophiophagus hannah,8665,4,Phospholipase_A2(PLA2),train,2
4152,4152,tr,V8P7N8,V8P7N8_OPHHA,Patatin-like phospholipase domain-containing protein 4 (Fragment),Ophiophagus hannah,8665,4,Phospholipase_A2(PLA2),train,2
4153,4153,tr,V8N8M5,V8N8M5_OPHHA,Group XIIB secretory phospholipase A2-like protein (Fragment),Ophiophagus hannah,8665,4,Phospholipase_A2(PLA2),train,2
4154,4154,tr,A0A9F3QVF9,A0A9F3QVF9_PYTBI,Phospholipase A2 inhibitor and Ly6/PLAUR domain-containing protein-like,Python bivittatus,176946,4,Phospholipase_A2(PLA2),train,2
4155,4155,tr,A0A9F3QTX8,A0A9F3QTX8_PYTBI,Phospholipase A2 inhibitor and Ly6/PLAUR domain-containing protein,Python bivittatus,176946,3,Phospholipase_A2(PLA2),test,2
4156,4156,tr,A0A6I9Y6Q2,A0A6I9Y6Q2_9SAUR,Phospholipase A2 inhibitor and Ly6/PLAUR domain-containing protein,Thamnophis sirtalis,35019,3,Phospholipase_A2(PLA2),test,2
4157,4157,tr,A0A6P9DF84,A0A6P9DF84_PANGU,Phospholipase A2 inhibitor and Ly6/PLAUR domain-containing protein,Pantherophis guttatus,94885,3,Phospholipase_A2(PLA2),train,2
4158,4158,tr,A0A6J1V1U5,A0A6J1V1U5_9SAUR,Phospholipase A2 inhibitor and Ly6/PLAUR domain-containing protein-like,Notechis scutatus,8663,4,Phospholipase_A2(PLA2),train,2
4159,4159,tr,A0A9F2R8X3,A0A9F2R8X3_PYTBI,Phospholipase A2 inhibitor and Ly6/PLAUR domain-containing protein-like,Python bivittatus,176946,4,Phospholipase_A2(PLA2),train,2
4160,4160,tr,A0A6P9B2J9,A0A6P9B2J9_PANGU,Phospholipase A2 inhibitor and Ly6/PLAUR domain-containing protein-like,Pantherophis guttatus,94885,4,Phospholipase_A2(PLA2),train,2
4161,4161,tr,A0A6P9DD87,A0A6P9DD87_PANGU,Phospholipase A2 inhibitor and Ly6/PLAUR domain-containing protein-like,Pantherophis guttatus,94885,4,Phospholipase_A2(PLA2),train,2
4162,4162,tr,A0A6P9DFW6,A0A6P9DFW6_PANGU,Phospholipase A2 inhibitor and Ly6/PLAUR domain-containing protein-like,Pantherophis guttatus,94885,4,Phospholipase_A2(PLA2),train,2
4163,4163,tr,A0A6J1V1U1,A0A6J1V1U1_9SAUR,Phospholipase A2 inhibitor and Ly6/PLAUR domain-containing protein-like,Notechis scutatus,8663,4,Phospholipase_A2(PLA2),train,2
4164,4164,tr,A0A6J1V928,A0A6J1V928_9SAUR,Phospholipase A2 inhibitor and Ly6/PLAUR domain-containing protein-like,Notechis scutatus,8663,4,Phospholipase_A2(PLA2),train,2
4165,4165,tr,A0A6P9DD93,A0A6P9DD93_PANGU,Phospholipase A2 inhibitor and Ly6/PLAUR domain-containing protein-like,Pantherophis guttatus,94885,4,Phospholipase_A2(PLA2),train,2
4166,4166,tr,A0A9F2RDZ6,A0A9F2RDZ6_PYTBI,Phospholipase A2 inhibitor and Ly6/PLAUR domain-containing protein-like,Python bivittatus,176946,4,Phospholipase_A2(PLA2),val,2
4167,4167,tr,A0A6P9DEV7,A0A6P9DEV7_PANGU,Phospholipase A2 inhibitor and Ly6/PLAUR domain-containing protein-like,Pantherophis guttatus,94885,4,Phospholipase_A2(PLA2),train,2
4168,4168,tr,A0A6P9DFX1,A0A6P9DFX1_PANGU,Phospholipase A2 inhibitor and Ly6/PLAUR domain-containing protein-like,Pantherophis guttatus,94885,4,Phospholipase_A2(PLA2),train,2
4169,4169,tr,A0A9F3QVY1,A0A9F3QVY1_PYTBI,Phospholipase A2 inhibitor and Ly6/PLAUR domain-containing protein-like,Python bivittatus,176946,4,Phospholipase_A2(PLA2),train,2
4170,4170,tr,A0A9F5JCG2,A0A9F5JCG2_PYTBI,Phospholipase A2 inhibitor and Ly6/PLAUR domain-containing protein-like,Python bivittatus,176946,4,Phospholipase_A2(PLA2),train,2
4171,4171,tr,A0A6P9DT82,A0A6P9DT82_PANGU,Phospholipase A2 inhibitor and Ly6/PLAUR domain-containing protein-like,Pantherophis guttatus,94885,4,Phospholipase_A2(PLA2),train,2
4172,4172,tr,A0A9F2N8N3,A0A9F2N8N3_PYTBI,Phospholipase A2 inhibitor and Ly6/PLAUR domain-containing protein-like,Python bivittatus,176946,4,Phospholipase_A2(PLA2),train,2
4173,4173,tr,A0A9F2R4S9,A0A9F2R4S9_PYTBI,Phospholipase A2 inhibitor and Ly6/PLAUR domain-containing protein-like,Python bivittatus,176946,4,Phospholipase_A2(PLA2),train,2
4174,4174,tr,A0A2D4PNV7,A0A2D4PNV7_MICSU,MITD1 C-terminal phospholipase D-like domain-containing protein,Micrurus surinamensis,129470,4,Phospholipase_A2(PLA2),train,2
4175,4175,tr,A0A6J1W0A0,A0A6J1W0A0_9SAUR,Phospholipase A2 inhibitor and Ly6/PLAUR domain-containing protein-like,Notechis scutatus,8663,3,Phospholipase_A2(PLA2),train,2
4176,4176,tr,A0A9F2RF70,A0A9F2RF70_PYTBI,Phospholipase A2 inhibitor and Ly6/PLAUR domain-containing protein-like,Python bivittatus,176946,3,Phospholipase_A2(PLA2),train,2
4177,4177,tr,A0A9F5J9E7,A0A9F5J9E7_PYTBI,Phospholipase A2 inhibitor and Ly6/PLAUR domain-containing protein-like,Python bivittatus,176946,4,Phospholipase_A2(PLA2),train,2
4178,4178,tr,A0A9F2WKG4,A0A9F2WKG4_PYTBI,Phospholipase A2 inhibitor and Ly6/PLAUR domain-containing protein-like,Python bivittatus,176946,3,Phospholipase_A2(PLA2),train,2
4179,4179,tr,A0A6I9Z373,A0A6I9Z373_9SAUR,Phospholipase A2 inhibitor and Ly6/PLAUR domain-containing protein-like,Thamnophis sirtalis,35019,3,Phospholipase_A2(PLA2),test,2
4180,4180,tr,A0A6J1VBH9,A0A6J1VBH9_9SAUR,Phospholipase A2 inhibitor and Ly6/PLAUR domain-containing protein-like,Notechis scutatus,8663,4,Phospholipase_A2(PLA2),train,2
4181,4181,tr,A0A6J1VWU7,A0A6J1VWU7_9SAUR,Phospholipase A2 inhibitor and Ly6/PLAUR domain-containing protein-like,Notechis scutatus,8663,3,Phospholipase_A2(PLA2),train,2
4182,4182,tr,A0A6J1V1W8,A0A6J1V1W8_9SAUR,Phospholipase A2 inhibitor and Ly6/PLAUR domain-containing protein-like,Notechis scutatus,8663,3,Phospholipase_A2(PLA2),train,2
4183,4183,tr,V8N4V5,V8N4V5_OPHHA,Phospholipase C-beta C-terminal domain-containing protein (Fragment),Ophiophagus hannah,8665,4,Phospholipase_A2(PLA2),test,2
4184,4184,tr,V8N643,V8N643_OPHHA,Phosphatidylinositol-specific phospholipase C X domain-containing protein (Fragment),Ophiophagus hannah,8665,4,Phospholipase_A2(PLA2),val,2
4185,4185,tr,V8N9T1,V8N9T1_OPHHA,Phospholipase C-beta C-terminal domain-containing protein (Fragment),Ophiophagus hannah,8665,4,Phospholipase_A2(PLA2),test,2
4186,4186,tr,A0A8C6VN02,A0A8C6VN02_NAJNA,Phospholipase A2 inhibitor and Ly6/PLAUR domain-containing protein-like,Naja naja,35670,3,Phospholipase_A2(PLA2),train,2
4187,4187,tr,A0A9F2WEY4,A0A9F2WEY4_PYTBI,Phospholipase A2 inhibitor and Ly6/PLAUR domain-containing protein-like,Python bivittatus,176946,3,Phospholipase_A2(PLA2),train,2
4188,4188,tr,A0A6J1U1Z3,A0A6J1U1Z3_9SAUR,Phospholipase A2 inhibitor and Ly6/PLAUR domain-containing protein-like,Notechis scutatus,8663,3,Phospholipase_A2(PLA2),train,2
4189,4189,tr,A0A6P9DFW3,A0A6P9DFW3_PANGU,Phospholipase A2 inhibitor and Ly6/PLAUR domain-containing protein-like,Pantherophis guttatus,94885,3,Phospholipase_A2(PLA2),train,2
4190,4190,tr,A0A9F2RBY1,A0A9F2RBY1_PYTBI,Phospholipase A2 inhibitor and Ly6/PLAUR domain-containing protein-like,Python bivittatus,176946,3,Phospholipase_A2(PLA2),train,2
4191,4191,tr,A0A6J1VUJ9,A0A6J1VUJ9_9SAUR,Phospholipase A2 inhibitor and Ly6/PLAUR domain-containing protein-like isoform X2,Notechis scutatus,8663,3,Phospholipase_A2(PLA2),train,2
4192,4192,tr,A0A9F5MV96,A0A9F5MV96_PYTBI,Phospholipase A2 inhibitor and Ly6/PLAUR domain-containing protein-like,Python bivittatus,176946,3,Phospholipase_A2(PLA2),train,2
4193,4193,tr,A0A9F5MWZ2,A0A9F5MWZ2_PYTBI,Phospholipase A2 inhibitor and Ly6/PLAUR domain-containing protein-like,Python bivittatus,176946,3,Phospholipase_A2(PLA2),train,2
4194,4194,tr,A0A6P9C3F2,A0A6P9C3F2_PANGU,Phospholipase A2 inhibitor and Ly6/PLAUR domain-containing protein-like,Pantherophis guttatus,94885,3,Phospholipase_A2(PLA2),train,2
4195,4195,tr,A0A6P9DRS6,A0A6P9DRS6_PANGU,Phospholipase A2 inhibitor and Ly6/PLAUR domain-containing protein-like,Pantherophis guttatus,94885,3,Phospholipase_A2(PLA2),train,2
4196,4196,tr,A0A9F5IUT3,A0A9F5IUT3_PYTBI,Phospholipase A2 inhibitor and Ly6/PLAUR domain-containing protein-like isoform X2,Python bivittatus,176946,4,Phospholipase_A2(PLA2),train,2
4197,4197,tr,A0A2D4JJK8,A0A2D4JJK8_MICLE,Phosphoinositide-specific phospholipase C EF-hand-like domain-containing protein (Fragment),Micrurus lemniscatus lemniscatus,129467,4,Phospholipase_A2(PLA2),train,2
4198,4198,tr,A0A8C6VGE5,A0A8C6VGE5_NAJNA,Phospholipase A2 inhibitor and Ly6/PLAUR domain-containing protein-like,Naja naja,35670,3,Phospholipase_A2(PLA2),train,2
4199,4199,tr,A0A8C6VI10,A0A8C6VI10_NAJNA,Phospholipase A2 inhibitor and Ly6/PLAUR domain-containing protein-like,Naja naja,35670,3,Phospholipase_A2(PLA2),train,2
4200,4200,tr,A0A8C5WN98,A0A8C5WN98_LATLA,Phospholipase A2 inhibitor and Ly6/PLAUR domain-containing protein-like,Laticauda laticaudata,8630,3,Phospholipase_A2(PLA2),train,2
4201,4201,tr,A0A8C5WVI8,A0A8C5WVI8_LATLA,Phospholipase A2 inhibitor and Ly6/PLAUR domain-containing protein-like,Laticauda laticaudata,8630,3,Phospholipase_A2(PLA2),test,2
4202,4202,tr,A0A8C6X3H0,A0A8C6X3H0_NAJNA,Phospholipase A2 inhibitor and Ly6/PLAUR domain-containing protein-like,Naja naja,35670,3,Phospholipase_A2(PLA2),train,2
4203,4203,tr,A0A9F2WK46,A0A9F2WK46_PYTBI,Phospholipase A2 inhibitor and Ly6/PLAUR domain-containing protein-like isoform X1,Python bivittatus,176946,4,Phospholipase_A2(PLA2),train,2
4204,4204,tr,A0A6J1VUL8,A0A6J1VUL8_9SAUR,Phospholipase A2 inhibitor and Ly6/PLAUR domain-containing protein-like isoform X1,Notechis scutatus,8663,3,Phospholipase_A2(PLA2),train,2
4205,4205,tr,A0A6J1VUM3,A0A6J1VUM3_9SAUR,Phospholipase A2 inhibitor and Ly6/PLAUR domain-containing protein-like isoform X4,Notechis scutatus,8663,3,Phospholipase_A2(PLA2),train,2
4206,4206,tr,A0A6J1VUL7,A0A6J1VUL7_9SAUR,Phospholipase A2 inhibitor and Ly6/PLAUR domain-containing protein-like isoform X2,Notechis scutatus,8663,3,Phospholipase_A2(PLA2),train,2
4207,4207,tr,A0A6J1W1P1,A0A6J1W1P1_9SAUR,Phospholipase A2 inhibitor and Ly6/PLAUR domain-containing protein-like isoform X5,Notechis scutatus,8663,3,Phospholipase_A2(PLA2),train,2
4208,4208,tr,A0A6P9DDY5,A0A6P9DDY5_PANGU,Phospholipase A2 inhibitor and Ly6/PLAUR domain-containing protein-like isoform X1,Pantherophis guttatus,94885,3,Phospholipase_A2(PLA2),train,2
4209,4209,tr,A0A6P9DBL6,A0A6P9DBL6_PANGU,Phospholipase A2 inhibitor and Ly6/PLAUR domain-containing protein-like isoform X2,Pantherophis guttatus,94885,3,Phospholipase_A2(PLA2),train,2
4210,4210,tr,A0A2D4JFS9,A0A2D4JFS9_MICLE,Phosphoinositide phospholipase C beta 1-4-like EF-hand domain-containing protein (Fragment),Micrurus lemniscatus lemniscatus,129467,4,Phospholipase_A2(PLA2),train,2
4211,4211,tr,A0A6I9XXF5,A0A6I9XXF5_9SAUR,Phospholipase A2 inhibitor and Ly6/PLAUR domain-containing protein-like,Thamnophis sirtalis,35019,4,Phospholipase_A2(PLA2),val,2
4212,4212,tr,A0A8C6VN86,A0A8C6VN86_NAJNA,Phospholipase A2 inhibitor N-terminal domain-containing protein,Naja naja,35670,3,Phospholipase_A2(PLA2),train,2
4213,4213,tr,A0A6P9DDY0,A0A6P9DDY0_PANGU,Phospholipase A2 inhibitor subunit gamma B-like isoform X1,Pantherophis guttatus,94885,3,Phospholipase_A2(PLA2),train,2
4214,4214,tr,A0A6P9DET9,A0A6P9DET9_PANGU,Phospholipase A2 inhibitor and Ly6/PLAUR domain-containing protein-like isoform X2,Pantherophis guttatus,94885,3,Phospholipase_A2(PLA2),train,2
4215,4215,sp,P83519,LECG_BOTJR,C-type lectin BJcuL,Bothrops jararacussu,8726,1,C-Type_Lectins_or_Lectin-Like_Proteins,train,0
4216,4216,sp,Q9PSN0,LECG_BITAR,C-type lectin PAL,Bitis arietans,8692,1,C-Type_Lectins_or_Lectin-Like_Proteins,val,0
4217,4217,sp,Q9YGP1,LECG_TRIST,C-type lectin TsL,Trimeresurus stejnegeri,39682,1,C-Type_Lectins_or_Lectin-Like_Proteins,test,0
4218,4218,sp,Q4PRD1,SLLC1_DABSI,Snaclec coagulation factor X-activating enzyme light chain 1,Daboia siamensis,343250,1,C-Type_Lectins_or_Lectin-Like_Proteins,val,0
4219,4219,sp,Q4PRD2,SLLC2_DABSI,Snaclec coagulation factor X-activating enzyme light chain 2,Daboia siamensis,343250,1,C-Type_Lectins_or_Lectin-Like_Proteins,train,0
4220,4220,sp,Q9PSM4,LECG_LACST,C-type lectin LmsL,Lachesis stenophrys,88085,1,C-Type_Lectins_or_Lectin-Like_Proteins,train,0
4221,4221,sp,P21963,LECG_CROAT,C-type lectin Cal,Crotalus atrox,8730,1,C-Type_Lectins_or_Lectin-Like_Proteins,train,0
4222,4222,sp,Q6QX33,LECG_BOTIN,C-type lectin BiL,Bothrops insularis,8723,1,C-Type_Lectins_or_Lectin-Like_Proteins,train,0
4223,4223,sp,P86970,LECG_BOTPA,C-type lectin BpLec,Bothrops pauloensis,1042543,1,C-Type_Lectins_or_Lectin-Like_Proteins,train,0
4224,4224,sp,D2YVK1,LECG_HOPST,C-type lectin galactose-binding isoform,Hoplocephalus stephensii,196418,2,C-Type_Lectins_or_Lectin-Like_Proteins,train,0
4225,4225,sp,D2YVJ6,LECG_PSEPO,C-type lectin galactose-binding isoform,Pseudechis porphyriacus,8671,2,C-Type_Lectins_or_Lectin-Like_Proteins,train,0
4226,4226,sp,D2YVI2,LECG_PSEAU,C-type lectin galactose-binding isoform,Pseudechis australis,8670,1,C-Type_Lectins_or_Lectin-Like_Proteins,train,0
4227,4227,sp,Q6X5T3,SL5_BITAR,Snaclec 5,Bitis arietans,8692,1,C-Type_Lectins_or_Lectin-Like_Proteins,train,0
4228,4228,sp,D8VNS6,LECM_CERRY,C-type lectin,Cerberus rynchops,46267,1,C-Type_Lectins_or_Lectin-Like_Proteins,train,0
4229,4229,sp,C6JUN9,LEC1_MICCO,C-type lectin,Micrurus corallinus,54390,1,C-Type_Lectins_or_Lectin-Like_Proteins,train,0
4230,4230,sp,D2YVH7,LECM_OXYSU,C-type lectin mannose-binding isoform,Oxyuranus scutellatus,8668,1,C-Type_Lectins_or_Lectin-Like_Proteins,train,0
4231,4231,sp,D2YVJ8,LECM_TROCA,C-type lectin mannose-binding isoform,Tropidechis carinatus,100989,2,C-Type_Lectins_or_Lectin-Like_Proteins,test,0
4232,4232,sp,D2YVK5,LECM_NOTSC,C-type lectin mannose-binding isoform,Notechis scutatus scutatus,70142,2,C-Type_Lectins_or_Lectin-Like_Proteins,train,0
4233,4233,sp,Q9PRY7,LEC_BOTJA,C-type lectin BjL,Bothrops jararaca,8724,1,C-Type_Lectins_or_Lectin-Like_Proteins,train,0
4234,4234,sp,P84987,LECG_CRORU,C-type Lectin CRL,Crotalus ruber ruber,8736,1,C-Type_Lectins_or_Lectin-Like_Proteins,train,0
4235,4235,sp,P0DM53,LECG_BOTAT,C-type lectin galatrox (Fragment),Bothrops atrox,8725,1,C-Type_Lectins_or_Lectin-Like_Proteins,val,0
4236,4236,sp,P0DM36,LECG_AGKPI,C-type lectin APL,Agkistrodon piscivorus piscivorus,8716,1,C-Type_Lectins_or_Lectin-Like_Proteins,train,0
4237,4237,sp,Q38L02,SLA_DABSI,Snaclec dabocetin subunit alpha,Daboia siamensis,343250,1,C-Type_Lectins_or_Lectin-Like_Proteins,train,0
4238,4238,sp,I7ICN3,SLRB_BITRH,Snaclec rhinocetin subunit beta,Bitis rhinoceros,715877,1,C-Type_Lectins_or_Lectin-Like_Proteins,test,0
4239,4239,sp,P0DL30,LECG_BOTPI,C-type lectin BPL,Bothrops pirajai,113192,1,C-Type_Lectins_or_Lectin-Like_Proteins,val,0
4240,4240,sp,I7JUQ0,SLRA_BITRH,Snaclec rhinocetin subunit alpha,Bitis rhinoceros,715877,1,C-Type_Lectins_or_Lectin-Like_Proteins,train,0
4241,4241,sp,Q6T7B7,LEC1_BITGA,C-type lectin 1,Bitis gabonica,8694,2,C-Type_Lectins_or_Lectin-Like_Proteins,train,0
4242,4242,sp,Q90WI6,LECG1_BUNMU,C-type lectin BML-1,Bungarus multicinctus,8616,2,C-Type_Lectins_or_Lectin-Like_Proteins,train,0
4243,4243,sp,A1XXJ9,LECM2_BUNMU,C-type lectin BML-2,Bungarus multicinctus,8616,1,C-Type_Lectins_or_Lectin-Like_Proteins,train,0
4244,4244,sp,Q90WI7,LECM2_BUNFA,C-type lectin BfL-2,Bungarus fasciatus,8613,2,C-Type_Lectins_or_Lectin-Like_Proteins,train,0
4245,4245,sp,Q90WI8,LECG1_BUNFA,C-type lectin BfL-1,Bungarus fasciatus,8613,2,C-Type_Lectins_or_Lectin-Like_Proteins,train,0
4246,4246,sp,Q09GK0,SLB_PHIOL,Snaclec subunit B,Philodryas olfersii,120305,2,C-Type_Lectins_or_Lectin-Like_Proteins,train,0
4247,4247,sp,B5U6Y6,SL124_ECHOC,Snaclec CTL-Eoc124,Echis ocellatus,99586,2,C-Type_Lectins_or_Lectin-Like_Proteins,train,0
4248,4248,sp,B5U6Y7,SL125_ECHOC,Snaclec CTL-Eoc125,Echis ocellatus,99586,2,C-Type_Lectins_or_Lectin-Like_Proteins,train,0
4249,4249,sp,A7X3Y2,LECM6_PSEPL,C-type lectin lectoxin-Enh6,Pseudoferania polylepis,338839,2,C-Type_Lectins_or_Lectin-Like_Proteins,train,0
4250,4250,sp,A7X3Y6,LECM7_PSEPL,C-type lectin lectoxin-Enh7,Pseudoferania polylepis,338839,2,C-Type_Lectins_or_Lectin-Like_Proteins,train,0
4251,4251,sp,A7X3X8,LECM5_PSEPL,C-type lectin lectoxin-Enh5,Pseudoferania polylepis,338839,2,C-Type_Lectins_or_Lectin-Like_Proteins,train,0
4252,4252,sp,A7X3X3,LECM4_PSEPL,C-type lectin lectoxin-Enh4,Pseudoferania polylepis,338839,2,C-Type_Lectins_or_Lectin-Like_Proteins,train,0
4253,4253,sp,A7X3W1,LECM1_PSEPL,C-type lectin lectoxin-Enh1,Pseudoferania polylepis,338839,2,C-Type_Lectins_or_Lectin-Like_Proteins,train,0
4254,4254,sp,Q6X5T4,LECM2_BITAR,C-type lectin 2,Bitis arietans,8692,2,C-Type_Lectins_or_Lectin-Like_Proteins,val,0
4255,4255,sp,A7X3W6,LECM2_PSEPL,C-type lectin lectoxin-Enh2,Pseudoferania polylepis,338839,2,C-Type_Lectins_or_Lectin-Like_Proteins,train,0
4256,4256,sp,Q6T7B6,SL2_BITGA,Snaclec 2,Bitis gabonica,8694,1,C-Type_Lectins_or_Lectin-Like_Proteins,test,0
4257,4257,sp,Q6X5S9,SL1_ECHCS,Snaclec 1,Echis carinatus sochureki,124223,2,C-Type_Lectins_or_Lectin-Like_Proteins,train,0
4258,4258,sp,Q6X5T2,SL6_BITAR,Snaclec 6,Bitis arietans,8692,2,C-Type_Lectins_or_Lectin-Like_Proteins,train,0
4259,4259,sp,Q6X5S4,SL9_ECHCS,Snaclec 9,Echis carinatus sochureki,124223,2,C-Type_Lectins_or_Lectin-Like_Proteins,train,0
4260,4260,sp,Q6X5S7,SL2_ECHOC,Snaclec 2,Echis ocellatus,99586,2,C-Type_Lectins_or_Lectin-Like_Proteins,train,0
4261,4261,sp,Q6X5T0,SL1_ECHOC,Snaclec 1,Echis ocellatus,99586,2,C-Type_Lectins_or_Lectin-Like_Proteins,train,0
4262,4262,sp,Q6X5T1,SL8_BITAR,Snaclec 8,Bitis arietans,8692,2,C-Type_Lectins_or_Lectin-Like_Proteins,train,0
4263,4263,sp,Q6X5S6,SL8_ECHCS,Snaclec 8,Echis carinatus sochureki,124223,2,C-Type_Lectins_or_Lectin-Like_Proteins,train,0
4264,4264,sp,Q6X5S0,SL7_ECHPL,Snaclec 7,Echis pyramidum leakeyi,38415,2,C-Type_Lectins_or_Lectin-Like_Proteins,train,0
4265,4265,sp,Q6X5S3,SL1_ECHPL,Snaclec 1,Echis pyramidum leakeyi,38415,2,C-Type_Lectins_or_Lectin-Like_Proteins,train,0
4266,4266,sp,Q6X5S2,SL4_ECHPL,Snaclec 4,Echis pyramidum leakeyi,38415,2,C-Type_Lectins_or_Lectin-Like_Proteins,train,0
4267,4267,sp,Q6X5S5,SL27_ECHOC,Snaclec 27 (Fragment),Echis ocellatus,99586,2,C-Type_Lectins_or_Lectin-Like_Proteins,train,0
4268,4268,sp,Q6X5S1,SL5_ECHPL,Snaclec 5,Echis pyramidum leakeyi,38415,2,C-Type_Lectins_or_Lectin-Like_Proteins,train,0
4269,4269,sp,Q6X5S8,SL3_ECHCS,Snaclec 3 (Fragment),Echis carinatus sochureki,124223,2,C-Type_Lectins_or_Lectin-Like_Proteins,val,0
4270,4270,sp,A3FM55,LECM1_HYDHA,C-type lectin 1,Hydrophis hardwickii,8781,2,C-Type_Lectins_or_Lectin-Like_Proteins,test,0
4271,4271,sp,Q4PRC9,SL4_DABSI,Snaclec 4,Daboia siamensis,343250,2,C-Type_Lectins_or_Lectin-Like_Proteins,train,0
4272,4272,sp,Q4PRC6,SL7_DABSI,Snaclec 7,Daboia siamensis,343250,2,C-Type_Lectins_or_Lectin-Like_Proteins,train,0
4273,4273,sp,Q4PRC7,SL6_DABSI,Snaclec 6,Daboia siamensis,343250,2,C-Type_Lectins_or_Lectin-Like_Proteins,train,0
4274,4274,sp,Q4PRC8,SL5_DABSI,Snaclec 5,Daboia siamensis,343250,2,C-Type_Lectins_or_Lectin-Like_Proteins,train,0
4275,4275,sp,Q4PRD0,SL3_DABSI,Snaclec 3,Daboia siamensis,343250,2,C-Type_Lectins_or_Lectin-Like_Proteins,train,0
4276,4276,sp,A7X3Z4,LECM1_ERYPO,C-type lectin lectoxin-Lio1,Erythrolamprus poecilogyrus,338838,2,C-Type_Lectins_or_Lectin-Like_Proteins,train,0
4277,4277,sp,J3SBN9,SL6_CROAD,C-type lectin 6,Crotalus adamanteus,8729,1,C-Type_Lectins_or_Lectin-Like_Proteins,train,0
4278,4278,sp,J3RY43,SLD_CROAD,C-type lectin 13,Crotalus adamanteus,8729,1,C-Type_Lectins_or_Lectin-Like_Proteins,train,0
4279,4279,sp,A7X3Z0,LECM_THRJA,C-type lectin lectoxin-Thr1,Thrasops jacksonii,186611,2,C-Type_Lectins_or_Lectin-Like_Proteins,train,0
4280,4280,sp,J3S3U6,SLG_CROAD,C-type lectin 16,Crotalus adamanteus,8729,1,C-Type_Lectins_or_Lectin-Like_Proteins,train,0
4281,4281,sp,A7X409,LECM2_PHIOL,C-type lectin lectoxin-Phi2,Philodryas olfersii,120305,2,C-Type_Lectins_or_Lectin-Like_Proteins,train,0
4282,4282,sp,A7X401,LEC1_LEIMD,C-type lectin lectoxin-Lei1,Leioheterodon madagascariensis,46577,2,C-Type_Lectins_or_Lectin-Like_Proteins,train,0
4283,4283,sp,A7X413,LECM3_ERYPO,C-type lectin lectoxin-Lio3,Erythrolamprus poecilogyrus,338838,2,C-Type_Lectins_or_Lectin-Like_Proteins,val,0
4284,4284,sp,J3SBP0,SL9A_CROAD,C-type lectin 9a,Crotalus adamanteus,8729,1,C-Type_Lectins_or_Lectin-Like_Proteins,train,0
4285,4285,sp,A7X3Z7,LECM2_ERYPO,C-type lectin lectoxin-Lio2,Erythrolamprus poecilogyrus,338838,2,C-Type_Lectins_or_Lectin-Like_Proteins,train,0
4286,4286,sp,A7X406,LECM1_PHIOL,C-type lectin lectoxin-Phi1,Philodryas olfersii,120305,2,C-Type_Lectins_or_Lectin-Like_Proteins,train,0
4287,4287,sp,B4XSZ7,SLA7_MACLB,Snaclec A7,Macrovipera lebetinus,3148341,2,C-Type_Lectins_or_Lectin-Like_Proteins,train,0
4288,4288,sp,B4XSZ5,SLA5_MACLB,Snaclec A5,Macrovipera lebetinus,3148341,2,C-Type_Lectins_or_Lectin-Like_Proteins,train,0
4289,4289,sp,B4XT00,SLB1_MACLB,Snaclec B1,Macrovipera lebetinus,3148341,2,C-Type_Lectins_or_Lectin-Like_Proteins,train,0
4290,4290,sp,B4XSZ2,SLA2_MACLB,Snaclec A2,Macrovipera lebetinus,3148341,2,C-Type_Lectins_or_Lectin-Like_Proteins,test,0
4291,4291,sp,B4XT01,SLB2_MACLB,Snaclec B2,Macrovipera lebetinus,3148341,2,C-Type_Lectins_or_Lectin-Like_Proteins,train,0
4292,4292,sp,B4XT03,SLB4_MACLB,Snaclec B4,Macrovipera lebetinus,3148341,2,C-Type_Lectins_or_Lectin-Like_Proteins,train,0
4293,4293,sp,B4XSY7,SLAC_MACLB,Snaclec A12,Macrovipera lebetinus,3148341,2,C-Type_Lectins_or_Lectin-Like_Proteins,train,0
4294,4294,sp,B4XSY8,SLAD_MACLB,Snaclec A13,Macrovipera lebetinus,3148341,2,C-Type_Lectins_or_Lectin-Like_Proteins,train,0
4295,4295,sp,B4XSZ3,SLA3_MACLB,Snaclec A3 (Fragment),Macrovipera lebetinus,3148341,2,C-Type_Lectins_or_Lectin-Like_Proteins,val,0
4296,4296,sp,B4XSZ6,SLA6_MACLB,Snaclec A6,Macrovipera lebetinus,3148341,2,C-Type_Lectins_or_Lectin-Like_Proteins,train,0
4297,4297,sp,B4XSZ8,SLA8_MACLB,Snaclec A8 (Fragment),Macrovipera lebetinus,3148341,2,C-Type_Lectins_or_Lectin-Like_Proteins,train,0
4298,4298,sp,B4XSY4,SLA1_MACLB,Snaclec A1,Macrovipera lebetinus,3148341,2,C-Type_Lectins_or_Lectin-Like_Proteins,train,0
4299,4299,sp,B4XSY5,SLAA_MACLB,Snaclec A10,Macrovipera lebetinus,3148341,2,C-Type_Lectins_or_Lectin-Like_Proteins,train,0
4300,4300,sp,B4XSY6,SLAB_MACLB,Snaclec A11,Macrovipera lebetinus,3148341,2,C-Type_Lectins_or_Lectin-Like_Proteins,train,0
4301,4301,sp,B4XSZ4,SLA4_MACLB,Snaclec A4,Macrovipera lebetinus,3148341,2,C-Type_Lectins_or_Lectin-Like_Proteins,test,0
4302,4302,sp,B4XSZ9,SLA9_MACLB,Snaclec A9,Macrovipera lebetinus,3148341,2,C-Type_Lectins_or_Lectin-Like_Proteins,train,0
4303,4303,sp,B4XT07,SLB8_MACLB,Snaclec B8 (Fragment),Macrovipera lebetinus,3148341,2,C-Type_Lectins_or_Lectin-Like_Proteins,train,0
4304,4304,sp,B4XSY9,SLAE_MACLB,Snaclec A14,Macrovipera lebetinus,3148341,2,C-Type_Lectins_or_Lectin-Like_Proteins,train,0
4305,4305,sp,B4XT05,SLB6_MACLB,Snaclec B6 (Fragment),Macrovipera lebetinus,3148341,2,C-Type_Lectins_or_Lectin-Like_Proteins,train,0
4306,4306,sp,B4XSZ1,SLAG_MACLB,Snaclec A16,Macrovipera lebetinus,3148341,2,C-Type_Lectins_or_Lectin-Like_Proteins,test,0
4307,4307,sp,B4XT06,SLB7_MACLB,Snaclec B7 (Fragment),Macrovipera lebetinus,3148341,2,C-Type_Lectins_or_Lectin-Like_Proteins,train,0
4308,4308,sp,B4XSZ0,SLAF_MACLB,Snaclec A15,Macrovipera lebetinus,3148341,2,C-Type_Lectins_or_Lectin-Like_Proteins,train,0
4309,4309,sp,B4XT08,SLB9_MACLB,Snaclec B9,Macrovipera lebetinus,3148341,2,C-Type_Lectins_or_Lectin-Like_Proteins,train,0
4310,4310,sp,B4XT02,SLB3_MACLB,Snaclec B3/B5,Macrovipera lebetinus,3148341,2,C-Type_Lectins_or_Lectin-Like_Proteins,train,0
4311,4311,sp,P86533,LEC1_DABRR,C-type lectin domain-containing protein 1 (Fragment),Daboia russelii,8707,1,C-Type_Lectins_or_Lectin-Like_Proteins,val,0
4312,4312,sp,P86534,LEC2_DABRR,C-type lectin domain-containing protein 2 (Fragment),Daboia russelii,8707,1,C-Type_Lectins_or_Lectin-Like_Proteins,train,0
4313,4313,sp,Q6X5T5,SL1_BITAR,Snaclec 1,Bitis arietans,8692,2,C-Type_Lectins_or_Lectin-Like_Proteins,train,0
4314,4314,sp,Q6T7B5,SL3_BITGA,Snaclec 3,Bitis gabonica,8694,2,C-Type_Lectins_or_Lectin-Like_Proteins,train,0
4315,4315,sp,B0VXV1,SL2_SISCA,Snaclec 2,Sistrurus catenatus edwardsii,8762,2,C-Type_Lectins_or_Lectin-Like_Proteins,train,0
4316,4316,sp,B0VXV0,SL1_SISCA,Snaclec 1,Sistrurus catenatus edwardsii,8762,2,C-Type_Lectins_or_Lectin-Like_Proteins,train,0
4317,4317,sp,B0VXV2,SL3_SISCA,Snaclec 3,Sistrurus catenatus edwardsii,8762,2,C-Type_Lectins_or_Lectin-Like_Proteins,train,0
4318,4318,sp,Q09GJ8,SLA_PHIOL,Snaclec subunit A,Philodryas olfersii,120305,2,C-Type_Lectins_or_Lectin-Like_Proteins,train,0
4319,4319,sp,A7X3X0,LECM3_PSEPL,C-type lection lectoxin-Enh3,Pseudoferania polylepis,338839,2,C-Type_Lectins_or_Lectin-Like_Proteins,train,0
4320,4320,sp,Q8JIV8,SL_DEIAC,Snaclec clone 2100755,Deinagkistrodon acutus,36307,1,C-Type_Lectins_or_Lectin-Like_Proteins,train,0
4321,4321,tr,D2YVI4,D2YVI4_PSEAU,C-type lectin galactose-binding isoform,Pseudechis australis,8670,2,C-Type_Lectins_or_Lectin-Like_Proteins,train,0
4322,4322,tr,D2YVI5,D2YVI5_PSEAU,C-type lectin galactose-binding isoform,Pseudechis australis,8670,2,C-Type_Lectins_or_Lectin-Like_Proteins,train,0
4323,4323,tr,D2YVL9,D2YVL9_PSEPO,C-type lectin galactose-binding isoform,Pseudechis porphyriacus,8671,2,C-Type_Lectins_or_Lectin-Like_Proteins,train,0
4324,4324,tr,D2YVI3,D2YVI3_PSEAU,C-type lectin galactose-binding isoform,Pseudechis australis,8670,2,C-Type_Lectins_or_Lectin-Like_Proteins,train,0
4325,4325,tr,D2YVI6,D2YVI6_PSEAU,C-type lectin galactose-binding isoform,Pseudechis australis,8670,2,C-Type_Lectins_or_Lectin-Like_Proteins,train,0
4326,4326,tr,I6LJ73,I6LJ73_PSEPO,C-type lectin galactose-binding isoform,Pseudechis porphyriacus,8671,2,C-Type_Lectins_or_Lectin-Like_Proteins,val,0
4327,4327,tr,D2YVI8,D2YVI8_PSEAU,C-type lectin galactose-binding isoform,Pseudechis australis,8670,2,C-Type_Lectins_or_Lectin-Like_Proteins,val,0
4328,4328,tr,D2YVI7,D2YVI7_PSEAU,C-type lectin galactose-binding isoform,Pseudechis australis,8670,2,C-Type_Lectins_or_Lectin-Like_Proteins,val,0
4329,4329,tr,D2YVJ7,D2YVJ7_PSEPO,C-type lectin galactose-binding isoform,Pseudechis porphyriacus,8671,2,C-Type_Lectins_or_Lectin-Like_Proteins,train,0
4330,4330,tr,D2YVM0,D2YVM0_PSEPO,C-type lectin galactose-binding isoform,Pseudechis porphyriacus,8671,2,C-Type_Lectins_or_Lectin-Like_Proteins,train,0
4331,4331,tr,D2YVI9,D2YVI9_PSEAU,C-type lectin galactose-binding isoform,Pseudechis australis,8670,2,C-Type_Lectins_or_Lectin-Like_Proteins,train,0
4332,4332,tr,A0A2D4PBK5,A0A2D4PBK5_MICSU,C-type lectin domain-containing protein (Fragment),Micrurus surinamensis,129470,3,C-Type_Lectins_or_Lectin-Like_Proteins,train,0
4333,4333,tr,A0A6J1VUW4,A0A6J1VUW4_9SAUR,C-type lectin domain family 2 member D-like,Notechis scutatus,8663,3,C-Type_Lectins_or_Lectin-Like_Proteins,test,0
4334,4334,tr,A0A8C6X4E8,A0A8C6X4E8_NAJNA,C-type lectin domain-containing protein,Naja naja,35670,3,C-Type_Lectins_or_Lectin-Like_Proteins,train,0
4335,4335,tr,A0A8C6VRF4,A0A8C6VRF4_NAJNA,C-type lectin domain-containing protein,Naja naja,35670,3,C-Type_Lectins_or_Lectin-Like_Proteins,train,0
4336,4336,tr,A0A8C6VT37,A0A8C6VT37_NAJNA,C-type lectin domain-containing protein,Naja naja,35670,3,C-Type_Lectins_or_Lectin-Like_Proteins,train,0
4337,4337,tr,A0A8C6X4J8,A0A8C6X4J8_NAJNA,C-type lectin domain-containing protein,Naja naja,35670,3,C-Type_Lectins_or_Lectin-Like_Proteins,train,0
4338,4338,tr,A0A8C6VNV4,A0A8C6VNV4_NAJNA,C-type lectin domain-containing protein,Naja naja,35670,3,C-Type_Lectins_or_Lectin-Like_Proteins,test,0
4339,4339,tr,A0A670ZL70,A0A670ZL70_PSETE,C-type lectin domain-containing protein,Pseudonaja textilis,8673,3,C-Type_Lectins_or_Lectin-Like_Proteins,train,0
4340,4340,tr,A0A2D4NJB2,A0A2D4NJB2_9SAUR,C-type lectin domain-containing protein,Micrurus spixii,129469,3,C-Type_Lectins_or_Lectin-Like_Proteins,val,0
4341,4341,tr,A0A2D4K484,A0A2D4K484_9SAUR,C-type lectin domain-containing protein (Fragment),Micrurus paraensis,1970185,3,C-Type_Lectins_or_Lectin-Like_Proteins,test,0
4342,4342,tr,A0A8C5SIY8,A0A8C5SIY8_LATLA,C-type lectin domain-containing protein,Laticauda laticaudata,8630,3,C-Type_Lectins_or_Lectin-Like_Proteins,train,0
4343,4343,tr,A0A8C6VP01,A0A8C6VP01_NAJNA,C-type lectin domain-containing protein,Naja naja,35670,3,C-Type_Lectins_or_Lectin-Like_Proteins,train,0
4344,4344,tr,A0A8C5WVP8,A0A8C5WVP8_LATLA,C-type lectin domain-containing protein,Laticauda laticaudata,8630,3,C-Type_Lectins_or_Lectin-Like_Proteins,train,0
4345,4345,tr,A0A8C5WXV9,A0A8C5WXV9_LATLA,C-type lectin domain-containing protein,Laticauda laticaudata,8630,3,C-Type_Lectins_or_Lectin-Like_Proteins,val,0
4346,4346,tr,A0A8C6VQC9,A0A8C6VQC9_NAJNA,C-type lectin domain-containing protein,Naja naja,35670,3,C-Type_Lectins_or_Lectin-Like_Proteins,train,0
4347,4347,tr,A0A8C6XG14,A0A8C6XG14_NAJNA,C-type lectin domain-containing protein,Naja naja,35670,3,C-Type_Lectins_or_Lectin-Like_Proteins,test,0
4348,4348,tr,A0A8C5WXU7,A0A8C5WXU7_LATLA,C-type lectin domain-containing protein,Laticauda laticaudata,8630,3,C-Type_Lectins_or_Lectin-Like_Proteins,test,0
4349,4349,tr,A0A8C6VJF8,A0A8C6VJF8_NAJNA,C-type lectin domain-containing protein,Naja naja,35670,3,C-Type_Lectins_or_Lectin-Like_Proteins,test,0
4350,4350,tr,A0A2D4PDP3,A0A2D4PDP3_MICSU,C-type lectin domain-containing protein (Fragment),Micrurus surinamensis,129470,3,C-Type_Lectins_or_Lectin-Like_Proteins,train,0
4351,4351,tr,A0A8C6X0J8,A0A8C6X0J8_NAJNA,C-type lectin domain-containing protein,Naja naja,35670,3,C-Type_Lectins_or_Lectin-Like_Proteins,val,0
4352,4352,tr,A0A2D4GRL8,A0A2D4GRL8_MICCO,C-type lectin domain-containing protein (Fragment),Micrurus corallinus,54390,3,C-Type_Lectins_or_Lectin-Like_Proteins,train,0
4353,4353,tr,A0A2D4J5F8,A0A2D4J5F8_MICLE,C-type lectin domain-containing protein (Fragment),Micrurus lemniscatus lemniscatus,129467,3,C-Type_Lectins_or_Lectin-Like_Proteins,train,0
4354,4354,tr,A0A2D4NGS1,A0A2D4NGS1_9SAUR,C-type lectin domain-containing protein,Micrurus spixii,129469,3,C-Type_Lectins_or_Lectin-Like_Proteins,val,0
4355,4355,tr,A0A8C6VMG5,A0A8C6VMG5_NAJNA,C-type lectin domain-containing protein,Naja naja,35670,3,C-Type_Lectins_or_Lectin-Like_Proteins,train,0
4356,4356,tr,A0A8C5SUH3,A0A8C5SUH3_LATLA,C-type lectin domain-containing protein,Laticauda laticaudata,8630,3,C-Type_Lectins_or_Lectin-Like_Proteins,train,0
4357,4357,tr,A0A8C6V3Y2,A0A8C6V3Y2_NAJNA,C-type lectin domain-containing protein,Naja naja,35670,3,C-Type_Lectins_or_Lectin-Like_Proteins,test,0
4358,4358,tr,A0A8C6V5F9,A0A8C6V5F9_NAJNA,C-type lectin domain-containing protein,Naja naja,35670,3,C-Type_Lectins_or_Lectin-Like_Proteins,train,0
4359,4359,tr,A0A8C6VC08,A0A8C6VC08_NAJNA,C-type lectin domain-containing protein,Naja naja,35670,3,C-Type_Lectins_or_Lectin-Like_Proteins,train,0
4360,4360,tr,A0A8C6X0J2,A0A8C6X0J2_NAJNA,C-type lectin domain-containing protein,Naja naja,35670,3,C-Type_Lectins_or_Lectin-Like_Proteins,train,0
4361,4361,tr,A0A2D4HM07,A0A2D4HM07_MICLE,C-type lectin domain-containing protein (Fragment),Micrurus lemniscatus lemniscatus,129467,3,C-Type_Lectins_or_Lectin-Like_Proteins,train,0
4362,4362,tr,A0A8C5SQN1,A0A8C5SQN1_LATLA,C-type lectin domain-containing protein,Laticauda laticaudata,8630,3,C-Type_Lectins_or_Lectin-Like_Proteins,train,0
4363,4363,tr,A0A2D4NIX4,A0A2D4NIX4_9SAUR,C-type lectin domain-containing protein,Micrurus spixii,129469,3,C-Type_Lectins_or_Lectin-Like_Proteins,train,0
4364,4364,tr,A0A8C6V911,A0A8C6V911_NAJNA,C-type lectin domain-containing protein,Naja naja,35670,3,C-Type_Lectins_or_Lectin-Like_Proteins,train,0
4365,4365,tr,A0A8C6VN69,A0A8C6VN69_NAJNA,C-type lectin domain-containing protein,Naja naja,35670,3,C-Type_Lectins_or_Lectin-Like_Proteins,train,0
4366,4366,tr,A0A2H6MYR2,A0A2H6MYR2_9SAUR,C-type lectin domain-containing protein (Fragment),Micrurus carvalhoi,3147026,3,C-Type_Lectins_or_Lectin-Like_Proteins,test,0
4367,4367,tr,A0A8C5S2S4,A0A8C5S2S4_LATLA,C-type lectin domain-containing protein,Laticauda laticaudata,8630,3,C-Type_Lectins_or_Lectin-Like_Proteins,train,0
4368,4368,tr,A0A8C5SCJ7,A0A8C5SCJ7_LATLA,C-type lectin domain-containing protein,Laticauda laticaudata,8630,3,C-Type_Lectins_or_Lectin-Like_Proteins,train,0
4369,4369,tr,A0A8C6XYE5,A0A8C6XYE5_NAJNA,C-type lectin domain-containing protein,Naja naja,35670,3,C-Type_Lectins_or_Lectin-Like_Proteins,val,0
4370,4370,tr,A0A8C6VK25,A0A8C6VK25_NAJNA,C-type lectin domain-containing protein,Naja naja,35670,3,C-Type_Lectins_or_Lectin-Like_Proteins,train,0
4371,4371,tr,A0A8C5SD07,A0A8C5SD07_LATLA,C-type lectin domain-containing protein,Laticauda laticaudata,8630,3,C-Type_Lectins_or_Lectin-Like_Proteins,train,0
4372,4372,tr,A0A2H6MX90,A0A2H6MX90_9SAUR,C-type lectin domain-containing protein,Micrurus carvalhoi,3147026,3,C-Type_Lectins_or_Lectin-Like_Proteins,val,0
4373,4373,tr,A0A670YWQ0,A0A670YWQ0_PSETE,C-type lectin domain-containing protein,Pseudonaja textilis,8673,3,C-Type_Lectins_or_Lectin-Like_Proteins,val,0
4374,4374,tr,A0A8C6VMP5,A0A8C6VMP5_NAJNA,C-type lectin domain-containing protein,Naja naja,35670,3,C-Type_Lectins_or_Lectin-Like_Proteins,train,0
4375,4375,tr,A0A2D4I9V2,A0A2D4I9V2_MICLE,C-type lectin domain-containing protein,Micrurus lemniscatus lemniscatus,129467,3,C-Type_Lectins_or_Lectin-Like_Proteins,test,0
4376,4376,tr,A0A8C5SKQ2,A0A8C5SKQ2_LATLA,C-type lectin domain-containing protein,Laticauda laticaudata,8630,3,C-Type_Lectins_or_Lectin-Like_Proteins,train,0
4377,4377,tr,A0A8C5S3S7,A0A8C5S3S7_LATLA,C-type lectin domain-containing protein,Laticauda laticaudata,8630,3,C-Type_Lectins_or_Lectin-Like_Proteins,train,0
4378,4378,tr,A0A8C6X0W1,A0A8C6X0W1_NAJNA,C-type lectin domain-containing protein,Naja naja,35670,3,C-Type_Lectins_or_Lectin-Like_Proteins,train,0
4379,4379,tr,A0A8C5S517,A0A8C5S517_LATLA,C-type lectin domain-containing protein,Laticauda laticaudata,8630,3,C-Type_Lectins_or_Lectin-Like_Proteins,test,0
4380,4380,tr,A0A2D4JQY9,A0A2D4JQY9_MICLE,C-type lectin domain-containing protein,Micrurus lemniscatus lemniscatus,129467,3,C-Type_Lectins_or_Lectin-Like_Proteins,val,0
4381,4381,tr,A0A2D4NCM3,A0A2D4NCM3_9SAUR,C-type lectin domain-containing protein,Micrurus spixii,129469,3,C-Type_Lectins_or_Lectin-Like_Proteins,test,0
4382,4382,tr,A0A2H6NKI4,A0A2H6NKI4_9SAUR,C-type lectin domain-containing protein (Fragment),Micrurus carvalhoi,3147026,3,C-Type_Lectins_or_Lectin-Like_Proteins,train,0
4383,4383,tr,A0A8C5RGG4,A0A8C5RGG4_LATLA,C-type lectin domain-containing protein,Laticauda laticaudata,8630,3,C-Type_Lectins_or_Lectin-Like_Proteins,val,0
4384,4384,tr,A0A2D4FVU7,A0A2D4FVU7_MICCO,C-type lectin domain-containing protein,Micrurus corallinus,54390,3,C-Type_Lectins_or_Lectin-Like_Proteins,train,0
4385,4385,tr,A0A8C6VT16,A0A8C6VT16_NAJNA,C-type lectin domain-containing protein,Naja naja,35670,3,C-Type_Lectins_or_Lectin-Like_Proteins,train,0
4386,4386,tr,A0A8C5SCI6,A0A8C5SCI6_LATLA,C-type lectin domain-containing protein,Laticauda laticaudata,8630,3,C-Type_Lectins_or_Lectin-Like_Proteins,test,0
4387,4387,tr,A0A8C5SDW4,A0A8C5SDW4_LATLA,C-type lectin domain-containing protein,Laticauda laticaudata,8630,3,C-Type_Lectins_or_Lectin-Like_Proteins,train,0
4388,4388,tr,A0A8C5SA22,A0A8C5SA22_LATLA,C-type lectin domain-containing protein,Laticauda laticaudata,8630,3,C-Type_Lectins_or_Lectin-Like_Proteins,train,0
4389,4389,tr,A0A2D4IIH1,A0A2D4IIH1_MICLE,C-type lectin domain-containing protein,Micrurus lemniscatus lemniscatus,129467,3,C-Type_Lectins_or_Lectin-Like_Proteins,train,0
4390,4390,tr,A0A8C5SD13,A0A8C5SD13_LATLA,C-type lectin domain-containing protein,Laticauda laticaudata,8630,3,C-Type_Lectins_or_Lectin-Like_Proteins,train,0
4391,4391,tr,A0A8C5SHD3,A0A8C5SHD3_LATLA,C-type lectin domain-containing protein,Laticauda laticaudata,8630,3,C-Type_Lectins_or_Lectin-Like_Proteins,train,0
4392,4392,tr,A0A2D4L9Z0,A0A2D4L9Z0_9SAUR,C-type lectin domain-containing protein (Fragment),Micrurus spixii,129469,3,C-Type_Lectins_or_Lectin-Like_Proteins,train,0
4393,4393,tr,A0A2D4MVG6,A0A2D4MVG6_9SAUR,C-type lectin domain-containing protein (Fragment),Micrurus spixii,129469,3,C-Type_Lectins_or_Lectin-Like_Proteins,train,0
4394,4394,tr,A0A2D4PBL0,A0A2D4PBL0_MICSU,C-type lectin domain-containing protein (Fragment),Micrurus surinamensis,129470,3,C-Type_Lectins_or_Lectin-Like_Proteins,train,0
4395,4395,tr,A0A8C5RQ61,A0A8C5RQ61_LATLA,C-type lectin domain-containing protein,Laticauda laticaudata,8630,3,C-Type_Lectins_or_Lectin-Like_Proteins,train,0
4396,4396,tr,A0A2D4I7B0,A0A2D4I7B0_MICLE,C-type lectin domain-containing protein (Fragment),Micrurus lemniscatus lemniscatus,129467,3,C-Type_Lectins_or_Lectin-Like_Proteins,test,0
4397,4397,tr,A0A670ZLF0,A0A670ZLF0_PSETE,C-type lectin domain-containing protein,Pseudonaja textilis,8673,3,C-Type_Lectins_or_Lectin-Like_Proteins,train,0
4398,4398,tr,A0A8C5SNJ3,A0A8C5SNJ3_LATLA,C-type lectin domain-containing protein,Laticauda laticaudata,8630,3,C-Type_Lectins_or_Lectin-Like_Proteins,train,0
4399,4399,tr,A0A2D4G4Q2,A0A2D4G4Q2_MICCO,C-type lectin domain-containing protein (Fragment),Micrurus corallinus,54390,3,C-Type_Lectins_or_Lectin-Like_Proteins,train,0
4400,4400,tr,A0A2D4IGM5,A0A2D4IGM5_MICLE,C-type lectin domain-containing protein,Micrurus lemniscatus lemniscatus,129467,3,C-Type_Lectins_or_Lectin-Like_Proteins,train,0
4401,4401,tr,A0A2D4J4Y1,A0A2D4J4Y1_MICLE,C-type lectin domain-containing protein,Micrurus lemniscatus lemniscatus,129467,3,C-Type_Lectins_or_Lectin-Like_Proteins,train,0
4402,4402,tr,A0A2D4MQW6,A0A2D4MQW6_9SAUR,C-type lectin domain-containing protein (Fragment),Micrurus spixii,129469,3,C-Type_Lectins_or_Lectin-Like_Proteins,test,0
4403,4403,tr,A0A670YUE4,A0A670YUE4_PSETE,C-type lectin domain-containing protein,Pseudonaja textilis,8673,3,C-Type_Lectins_or_Lectin-Like_Proteins,train,0
4404,4404,tr,A0A670YUA2,A0A670YUA2_PSETE,C-type lectin domain-containing protein,Pseudonaja textilis,8673,3,C-Type_Lectins_or_Lectin-Like_Proteins,train,0
4405,4405,tr,A0A2H6NCC9,A0A2H6NCC9_9SAUR,C-type lectin domain-containing protein,Micrurus carvalhoi,3147026,3,C-Type_Lectins_or_Lectin-Like_Proteins,train,0
4406,4406,tr,A0A2D4EYD7,A0A2D4EYD7_MICCO,C-type lectin domain-containing protein,Micrurus corallinus,54390,3,C-Type_Lectins_or_Lectin-Like_Proteins,train,0
4407,4407,tr,A0A2D4HQX4,A0A2D4HQX4_MICLE,C-type lectin domain-containing protein (Fragment),Micrurus lemniscatus lemniscatus,129467,3,C-Type_Lectins_or_Lectin-Like_Proteins,train,0
4408,4408,tr,A0A2D4N035,A0A2D4N035_9SAUR,C-type lectin domain-containing protein (Fragment),Micrurus spixii,129469,3,C-Type_Lectins_or_Lectin-Like_Proteins,val,0
4409,4409,tr,V8NIW0,V8NIW0_OPHHA,C-type lectin domain-containing protein (Fragment),Ophiophagus hannah,8665,3,C-Type_Lectins_or_Lectin-Like_Proteins,train,0
4410,4410,tr,A0A670ZJR2,A0A670ZJR2_PSETE,C-type lectin domain containing 14A,Pseudonaja textilis,8673,3,C-Type_Lectins_or_Lectin-Like_Proteins,train,0
4411,4411,tr,A0A8T1N2H8,A0A8T1N2H8_BOTJA,Venom C-type lectin,Bothrops jararaca,8724,3,C-Type_Lectins_or_Lectin-Like_Proteins,train,0
4412,4412,tr,A0AAW1BWK2,A0AAW1BWK2_CROAD,C-type lectin domain-containing protein,Crotalus adamanteus,8729,4,C-Type_Lectins_or_Lectin-Like_Proteins,train,0
4413,4413,tr,F8S0Y6,F8S0Y6_CROAD,C-type lectin 2,Crotalus adamanteus,8729,2,C-Type_Lectins_or_Lectin-Like_Proteins,val,0
4414,4414,tr,A0A6J1TQL1,A0A6J1TQL1_9SAUR,C-type lectin domain family 14 member A,Notechis scutatus,8663,3,C-Type_Lectins_or_Lectin-Like_Proteins,train,0
4415,4415,tr,A0A6J1UBZ4,A0A6J1UBZ4_9SAUR,C-type lectin domain family 11 member A,Notechis scutatus,8663,3,C-Type_Lectins_or_Lectin-Like_Proteins,train,0
4416,4416,tr,A0A670Z8W6,A0A670Z8W6_PSETE,C-type lectin domain family 3 member B,Pseudonaja textilis,8673,3,C-Type_Lectins_or_Lectin-Like_Proteins,train,0
4417,4417,tr,A0A8C6XIQ0,A0A8C6XIQ0_NAJNA,C-type lectin domain family 3 member B,Naja naja,35670,3,C-Type_Lectins_or_Lectin-Like_Proteins,train,0
4418,4418,tr,A0A0F7Z3H4,A0A0F7Z3H4_CROAD,C-type lectin 10,Crotalus adamanteus,8729,2,C-Type_Lectins_or_Lectin-Like_Proteins,train,0
4419,4419,tr,A0A8C5SWF7,A0A8C5SWF7_LATLA,C-type lectin domain family 3 member B,Laticauda laticaudata,8630,3,C-Type_Lectins_or_Lectin-Like_Proteins,train,0
4420,4420,tr,A0A0F7Z2Q6,A0A0F7Z2Q6_CROAD,C-type lectin 5,Crotalus adamanteus,8729,2,C-Type_Lectins_or_Lectin-Like_Proteins,train,0
4421,4421,tr,A0A8T1N374,A0A8T1N374_BOTJA,Snake venom C-type Lectin,Bothrops jararaca,8724,3,C-Type_Lectins_or_Lectin-Like_Proteins,train,0
4422,4422,tr,A0A8T1N2Z0,A0A8T1N2Z0_BOTJA,Snake venom C-type Lectin,Bothrops jararaca,8724,3,C-Type_Lectins_or_Lectin-Like_Proteins,train,0
4423,4423,tr,V8NCV7,V8NCV7_OPHHA,C-type lectin domain family 14 member A (Fragment),Ophiophagus hannah,8665,3,C-Type_Lectins_or_Lectin-Like_Proteins,train,0
4424,4424,tr,V8NYX2,V8NYX2_OPHHA,C-type lectin domain family 4 member E (Fragment),Ophiophagus hannah,8665,3,C-Type_Lectins_or_Lectin-Like_Proteins,train,0
4425,4425,tr,J3S3U5,J3S3U5_CROAD,C-type lectin 12a,Crotalus adamanteus,8729,2,C-Type_Lectins_or_Lectin-Like_Proteins,train,0
4426,4426,tr,A0A223PK18,A0A223PK18_DABRR,C-type lectin domain family 16 member A (Fragment),Daboia russelii,8707,2,C-Type_Lectins_or_Lectin-Like_Proteins,train,0
4427,4427,tr,A0AAW1C5E7,A0AAW1C5E7_CROAD,C-type lectin domain family 14 member A,Crotalus adamanteus,8729,4,C-Type_Lectins_or_Lectin-Like_Proteins,val,0
4428,4428,tr,A0A8T1N4Z9,A0A8T1N4Z9_BOTJA,Encode snake venom C-type Lectin protein,Bothrops jararaca,8724,3,C-Type_Lectins_or_Lectin-Like_Proteins,train,0
4429,4429,tr,A0A8T1N5V4,A0A8T1N5V4_BOTJA,Encode snake venom C-type Lectin protein,Bothrops jararaca,8724,3,C-Type_Lectins_or_Lectin-Like_Proteins,train,0
4430,4430,tr,A0AAW1BDN4,A0AAW1BDN4_CROAD,VENOM COMPONENT: C-type lectin-snaclec-subunit-beta 3 like,Crotalus adamanteus,8729,3,C-Type_Lectins_or_Lectin-Like_Proteins,train,0
4431,4431,tr,A0AAW1BEF1,A0AAW1BEF1_CROAD,VENOM COMPONENT: C-type lectin-snaclec-subunit-alpha 1 like,Crotalus adamanteus,8729,3,C-Type_Lectins_or_Lectin-Like_Proteins,train,0
4432,4432,tr,A0AAW1BDP1,A0AAW1BDP1_CROAD,VENOM COMPONENT: C-type lectin-snaclec-subunit-beta 1 like,Crotalus adamanteus,8729,3,C-Type_Lectins_or_Lectin-Like_Proteins,train,0
4433,4433,tr,A0AAW1BEV4,A0AAW1BEV4_CROAD,VENOM COMPONENT: C-type lectin-snaclec-subunit-alpha 2 like,Crotalus adamanteus,8729,3,C-Type_Lectins_or_Lectin-Like_Proteins,train,0
4434,4434,tr,D2YVK9,D2YVK9_9SAUR,C-type lectin lectoxin-Thr1-like,Notechis scutatus,8663,2,C-Type_Lectins_or_Lectin-Like_Proteins,train,0
4435,4435,tr,D2YVK6,D2YVK6_9SAUR,C-type lectin lectoxin-Phi1-like,Notechis scutatus,8663,2,C-Type_Lectins_or_Lectin-Like_Proteins,test,0
4436,4436,tr,D2SLM9,D2SLM9_DEMVE,Venom C-type lectin mannose binding isoform 1,Demansia vestigiata,412038,2,C-Type_Lectins_or_Lectin-Like_Proteins,train,0
4437,4437,tr,A0A8T1N178,A0A8T1N178_BOTJA,Snake venom C-type Lectin,Bothrops jararaca,8724,3,C-Type_Lectins_or_Lectin-Like_Proteins,train,0
4438,4438,tr,F8S0Z2,F8S0Z2_CROAD,C-type lectin 2a,Crotalus adamanteus,8729,2,C-Type_Lectins_or_Lectin-Like_Proteins,train,0
4439,4439,tr,F8S0Z0,F8S0Z0_CROAD,C-type lectin 12b,Crotalus adamanteus,8729,2,C-Type_Lectins_or_Lectin-Like_Proteins,train,0
4440,4440,tr,F8S0Z1,F8S0Z1_CROAD,C-type lectin 10,Crotalus adamanteus,8729,2,C-Type_Lectins_or_Lectin-Like_Proteins,train,0
4441,4441,tr,J3S817,J3S817_CROAD,C-type lectin 11b,Crotalus adamanteus,8729,2,C-Type_Lectins_or_Lectin-Like_Proteins,train,0
4442,4442,tr,D2YVL3,D2YVL3_CRYNI,Venom C-type lectin mannose binding isoform 3,Cryptophis nigrescens,292442,2,C-Type_Lectins_or_Lectin-Like_Proteins,test,0
4443,4443,tr,D2YVH8,D2YVH8_OXYSU,Venom C-type lectin mannose binding isoform 3,Oxyuranus scutellatus,8668,2,C-Type_Lectins_or_Lectin-Like_Proteins,val,0
4444,4444,tr,D2YVJ0,D2YVJ0_OXYMI,Venom C-type lectin mannose binding isoform 1,Oxyuranus microlepidotus,111177,2,C-Type_Lectins_or_Lectin-Like_Proteins,val,0
4445,4445,tr,D2YVK4,D2YVK4_HOPST,Venom C-type lectin mannose binding isoform 4,Hoplocephalus stephensii,196418,2,C-Type_Lectins_or_Lectin-Like_Proteins,train,0
4446,4446,tr,A0A1B3AXS3,A0A1B3AXS3_BITAR,C-type lectin-like protein,Bitis arietans,8692,2,C-Type_Lectins_or_Lectin-Like_Proteins,train,0
4447,4447,tr,D2YVI1,D2YVI1_OXYSU,Venom C-type lectin mannose binding isoform 4,Oxyuranus scutellatus,8668,2,C-Type_Lectins_or_Lectin-Like_Proteins,train,0
4448,4448,tr,D2YVJ2,D2YVJ2_PSETE,Venom C-type lectin mannose binding isoform 3,Pseudonaja textilis,8673,2,C-Type_Lectins_or_Lectin-Like_Proteins,train,0
4449,4449,tr,D2YVK2,D2YVK2_HOPST,Venom C-type lectin mannose binding isoform 3,Hoplocephalus stephensii,196418,2,C-Type_Lectins_or_Lectin-Like_Proteins,train,0
4450,4450,tr,D2YVK3,D2YVK3_HOPST,Venom C-type lectin mannose binding isoform 1,Hoplocephalus stephensii,196418,2,C-Type_Lectins_or_Lectin-Like_Proteins,train,0
4451,4451,tr,J3SDU9,J3SDU9_CROAD,C-type lectin 11,Crotalus adamanteus,8729,2,C-Type_Lectins_or_Lectin-Like_Proteins,train,0
4452,4452,tr,A0A193CHJ9,A0A193CHJ9_CROTA,C-type lectin 3,Crotalus tzabcan,1043006,2,C-Type_Lectins_or_Lectin-Like_Proteins,train,0
4453,4453,tr,D2YVJ3,D2YVJ3_PSETE,Venom C-type lectin galactose binding isoform variant 1,Pseudonaja textilis,8673,2,C-Type_Lectins_or_Lectin-Like_Proteins,train,0
4454,4454,tr,D2YVJ4,D2YVJ4_PSETE,Venom C-type lectin galactose binding isoform variant 2,Pseudonaja textilis,8673,2,C-Type_Lectins_or_Lectin-Like_Proteins,train,0
4455,4455,tr,D2YVL0,D2YVL0_DEMVE,Venom C-type lectin galactose binding isoform variant 1,Demansia vestigiata,412038,2,C-Type_Lectins_or_Lectin-Like_Proteins,train,0
4456,4456,tr,D2YVL1,D2YVL1_DEMVE,Venom C-type lectin galactose binding isoform variant 2,Demansia vestigiata,412038,2,C-Type_Lectins_or_Lectin-Like_Proteins,train,0
4457,4457,tr,A0A6B7FMP6,A0A6B7FMP6_VIPAA,C-type lectin-like Snaclec-9,Vipera ammodytes ammodytes,8705,2,C-Type_Lectins_or_Lectin-Like_Proteins,train,0
4458,4458,tr,D2YVJ5,D2YVJ5_PSETE,Venom C-type lectin mannose binding isoform 1 variant 2,Pseudonaja textilis,8673,2,C-Type_Lectins_or_Lectin-Like_Proteins,test,0
4459,4459,tr,D2YVL6,D2YVL6_OXYMI,Venom C-type lectin mannose binding isoform 3 variant 3,Oxyuranus microlepidotus,111177,2,C-Type_Lectins_or_Lectin-Like_Proteins,train,0
4460,4460,tr,D2YVL7,D2YVL7_OXYMI,Venom C-type lectin mannose binding isoform 3 variant 1,Oxyuranus microlepidotus,111177,2,C-Type_Lectins_or_Lectin-Like_Proteins,train,0
4461,4461,tr,D2YVJ1,D2YVJ1_PSETE,Venom C-type lectin mannose binding isoform 1 variant 1,Pseudonaja textilis,8673,2,C-Type_Lectins_or_Lectin-Like_Proteins,train,0
4462,4462,tr,D2YVL8,D2YVL8_OXYMI,Venom C-type lectin mannose binding isoform 3 variant 2,Oxyuranus microlepidotus,111177,2,C-Type_Lectins_or_Lectin-Like_Proteins,train,0
4463,4463,tr,D2YVJ9,D2YVJ9_TROCA,Venom C-type lectin mannose binding isoform 1 variant 2,Tropidechis carinatus,100989,2,C-Type_Lectins_or_Lectin-Like_Proteins,train,0
4464,4464,tr,D2YVK0,D2YVK0_TROCA,Venom C-type lectin mannose binding isoform 1 variant 3,Tropidechis carinatus,100989,2,C-Type_Lectins_or_Lectin-Like_Proteins,train,0
4465,4465,tr,D2YVL4,D2YVL4_CRYNI,Venom C-type lectin mannose binding isoform 2 variant 1,Cryptophis nigrescens,292442,2,C-Type_Lectins_or_Lectin-Like_Proteins,train,0
4466,4466,tr,D2YVL5,D2YVL5_CRYNI,Venom C-type lectin mannose binding isoform 2 variant 2,Cryptophis nigrescens,292442,2,C-Type_Lectins_or_Lectin-Like_Proteins,val,0
4467,4467,tr,A0A193CHJ2,A0A193CHJ2_CROTA,C-type lectin 1,Crotalus tzabcan,1043006,2,C-Type_Lectins_or_Lectin-Like_Proteins,train,0
4468,4468,tr,D2YVH9,D2YVH9_OXYSU,Venom C-type lectin mannose binding isoform 5 variant 1,Oxyuranus scutellatus,8668,2,C-Type_Lectins_or_Lectin-Like_Proteins,train,0
4469,4469,tr,D2YVI0,D2YVI0_OXYSU,Venom C-type lectin mannose binding isoform 5 variant 2,Oxyuranus scutellatus,8668,2,C-Type_Lectins_or_Lectin-Like_Proteins,train,0
4470,4470,tr,D2YVK8,D2YVK8_9SAUR,Venom C-type lectin mannose binding isoform 5 variant 2,Notechis scutatus,8663,2,C-Type_Lectins_or_Lectin-Like_Proteins,train,0
4471,4471,tr,A0A193CHJ4,A0A193CHJ4_CROTA,C-type lectin 2,Crotalus tzabcan,1043006,2,C-Type_Lectins_or_Lectin-Like_Proteins,train,0
4472,4472,tr,D2YVK7,D2YVK7_9SAUR,Venom C-type lectin mannose binding isoform 5 variant 1,Notechis scutatus,8663,2,C-Type_Lectins_or_Lectin-Like_Proteins,train,0
4473,4473,tr,T1E3Z2,T1E3Z2_CROHD,C-type lectin 2,Crotalus horridus,35024,2,C-Type_Lectins_or_Lectin-Like_Proteins,train,0
4474,4474,tr,T1E3D8,T1E3D8_CROHD,C-type lectin 11,Crotalus horridus,35024,2,C-Type_Lectins_or_Lectin-Like_Proteins,train,0
4475,4475,tr,T1DK04,T1DK04_CROHD,C-type lectin 1a,Crotalus horridus,35024,2,C-Type_Lectins_or_Lectin-Like_Proteins,train,0
4476,4476,tr,T1E3Z0,T1E3Z0_CROHD,C-type lectin 11a,Crotalus horridus,35024,2,C-Type_Lectins_or_Lectin-Like_Proteins,test,0
4477,4477,tr,A0A0C5DKL1,A0A0C5DKL1_MACLB,C-type lectin-like protein 3A,Macrovipera lebetinus,3148341,2,C-Type_Lectins_or_Lectin-Like_Proteins,val,0
4478,4478,tr,F8S0Y7,F8S0Y7_CROAD,C-type lectin 1,Crotalus adamanteus,8729,2,C-Type_Lectins_or_Lectin-Like_Proteins,val,0
4479,4479,tr,F8S0Z3,F8S0Z3_CROAD,C-type lectin 3a,Crotalus adamanteus,8729,2,C-Type_Lectins_or_Lectin-Like_Proteins,train,0
4480,4480,tr,T1DH34,T1DH34_CROHD,C-type lectin 19a,Crotalus horridus,35024,2,C-Type_Lectins_or_Lectin-Like_Proteins,test,0
4481,4481,tr,T1E3Z4,T1E3Z4_CROHD,C-type lectin 11,Crotalus horridus,35024,2,C-Type_Lectins_or_Lectin-Like_Proteins,train,0
4482,4482,tr,T1DJZ7,T1DJZ7_CROHD,C-type lectin 4,Crotalus horridus,35024,2,C-Type_Lectins_or_Lectin-Like_Proteins,train,0
4483,4483,tr,T1DK00,T1DK00_CROHD,C-type lectin 4,Crotalus horridus,35024,2,C-Type_Lectins_or_Lectin-Like_Proteins,train,0
4484,4484,tr,T1D6Q8,T1D6Q8_CROHD,C-type lectin 4,Crotalus horridus,35024,2,C-Type_Lectins_or_Lectin-Like_Proteins,val,0
4485,4485,tr,J3S818,J3S818_CROAD,C-type lectin 3b,Crotalus adamanteus,8729,2,C-Type_Lectins_or_Lectin-Like_Proteins,train,0
4486,4486,tr,F8S0Y5,F8S0Y5_CROAD,C-type lectin 1,Crotalus adamanteus,8729,2,C-Type_Lectins_or_Lectin-Like_Proteins,train,0
4487,4487,tr,A0A0K8RYU8,A0A0K8RYU8_CROHD,C-type lectin 8a,Crotalus horridus,35024,3,C-Type_Lectins_or_Lectin-Like_Proteins,train,0
4488,4488,tr,J3S816,J3S816_CROAD,C-type lectin 13d,Crotalus adamanteus,8729,2,C-Type_Lectins_or_Lectin-Like_Proteins,train,0
4489,4489,tr,J3S3U8,J3S3U8_CROAD,C-type lectin 13c,Crotalus adamanteus,8729,2,C-Type_Lectins_or_Lectin-Like_Proteins,train,0
4490,4490,tr,J3SDV5,J3SDV5_CROAD,C-type lectin 13b,Crotalus adamanteus,8729,2,C-Type_Lectins_or_Lectin-Like_Proteins,train,0
4491,4491,tr,J3RY47,J3RY47_CROAD,C-type lectin 13e,Crotalus adamanteus,8729,2,C-Type_Lectins_or_Lectin-Like_Proteins,train,0
4492,4492,tr,J3SBN7,J3SBN7_CROAD,C-type lectin 13f,Crotalus adamanteus,8729,2,C-Type_Lectins_or_Lectin-Like_Proteins,train,0
4493,4493,tr,J3SDV2,J3SDV2_CROAD,C-type lectin 13a,Crotalus adamanteus,8729,2,C-Type_Lectins_or_Lectin-Like_Proteins,train,0
4494,4494,tr,A0A194AS79,A0A194AS79_SISMB,C-type lectin 8b,Sistrurus miliarius barbouri,8759,3,C-Type_Lectins_or_Lectin-Like_Proteins,val,0
4495,4495,tr,G9DCH9,G9DCH9_CROHE,C-type lectin 3,Crotalus helleri,8741,2,C-Type_Lectins_or_Lectin-Like_Proteins,train,0
4496,4496,tr,A0A077L844,A0A077L844_PROFL,C-type lectin B (Fragment),Protobothrops flavoviridis,88087,2,C-Type_Lectins_or_Lectin-Like_Proteins,train,0
4497,4497,tr,A0A077L7Y5,A0A077L7Y5_PROEL,C-type lectin B (Fragment),Protobothrops elegans,88086,2,C-Type_Lectins_or_Lectin-Like_Proteins,train,0
4498,4498,tr,A0A077LAE2,A0A077LAE2_PROFL,C-type lectin A (Fragment),Protobothrops flavoviridis,88087,2,C-Type_Lectins_or_Lectin-Like_Proteins,train,0
4499,4499,tr,A0A077L861,A0A077L861_PROFL,C-type lectin B (Fragment),Protobothrops flavoviridis,88087,2,C-Type_Lectins_or_Lectin-Like_Proteins,train,0
4500,4500,tr,T1E3D6,T1E3D6_CROHD,C-type lectin 7,Crotalus horridus,35024,2,C-Type_Lectins_or_Lectin-Like_Proteins,train,0
4501,4501,tr,A0A0A1WCM8,A0A0A1WCM8_ECHCO,C-type lectin A,Echis coloratus,64175,2,C-Type_Lectins_or_Lectin-Like_Proteins,train,0
4502,4502,tr,A0A6J1VJI9,A0A6J1VJI9_9SAUR,C-type lectin-like,Notechis scutatus,8663,3,C-Type_Lectins_or_Lectin-Like_Proteins,train,0
4503,4503,tr,J3RY49,J3RY49_CROAD,C-type lectin 5c,Crotalus adamanteus,8729,2,C-Type_Lectins_or_Lectin-Like_Proteins,train,0
4504,4504,tr,J3S3U7,J3S3U7_CROAD,C-type lectin 20,Crotalus adamanteus,8729,2,C-Type_Lectins_or_Lectin-Like_Proteins,test,0
4505,4505,tr,J3RY48,J3RY48_CROAD,C-type lectin 4c,Crotalus adamanteus,8729,2,C-Type_Lectins_or_Lectin-Like_Proteins,train,0
4506,4506,tr,J3S815,J3S815_CROAD,C-type lectin 21,Crotalus adamanteus,8729,2,C-Type_Lectins_or_Lectin-Like_Proteins,train,0
4507,4507,tr,J3SDV0,J3SDV0_CROAD,C-type lectin 15,Crotalus adamanteus,8729,2,C-Type_Lectins_or_Lectin-Like_Proteins,train,0
4508,4508,tr,A0A6P9B9E4,A0A6P9B9E4_PANGU,C-type lectin-like,Pantherophis guttatus,94885,3,C-Type_Lectins_or_Lectin-Like_Proteins,test,0
4509,4509,tr,J3RY45,J3RY45_CROAD,C-type lectin 18,Crotalus adamanteus,8729,2,C-Type_Lectins_or_Lectin-Like_Proteins,train,0
4510,4510,tr,J3RY50,J3RY50_CROAD,C-type lectin 8c,Crotalus adamanteus,8729,2,C-Type_Lectins_or_Lectin-Like_Proteins,train,0
4511,4511,tr,J3SBN6,J3SBN6_CROAD,C-type lectin 2b,Crotalus adamanteus,8729,2,C-Type_Lectins_or_Lectin-Like_Proteins,test,0
4512,4512,tr,A0A6I9Z097,A0A6I9Z097_9SAUR,C-type lectin-like,Thamnophis sirtalis,35019,3,C-Type_Lectins_or_Lectin-Like_Proteins,test,0
4513,4513,tr,A0A9F2WIG5,A0A9F2WIG5_PYTBI,C-type lectin-like,Python bivittatus,176946,3,C-Type_Lectins_or_Lectin-Like_Proteins,train,0
4514,4514,tr,A0A0A1WDS6,A0A0A1WDS6_ECHCO,C-type lectin C,Echis coloratus,64175,2,C-Type_Lectins_or_Lectin-Like_Proteins,train,0
4515,4515,tr,J3SBN4,J3SBN4_CROAD,C-type lectin 14,Crotalus adamanteus,8729,2,C-Type_Lectins_or_Lectin-Like_Proteins,train,0
4516,4516,tr,J3SDV4,J3SDV4_CROAD,C-type lectin 4e,Crotalus adamanteus,8729,2,C-Type_Lectins_or_Lectin-Like_Proteins,train,0
4517,4517,tr,A0A6P9BC49,A0A6P9BC49_PANGU,C-type lectin-like,Pantherophis guttatus,94885,3,C-Type_Lectins_or_Lectin-Like_Proteins,val,0
4518,4518,tr,G9DCI0,G9DCI0_CROHE,C-type lectin 4,Crotalus helleri,8741,2,C-Type_Lectins_or_Lectin-Like_Proteins,test,0
4519,4519,tr,J3SBN5,J3SBN5_CROAD,C-type lectin 19,Crotalus adamanteus,8729,2,C-Type_Lectins_or_Lectin-Like_Proteins,train,0
4520,4520,tr,J3SBN8,J3SBN8_CROAD,C-type lectin 4d,Crotalus adamanteus,8729,2,C-Type_Lectins_or_Lectin-Like_Proteins,train,0
4521,4521,tr,J3SDV6,J3SDV6_CROAD,C-type lectin 9b,Crotalus adamanteus,8729,2,C-Type_Lectins_or_Lectin-Like_Proteins,train,0
4522,4522,tr,J3SDV3,J3SDV3_CROAD,C-type lectin 3f,Crotalus adamanteus,8729,2,C-Type_Lectins_or_Lectin-Like_Proteins,train,0
4523,4523,tr,A0A077L6M9,A0A077L6M9_PROEL,C-type lectin B subunit,Protobothrops elegans,88086,2,C-Type_Lectins_or_Lectin-Like_Proteins,train,0
4524,4524,tr,A0A077LD04,A0A077LD04_PROEL,C-type lectin B subunit (Fragment),Protobothrops elegans,88086,2,C-Type_Lectins_or_Lectin-Like_Proteins,val,0
4525,4525,tr,A0A0K8RZ50,A0A0K8RZ50_CROHD,C-type lectin 2,Crotalus horridus,35024,3,C-Type_Lectins_or_Lectin-Like_Proteins,train,0
4526,4526,tr,A0A194AQP5,A0A194AQP5_9SAUR,C-type lectin 4,Agkistrodon piscivorus,8715,3,C-Type_Lectins_or_Lectin-Like_Proteins,train,0
4527,4527,tr,A0A194ART9,A0A194ART9_9SAUR,C-type lectin 7b,Agkistrodon piscivorus,8715,3,C-Type_Lectins_or_Lectin-Like_Proteins,train,0
4528,4528,tr,A0A0K8S055,A0A0K8S055_CROHD,C-type lectin 9b,Crotalus horridus,35024,3,C-Type_Lectins_or_Lectin-Like_Proteins,val,0
4529,4529,tr,A0A194AQQ0,A0A194AQQ0_9SAUR,C-type lectin 1a,Agkistrodon piscivorus,8715,3,C-Type_Lectins_or_Lectin-Like_Proteins,val,0
4530,4530,tr,A0A194ARU7,A0A194ARU7_9SAUR,C-type lectin 1c,Agkistrodon piscivorus,8715,3,C-Type_Lectins_or_Lectin-Like_Proteins,train,0
4531,4531,tr,A0A0K8RYX8,A0A0K8RYX8_CROHD,C-type lectin 9d,Crotalus horridus,35024,3,C-Type_Lectins_or_Lectin-Like_Proteins,train,0
4532,4532,tr,A0A0K8RYY8,A0A0K8RYY8_CROHD,C-type lectin 3,Crotalus horridus,35024,3,C-Type_Lectins_or_Lectin-Like_Proteins,train,0
4533,4533,tr,A0A0K8S059,A0A0K8S059_CROHD,C-type lectin 6,Crotalus horridus,35024,3,C-Type_Lectins_or_Lectin-Like_Proteins,train,0
4534,4534,tr,A0A194APM7,A0A194APM7_9SAUR,C-type lectin 9d,Agkistrodon piscivorus,8715,3,C-Type_Lectins_or_Lectin-Like_Proteins,train,0
4535,4535,tr,A0A194APW6,A0A194APW6_9SAUR,C-type lectin 7a,Agkistrodon piscivorus,8715,3,C-Type_Lectins_or_Lectin-Like_Proteins,train,0
4536,4536,tr,A0A194AQN5,A0A194AQN5_9SAUR,C-type lectin 9a,Agkistrodon piscivorus,8715,3,C-Type_Lectins_or_Lectin-Like_Proteins,train,0
4537,4537,tr,A0A140DC06,A0A140DC06_BITAR,C-type lectin 2,Bitis arietans,8692,2,C-Type_Lectins_or_Lectin-Like_Proteins,train,0
4538,4538,tr,A0A194AML9,A0A194AML9_9SAUR,C-type lectin 8b,Agkistrodon piscivorus,8715,3,C-Type_Lectins_or_Lectin-Like_Proteins,train,0
4539,4539,tr,A0A194AMM9,A0A194AMM9_9SAUR,C-type lectin 3,Agkistrodon piscivorus,8715,3,C-Type_Lectins_or_Lectin-Like_Proteins,train,0
4540,4540,tr,A0A194APN2,A0A194APN2_9SAUR,C-type lectin 8a,Agkistrodon piscivorus,8715,3,C-Type_Lectins_or_Lectin-Like_Proteins,train,0
4541,4541,tr,A0A194APW1,A0A194APW1_9SAUR,C-type lectin 9b,Agkistrodon piscivorus,8715,3,C-Type_Lectins_or_Lectin-Like_Proteins,train,0
4542,4542,tr,A0A194APX6,A0A194APX6_9SAUR,C-type lectin 1b,Agkistrodon piscivorus,8715,3,C-Type_Lectins_or_Lectin-Like_Proteins,train,0
4543,4543,tr,A0A194ART4,A0A194ART4_9SAUR,C-type lectin 9c,Agkistrodon piscivorus,8715,3,C-Type_Lectins_or_Lectin-Like_Proteins,train,0
4544,4544,tr,G9DCI1,G9DCI1_CROHE,C-type lectin 5,Crotalus helleri,8741,2,C-Type_Lectins_or_Lectin-Like_Proteins,train,0
4545,4545,tr,T1E3E0,T1E3E0_CROHD,C-type lectin 10,Crotalus horridus,35024,2,C-Type_Lectins_or_Lectin-Like_Proteins,val,0
4546,4546,tr,A0A1W7RJW6,A0A1W7RJW6_AGKCO,C-type lectin 11a,Agkistrodon contortrix contortrix,8713,3,C-Type_Lectins_or_Lectin-Like_Proteins,train,0
4547,4547,tr,A0A1W7RJY6,A0A1W7RJY6_AGKCO,C-type lectin 2,Agkistrodon contortrix contortrix,8713,3,C-Type_Lectins_or_Lectin-Like_Proteins,train,0
4548,4548,tr,A0A1W7RJZ7,A0A1W7RJZ7_AGKCO,C-type lectin 12a,Agkistrodon contortrix contortrix,8713,3,C-Type_Lectins_or_Lectin-Like_Proteins,test,0
4549,4549,tr,A0A1W7RK03,A0A1W7RK03_AGKCO,C-type lectin 7,Agkistrodon contortrix contortrix,8713,3,C-Type_Lectins_or_Lectin-Like_Proteins,train,0
4550,4550,tr,A0A1W7RK05,A0A1W7RK05_AGKCO,C-type lectin 4,Agkistrodon contortrix contortrix,8713,3,C-Type_Lectins_or_Lectin-Like_Proteins,train,0
4551,4551,tr,A0A1W7RJX7,A0A1W7RJX7_AGKCO,C-type lectin 6,Agkistrodon contortrix contortrix,8713,3,C-Type_Lectins_or_Lectin-Like_Proteins,train,0
4552,4552,tr,G9DCH8,G9DCH8_CROHE,C-type lectin 2,Crotalus helleri,8741,2,C-Type_Lectins_or_Lectin-Like_Proteins,train,0
4553,4553,tr,A0A1W7RJY2,A0A1W7RJY2_AGKCO,C-type lectin 1,Agkistrodon contortrix contortrix,8713,3,C-Type_Lectins_or_Lectin-Like_Proteins,train,0
4554,4554,tr,A0A194APT9,A0A194APT9_SISTE,C-type lectin 7,Sistrurus tergeminus,8757,3,C-Type_Lectins_or_Lectin-Like_Proteins,train,0
4555,4555,tr,A0A194APW2,A0A194APW2_SISTE,C-type lectin 12b,Sistrurus tergeminus,8757,3,C-Type_Lectins_or_Lectin-Like_Proteins,train,0
4556,4556,tr,A0A194ARP2,A0A194ARP2_SISTE,C-type lectin 8d,Sistrurus tergeminus,8757,3,C-Type_Lectins_or_Lectin-Like_Proteins,train,0
4557,4557,tr,A0A194ARQ1,A0A194ARQ1_SISTE,C-type lectin 24,Sistrurus tergeminus,8757,3,C-Type_Lectins_or_Lectin-Like_Proteins,train,0
4558,4558,tr,A0A194ASN1,A0A194ASN1_SISTE,C-type lectin 8f,Sistrurus tergeminus,8757,3,C-Type_Lectins_or_Lectin-Like_Proteins,train,0
4559,4559,tr,A0A194ASP7,A0A194ASP7_SISTE,C-type lectin 18,Sistrurus tergeminus,8757,3,C-Type_Lectins_or_Lectin-Like_Proteins,train,0
4560,4560,tr,A0A194ASQ1,A0A194ASQ1_SISTE,C-type lectin 14,Sistrurus tergeminus,8757,3,C-Type_Lectins_or_Lectin-Like_Proteins,train,0
4561,4561,tr,A0A194ASZ6,A0A194ASZ6_SISMB,C-type lectin 5b,Sistrurus miliarius barbouri,8759,3,C-Type_Lectins_or_Lectin-Like_Proteins,train,0
4562,4562,tr,A0A194ATM3,A0A194ATM3_SISTE,C-type lectin 19b,Sistrurus tergeminus,8757,3,C-Type_Lectins_or_Lectin-Like_Proteins,train,0
4563,4563,tr,A0A194ATN5,A0A194ATN5_SISTE,C-type lectin 11,Sistrurus tergeminus,8757,3,C-Type_Lectins_or_Lectin-Like_Proteins,val,0
4564,4564,tr,A0A194ATV2,A0A194ATV2_SISMB,C-type lectin 3,Sistrurus miliarius barbouri,8759,3,C-Type_Lectins_or_Lectin-Like_Proteins,val,0
4565,4565,tr,A0A194APV8,A0A194APV8_SISTE,C-type lectin 13e,Sistrurus tergeminus,8757,3,C-Type_Lectins_or_Lectin-Like_Proteins,train,0
4566,4566,tr,A0A194ARQ6,A0A194ARQ6_SISTE,C-type lectin 1,Sistrurus tergeminus,8757,3,C-Type_Lectins_or_Lectin-Like_Proteins,train,0
4567,4567,tr,A0A194ARR5,A0A194ARR5_SISTE,C-type lectin 13d,Sistrurus tergeminus,8757,3,C-Type_Lectins_or_Lectin-Like_Proteins,train,0
4568,4568,tr,A0A194ARV3,A0A194ARV3_SISTE,C-type lectin 9,Sistrurus tergeminus,8757,3,C-Type_Lectins_or_Lectin-Like_Proteins,train,0
4569,4569,tr,A0A194ARW9,A0A194ARW9_SISTE,C-type lectin 22,Sistrurus tergeminus,8757,3,C-Type_Lectins_or_Lectin-Like_Proteins,train,0
4570,4570,tr,A0A194ARY2,A0A194ARY2_SISTE,C-type lectin 13b,Sistrurus tergeminus,8757,3,C-Type_Lectins_or_Lectin-Like_Proteins,train,0
4571,4571,tr,A0A194AS16,A0A194AS16_SISMB,C-type lectin 6c,Sistrurus miliarius barbouri,8759,3,C-Type_Lectins_or_Lectin-Like_Proteins,train,0
4572,4572,tr,A0A194AS20,A0A194AS20_SISMB,C-type lectin 4,Sistrurus miliarius barbouri,8759,3,C-Type_Lectins_or_Lectin-Like_Proteins,train,0
4573,4573,tr,A0A194ASP3,A0A194ASP3_SISTE,C-type lectin 21,Sistrurus tergeminus,8757,3,C-Type_Lectins_or_Lectin-Like_Proteins,train,0
4574,4574,tr,A0A194ATU8,A0A194ATU8_SISMB,C-type lectin 6b,Sistrurus miliarius barbouri,8759,3,C-Type_Lectins_or_Lectin-Like_Proteins,val,0
4575,4575,tr,A0A194APU3,A0A194APU3_SISTE,C-type lectin 2,Sistrurus tergeminus,8757,3,C-Type_Lectins_or_Lectin-Like_Proteins,train,0
4576,4576,tr,A0A194ARV8,A0A194ARV8_SISTE,C-type lectin 8b,Sistrurus tergeminus,8757,3,C-Type_Lectins_or_Lectin-Like_Proteins,train,0
4577,4577,tr,A0A194AS83,A0A194AS83_SISMB,C-type lectin 6a,Sistrurus miliarius barbouri,8759,3,C-Type_Lectins_or_Lectin-Like_Proteins,train,0
4578,4578,tr,A0A194AS94,A0A194AS94_SISMB,C-type lectin 13b,Sistrurus miliarius barbouri,8759,3,C-Type_Lectins_or_Lectin-Like_Proteins,train,0
4579,4579,tr,A0A194AS97,A0A194AS97_SISMB,C-type lectin 10b,Sistrurus miliarius barbouri,8759,3,C-Type_Lectins_or_Lectin-Like_Proteins,test,0
4580,4580,tr,A0A194ASN5,A0A194ASN5_SISTE,C-type lectin 8a,Sistrurus tergeminus,8757,3,C-Type_Lectins_or_Lectin-Like_Proteins,train,0
4581,4581,tr,A0A194ATL6,A0A194ATL6_SISTE,C-type lectin 5,Sistrurus tergeminus,8757,3,C-Type_Lectins_or_Lectin-Like_Proteins,train,0
4582,4582,tr,A0A194ATM0,A0A194ATM0_SISTE,C-type lectin 23,Sistrurus tergeminus,8757,3,C-Type_Lectins_or_Lectin-Like_Proteins,train,0
4583,4583,tr,A0A194AQA5,A0A194AQA5_AGKCO,C-type lectin 10a,Agkistrodon contortrix contortrix,8713,3,C-Type_Lectins_or_Lectin-Like_Proteins,train,0
4584,4584,tr,A0A1W7RJZ6,A0A1W7RJZ6_AGKCO,C-type lectin 3,Agkistrodon contortrix contortrix,8713,3,C-Type_Lectins_or_Lectin-Like_Proteins,test,0
4585,4585,tr,A0A194APX0,A0A194APX0_9SAUR,C-type lectin 5a,Agkistrodon piscivorus,8715,3,C-Type_Lectins_or_Lectin-Like_Proteins,train,0
4586,4586,tr,A0A194AQN9,A0A194AQN9_9SAUR,C-type lectin 6b,Agkistrodon piscivorus,8715,3,C-Type_Lectins_or_Lectin-Like_Proteins,train,0
4587,4587,tr,A0A1W7RK04,A0A1W7RK04_AGKCO,C-type lectin 8,Agkistrodon contortrix contortrix,8713,3,C-Type_Lectins_or_Lectin-Like_Proteins,val,0
4588,4588,tr,A0A194APU8,A0A194APU8_SISTE,C-type lectin 20,Sistrurus tergeminus,8757,3,C-Type_Lectins_or_Lectin-Like_Proteins,train,0
4589,4589,tr,A0A194APV3,A0A194APV3_SISTE,C-type lectin 17,Sistrurus tergeminus,8757,3,C-Type_Lectins_or_Lectin-Like_Proteins,train,0
4590,4590,tr,A0A194AQ71,A0A194AQ71_SISMB,C-type lectin 5a,Sistrurus miliarius barbouri,8759,3,C-Type_Lectins_or_Lectin-Like_Proteins,train,0
4591,4591,tr,A0A194ARR1,A0A194ARR1_SISTE,C-type lectin 16,Sistrurus tergeminus,8757,3,C-Type_Lectins_or_Lectin-Like_Proteins,val,0
4592,4592,tr,A0A194ARW3,A0A194ARW3_SISTE,C-type lectin 4,Sistrurus tergeminus,8757,3,C-Type_Lectins_or_Lectin-Like_Proteins,train,0
4593,4593,tr,A0A194AS24,A0A194AS24_SISMB,C-type lectin 14b,Sistrurus miliarius barbouri,8759,3,C-Type_Lectins_or_Lectin-Like_Proteins,train,0
4594,4594,tr,A0A194AS29,A0A194AS29_SISMB,C-type lectin 11,Sistrurus miliarius barbouri,8759,3,C-Type_Lectins_or_Lectin-Like_Proteins,train,0
4595,4595,tr,A0A194AS88,A0A194AS88_SISMB,C-type lectin 2,Sistrurus miliarius barbouri,8759,3,C-Type_Lectins_or_Lectin-Like_Proteins,train,0
4596,4596,tr,A0A194ASQ6,A0A194ASQ6_SISTE,C-type lectin 13a,Sistrurus tergeminus,8757,3,C-Type_Lectins_or_Lectin-Like_Proteins,train,0
4597,4597,tr,A0A194AT05,A0A194AT05_SISMB,C-type lectin 13a,Sistrurus miliarius barbouri,8759,3,C-Type_Lectins_or_Lectin-Like_Proteins,train,0
4598,4598,tr,A0A194ATV5,A0A194ATV5_SISMB,C-type lectin 14a,Sistrurus miliarius barbouri,8759,3,C-Type_Lectins_or_Lectin-Like_Proteins,train,0
4599,4599,tr,A0A0K8RYZ2,A0A0K8RYZ2_CROHD,C-type lectin 19b,Crotalus horridus,35024,3,C-Type_Lectins_or_Lectin-Like_Proteins,train,0
4600,4600,tr,A0A194APN7,A0A194APN7_9SAUR,C-type lectin 5c,Agkistrodon piscivorus,8715,3,C-Type_Lectins_or_Lectin-Like_Proteins,val,0
4601,4601,tr,A0A194APT3,A0A194APT3_SISTE,C-type lectin 8e,Sistrurus tergeminus,8757,3,C-Type_Lectins_or_Lectin-Like_Proteins,train,0
4602,4602,tr,A0A194AQ61,A0A194AQ61_SISMB,C-type lectin 9,Sistrurus miliarius barbouri,8759,3,C-Type_Lectins_or_Lectin-Like_Proteins,train,0
4603,4603,tr,A0A194ARS0,A0A194ARS0_SISTE,C-type lectin 12a,Sistrurus tergeminus,8757,3,C-Type_Lectins_or_Lectin-Like_Proteins,train,0
4604,4604,tr,A0A194ARX2,A0A194ARX2_SISTE,C-type lectin 19a,Sistrurus tergeminus,8757,3,C-Type_Lectins_or_Lectin-Like_Proteins,train,0
4605,4605,tr,A0A194ARY6,A0A194ARY6_SISTE,C-type lectin 10,Sistrurus tergeminus,8757,3,C-Type_Lectins_or_Lectin-Like_Proteins,train,0
4606,4606,tr,A0A194AT10,A0A194AT10_SISMB,C-type lectin 10a,Sistrurus miliarius barbouri,8759,3,C-Type_Lectins_or_Lectin-Like_Proteins,train,0
4607,4607,tr,A0A194ATL2,A0A194ATL2_SISTE,C-type lectin 8c,Sistrurus tergeminus,8757,3,C-Type_Lectins_or_Lectin-Like_Proteins,train,0
4608,4608,tr,A0A194ATN0,A0A194ATN0_SISTE,C-type lectin 13c,Sistrurus tergeminus,8757,3,C-Type_Lectins_or_Lectin-Like_Proteins,train,0
4609,4609,tr,A0A194ATW0,A0A194ATW0_SISMB,C-type lectin 10c,Sistrurus miliarius barbouri,8759,3,C-Type_Lectins_or_Lectin-Like_Proteins,train,0
4610,4610,tr,A0A0K8RYV6,A0A0K8RYV6_CROHD,C-type lectin 11b,Crotalus horridus,35024,3,C-Type_Lectins_or_Lectin-Like_Proteins,train,0
4611,4611,tr,A0A194ASN9,A0A194ASN9_SISTE,C-type lectin 3,Sistrurus tergeminus,8757,3,C-Type_Lectins_or_Lectin-Like_Proteins,train,0
4612,4612,tr,A0A194ATM7,A0A194ATM7_SISTE,C-type lectin 15b,Sistrurus tergeminus,8757,3,C-Type_Lectins_or_Lectin-Like_Proteins,train,0
4613,4613,tr,A0A194ARP7,A0A194ARP7_SISTE,C-type lectin 6,Sistrurus tergeminus,8757,3,C-Type_Lectins_or_Lectin-Like_Proteins,train,0
4614,4614,tr,A0A194AMM4,A0A194AMM4_9SAUR,C-type lectin 6a,Agkistrodon piscivorus,8715,3,C-Type_Lectins_or_Lectin-Like_Proteins,val,0
4615,4615,tr,A0A194ARU4,A0A194ARU4_9SAUR,C-type lectin 5b,Agkistrodon piscivorus,8715,3,C-Type_Lectins_or_Lectin-Like_Proteins,train,0
4616,4616,tr,A0A194AQ81,A0A194AQ81_SISMB,C-type lectin 12,Sistrurus miliarius barbouri,8759,3,C-Type_Lectins_or_Lectin-Like_Proteins,train,0
4617,4617,tr,A0A194ASZ2,A0A194ASZ2_SISMB,C-type lectin 8a,Sistrurus miliarius barbouri,8759,3,C-Type_Lectins_or_Lectin-Like_Proteins,train,0
4618,4618,tr,A0A194ATU4,A0A194ATU4_SISMB,C-type lectin 8c,Sistrurus miliarius barbouri,8759,3,C-Type_Lectins_or_Lectin-Like_Proteins,train,0
4619,4619,tr,A0A194AQ76,A0A194AQ76_SISMB,C-type lectin 15,Sistrurus miliarius barbouri,8759,3,C-Type_Lectins_or_Lectin-Like_Proteins,train,0
4620,4620,tr,A0A194AQ66,A0A194AQ66_SISMB,C-type lectin 7,Sistrurus miliarius barbouri,8759,3,C-Type_Lectins_or_Lectin-Like_Proteins,train,0
4621,4621,tr,A0A194ARX7,A0A194ARX7_SISTE,C-type lectin 15a,Sistrurus tergeminus,8757,3,C-Type_Lectins_or_Lectin-Like_Proteins,train,0
4622,4622,tr,A0A194AT01,A0A194AT01_SISMB,C-type lectin 1,Sistrurus miliarius barbouri,8759,3,C-Type_Lectins_or_Lectin-Like_Proteins,train,0
4623,4623,tr,A0A0A1WCM3,A0A0A1WCM3_ECHCO,C-type lectin F,Echis coloratus,64175,2,C-Type_Lectins_or_Lectin-Like_Proteins,val,0
4624,4624,tr,A0A0A1WCD8,A0A0A1WCD8_ECHCO,C-type lectin D,Echis coloratus,64175,2,C-Type_Lectins_or_Lectin-Like_Proteins,train,0
4625,4625,tr,A0A0A1WD34,A0A0A1WD34_ECHCO,C-type lectin B (Fragment),Echis coloratus,64175,2,C-Type_Lectins_or_Lectin-Like_Proteins,train,0
4626,4626,tr,A0A0A1WDW9,A0A0A1WDW9_ECHCO,C-type lectin J,Echis coloratus,64175,2,C-Type_Lectins_or_Lectin-Like_Proteins,train,0
4627,4627,tr,A0A0A1WCD4,A0A0A1WCD4_ECHCO,C-type lectin I,Echis coloratus,64175,2,C-Type_Lectins_or_Lectin-Like_Proteins,train,0
4628,4628,tr,A0A0A1WDS1,A0A0A1WDS1_ECHCO,C-type lectin H,Echis coloratus,64175,2,C-Type_Lectins_or_Lectin-Like_Proteins,test,0
4629,4629,tr,A0A0A1WDX5,A0A0A1WDX5_ECHCO,C-type lectin E (Fragment),Echis coloratus,64175,2,C-Type_Lectins_or_Lectin-Like_Proteins,val,0
4630,4630,tr,A0A0A1WD30,A0A0A1WD30_ECHCO,C-type lectin G (Fragment),Echis coloratus,64175,2,C-Type_Lectins_or_Lectin-Like_Proteins,test,0
4631,4631,tr,A0A0A1WCL8,A0A0A1WCL8_ECHCO,C-type lectin K,Echis coloratus,64175,2,C-Type_Lectins_or_Lectin-Like_Proteins,train,0
4632,4632,tr,F8S0Y9,F8S0Y9_CROAD,C-type lectin 5,Crotalus adamanteus,8729,2,C-Type_Lectins_or_Lectin-Like_Proteins,train,0
4633,4633,tr,A0A1B3AXS5,A0A1B3AXS5_BITAR,C-type lectin-like protein,Bitis arietans,8692,2,C-Type_Lectins_or_Lectin-Like_Proteins,train,0
4634,4634,tr,A0A1B3AXR8,A0A1B3AXR8_BITAR,C-type lectin-like protein,Bitis arietans,8692,2,C-Type_Lectins_or_Lectin-Like_Proteins,train,0
4635,4635,tr,F8S0Y8,F8S0Y8_CROAD,C-type lectin 4,Crotalus adamanteus,8729,2,C-Type_Lectins_or_Lectin-Like_Proteins,train,0
4636,4636,tr,A0A9F2R5S9,A0A9F2R5S9_PYTBI,C-type lectin BpLec-like,Python bivittatus,176946,3,C-Type_Lectins_or_Lectin-Like_Proteins,train,0
4637,4637,tr,A0A9F5MXV9,A0A9F5MXV9_PYTBI,C-type lectin BpLec-like,Python bivittatus,176946,3,C-Type_Lectins_or_Lectin-Like_Proteins,train,0
4638,4638,tr,A0A9F2R5Z6,A0A9F2R5Z6_PYTBI,C-type lectin BPL-like,Python bivittatus,176946,3,C-Type_Lectins_or_Lectin-Like_Proteins,train,0
4639,4639,tr,A0A9F5IUU9,A0A9F5IUU9_PYTBI,C-type lectin BpLec-like,Python bivittatus,176946,3,C-Type_Lectins_or_Lectin-Like_Proteins,train,0
4640,4640,tr,A0A6P9AQH3,A0A6P9AQH3_PANGU,C-type lectin 1-like,Pantherophis guttatus,94885,3,C-Type_Lectins_or_Lectin-Like_Proteins,train,0
4641,4641,tr,A0A6P9B874,A0A6P9B874_PANGU,C-type lectin Cal-like,Pantherophis guttatus,94885,3,C-Type_Lectins_or_Lectin-Like_Proteins,train,0
4642,4642,tr,A0A6P9BC94,A0A6P9BC94_PANGU,C-type lectin BpLec-like,Pantherophis guttatus,94885,3,C-Type_Lectins_or_Lectin-Like_Proteins,train,0
4643,4643,tr,A0A6P9BGZ5,A0A6P9BGZ5_PANGU,C-type lectin Cal-like,Pantherophis guttatus,94885,3,C-Type_Lectins_or_Lectin-Like_Proteins,train,0
4644,4644,tr,A0A6P9B880,A0A6P9B880_PANGU,C-type lectin Cal-like,Pantherophis guttatus,94885,3,C-Type_Lectins_or_Lectin-Like_Proteins,test,0
4645,4645,tr,A0A6P9BHT1,A0A6P9BHT1_PANGU,C-type lectin Cal-like,Pantherophis guttatus,94885,3,C-Type_Lectins_or_Lectin-Like_Proteins,train,0
4646,4646,tr,A0A6I9YNT3,A0A6I9YNT3_9SAUR,C-type lectin BPL-like,Thamnophis sirtalis,35019,3,C-Type_Lectins_or_Lectin-Like_Proteins,train,0
4647,4647,tr,A0A6P9B9E0,A0A6P9B9E0_PANGU,C-type lectin BpLec-like,Pantherophis guttatus,94885,3,C-Type_Lectins_or_Lectin-Like_Proteins,train,0
4648,4648,tr,T2HP30,T2HP30_PROFL,C-type lectin alpha subunit (Fragment),Protobothrops flavoviridis,88087,2,C-Type_Lectins_or_Lectin-Like_Proteins,train,0
4649,4649,tr,U3EPK2,U3EPK2_MICFL,C-type lectin 1a,Micrurus fulvius,8637,2,C-Type_Lectins_or_Lectin-Like_Proteins,train,0
4650,4650,tr,T2HQ64,T2HQ64_PROFL,C-type lectin alpha subunit,Protobothrops flavoviridis,88087,2,C-Type_Lectins_or_Lectin-Like_Proteins,train,0
4651,4651,tr,A0A2H4N3D3,A0A2H4N3D3_BOTMO,C-type lectin isoform 1 (Fragment),Bothrops moojeni,98334,2,C-Type_Lectins_or_Lectin-Like_Proteins,train,0
4652,4652,tr,A0A670YPM4,A0A670YPM4_PSETE,C-type lectin BjL-like,Pseudonaja textilis,8673,3,C-Type_Lectins_or_Lectin-Like_Proteins,train,0
4653,4653,tr,A0A6J1VHY7,A0A6J1VHY7_9SAUR,C-type lectin BjL-like,Notechis scutatus,8663,3,C-Type_Lectins_or_Lectin-Like_Proteins,train,0
4654,4654,tr,T2HPS7,T2HPS7_PROFL,C-type lectin beta subunit (Fragment),Protobothrops flavoviridis,88087,2,C-Type_Lectins_or_Lectin-Like_Proteins,train,0
4655,4655,tr,A0A2H4N3D1,A0A2H4N3D1_BOTMO,C-type lectin isoform 2 (Fragment),Bothrops moojeni,98334,2,C-Type_Lectins_or_Lectin-Like_Proteins,train,0
4656,4656,tr,T2HP53,T2HP53_PROFL,C-type lectin beta subunit (Fragment),Protobothrops flavoviridis,88087,2,C-Type_Lectins_or_Lectin-Like_Proteins,train,0
4657,4657,tr,T2HQM1,T2HQM1_OVOOK,C-type lectin alpha subunit,Ovophis okinavensis,8769,2,C-Type_Lectins_or_Lectin-Like_Proteins,test,0
4658,4658,tr,G9DCH7,G9DCH7_CROHE,C-type lectin 1,Crotalus helleri,8741,2,C-Type_Lectins_or_Lectin-Like_Proteins,train,0
4659,4659,tr,A0A077LD73,A0A077LD73_PROFL,C-type lectin F IX/X B,Protobothrops flavoviridis,88087,2,C-Type_Lectins_or_Lectin-Like_Proteins,test,0
4660,4660,tr,A0A077LD34,A0A077LD34_PROFL,C-type lectin F IX/X A (Fragment),Protobothrops flavoviridis,88087,2,C-Type_Lectins_or_Lectin-Like_Proteins,test,0
4661,4661,tr,A0AAW1B8B5,A0AAW1B8B5_CROAD,C-type lectin LmsL-like,Crotalus adamanteus,8729,3,C-Type_Lectins_or_Lectin-Like_Proteins,train,0
4662,4662,tr,A0AAW1B6H4,A0AAW1B6H4_CROAD,C-type lectin LmsL-like,Crotalus adamanteus,8729,3,C-Type_Lectins_or_Lectin-Like_Proteins,train,0
4663,4663,tr,A0A346CI85,A0A346CI85_SPISL,C-type lectin 4 (Fragment),Spilotes sulphureus,1899469,2,C-Type_Lectins_or_Lectin-Like_Proteins,train,0
4664,4664,tr,A0A6J1VST7,A0A6J1VST7_9SAUR,C-type lectin lectoxin-Lio1-like,Notechis scutatus,8663,3,C-Type_Lectins_or_Lectin-Like_Proteins,train,0
4665,4665,tr,U3FVH4,U3FVH4_MICFL,C-type lectin 1,Micrurus fulvius,8637,2,C-Type_Lectins_or_Lectin-Like_Proteins,train,0
4666,4666,tr,A0A6P9CN74,A0A6P9CN74_PANGU,C-type lectin lectoxin-Thr1-like,Pantherophis guttatus,94885,3,C-Type_Lectins_or_Lectin-Like_Proteins,train,0
4667,4667,tr,A0A6P9AV05,A0A6P9AV05_PANGU,C-type lectin BfL-1-like,Pantherophis guttatus,94885,3,C-Type_Lectins_or_Lectin-Like_Proteins,test,0
4668,4668,tr,I7JA31,I7JA31_BITRH,C-type lectin like protein 4,Bitis rhinoceros,715877,2,C-Type_Lectins_or_Lectin-Like_Proteins,train,0
4669,4669,tr,I7JX23,I7JX23_BITRH,C-type lectin like protein 3,Bitis rhinoceros,715877,2,C-Type_Lectins_or_Lectin-Like_Proteins,train,0
4670,4670,tr,A0A6J1W4U1,A0A6J1W4U1_9SAUR,C-type lectin lectoxin-Lei1-like,Notechis scutatus,8663,3,C-Type_Lectins_or_Lectin-Like_Proteins,train,0
4671,4671,tr,A0A8C6XI95,A0A8C6XI95_NAJNA,Mannose receptor C-type 1,Naja naja,35670,3,C-Type_Lectins_or_Lectin-Like_Proteins,test,0
4672,4672,tr,A0A670ZUQ1,A0A670ZUQ1_PSETE,Mannose receptor C-type 1,Pseudonaja textilis,8673,3,C-Type_Lectins_or_Lectin-Like_Proteins,val,0
4673,4673,tr,A0A670ZUR6,A0A670ZUR6_PSETE,Mannose receptor C-type 1,Pseudonaja textilis,8673,3,C-Type_Lectins_or_Lectin-Like_Proteins,train,0
4674,4674,tr,A0A670ZUD2,A0A670ZUD2_PSETE,Mannose receptor C-type 1,Pseudonaja textilis,8673,3,C-Type_Lectins_or_Lectin-Like_Proteins,train,0
4675,4675,tr,A0A670ZUR1,A0A670ZUR1_PSETE,Mannose receptor C-type 1,Pseudonaja textilis,8673,3,C-Type_Lectins_or_Lectin-Like_Proteins,train,0
4676,4676,tr,A0A8C6XJU5,A0A8C6XJU5_NAJNA,Mannose receptor C-type 1,Naja naja,35670,3,C-Type_Lectins_or_Lectin-Like_Proteins,train,0
4677,4677,tr,A0A6J1V4L1,A0A6J1V4L1_9SAUR,C-type mannose receptor 2,Notechis scutatus,8663,3,C-Type_Lectins_or_Lectin-Like_Proteins,train,0
4678,4678,tr,A0A8C5SRE9,A0A8C5SRE9_LATLA,Mannose receptor C-type 2,Laticauda laticaudata,8630,3,C-Type_Lectins_or_Lectin-Like_Proteins,train,0
4679,4679,tr,A0A8C5SRB8,A0A8C5SRB8_LATLA,Mannose receptor C-type 2,Laticauda laticaudata,8630,3,C-Type_Lectins_or_Lectin-Like_Proteins,train,0
4680,4680,tr,A0A8C5SP98,A0A8C5SP98_LATLA,Mannose receptor C-type 2,Laticauda laticaudata,8630,3,C-Type_Lectins_or_Lectin-Like_Proteins,train,0
4681,4681,tr,A0AAW1BDT3,A0AAW1BDT3_CROAD,C-type lectin lectoxin-Thr1-like,Crotalus adamanteus,8729,3,C-Type_Lectins_or_Lectin-Like_Proteins,train,0
4682,4682,tr,A0AAW1BEF2,A0AAW1BEF2_CROAD,C-type lectin lectoxin-Thr1-like,Crotalus adamanteus,8729,3,C-Type_Lectins_or_Lectin-Like_Proteins,train,0
4683,4683,tr,V8NX67,V8NX67_OPHHA,C-type mannose receptor 2 (Fragment),Ophiophagus hannah,8665,3,C-Type_Lectins_or_Lectin-Like_Proteins,train,0
4684,4684,tr,A0A6J1VUV3,A0A6J1VUV3_9SAUR,C-type lectin BpLec-like isoform X1,Notechis scutatus,8663,3,C-Type_Lectins_or_Lectin-Like_Proteins,train,0
4685,4685,tr,A0A6J1VV28,A0A6J1VV28_9SAUR,C-type lectin BpLec-like isoform X2,Notechis scutatus,8663,3,C-Type_Lectins_or_Lectin-Like_Proteins,train,0
4686,4686,tr,A0AAW1B710,A0AAW1B710_CROAD,C-type lectin BpLec-like,Crotalus adamanteus,8729,4,C-Type_Lectins_or_Lectin-Like_Proteins,train,0
4687,4687,tr,A0A6P9CS48,A0A6P9CS48_PANGU,C-type lectin mannose-binding isoform-like,Pantherophis guttatus,94885,3,C-Type_Lectins_or_Lectin-Like_Proteins,train,0
4688,4688,tr,A0A6J1VZY1,A0A6J1VZY1_9SAUR,C-type lectin 1-like isoform X1,Notechis scutatus,8663,3,C-Type_Lectins_or_Lectin-Like_Proteins,train,0
4689,4689,tr,A0A6J1W1E7,A0A6J1W1E7_9SAUR,C-type lectin 1-like isoform X2,Notechis scutatus,8663,3,C-Type_Lectins_or_Lectin-Like_Proteins,val,0
4690,4690,tr,Q27J51,Q27J51_LACMT,C-type lectin,Lachesis muta,8752,2,C-Type_Lectins_or_Lectin-Like_Proteins,train,0
4691,4691,tr,A0AAW1B7J7,A0AAW1B7J7_CROAD,C-type lectin LmsL-like,Crotalus adamanteus,8729,4,C-Type_Lectins_or_Lectin-Like_Proteins,val,0
4692,4692,tr,A0AAW1B6Z3,A0AAW1B6Z3_CROAD,C-type lectin Cal-like,Crotalus adamanteus,8729,4,C-Type_Lectins_or_Lectin-Like_Proteins,train,0
4693,4693,tr,A0A6J1VXV3,A0A6J1VXV3_9SAUR,C-type lectin mannose-binding isoform-like,Notechis scutatus,8663,3,C-Type_Lectins_or_Lectin-Like_Proteins,train,0
4694,4694,tr,A0A346CI83,A0A346CI83_SPISL,C-type lectin 2 (Fragment),Spilotes sulphureus,1899469,2,C-Type_Lectins_or_Lectin-Like_Proteins,train,0
4695,4695,tr,A0A346CI86,A0A346CI86_SPISL,C-type lectin 3 (Fragment),Spilotes sulphureus,1899469,2,C-Type_Lectins_or_Lectin-Like_Proteins,train,0
4696,4696,tr,A0A0F7Z7E6,A0A0F7Z7E6_CROAD,C-type lectin 11c,Crotalus adamanteus,8729,2,C-Type_Lectins_or_Lectin-Like_Proteins,val,0
4697,4697,tr,A0A0F7Z0Y7,A0A0F7Z0Y7_CROAD,C-type lectin 13g,Crotalus adamanteus,8729,2,C-Type_Lectins_or_Lectin-Like_Proteins,train,0
4698,4698,tr,A0A0F7Z3H3,A0A0F7Z3H3_CROAD,C-type lectin 12,Crotalus adamanteus,8729,2,C-Type_Lectins_or_Lectin-Like_Proteins,train,0
4699,4699,tr,A0A346CI84,A0A346CI84_SPISL,C-type lectin 1 (Fragment),Spilotes sulphureus,1899469,2,C-Type_Lectins_or_Lectin-Like_Proteins,val,0
4700,4700,tr,A0A068B4V7,A0A068B4V7_GLOIT,C-type lectin alpha,Gloydius intermedius,44732,2,C-Type_Lectins_or_Lectin-Like_Proteins,test,0
4701,4701,tr,A0A068B2C1,A0A068B2C1_GLOIT,C-type lectin beta,Gloydius intermedius,44732,2,C-Type_Lectins_or_Lectin-Like_Proteins,train,0
4702,4702,tr,A0A346CI87,A0A346CI87_SPISL,C-type lectin 5 (Fragment),Spilotes sulphureus,1899469,2,C-Type_Lectins_or_Lectin-Like_Proteins,train,0
4703,4703,tr,A0A194AR98,A0A194AR98_9SAUR,C-type lectin 6a,Micrurus tener,1114301,3,C-Type_Lectins_or_Lectin-Like_Proteins,train,0
4704,4704,tr,A0A0B8RV90,A0A0B8RV90_9SAUR,C-type lectin 9a,Philothamnus irregularis,1899461,3,C-Type_Lectins_or_Lectin-Like_Proteins,test,0
4705,4705,tr,A0A0B4SWR1,A0A0B4SWR1_9SAUR,C-type lectin-like protein beta subunit,Philodryas chamissonis,1050405,2,C-Type_Lectins_or_Lectin-Like_Proteins,train,0
4706,4706,tr,A0A0B4SWE7,A0A0B4SWE7_9SAUR,C-type lectin-like protein alpha subunit,Philodryas chamissonis,1050405,2,C-Type_Lectins_or_Lectin-Like_Proteins,train,0
4707,4707,tr,T2HP57,T2HP57_PROFL,C-type lectin factor IX/X binding protein B subunit (Fragment),Protobothrops flavoviridis,88087,2,C-Type_Lectins_or_Lectin-Like_Proteins,train,0
4708,4708,tr,A0A670ZTC8,A0A670ZTC8_PSETE,C-type mannose receptor 2,Pseudonaja textilis,8673,3,C-Type_Lectins_or_Lectin-Like_Proteins,train,0
4709,4709,tr,A0A670ZTG2,A0A670ZTG2_PSETE,C-type mannose receptor 2,Pseudonaja textilis,8673,3,C-Type_Lectins_or_Lectin-Like_Proteins,train,0
4710,4710,tr,A0A670ZT20,A0A670ZT20_PSETE,C-type mannose receptor 2,Pseudonaja textilis,8673,3,C-Type_Lectins_or_Lectin-Like_Proteins,train,0
4711,4711,tr,A0A670ZT46,A0A670ZT46_PSETE,C-type mannose receptor 2,Pseudonaja textilis,8673,3,C-Type_Lectins_or_Lectin-Like_Proteins,train,0
4712,4712,tr,A0A670ZTA6,A0A670ZTA6_PSETE,C-type mannose receptor 2,Pseudonaja textilis,8673,3,C-Type_Lectins_or_Lectin-Like_Proteins,test,0
4713,4713,tr,A0A670ZTD9,A0A670ZTD9_PSETE,C-type mannose receptor 2,Pseudonaja textilis,8673,3,C-Type_Lectins_or_Lectin-Like_Proteins,train,0
4714,4714,tr,T2HPA6,T2HPA6_PROFL,C-type lectin factor IX/X binding protein A subunit (Fragment),Protobothrops flavoviridis,88087,2,C-Type_Lectins_or_Lectin-Like_Proteins,train,0
4715,4715,tr,T2HPQ3,T2HPQ3_PROFL,C-type lectin factor IX/X binding protein A subunit (Fragment),Protobothrops flavoviridis,88087,2,C-Type_Lectins_or_Lectin-Like_Proteins,train,0
4716,4716,tr,A0A8C6VPI6,A0A8C6VPI6_NAJNA,C-type mannose receptor 2,Naja naja,35670,3,C-Type_Lectins_or_Lectin-Like_Proteins,val,0
4717,4717,tr,A0A098LWT9,A0A098LWT9_9SAUR,C-type lectin,Opheodrys aestivus,186591,2,C-Type_Lectins_or_Lectin-Like_Proteins,train,0
4718,4718,tr,A0A098LWU1,A0A098LWU1_9SAUR,C-type lectin,Opheodrys aestivus,186591,2,C-Type_Lectins_or_Lectin-Like_Proteins,train,0
4719,4719,tr,A0A098LYA6,A0A098LYA6_9SAUR,C-type lectin,Opheodrys aestivus,186591,2,C-Type_Lectins_or_Lectin-Like_Proteins,train,0
4720,4720,tr,A0A182C5T0,A0A182C5T0_9SAUR,C-type lectin,Phalotris mertensi,1260334,3,C-Type_Lectins_or_Lectin-Like_Proteins,train,0
4721,4721,tr,A0A646QCY7,A0A646QCY7_9SAUR,C-type lectin,Thelotornis mossambicanus,1328036,3,C-Type_Lectins_or_Lectin-Like_Proteins,train,0
4722,4722,tr,A0A098LY96,A0A098LY96_9SAUR,C-type lectin,Opheodrys aestivus,186591,2,C-Type_Lectins_or_Lectin-Like_Proteins,train,0
4723,4723,tr,A0A646QBS2,A0A646QBS2_9SAUR,C-type lectin,Thelotornis mossambicanus,1328036,3,C-Type_Lectins_or_Lectin-Like_Proteins,test,0
4724,4724,tr,A0A646QEZ7,A0A646QEZ7_9SAUR,C-type lectin,Thelotornis mossambicanus,1328036,3,C-Type_Lectins_or_Lectin-Like_Proteins,train,0
4725,4725,tr,D5J9S1,D5J9S1_9SAUR,C-type lectin,Bungarus flaviceps,8614,2,C-Type_Lectins_or_Lectin-Like_Proteins,train,0
4726,4726,tr,A0A182C5T5,A0A182C5T5_9SAUR,C-type lectin,Phalotris mertensi,1260334,3,C-Type_Lectins_or_Lectin-Like_Proteins,train,0
4727,4727,tr,A0A646QEJ2,A0A646QEJ2_9SAUR,C-type lectin,Thelotornis mossambicanus,1328036,3,C-Type_Lectins_or_Lectin-Like_Proteins,train,0
4728,4728,tr,A0A098LWZ9,A0A098LWZ9_PANGU,C-type lectin,Pantherophis guttatus,94885,2,C-Type_Lectins_or_Lectin-Like_Proteins,train,0
4729,4729,tr,A0A098LYF6,A0A098LYF6_PANGU,C-type lectin,Pantherophis guttatus,94885,2,C-Type_Lectins_or_Lectin-Like_Proteins,train,0
4730,4730,tr,A0A2Z4N9W1,A0A2Z4N9W1_9SAUR,C-type lectin (Fragment),Philothamnus irregularis,1899461,2,C-Type_Lectins_or_Lectin-Like_Proteins,train,0
4731,4731,tr,A0A6P9AZS7,A0A6P9AZS7_PANGU,LOW QUALITY PROTEIN: C-type lectin lectoxin-Thr1-like,Pantherophis guttatus,94885,3,C-Type_Lectins_or_Lectin-Like_Proteins,train,0
4732,4732,tr,C6JUN8,C6JUN8_MICCO,C-type lectin,Micrurus corallinus,54390,2,C-Type_Lectins_or_Lectin-Like_Proteins,train,0
4733,4733,tr,T2HQ68,T2HQ68_PROFL,C-type lectin factor IX/X binding protein A subunit (Fragment),Protobothrops flavoviridis,88087,2,C-Type_Lectins_or_Lectin-Like_Proteins,val,0
4734,4734,tr,A0AAW1BEZ9,A0AAW1BEZ9_CROAD,C-type lectin lectoxin-Thr1-like,Crotalus adamanteus,8729,4,C-Type_Lectins_or_Lectin-Like_Proteins,val,0
4735,4735,tr,G8FML6,G8FML6_AGKPL,C-type lectin,Agkistrodon piscivorus leucostoma,459671,2,C-Type_Lectins_or_Lectin-Like_Proteins,test,0
4736,4736,tr,A0A098LYH1,A0A098LYH1_PANGU,C-type lectin (Fragment),Pantherophis guttatus,94885,2,C-Type_Lectins_or_Lectin-Like_Proteins,val,0
4737,4737,tr,A0A098LWY1,A0A098LWY1_PANGU,C-type lectin,Pantherophis guttatus,94885,2,C-Type_Lectins_or_Lectin-Like_Proteins,val,0
4738,4738,tr,A0A098LYB4,A0A098LYB4_9SAUR,C-type lectin,Opheodrys aestivus,186591,2,C-Type_Lectins_or_Lectin-Like_Proteins,train,0
4739,4739,tr,C6JUN5,C6JUN5_MICCO,C-type lectin,Micrurus corallinus,54390,2,C-Type_Lectins_or_Lectin-Like_Proteins,train,0
4740,4740,tr,C6JUN6,C6JUN6_MICCO,C-type lectin,Micrurus corallinus,54390,2,C-Type_Lectins_or_Lectin-Like_Proteins,train,0
4741,4741,tr,A0A6B2FAF0,A0A6B2FAF0_9SAUR,C-type lectin domain-containing protein,Bothriechis nubestris,1766655,3,C-Type_Lectins_or_Lectin-Like_Proteins,train,0
4742,4742,tr,A0A6B2F4T7,A0A6B2F4T7_9SAUR,C-type lectin domain-containing protein,Bothriechis nubestris,1766655,3,C-Type_Lectins_or_Lectin-Like_Proteins,train,0
4743,4743,tr,A0A6B2F8L6,A0A6B2F8L6_9SAUR,C-type lectin domain-containing protein,Bothriechis nubestris,1766655,3,C-Type_Lectins_or_Lectin-Like_Proteins,train,0
4744,4744,tr,C6JUN7,C6JUN7_MICCO,C-type lectin,Micrurus corallinus,54390,2,C-Type_Lectins_or_Lectin-Like_Proteins,test,0
4745,4745,tr,A0A6B2FD68,A0A6B2FD68_9SAUR,C-type lectin domain-containing protein,Bothriechis nubestris,1766655,3,C-Type_Lectins_or_Lectin-Like_Proteins,train,0
4746,4746,tr,A0A6B2F273,A0A6B2F273_BOTNI,C-type lectin domain-containing protein,Bothriechis nigroviridis,88079,3,C-Type_Lectins_or_Lectin-Like_Proteins,test,0
4747,4747,tr,A0A6B2F101,A0A6B2F101_BOTNI,C-type lectin domain-containing protein,Bothriechis nigroviridis,88079,3,C-Type_Lectins_or_Lectin-Like_Proteins,train,0
4748,4748,tr,A0A6B2F399,A0A6B2F399_BOTNI,C-type lectin domain-containing protein,Bothriechis nigroviridis,88079,3,C-Type_Lectins_or_Lectin-Like_Proteins,train,0
4749,4749,tr,A0AAW1BEV9,A0AAW1BEV9_CROAD,C-type lectin lectoxin-Thr1-like,Crotalus adamanteus,8729,4,C-Type_Lectins_or_Lectin-Like_Proteins,test,0
4750,4750,tr,A0A6B2F2C1,A0A6B2F2C1_BOTNI,C-type lectin domain-containing protein,Bothriechis nigroviridis,88079,3,C-Type_Lectins_or_Lectin-Like_Proteins,train,0
4751,4751,tr,A0A6B2F976,A0A6B2F976_BOTNI,C-type lectin domain-containing protein,Bothriechis nigroviridis,88079,3,C-Type_Lectins_or_Lectin-Like_Proteins,train,0
4752,4752,tr,A0A6B2F4L4,A0A6B2F4L4_BOTNI,C-type lectin domain-containing protein,Bothriechis nigroviridis,88079,3,C-Type_Lectins_or_Lectin-Like_Proteins,val,0
4753,4753,tr,A0A6B2F535,A0A6B2F535_9SAUR,C-type lectin domain-containing protein,Bothriechis nubestris,1766655,3,C-Type_Lectins_or_Lectin-Like_Proteins,train,0
4754,4754,tr,A0A6B2F7N8,A0A6B2F7N8_9SAUR,C-type lectin domain-containing protein,Bothriechis nubestris,1766655,3,C-Type_Lectins_or_Lectin-Like_Proteins,train,0
4755,4755,tr,A0A6B2F3W9,A0A6B2F3W9_BOTNI,C-type lectin domain-containing protein,Bothriechis nigroviridis,88079,3,C-Type_Lectins_or_Lectin-Like_Proteins,train,0
4756,4756,tr,A0A098M244,A0A098M244_9SAUR,C-type lectin 7a,Hypsiglena sp. JMG-2014,1550645,4,C-Type_Lectins_or_Lectin-Like_Proteins,train,0
4757,4757,tr,A0A223PK11,A0A223PK11_DABRR,C-type lectin domain family 19 member A (Fragment),Daboia russelii,8707,2,C-Type_Lectins_or_Lectin-Like_Proteins,train,0
4758,4758,tr,A0A098M240,A0A098M240_9SAUR,C-type lectin 8b,Hypsiglena sp. JMG-2014,1550645,4,C-Type_Lectins_or_Lectin-Like_Proteins,train,0
4759,4759,tr,A0AAW1BLE4,A0AAW1BLE4_CROAD,F5/8 type C domain-containing protein,Crotalus adamanteus,8729,3,C-Type_Lectins_or_Lectin-Like_Proteins,train,0
4760,4760,tr,A0AAW1BKU4,A0AAW1BKU4_CROAD,F5/8 type C domain-containing protein,Crotalus adamanteus,8729,3,C-Type_Lectins_or_Lectin-Like_Proteins,train,0
4761,4761,tr,A0A6J1VUB9,A0A6J1VUB9_9SAUR,C-type lectin domain family 2 member B-like,Notechis scutatus,8663,3,C-Type_Lectins_or_Lectin-Like_Proteins,train,0
4762,4762,tr,A0A6J1VUH1,A0A6J1VUH1_9SAUR,C-type lectin domain family 2 member D-like,Notechis scutatus,8663,3,C-Type_Lectins_or_Lectin-Like_Proteins,train,0
4763,4763,tr,A0A6J1VI19,A0A6J1VI19_9SAUR,C-type lectin domain family 2 member D-like,Notechis scutatus,8663,3,C-Type_Lectins_or_Lectin-Like_Proteins,test,0
4764,4764,tr,A0A6J1VT64,A0A6J1VT64_9SAUR,C-type lectin domain family 2 member B-like,Notechis scutatus,8663,3,C-Type_Lectins_or_Lectin-Like_Proteins,test,0
4765,4765,tr,A0A6J1W0Q0,A0A6J1W0Q0_9SAUR,C-type lectin domain family 2 member D-like,Notechis scutatus,8663,3,C-Type_Lectins_or_Lectin-Like_Proteins,train,0
4766,4766,tr,A0A6J1W4L0,A0A6J1W4L0_9SAUR,C-type lectin domain family 2 member B-like,Notechis scutatus,8663,3,C-Type_Lectins_or_Lectin-Like_Proteins,train,0
4767,4767,tr,A0A6J1VBX7,A0A6J1VBX7_9SAUR,C-type lectin domain family 2 member D-like,Notechis scutatus,8663,3,C-Type_Lectins_or_Lectin-Like_Proteins,train,0
4768,4768,tr,A0A6J1W1D8,A0A6J1W1D8_9SAUR,C-type lectin domain family 2 member D-like,Notechis scutatus,8663,3,C-Type_Lectins_or_Lectin-Like_Proteins,test,0
4769,4769,tr,A0A6J1VAG4,A0A6J1VAG4_9SAUR,C-type lectin domain family 2 member D-like,Notechis scutatus,8663,3,C-Type_Lectins_or_Lectin-Like_Proteins,test,0
4770,4770,tr,A0A6J1W3C2,A0A6J1W3C2_9SAUR,C-type lectin domain family 2 member B-like,Notechis scutatus,8663,3,C-Type_Lectins_or_Lectin-Like_Proteins,train,0
4771,4771,tr,A0A6J1W173,A0A6J1W173_9SAUR,C-type lectin domain family 2 member B-like,Notechis scutatus,8663,3,C-Type_Lectins_or_Lectin-Like_Proteins,train,0
4772,4772,tr,J3S814,J3S814_CROAD,C-type lectin 1,Crotalus adamanteus,8729,2,C-Type_Lectins_or_Lectin-Like_Proteins,train,0
4773,4773,tr,A0A6J1W2F9,A0A6J1W2F9_9SAUR,C-type lectin domain family 4 member F-like,Notechis scutatus,8663,3,C-Type_Lectins_or_Lectin-Like_Proteins,test,0
4774,4774,tr,A0A6J1VAF7,A0A6J1VAF7_9SAUR,C-type lectin domain family 2 member F-like,Notechis scutatus,8663,3,C-Type_Lectins_or_Lectin-Like_Proteins,val,0
4775,4775,tr,A0A6P9AWH5,A0A6P9AWH5_PANGU,C-type lectin mannose-binding isoform-like isoform X1,Pantherophis guttatus,94885,3,C-Type_Lectins_or_Lectin-Like_Proteins,train,0
4776,4776,tr,A0A670YU35,A0A670YU35_PSETE,C-type lectin domain family 5 member A-like,Pseudonaja textilis,8673,3,C-Type_Lectins_or_Lectin-Like_Proteins,train,0
4777,4777,tr,A0A6J1VTU7,A0A6J1VTU7_9SAUR,C-type lectin domain family 5 member A-like,Notechis scutatus,8663,3,C-Type_Lectins_or_Lectin-Like_Proteins,train,0
4778,4778,tr,V8N2G7,V8N2G7_OPHHA,F5/8 type C domain-containing protein (Fragment),Ophiophagus hannah,8665,3,C-Type_Lectins_or_Lectin-Like_Proteins,train,0
4779,4779,tr,A0A6J1VTM9,A0A6J1VTM9_9SAUR,C-type lectin domain family 5 member A-like,Notechis scutatus,8663,3,C-Type_Lectins_or_Lectin-Like_Proteins,train,0
4780,4780,tr,A0A098M245,A0A098M245_9SAUR,C-type lectin 8a,Hypsiglena sp. JMG-2014,1550645,4,C-Type_Lectins_or_Lectin-Like_Proteins,train,0
4781,4781,tr,A0A346CLX7,A0A346CLX7_9SAUR,C-type lectin 4 (Fragment),Ahaetulla prasina,499056,2,C-Type_Lectins_or_Lectin-Like_Proteins,train,0
4782,4782,tr,A0A346CLX8,A0A346CLX8_9SAUR,C-type lectin 7 (Fragment),Ahaetulla prasina,499056,2,C-Type_Lectins_or_Lectin-Like_Proteins,train,0
4783,4783,tr,A0A346CLY0,A0A346CLY0_9SAUR,C-type lectin 1 (Fragment),Ahaetulla prasina,499056,2,C-Type_Lectins_or_Lectin-Like_Proteins,train,0
4784,4784,tr,A0A346CLX6,A0A346CLX6_9SAUR,C-type lectin 3 (Fragment),Ahaetulla prasina,499056,2,C-Type_Lectins_or_Lectin-Like_Proteins,train,0
4785,4785,tr,A0A346CLX9,A0A346CLX9_9SAUR,C-type lectin 6 (Fragment),Ahaetulla prasina,499056,2,C-Type_Lectins_or_Lectin-Like_Proteins,train,0
4786,4786,tr,A0A098M193,A0A098M193_9SAUR,C-type lectin 1,Hypsiglena sp. JMG-2014,1550645,3,C-Type_Lectins_or_Lectin-Like_Proteins,train,0
4787,4787,tr,A0A098M246,A0A098M246_9SAUR,C-type lectin 4,Hypsiglena sp. JMG-2014,1550645,3,C-Type_Lectins_or_Lectin-Like_Proteins,train,0
4788,4788,tr,A0A098M251,A0A098M251_9SAUR,C-type lectin 5,Hypsiglena sp. JMG-2014,1550645,3,C-Type_Lectins_or_Lectin-Like_Proteins,train,0
4789,4789,tr,A0A194APP2,A0A194APP2_9SAUR,C-type lectin 2,Agkistrodon piscivorus,8715,3,C-Type_Lectins_or_Lectin-Like_Proteins,val,0
4790,4790,tr,A0A6J1VVC3,A0A6J1VVC3_9SAUR,C-type lectin domain family 2 member B-like,Notechis scutatus,8663,3,C-Type_Lectins_or_Lectin-Like_Proteins,val,0
4791,4791,tr,A0A0B8RYV3,A0A0B8RYV3_9SAUR,C-type lectin 8b,Philothamnus irregularis,1899461,3,C-Type_Lectins_or_Lectin-Like_Proteins,train,0
4792,4792,tr,A0A0B8RS02,A0A0B8RS02_9SAUR,C-type lectin 7,Philothamnus irregularis,1899461,3,C-Type_Lectins_or_Lectin-Like_Proteins,train,0
4793,4793,tr,A0A0B8RZW5,A0A0B8RZW5_9SAUR,C-type lectin 8a,Philothamnus irregularis,1899461,3,C-Type_Lectins_or_Lectin-Like_Proteins,train,0
4794,4794,tr,A0A194AP78,A0A194AP78_AGKCO,C-type lectin 9a,Agkistrodon contortrix contortrix,8713,3,C-Type_Lectins_or_Lectin-Like_Proteins,val,0
4795,4795,tr,A0A194ARG3,A0A194ARG3_9SAUR,C-type lectin 5,Micrurus tener,1114301,3,C-Type_Lectins_or_Lectin-Like_Proteins,train,0
4796,4796,tr,A0A1W7RK10,A0A1W7RK10_AGKCO,C-type lectin 5,Agkistrodon contortrix contortrix,8713,3,C-Type_Lectins_or_Lectin-Like_Proteins,train,0
4797,4797,tr,A0A346CLW6,A0A346CLW6_BORPO,C-type lectin 6 (Fragment),Borikenophis portoricensis,1260276,2,C-Type_Lectins_or_Lectin-Like_Proteins,train,0
4798,4798,tr,A0A0B8RV92,A0A0B8RV92_9SAUR,C-type lectin 5,Philothamnus irregularis,1899461,3,C-Type_Lectins_or_Lectin-Like_Proteins,train,0
4799,4799,tr,A0A194AT99,A0A194AT99_9SAUR,C-type lectin 1,Micrurus tener,1114301,3,C-Type_Lectins_or_Lectin-Like_Proteins,train,0
4800,4800,tr,A0A194ASC2,A0A194ASC2_9SAUR,C-type lectin 4,Micrurus tener,1114301,3,C-Type_Lectins_or_Lectin-Like_Proteins,train,0
4801,4801,tr,A0A194APD5,A0A194APD5_9SAUR,C-type lectin 3,Micrurus tener,1114301,3,C-Type_Lectins_or_Lectin-Like_Proteins,train,0
4802,4802,tr,A0A194ARA2,A0A194ARA2_9SAUR,C-type lectin 2,Micrurus tener,1114301,3,C-Type_Lectins_or_Lectin-Like_Proteins,train,0
4803,4803,tr,A0A182C5T6,A0A182C5T6_9SAUR,C-type lectin,Phalotris mertensi,1260334,4,C-Type_Lectins_or_Lectin-Like_Proteins,val,0
4804,4804,tr,A0A182C5Z4,A0A182C5Z4_9SAUR,C-type lectin,Phalotris mertensi,1260334,4,C-Type_Lectins_or_Lectin-Like_Proteins,train,0
4805,4805,tr,A0A175KDY2,A0A175KDY2_9SAUR,C-type lectin,Phalotris mertensi,1260334,4,C-Type_Lectins_or_Lectin-Like_Proteins,train,0
4806,4806,tr,A0A175KDZ1,A0A175KDZ1_9SAUR,C-type lectin,Phalotris mertensi,1260334,4,C-Type_Lectins_or_Lectin-Like_Proteins,val,0
4807,4807,tr,A0A182C5T3,A0A182C5T3_9SAUR,C-type lectin,Phalotris mertensi,1260334,4,C-Type_Lectins_or_Lectin-Like_Proteins,train,0
4808,4808,tr,A0A182C5Y5,A0A182C5Y5_9SAUR,C-type lectin,Phalotris mertensi,1260334,4,C-Type_Lectins_or_Lectin-Like_Proteins,train,0
4809,4809,tr,A0A182C5Y9,A0A182C5Y9_9SAUR,C-type lectin,Phalotris mertensi,1260334,4,C-Type_Lectins_or_Lectin-Like_Proteins,val,0
4810,4810,tr,A0A182C6E1,A0A182C6E1_9SAUR,C-type lectin,Phalotris mertensi,1260334,4,C-Type_Lectins_or_Lectin-Like_Proteins,train,0
4811,4811,tr,A0A646QBU8,A0A646QBU8_9SAUR,C-type lectin,Thelotornis mossambicanus,1328036,4,C-Type_Lectins_or_Lectin-Like_Proteins,train,0
4812,4812,tr,A0A182C5T2,A0A182C5T2_9SAUR,C-type lectin,Phalotris mertensi,1260334,4,C-Type_Lectins_or_Lectin-Like_Proteins,train,0
4813,4813,tr,A0A182C6E5,A0A182C6E5_9SAUR,C-type lectin,Phalotris mertensi,1260334,4,C-Type_Lectins_or_Lectin-Like_Proteins,train,0
4814,4814,tr,A0A182C5S9,A0A182C5S9_9SAUR,C-type lectin,Phalotris mertensi,1260334,4,C-Type_Lectins_or_Lectin-Like_Proteins,train,0
4815,4815,tr,T1DH48,T1DH48_CROHD,C-type lectin 1b,Crotalus horridus,35024,2,C-Type_Lectins_or_Lectin-Like_Proteins,train,0
4816,4816,tr,A0A098LWS8,A0A098LWS8_PYTRG,C-type lectin (Fragment),Python regius,51751,2,C-Type_Lectins_or_Lectin-Like_Proteins,train,0
4817,4817,tr,A0A8C6YD41,A0A8C6YD41_NAJNA,C-type lectin domain-containing protein,Naja naja,35670,3,C-Type_Lectins_or_Lectin-Like_Proteins,train,0
4818,4818,tr,A0A8C6YFU2,A0A8C6YFU2_NAJNA,C-type lectin domain-containing protein,Naja naja,35670,3,C-Type_Lectins_or_Lectin-Like_Proteins,train,0
4819,4819,tr,A0A8C5SV91,A0A8C5SV91_LATLA,C-type lectin domain-containing protein,Laticauda laticaudata,8630,3,C-Type_Lectins_or_Lectin-Like_Proteins,val,0
4820,4820,tr,A0A2D4JF56,A0A2D4JF56_MICLE,C-type lectin domain-containing protein,Micrurus lemniscatus lemniscatus,129467,3,C-Type_Lectins_or_Lectin-Like_Proteins,train,0
4821,4821,tr,A0A8C6YLY6,A0A8C6YLY6_NAJNA,C-type lectin domain-containing protein,Naja naja,35670,3,C-Type_Lectins_or_Lectin-Like_Proteins,test,0
4822,4822,tr,A0A8C5SLA8,A0A8C5SLA8_LATLA,C-type lectin domain-containing protein,Laticauda laticaudata,8630,3,C-Type_Lectins_or_Lectin-Like_Proteins,val,0
4823,4823,tr,A0A2D4MVW0,A0A2D4MVW0_9SAUR,C-type lectin domain-containing protein,Micrurus spixii,129469,3,C-Type_Lectins_or_Lectin-Like_Proteins,train,0
4824,4824,tr,A0A8C5RMF6,A0A8C5RMF6_LATLA,C-type lectin domain-containing protein,Laticauda laticaudata,8630,3,C-Type_Lectins_or_Lectin-Like_Proteins,train,0
4825,4825,tr,A0A670ZMH9,A0A670ZMH9_PSETE,C-type lectin domain-containing protein,Pseudonaja textilis,8673,3,C-Type_Lectins_or_Lectin-Like_Proteins,train,0
4826,4826,tr,A0A2D4L0E8,A0A2D4L0E8_9SAUR,C-type lectin domain-containing protein,Micrurus paraensis,1970185,3,C-Type_Lectins_or_Lectin-Like_Proteins,train,0
4827,4827,tr,A0A8C6YJM1,A0A8C6YJM1_NAJNA,C-type lectin domain-containing protein,Naja naja,35670,3,C-Type_Lectins_or_Lectin-Like_Proteins,train,0
4828,4828,tr,A0A8C6V8M6,A0A8C6V8M6_NAJNA,C-type lectin domain-containing protein,Naja naja,35670,3,C-Type_Lectins_or_Lectin-Like_Proteins,train,0
4829,4829,tr,A0A8C6VQZ2,A0A8C6VQZ2_NAJNA,C-type lectin domain-containing protein,Naja naja,35670,3,C-Type_Lectins_or_Lectin-Like_Proteins,train,0
4830,4830,tr,A0A2D4ENS6,A0A2D4ENS6_MICCO,C-type lectin domain-containing protein (Fragment),Micrurus corallinus,54390,3,C-Type_Lectins_or_Lectin-Like_Proteins,train,0
4831,4831,tr,A0A8C7E6V5,A0A8C7E6V5_NAJNA,C-type lectin domain-containing protein,Naja naja,35670,3,C-Type_Lectins_or_Lectin-Like_Proteins,train,0
4832,4832,tr,A0A670YQV4,A0A670YQV4_PSETE,C-type lectin domain-containing protein,Pseudonaja textilis,8673,3,C-Type_Lectins_or_Lectin-Like_Proteins,train,0
4833,4833,tr,A0A8C6YDF5,A0A8C6YDF5_NAJNA,C-type lectin domain-containing protein,Naja naja,35670,3,C-Type_Lectins_or_Lectin-Like_Proteins,val,0
4834,4834,tr,A0A8C6YFM5,A0A8C6YFM5_NAJNA,C-type lectin domain-containing protein,Naja naja,35670,3,C-Type_Lectins_or_Lectin-Like_Proteins,train,0
4835,4835,tr,A0A8C7E6R6,A0A8C7E6R6_NAJNA,C-type lectin domain-containing protein,Naja naja,35670,3,C-Type_Lectins_or_Lectin-Like_Proteins,train,0
4836,4836,tr,A0A2D4MN31,A0A2D4MN31_9SAUR,C-type lectin domain-containing protein,Micrurus spixii,129469,3,C-Type_Lectins_or_Lectin-Like_Proteins,test,0
4837,4837,tr,A0A2H6NF86,A0A2H6NF86_9SAUR,C-type lectin domain-containing protein (Fragment),Micrurus carvalhoi,3147026,3,C-Type_Lectins_or_Lectin-Like_Proteins,train,0
4838,4838,tr,A0A670ZMU3,A0A670ZMU3_PSETE,C-type lectin domain-containing protein,Pseudonaja textilis,8673,3,C-Type_Lectins_or_Lectin-Like_Proteins,train,0
4839,4839,tr,A0A8C5SBY4,A0A8C5SBY4_LATLA,C-type lectin domain-containing protein,Laticauda laticaudata,8630,3,C-Type_Lectins_or_Lectin-Like_Proteins,train,0
4840,4840,tr,A0A8C6X4J5,A0A8C6X4J5_NAJNA,C-type lectin domain-containing protein,Naja naja,35670,3,C-Type_Lectins_or_Lectin-Like_Proteins,train,0
4841,4841,tr,A0A2D4NMP3,A0A2D4NMP3_MICSU,C-type lectin domain-containing protein (Fragment),Micrurus surinamensis,129470,3,C-Type_Lectins_or_Lectin-Like_Proteins,train,0
4842,4842,tr,A0A2H6N6X7,A0A2H6N6X7_9SAUR,C-type lectin domain-containing protein (Fragment),Micrurus carvalhoi,3147026,3,C-Type_Lectins_or_Lectin-Like_Proteins,train,0
4843,4843,tr,A0A2H6NF92,A0A2H6NF92_9SAUR,C-type lectin domain-containing protein (Fragment),Micrurus carvalhoi,3147026,3,C-Type_Lectins_or_Lectin-Like_Proteins,train,0
4844,4844,tr,A0A8C6X189,A0A8C6X189_NAJNA,C-type lectin domain-containing protein,Naja naja,35670,3,C-Type_Lectins_or_Lectin-Like_Proteins,train,0
4845,4845,tr,A0A8C6X4J0,A0A8C6X4J0_NAJNA,C-type lectin domain-containing protein,Naja naja,35670,3,C-Type_Lectins_or_Lectin-Like_Proteins,train,0
4846,4846,tr,H8PG90,H8PG90_9SAUR,C-type lectin isoform 2,Suta nigriceps,687874,2,C-Type_Lectins_or_Lectin-Like_Proteins,train,0
4847,4847,tr,H8PG91,H8PG91_9SAUR,C-type lectin isoform 3,Suta nigriceps,687874,2,C-Type_Lectins_or_Lectin-Like_Proteins,train,0
4848,4848,tr,A0A2D4GXW8,A0A2D4GXW8_MICCO,C-type lectin domain-containing protein (Fragment),Micrurus corallinus,54390,3,C-Type_Lectins_or_Lectin-Like_Proteins,train,0
4849,4849,tr,A0A8C6VTT9,A0A8C6VTT9_NAJNA,C-type lectin domain-containing protein,Naja naja,35670,3,C-Type_Lectins_or_Lectin-Like_Proteins,train,0
4850,4850,tr,A0A8C5RJ98,A0A8C5RJ98_LATLA,C-type lectin domain-containing protein,Laticauda laticaudata,8630,3,C-Type_Lectins_or_Lectin-Like_Proteins,test,0
4851,4851,tr,A0A8C5WS76,A0A8C5WS76_LATLA,C-type lectin domain-containing protein,Laticauda laticaudata,8630,3,C-Type_Lectins_or_Lectin-Like_Proteins,train,0
4852,4852,tr,A0A2H6NLI7,A0A2H6NLI7_9SAUR,C-type lectin domain-containing protein (Fragment),Micrurus carvalhoi,3147026,3,C-Type_Lectins_or_Lectin-Like_Proteins,test,0
4853,4853,tr,A0A670ZKY8,A0A670ZKY8_PSETE,C-type lectin domain-containing protein,Pseudonaja textilis,8673,3,C-Type_Lectins_or_Lectin-Like_Proteins,train,0
4854,4854,tr,A0A8C5SZJ2,A0A8C5SZJ2_LATLA,C-type lectin domain-containing protein,Laticauda laticaudata,8630,3,C-Type_Lectins_or_Lectin-Like_Proteins,train,0
4855,4855,tr,A0A2H6NEI1,A0A2H6NEI1_9SAUR,C-type lectin domain-containing protein (Fragment),Micrurus carvalhoi,3147026,3,C-Type_Lectins_or_Lectin-Like_Proteins,train,0
4856,4856,tr,A0A8C5WXW8,A0A8C5WXW8_LATLA,C-type lectin domain-containing protein,Laticauda laticaudata,8630,3,C-Type_Lectins_or_Lectin-Like_Proteins,train,0
4857,4857,tr,A0A8C6VJA6,A0A8C6VJA6_NAJNA,C-type lectin domain-containing protein,Naja naja,35670,3,C-Type_Lectins_or_Lectin-Like_Proteins,train,0
4858,4858,tr,A0A8C6X0R9,A0A8C6X0R9_NAJNA,C-type lectin domain-containing protein,Naja naja,35670,3,C-Type_Lectins_or_Lectin-Like_Proteins,train,0
4859,4859,tr,A0A2D4IMQ5,A0A2D4IMQ5_MICLE,C-type lectin domain-containing protein,Micrurus lemniscatus lemniscatus,129467,3,C-Type_Lectins_or_Lectin-Like_Proteins,train,0
4860,4860,tr,A0A8C5SPU3,A0A8C5SPU3_LATLA,C-type lectin domain-containing protein,Laticauda laticaudata,8630,3,C-Type_Lectins_or_Lectin-Like_Proteins,train,0
4861,4861,tr,A0A2D4NNH6,A0A2D4NNH6_MICSU,C-type lectin domain-containing protein (Fragment),Micrurus surinamensis,129470,3,C-Type_Lectins_or_Lectin-Like_Proteins,train,0
4862,4862,tr,A0A8C6YCG8,A0A8C6YCG8_NAJNA,C-type lectin domain-containing protein,Naja naja,35670,3,C-Type_Lectins_or_Lectin-Like_Proteins,test,0
4863,4863,tr,A0A8C6VCY4,A0A8C6VCY4_NAJNA,C-type lectin domain-containing protein,Naja naja,35670,3,C-Type_Lectins_or_Lectin-Like_Proteins,train,0
4864,4864,tr,A0A8C5SWL0,A0A8C5SWL0_LATLA,C-type lectin domain-containing protein,Laticauda laticaudata,8630,3,C-Type_Lectins_or_Lectin-Like_Proteins,val,0
4865,4865,tr,A0A2H6NJP6,A0A2H6NJP6_9SAUR,C-type lectin domain-containing protein (Fragment),Micrurus carvalhoi,3147026,3,C-Type_Lectins_or_Lectin-Like_Proteins,train,0
4866,4866,tr,A0A670ZKS3,A0A670ZKS3_PSETE,C-type lectin domain-containing protein,Pseudonaja textilis,8673,3,C-Type_Lectins_or_Lectin-Like_Proteins,test,0
4867,4867,tr,A0A670ZLA2,A0A670ZLA2_PSETE,C-type lectin domain-containing protein,Pseudonaja textilis,8673,3,C-Type_Lectins_or_Lectin-Like_Proteins,train,0
4868,4868,tr,A0A8C6V8T8,A0A8C6V8T8_NAJNA,C-type lectin domain-containing protein,Naja naja,35670,3,C-Type_Lectins_or_Lectin-Like_Proteins,test,0
4869,4869,tr,A0A8C6VLE4,A0A8C6VLE4_NAJNA,C-type lectin domain-containing protein,Naja naja,35670,3,C-Type_Lectins_or_Lectin-Like_Proteins,train,0
4870,4870,tr,A0A2D4F193,A0A2D4F193_MICCO,C-type lectin domain-containing protein (Fragment),Micrurus corallinus,54390,3,C-Type_Lectins_or_Lectin-Like_Proteins,test,0
4871,4871,tr,A0A2D4K6D1,A0A2D4K6D1_9SAUR,C-type lectin domain-containing protein (Fragment),Micrurus paraensis,1970185,3,C-Type_Lectins_or_Lectin-Like_Proteins,train,0
4872,4872,tr,A0A2D4KU06,A0A2D4KU06_9SAUR,C-type lectin domain-containing protein (Fragment),Micrurus paraensis,1970185,3,C-Type_Lectins_or_Lectin-Like_Proteins,train,0
4873,4873,tr,A0A2D4LCS5,A0A2D4LCS5_9SAUR,C-type lectin domain-containing protein (Fragment),Micrurus spixii,129469,3,C-Type_Lectins_or_Lectin-Like_Proteins,train,0
4874,4874,tr,A0A2H6NIH3,A0A2H6NIH3_9SAUR,C-type lectin domain-containing protein,Micrurus carvalhoi,3147026,3,C-Type_Lectins_or_Lectin-Like_Proteins,train,0
4875,4875,tr,A0A8C6XF47,A0A8C6XF47_NAJNA,C-type lectin domain-containing protein,Naja naja,35670,3,C-Type_Lectins_or_Lectin-Like_Proteins,train,0
4876,4876,tr,A0A2D4FUZ8,A0A2D4FUZ8_MICCO,C-type lectin domain-containing protein (Fragment),Micrurus corallinus,54390,3,C-Type_Lectins_or_Lectin-Like_Proteins,train,0
4877,4877,tr,A0A2D4M2S3,A0A2D4M2S3_9SAUR,C-type lectin domain-containing protein (Fragment),Micrurus spixii,129469,3,C-Type_Lectins_or_Lectin-Like_Proteins,test,0
4878,4878,tr,A0A6J1VJU6,A0A6J1VJU6_9SAUR,C-type lectin domain family 2 member D-like isoform X1,Notechis scutatus,8663,3,C-Type_Lectins_or_Lectin-Like_Proteins,train,0
4879,4879,tr,A0A2D4GSF4,A0A2D4GSF4_MICCO,C-type lectin domain-containing protein (Fragment),Micrurus corallinus,54390,3,C-Type_Lectins_or_Lectin-Like_Proteins,train,0
4880,4880,tr,A0A2D4KF17,A0A2D4KF17_9SAUR,C-type lectin domain-containing protein (Fragment),Micrurus paraensis,1970185,3,C-Type_Lectins_or_Lectin-Like_Proteins,train,0
4881,4881,tr,A0A2D4ND16,A0A2D4ND16_9SAUR,C-type lectin domain-containing protein (Fragment),Micrurus spixii,129469,3,C-Type_Lectins_or_Lectin-Like_Proteins,train,0
4882,4882,tr,A0A8C6XE09,A0A8C6XE09_NAJNA,C-type lectin domain-containing protein,Naja naja,35670,3,C-Type_Lectins_or_Lectin-Like_Proteins,train,0
4883,4883,tr,A0A2D4MZC1,A0A2D4MZC1_9SAUR,C-type lectin domain-containing protein (Fragment),Micrurus spixii,129469,3,C-Type_Lectins_or_Lectin-Like_Proteins,train,0
4884,4884,tr,A0A8C5RVB0,A0A8C5RVB0_LATLA,C-type lectin domain-containing protein,Laticauda laticaudata,8630,3,C-Type_Lectins_or_Lectin-Like_Proteins,train,0
4885,4885,tr,A0A8C6VIV8,A0A8C6VIV8_NAJNA,C-type lectin domain-containing protein,Naja naja,35670,3,C-Type_Lectins_or_Lectin-Like_Proteins,train,0
4886,4886,tr,A0A8C6V490,A0A8C6V490_NAJNA,C-type lectin domain-containing protein,Naja naja,35670,3,C-Type_Lectins_or_Lectin-Like_Proteins,train,0
4887,4887,tr,A0A2D4GRJ3,A0A2D4GRJ3_MICCO,C-type lectin domain-containing protein,Micrurus corallinus,54390,3,C-Type_Lectins_or_Lectin-Like_Proteins,test,0
4888,4888,tr,A0A2H6ND91,A0A2H6ND91_9SAUR,C-type lectin domain-containing protein (Fragment),Micrurus carvalhoi,3147026,3,C-Type_Lectins_or_Lectin-Like_Proteins,train,0
4889,4889,tr,A0A2D4KF58,A0A2D4KF58_9SAUR,C-type lectin domain-containing protein (Fragment),Micrurus paraensis,1970185,3,C-Type_Lectins_or_Lectin-Like_Proteins,train,0
4890,4890,tr,A0A2D4P6S6,A0A2D4P6S6_MICSU,C-type lectin domain-containing protein (Fragment),Micrurus surinamensis,129470,3,C-Type_Lectins_or_Lectin-Like_Proteins,train,0
4891,4891,tr,A0A6J1VBX2,A0A6J1VBX2_9SAUR,C-type lectin domain family 2 member D-like isoform X2,Notechis scutatus,8663,3,C-Type_Lectins_or_Lectin-Like_Proteins,train,0
4892,4892,tr,A0A2D4GCX8,A0A2D4GCX8_MICCO,C-type lectin domain-containing protein (Fragment),Micrurus corallinus,54390,3,C-Type_Lectins_or_Lectin-Like_Proteins,train,0
4893,4893,tr,A0A8C5RCD4,A0A8C5RCD4_LATLA,C-type lectin domain-containing protein,Laticauda laticaudata,8630,3,C-Type_Lectins_or_Lectin-Like_Proteins,train,0
4894,4894,tr,A0A8C5WRV9,A0A8C5WRV9_LATLA,C-type lectin domain-containing protein,Laticauda laticaudata,8630,3,C-Type_Lectins_or_Lectin-Like_Proteins,train,0
4895,4895,tr,A0A8C6VR27,A0A8C6VR27_NAJNA,C-type lectin domain-containing protein,Naja naja,35670,3,C-Type_Lectins_or_Lectin-Like_Proteins,train,0
4896,4896,tr,A0A8C5WZS8,A0A8C5WZS8_LATLA,C-type lectin domain-containing protein,Laticauda laticaudata,8630,3,C-Type_Lectins_or_Lectin-Like_Proteins,train,0
4897,4897,tr,A0A2D4FVQ6,A0A2D4FVQ6_MICCO,C-type lectin domain-containing protein (Fragment),Micrurus corallinus,54390,3,C-Type_Lectins_or_Lectin-Like_Proteins,train,0
4898,4898,tr,A0A2D4G537,A0A2D4G537_MICCO,C-type lectin domain-containing protein (Fragment),Micrurus corallinus,54390,3,C-Type_Lectins_or_Lectin-Like_Proteins,train,0
4899,4899,tr,A0A2D4PZG2,A0A2D4PZG2_MICSU,C-type lectin domain-containing protein (Fragment),Micrurus surinamensis,129470,3,C-Type_Lectins_or_Lectin-Like_Proteins,train,0
4900,4900,tr,A0A8C5WMM7,A0A8C5WMM7_LATLA,C-type lectin domain-containing protein,Laticauda laticaudata,8630,3,C-Type_Lectins_or_Lectin-Like_Proteins,train,0
4901,4901,tr,A0A6J1UWB9,A0A6J1UWB9_9SAUR,C-type lectin domain family 4 member E-like isoform X2,Notechis scutatus,8663,3,C-Type_Lectins_or_Lectin-Like_Proteins,train,0
4902,4902,tr,A0A6J1UPC4,A0A6J1UPC4_9SAUR,C-type lectin domain family 2 member L-like isoform X1,Notechis scutatus,8663,3,C-Type_Lectins_or_Lectin-Like_Proteins,train,0
4903,4903,tr,A0A2D4JQY1,A0A2D4JQY1_MICLE,C-type lectin domain-containing protein,Micrurus lemniscatus lemniscatus,129467,3,C-Type_Lectins_or_Lectin-Like_Proteins,val,0
4904,4904,tr,A0A2D4LY87,A0A2D4LY87_9SAUR,C-type lectin domain-containing protein (Fragment),Micrurus spixii,129469,3,C-Type_Lectins_or_Lectin-Like_Proteins,train,0
4905,4905,tr,H8PG89,H8PG89_9SAUR,C-type lectin isoform 1,Suta nigriceps,687874,2,C-Type_Lectins_or_Lectin-Like_Proteins,val,0
4906,4906,tr,A0A670ZK79,A0A670ZK79_PSETE,C-type lectin domain-containing protein,Pseudonaja textilis,8673,3,C-Type_Lectins_or_Lectin-Like_Proteins,train,0
4907,4907,tr,A0A2D4HIA6,A0A2D4HIA6_MICLE,C-type lectin domain-containing protein (Fragment),Micrurus lemniscatus lemniscatus,129467,3,C-Type_Lectins_or_Lectin-Like_Proteins,train,0
4908,4908,tr,A0A2D4HIC4,A0A2D4HIC4_MICLE,C-type lectin domain-containing protein (Fragment),Micrurus lemniscatus lemniscatus,129467,3,C-Type_Lectins_or_Lectin-Like_Proteins,test,0
4909,4909,tr,A0A8C5S9D0,A0A8C5S9D0_LATLA,C-type lectin domain-containing protein,Laticauda laticaudata,8630,3,C-Type_Lectins_or_Lectin-Like_Proteins,val,0
4910,4910,tr,A0A670ZMH4,A0A670ZMH4_PSETE,C-type lectin domain-containing protein,Pseudonaja textilis,8673,3,C-Type_Lectins_or_Lectin-Like_Proteins,test,0
4911,4911,tr,A0A8C7E6U6,A0A8C7E6U6_NAJNA,C-type lectin domain-containing protein,Naja naja,35670,3,C-Type_Lectins_or_Lectin-Like_Proteins,test,0
4912,4912,tr,A0A2D4LYY9,A0A2D4LYY9_9SAUR,C-type lectin domain-containing protein (Fragment),Micrurus spixii,129469,3,C-Type_Lectins_or_Lectin-Like_Proteins,train,0
4913,4913,tr,A0A8C5SAP3,A0A8C5SAP3_LATLA,C-type lectin domain-containing protein,Laticauda laticaudata,8630,3,C-Type_Lectins_or_Lectin-Like_Proteins,train,0
4914,4914,tr,A0A2D4LVY2,A0A2D4LVY2_9SAUR,C-type lectin domain-containing protein (Fragment),Micrurus spixii,129469,3,C-Type_Lectins_or_Lectin-Like_Proteins,train,0
4915,4915,tr,A0A670XZM5,A0A670XZM5_PSETE,C-type lectin domain-containing protein,Pseudonaja textilis,8673,3,C-Type_Lectins_or_Lectin-Like_Proteins,train,0
4916,4916,tr,A0A670YUE9,A0A670YUE9_PSETE,C-type lectin domain-containing protein,Pseudonaja textilis,8673,3,C-Type_Lectins_or_Lectin-Like_Proteins,train,0
4917,4917,tr,A0A8C5RN46,A0A8C5RN46_LATLA,C-type lectin domain-containing protein,Laticauda laticaudata,8630,3,C-Type_Lectins_or_Lectin-Like_Proteins,train,0
4918,4918,tr,A0A8C6XEE7,A0A8C6XEE7_NAJNA,C-type lectin domain-containing protein,Naja naja,35670,3,C-Type_Lectins_or_Lectin-Like_Proteins,train,0
4919,4919,tr,A0A2D4L3T6,A0A2D4L3T6_9SAUR,C-type lectin domain-containing protein (Fragment),Micrurus paraensis,1970185,3,C-Type_Lectins_or_Lectin-Like_Proteins,train,0
4920,4920,tr,A0A670YEG2,A0A670YEG2_PSETE,C-type lectin domain-containing protein,Pseudonaja textilis,8673,3,C-Type_Lectins_or_Lectin-Like_Proteins,test,0
4921,4921,tr,A0A670ZCG3,A0A670ZCG3_PSETE,C-type lectin domain-containing protein,Pseudonaja textilis,8673,3,C-Type_Lectins_or_Lectin-Like_Proteins,val,0
4922,4922,tr,A0A8C6XD42,A0A8C6XD42_NAJNA,C-type lectin domain-containing protein,Naja naja,35670,3,C-Type_Lectins_or_Lectin-Like_Proteins,train,0
4923,4923,tr,A0A8C6XMA3,A0A8C6XMA3_NAJNA,C-type lectin domain-containing protein,Naja naja,35670,3,C-Type_Lectins_or_Lectin-Like_Proteins,train,0
4924,4924,tr,A0A2D4LY76,A0A2D4LY76_9SAUR,C-type lectin domain-containing protein,Micrurus spixii,129469,3,C-Type_Lectins_or_Lectin-Like_Proteins,train,0
4925,4925,tr,A0A670Z485,A0A670Z485_PSETE,C-type lectin domain-containing protein,Pseudonaja textilis,8673,3,C-Type_Lectins_or_Lectin-Like_Proteins,train,0
4926,4926,tr,A0A670ZL77,A0A670ZL77_PSETE,C-type lectin domain-containing protein,Pseudonaja textilis,8673,3,C-Type_Lectins_or_Lectin-Like_Proteins,train,0
4927,4927,tr,A0A670ZMV3,A0A670ZMV3_PSETE,C-type lectin domain-containing protein,Pseudonaja textilis,8673,3,C-Type_Lectins_or_Lectin-Like_Proteins,test,0
4928,4928,tr,A0A8C6XDC6,A0A8C6XDC6_NAJNA,C-type lectin domain-containing protein,Naja naja,35670,3,C-Type_Lectins_or_Lectin-Like_Proteins,train,0
4929,4929,tr,A0A8C6XJI2,A0A8C6XJI2_NAJNA,C-type lectin domain-containing protein,Naja naja,35670,3,C-Type_Lectins_or_Lectin-Like_Proteins,train,0
4930,4930,tr,A0A2D4NFD4,A0A2D4NFD4_9SAUR,C-type lectin domain-containing protein (Fragment),Micrurus spixii,129469,3,C-Type_Lectins_or_Lectin-Like_Proteins,train,0
4931,4931,tr,A0A670ZP28,A0A670ZP28_PSETE,C-type lectin domain-containing protein,Pseudonaja textilis,8673,3,C-Type_Lectins_or_Lectin-Like_Proteins,train,0
4932,4932,tr,A0A8C6Y1T5,A0A8C6Y1T5_NAJNA,C-type lectin domain-containing protein,Naja naja,35670,3,C-Type_Lectins_or_Lectin-Like_Proteins,train,0
4933,4933,tr,A0A8C6YFN5,A0A8C6YFN5_NAJNA,C-type lectin domain-containing protein,Naja naja,35670,3,C-Type_Lectins_or_Lectin-Like_Proteins,train,0
4934,4934,tr,A0A2D4JN97,A0A2D4JN97_MICLE,C-type lectin domain-containing protein (Fragment),Micrurus lemniscatus lemniscatus,129467,3,C-Type_Lectins_or_Lectin-Like_Proteins,train,0
4935,4935,tr,A0A2D4J2H5,A0A2D4J2H5_MICLE,C-type lectin domain-containing protein (Fragment),Micrurus lemniscatus lemniscatus,129467,3,C-Type_Lectins_or_Lectin-Like_Proteins,train,0
4936,4936,tr,A0A670YI81,A0A670YI81_PSETE,C-type lectin domain-containing protein,Pseudonaja textilis,8673,3,C-Type_Lectins_or_Lectin-Like_Proteins,val,0
4937,4937,tr,A0A8C5SHV0,A0A8C5SHV0_LATLA,C-type lectin domain-containing protein,Laticauda laticaudata,8630,3,C-Type_Lectins_or_Lectin-Like_Proteins,train,0
4938,4938,tr,A0A2D4GAZ3,A0A2D4GAZ3_MICCO,C-type lectin domain-containing protein (Fragment),Micrurus corallinus,54390,3,C-Type_Lectins_or_Lectin-Like_Proteins,train,0
4939,4939,tr,A0A2D4MTH9,A0A2D4MTH9_9SAUR,C-type lectin domain-containing protein (Fragment),Micrurus spixii,129469,3,C-Type_Lectins_or_Lectin-Like_Proteins,train,0
4940,4940,tr,A0A8C5SJ92,A0A8C5SJ92_LATLA,C-type lectin domain-containing protein,Laticauda laticaudata,8630,3,C-Type_Lectins_or_Lectin-Like_Proteins,train,0
4941,4941,tr,A0A2D4GB09,A0A2D4GB09_MICCO,C-type lectin domain-containing protein (Fragment),Micrurus corallinus,54390,3,C-Type_Lectins_or_Lectin-Like_Proteins,train,0
4942,4942,tr,A0A2D4LY61,A0A2D4LY61_9SAUR,C-type lectin domain-containing protein (Fragment),Micrurus spixii,129469,3,C-Type_Lectins_or_Lectin-Like_Proteins,train,0
4943,4943,tr,A0A2D4P7I2,A0A2D4P7I2_MICSU,C-type lectin domain-containing protein (Fragment),Micrurus surinamensis,129470,3,C-Type_Lectins_or_Lectin-Like_Proteins,train,0
4944,4944,tr,A0A2D4GSD3,A0A2D4GSD3_MICCO,C-type lectin domain-containing protein (Fragment),Micrurus corallinus,54390,3,C-Type_Lectins_or_Lectin-Like_Proteins,test,0
4945,4945,tr,A0A670Z755,A0A670Z755_PSETE,C-type lectin domain-containing protein,Pseudonaja textilis,8673,3,C-Type_Lectins_or_Lectin-Like_Proteins,train,0
4946,4946,tr,A0A8C5SBF0,A0A8C5SBF0_LATLA,C-type lectin domain-containing protein,Laticauda laticaudata,8630,3,C-Type_Lectins_or_Lectin-Like_Proteins,test,0
4947,4947,tr,A0A2D4FAU6,A0A2D4FAU6_MICCO,C-type lectin domain-containing protein (Fragment),Micrurus corallinus,54390,3,C-Type_Lectins_or_Lectin-Like_Proteins,test,0
4948,4948,tr,A0A2D4H3K2,A0A2D4H3K2_MICCO,C-type lectin domain-containing protein (Fragment),Micrurus corallinus,54390,3,C-Type_Lectins_or_Lectin-Like_Proteins,train,0
4949,4949,tr,A0A2D4L0C8,A0A2D4L0C8_9SAUR,C-type lectin domain-containing protein (Fragment),Micrurus paraensis,1970185,3,C-Type_Lectins_or_Lectin-Like_Proteins,test,0
4950,4950,tr,A0A2D4LKQ3,A0A2D4LKQ3_9SAUR,C-type lectin domain-containing protein (Fragment),Micrurus spixii,129469,3,C-Type_Lectins_or_Lectin-Like_Proteins,train,0
4951,4951,tr,A0A670Z1J1,A0A670Z1J1_PSETE,C-type lectin domain-containing protein,Pseudonaja textilis,8673,3,C-Type_Lectins_or_Lectin-Like_Proteins,train,0
4952,4952,tr,A0A8C5S0S1,A0A8C5S0S1_LATLA,C-type lectin domain-containing protein,Laticauda laticaudata,8630,3,C-Type_Lectins_or_Lectin-Like_Proteins,train,0
4953,4953,tr,A0A8C6VMR8,A0A8C6VMR8_NAJNA,C-type lectin domain-containing protein,Naja naja,35670,3,C-Type_Lectins_or_Lectin-Like_Proteins,train,0
4954,4954,tr,A0A2D4G9B5,A0A2D4G9B5_MICCO,C-type lectin domain-containing protein (Fragment),Micrurus corallinus,54390,3,C-Type_Lectins_or_Lectin-Like_Proteins,test,0
4955,4955,tr,A0A2D4ENU8,A0A2D4ENU8_MICCO,C-type lectin domain-containing protein (Fragment),Micrurus corallinus,54390,3,C-Type_Lectins_or_Lectin-Like_Proteins,train,0
4956,4956,tr,A0A670Z0Z1,A0A670Z0Z1_PSETE,C-type lectin domain-containing protein,Pseudonaja textilis,8673,3,C-Type_Lectins_or_Lectin-Like_Proteins,test,0
4957,4957,tr,A0A670YUE1,A0A670YUE1_PSETE,C-type lectin domain-containing protein,Pseudonaja textilis,8673,3,C-Type_Lectins_or_Lectin-Like_Proteins,train,0
4958,4958,tr,A0A2D4KLV3,A0A2D4KLV3_9SAUR,C-type lectin domain-containing protein (Fragment),Micrurus paraensis,1970185,3,C-Type_Lectins_or_Lectin-Like_Proteins,train,0
4959,4959,tr,A0A8C6VPK9,A0A8C6VPK9_NAJNA,C-type lectin domain-containing protein,Naja naja,35670,3,C-Type_Lectins_or_Lectin-Like_Proteins,train,0
4960,4960,tr,A0A2D4GSC5,A0A2D4GSC5_MICCO,C-type lectin domain-containing protein (Fragment),Micrurus corallinus,54390,3,C-Type_Lectins_or_Lectin-Like_Proteins,train,0
4961,4961,tr,A0A8C5S6B5,A0A8C5S6B5_LATLA,C-type lectin domain-containing protein,Laticauda laticaudata,8630,3,C-Type_Lectins_or_Lectin-Like_Proteins,train,0
4962,4962,tr,A0A2D4KA90,A0A2D4KA90_9SAUR,C-type lectin domain-containing protein (Fragment),Micrurus paraensis,1970185,3,C-Type_Lectins_or_Lectin-Like_Proteins,test,0
4963,4963,tr,A0A2D4PF94,A0A2D4PF94_MICSU,C-type lectin domain-containing protein (Fragment),Micrurus surinamensis,129470,3,C-Type_Lectins_or_Lectin-Like_Proteins,train,0
4964,4964,tr,A0A8C6VR17,A0A8C6VR17_NAJNA,C-type lectin domain-containing protein,Naja naja,35670,3,C-Type_Lectins_or_Lectin-Like_Proteins,train,0
4965,4965,tr,A0A8C5SA63,A0A8C5SA63_LATLA,C-type lectin domain-containing protein,Laticauda laticaudata,8630,3,C-Type_Lectins_or_Lectin-Like_Proteins,train,0
4966,4966,tr,A0A8C5S740,A0A8C5S740_LATLA,C-type lectin domain-containing protein,Laticauda laticaudata,8630,3,C-Type_Lectins_or_Lectin-Like_Proteins,train,0
4967,4967,tr,A0AAW1BUK1,A0AAW1BUK1_CROAD,C-type lectin domain family 2 member D-like,Crotalus adamanteus,8729,4,C-Type_Lectins_or_Lectin-Like_Proteins,train,0
4968,4968,tr,A0AAW1BV42,A0AAW1BV42_CROAD,C-type lectin domain family 2 member D-like,Crotalus adamanteus,8729,4,C-Type_Lectins_or_Lectin-Like_Proteins,train,0
4969,4969,tr,A0AAW1BTZ5,A0AAW1BTZ5_CROAD,C-type lectin domain family 2 member D-like,Crotalus adamanteus,8729,4,C-Type_Lectins_or_Lectin-Like_Proteins,train,0
4970,4970,tr,A0AAW1BUU4,A0AAW1BUU4_CROAD,C-type lectin domain family 2 member D-like,Crotalus adamanteus,8729,4,C-Type_Lectins_or_Lectin-Like_Proteins,test,0
4971,4971,tr,A0AAW1BV40,A0AAW1BV40_CROAD,C-type lectin domain family 2 member D-like,Crotalus adamanteus,8729,4,C-Type_Lectins_or_Lectin-Like_Proteins,train,0
4972,4972,tr,A0AAW1C076,A0AAW1C076_CROAD,C-type lectin domain family 5 member A-like,Crotalus adamanteus,8729,4,C-Type_Lectins_or_Lectin-Like_Proteins,train,0
4973,4973,tr,A0A2D4FIK5,A0A2D4FIK5_MICCO,C-type lectin domain-containing protein (Fragment),Micrurus corallinus,54390,3,C-Type_Lectins_or_Lectin-Like_Proteins,val,0
4974,4974,tr,A0A098M188,A0A098M188_9SAUR,C-type lectin 6a,Hypsiglena sp. JMG-2014,1550645,4,C-Type_Lectins_or_Lectin-Like_Proteins,train,0
4975,4975,tr,A0A0B8RSW8,A0A0B8RSW8_9SAUR,C-type lectin 6,Philothamnus irregularis,1899461,4,C-Type_Lectins_or_Lectin-Like_Proteins,train,0
4976,4976,tr,A0A346CLW2,A0A346CLW2_BORPO,C-type lectin 2 (Fragment),Borikenophis portoricensis,1260276,2,C-Type_Lectins_or_Lectin-Like_Proteins,train,0
4977,4977,tr,A0A098M1A1,A0A098M1A1_9SAUR,C-type lectin 6b,Hypsiglena sp. JMG-2014,1550645,4,C-Type_Lectins_or_Lectin-Like_Proteins,train,0
4978,4978,tr,A0A098M237,A0A098M237_9SAUR,C-type lectin 8g,Hypsiglena sp. JMG-2014,1550645,4,C-Type_Lectins_or_Lectin-Like_Proteins,val,0
4979,4979,tr,A0A098M248,A0A098M248_9SAUR,C-type lectin 7c,Hypsiglena sp. JMG-2014,1550645,4,C-Type_Lectins_or_Lectin-Like_Proteins,train,0
4980,4980,tr,A0A098M183,A0A098M183_9SAUR,C-type lectin 7d,Hypsiglena sp. JMG-2014,1550645,4,C-Type_Lectins_or_Lectin-Like_Proteins,train,0
4981,4981,tr,A0A098M191,A0A098M191_9SAUR,C-type lectin 8e,Hypsiglena sp. JMG-2014,1550645,4,C-Type_Lectins_or_Lectin-Like_Proteins,train,0
4982,4982,tr,A0A346CLW3,A0A346CLW3_BORPO,C-type lectin 3 (Fragment),Borikenophis portoricensis,1260276,2,C-Type_Lectins_or_Lectin-Like_Proteins,train,0
4983,4983,tr,A0A346CLY5,A0A346CLY5_9SAUR,C-type lectin 8 (Fragment),Ahaetulla prasina,499056,2,C-Type_Lectins_or_Lectin-Like_Proteins,train,0
4984,4984,tr,A0AAW1C0M2,A0AAW1C0M2_CROAD,C-type lectin domain family 5 member A-like,Crotalus adamanteus,8729,4,C-Type_Lectins_or_Lectin-Like_Proteins,train,0
4985,4985,tr,A0A346CLW4,A0A346CLW4_BORPO,C-type lectin 4 (Fragment),Borikenophis portoricensis,1260276,2,C-Type_Lectins_or_Lectin-Like_Proteins,val,0
4986,4986,tr,A0A346CLW5,A0A346CLW5_BORPO,C-type lectin 5 (Fragment),Borikenophis portoricensis,1260276,2,C-Type_Lectins_or_Lectin-Like_Proteins,train,0
4987,4987,tr,A0A346CLW7,A0A346CLW7_BORPO,C-type lectin 7 (Fragment),Borikenophis portoricensis,1260276,2,C-Type_Lectins_or_Lectin-Like_Proteins,train,0
4988,4988,tr,A0A098M247,A0A098M247_9SAUR,C-type lectin 3,Hypsiglena sp. JMG-2014,1550645,4,C-Type_Lectins_or_Lectin-Like_Proteins,train,0
4989,4989,tr,A0A0B8RYV5,A0A0B8RYV5_9SAUR,C-type lectin 4,Philothamnus irregularis,1899461,4,C-Type_Lectins_or_Lectin-Like_Proteins,test,0
4990,4990,tr,A0A0B8RZW6,A0A0B8RZW6_9SAUR,C-type lectin 3,Philothamnus irregularis,1899461,4,C-Type_Lectins_or_Lectin-Like_Proteins,train,0
4991,4991,tr,A0A346CLW1,A0A346CLW1_BORPO,C-type lectin 1 (Fragment),Borikenophis portoricensis,1260276,2,C-Type_Lectins_or_Lectin-Like_Proteins,train,0
4992,4992,tr,A0A098LYH5,A0A098LYH5_PANGU,C-type lectin,Pantherophis guttatus,94885,2,C-Type_Lectins_or_Lectin-Like_Proteins,train,0
4993,4993,tr,A0AAW1BYX8,A0AAW1BYX8_CROAD,C-type lectin domain family 17 member A-like,Crotalus adamanteus,8729,4,C-Type_Lectins_or_Lectin-Like_Proteins,val,0
4994,4994,tr,A0AAW1B958,A0AAW1B958_CROAD,C-type lectin domain family 17 member A-like,Crotalus adamanteus,8729,4,C-Type_Lectins_or_Lectin-Like_Proteins,train,0
4995,4995,tr,A0AAW1BXK5,A0AAW1BXK5_CROAD,C-type lectin domain family 4 member G-like,Crotalus adamanteus,8729,4,C-Type_Lectins_or_Lectin-Like_Proteins,train,0
4996,4996,tr,A0A098M1A7,A0A098M1A7_9SAUR,C-type lectin 2,Hypsiglena sp. JMG-2014,1550645,4,C-Type_Lectins_or_Lectin-Like_Proteins,train,0
4997,4997,tr,A0A140DC04,A0A140DC04_BITAR,C-type lectin 1a,Bitis arietans,8692,2,C-Type_Lectins_or_Lectin-Like_Proteins,train,0
4998,4998,tr,A0A0B8RSX0,A0A0B8RSX0_9SAUR,C-type lectin 1,Philothamnus irregularis,1899461,4,C-Type_Lectins_or_Lectin-Like_Proteins,train,0
4999,4999,tr,A0A0K8RSC0,A0A0K8RSC0_CROHD,C-type lectin 1,Crotalus horridus,35024,4,C-Type_Lectins_or_Lectin-Like_Proteins,train,0
5000,5000,tr,A0A0B8RS06,A0A0B8RS06_9SAUR,C-type lectin 2,Philothamnus irregularis,1899461,4,C-Type_Lectins_or_Lectin-Like_Proteins,train,0
5001,5001,tr,A0A140DC05,A0A140DC05_BITAR,C-type lectin 1b,Bitis arietans,8692,2,C-Type_Lectins_or_Lectin-Like_Proteins,train,0
5002,5002,tr,A0A346CLZ2,A0A346CLZ2_9SAUR,C-type lectin 5 (Fragment),Ahaetulla prasina,499056,2,C-Type_Lectins_or_Lectin-Like_Proteins,val,0
5003,5003,tr,A0A346CM00,A0A346CM00_9SAUR,C-type lectin 2 (Fragment),Ahaetulla prasina,499056,2,C-Type_Lectins_or_Lectin-Like_Proteins,train,0
5004,5004,tr,A0AAW1B3P7,A0AAW1B3P7_CROAD,C-type mannose receptor 2,Crotalus adamanteus,8729,4,C-Type_Lectins_or_Lectin-Like_Proteins,train,0
5005,5005,tr,A0A670ZQG5,A0A670ZQG5_PSETE,C-type lectin domain-containing protein,Pseudonaja textilis,8673,3,C-Type_Lectins_or_Lectin-Like_Proteins,test,0
5006,5006,tr,A0AAW1BAJ3,A0AAW1BAJ3_CROAD,C-type lectin domain family 4 member K-like,Crotalus adamanteus,8729,4,C-Type_Lectins_or_Lectin-Like_Proteins,train,0
5007,5007,tr,A0AAW1B8J5,A0AAW1B8J5_CROAD,C-type lectin domain family 17 member A-like,Crotalus adamanteus,8729,4,C-Type_Lectins_or_Lectin-Like_Proteins,train,0
5008,5008,tr,A0AAW1B8S0,A0AAW1B8S0_CROAD,C-type lectin domain family 17 member A-like,Crotalus adamanteus,8729,4,C-Type_Lectins_or_Lectin-Like_Proteins,train,0
5009,5009,tr,I6LJ76,I6LJ76_AUSSU,C-type lectin galactose binding isoform,Austrelaps superbus,29156,2,C-Type_Lectins_or_Lectin-Like_Proteins,train,0
5010,5010,tr,A0AAW1BEQ4,A0AAW1BEQ4_CROAD,C-type lectin domain family 2 member D6-like,Crotalus adamanteus,8729,4,C-Type_Lectins_or_Lectin-Like_Proteins,train,0
5011,5011,tr,A0AAW1BE90,A0AAW1BE90_CROAD,C-type lectin,Crotalus adamanteus,8729,4,C-Type_Lectins_or_Lectin-Like_Proteins,train,0
5012,5012,tr,V8NAU1,V8NAU1_OPHHA,C-type lectin domain-containing protein (Fragment),Ophiophagus hannah,8665,3,C-Type_Lectins_or_Lectin-Like_Proteins,train,0
5013,5013,tr,V8N5L5,V8N5L5_OPHHA,C-type lectin domain-containing protein,Ophiophagus hannah,8665,3,C-Type_Lectins_or_Lectin-Like_Proteins,train,0
5014,5014,tr,V8P4Y7,V8P4Y7_OPHHA,C-type lectin domain-containing protein (Fragment),Ophiophagus hannah,8665,3,C-Type_Lectins_or_Lectin-Like_Proteins,train,0
5015,5015,tr,V8N6Z0,V8N6Z0_OPHHA,C-type lectin domain-containing protein (Fragment),Ophiophagus hannah,8665,3,C-Type_Lectins_or_Lectin-Like_Proteins,train,0
5016,5016,tr,V8NFT1,V8NFT1_OPHHA,C-type lectin domain-containing protein (Fragment),Ophiophagus hannah,8665,3,C-Type_Lectins_or_Lectin-Like_Proteins,train,0
5017,5017,tr,V8NGQ0,V8NGQ0_OPHHA,C-type lectin domain-containing protein,Ophiophagus hannah,8665,3,C-Type_Lectins_or_Lectin-Like_Proteins,train,0
5018,5018,tr,V8N8Q5,V8N8Q5_OPHHA,C-type lectin domain-containing protein (Fragment),Ophiophagus hannah,8665,3,C-Type_Lectins_or_Lectin-Like_Proteins,train,0
5019,5019,tr,V8P038,V8P038_OPHHA,C-type lectin domain-containing protein (Fragment),Ophiophagus hannah,8665,3,C-Type_Lectins_or_Lectin-Like_Proteins,test,0
5020,5020,tr,A0A1I9KNS2,A0A1I9KNS2_VIPAA,C-type lectin snaclec-2,Vipera ammodytes ammodytes,8705,2,C-Type_Lectins_or_Lectin-Like_Proteins,train,0
5021,5021,tr,A0A1I9KNP1,A0A1I9KNP1_VIPAA,C-type lectin snaclec-4,Vipera ammodytes ammodytes,8705,2,C-Type_Lectins_or_Lectin-Like_Proteins,val,0
5022,5022,tr,V8N4Y5,V8N4Y5_OPHHA,C-type lectin domain-containing protein (Fragment),Ophiophagus hannah,8665,3,C-Type_Lectins_or_Lectin-Like_Proteins,train,0
5023,5023,tr,V8N6P1,V8N6P1_OPHHA,C-type lectin domain-containing protein (Fragment),Ophiophagus hannah,8665,3,C-Type_Lectins_or_Lectin-Like_Proteins,train,0
5024,5024,tr,V8NMR8,V8NMR8_OPHHA,C-type lectin domain-containing protein (Fragment),Ophiophagus hannah,8665,3,C-Type_Lectins_or_Lectin-Like_Proteins,train,0
5025,5025,tr,A0A6J1WBY6,A0A6J1WBY6_9SAUR,C-type lectin mannose-binding isoform,Notechis scutatus,8663,3,C-Type_Lectins_or_Lectin-Like_Proteins,train,0
5026,5026,tr,T2HPS4,T2HPS4_OVOOK,C-type lectin beta subunit (Fragment),Ovophis okinavensis,8769,2,C-Type_Lectins_or_Lectin-Like_Proteins,val,0
5027,5027,tr,T2HS66,T2HS66_OVOOK,C-type lectin beta subunit (Fragment),Ovophis okinavensis,8769,2,C-Type_Lectins_or_Lectin-Like_Proteins,test,0
5028,5028,tr,V8P0A4,V8P0A4_OPHHA,C-type lectin domain-containing protein (Fragment),Ophiophagus hannah,8665,3,C-Type_Lectins_or_Lectin-Like_Proteins,test,0
5029,5029,tr,T2HQM6,T2HQM6_OVOOK,C-type lectin beta subunit (Fragment),Ovophis okinavensis,8769,2,C-Type_Lectins_or_Lectin-Like_Proteins,train,0
5030,5030,tr,A0A8C6XRB2,A0A8C6XRB2_NAJNA,C-type lectin domain containing 5A,Naja naja,35670,3,C-Type_Lectins_or_Lectin-Like_Proteins,train,0
5031,5031,tr,T2HQ69,T2HQ69_OVOOK,C-type lectin beta subunit (Fragment),Ovophis okinavensis,8769,2,C-Type_Lectins_or_Lectin-Like_Proteins,train,0
5032,5032,tr,A0A1I9KNP6,A0A1I9KNP6_VIPAA,C-type lectin snaclec-1,Vipera ammodytes ammodytes,8705,2,C-Type_Lectins_or_Lectin-Like_Proteins,val,0
5033,5033,tr,V8N718,V8N718_OPHHA,C-type lectin domain-containing protein (Fragment),Ophiophagus hannah,8665,3,C-Type_Lectins_or_Lectin-Like_Proteins,train,0
5034,5034,tr,V8NBS4,V8NBS4_OPHHA,C-type lectin domain-containing protein (Fragment),Ophiophagus hannah,8665,3,C-Type_Lectins_or_Lectin-Like_Proteins,train,0
5035,5035,tr,V8NQF7,V8NQF7_OPHHA,C-type lectin domain-containing protein (Fragment),Ophiophagus hannah,8665,3,C-Type_Lectins_or_Lectin-Like_Proteins,train,0
5036,5036,tr,A0A1I9KNN1,A0A1I9KNN1_VIPAA,C-type lectin snaclec-3,Vipera ammodytes ammodytes,8705,2,C-Type_Lectins_or_Lectin-Like_Proteins,train,0
5037,5037,tr,A0A8C6XKM2,A0A8C6XKM2_NAJNA,C-type lectin domain containing 19A,Naja naja,35670,3,C-Type_Lectins_or_Lectin-Like_Proteins,train,0
5038,5038,tr,A0A8C6Y6Y9,A0A8C6Y6Y9_NAJNA,C-type lectin domain containing 11A,Naja naja,35670,3,C-Type_Lectins_or_Lectin-Like_Proteins,test,0
5039,5039,tr,A0A8C5SKP2,A0A8C5SKP2_LATLA,C-type lectin domain containing 11A,Laticauda laticaudata,8630,3,C-Type_Lectins_or_Lectin-Like_Proteins,train,0
5040,5040,tr,A0A8C5RDL4,A0A8C5RDL4_LATLA,C-type lectin domain containing 19A,Laticauda laticaudata,8630,3,C-Type_Lectins_or_Lectin-Like_Proteins,train,0
5041,5041,tr,A0A2D4EQX8,A0A2D4EQX8_MICCO,C-type lectin domain-containing protein (Fragment),Micrurus corallinus,54390,4,C-Type_Lectins_or_Lectin-Like_Proteins,train,0
5042,5042,tr,U3TDJ3,U3TDJ3_OVOOK,C-type_lectin_beta-subunit (Fragment),Ovophis okinavensis,8769,2,C-Type_Lectins_or_Lectin-Like_Proteins,val,0
5043,5043,tr,I6LJ75,I6LJ75_CRYNI,C-type lectin mannose binding isoform 1,Cryptophis nigrescens,292442,2,C-Type_Lectins_or_Lectin-Like_Proteins,train,0
5044,5044,tr,I6LJ74,I6LJ74_AUSSU,C-type lectin mannose binding isoform 1,Austrelaps superbus,29156,2,C-Type_Lectins_or_Lectin-Like_Proteins,train,0
5045,5045,tr,A0A2D4EQW8,A0A2D4EQW8_MICCO,C-type lectin domain-containing protein (Fragment),Micrurus corallinus,54390,4,C-Type_Lectins_or_Lectin-Like_Proteins,train,0
5046,5046,tr,A0A2H6ND78,A0A2H6ND78_9SAUR,C-type lectin domain-containing protein (Fragment),Micrurus carvalhoi,3147026,4,C-Type_Lectins_or_Lectin-Like_Proteins,train,0
5047,5047,tr,A0A2D4EQX7,A0A2D4EQX7_MICCO,C-type lectin domain-containing protein (Fragment),Micrurus corallinus,54390,4,C-Type_Lectins_or_Lectin-Like_Proteins,train,0
5048,5048,tr,A0A2D4ER09,A0A2D4ER09_MICCO,C-type lectin domain-containing protein (Fragment),Micrurus corallinus,54390,4,C-Type_Lectins_or_Lectin-Like_Proteins,train,0
5049,5049,tr,A0AAW1BDM3,A0AAW1BDM3_CROAD,C-type Lectin CRL,Crotalus adamanteus,8729,4,C-Type_Lectins_or_Lectin-Like_Proteins,train,0
5050,5050,tr,A0A077LAF0,A0A077LAF0_PROFL,C-type lectin F IX/X A (Fragment),Protobothrops flavoviridis,88087,2,C-Type_Lectins_or_Lectin-Like_Proteins,train,0
5051,5051,tr,A0AAW1BEU0,A0AAW1BEU0_CROAD,C-type lectin domain-containing protein,Crotalus adamanteus,8729,4,C-Type_Lectins_or_Lectin-Like_Proteins,test,0
5052,5052,tr,A0A2D4KX41,A0A2D4KX41_9SAUR,C-type lectin domain-containing protein (Fragment),Micrurus paraensis,1970185,4,C-Type_Lectins_or_Lectin-Like_Proteins,train,0
5053,5053,tr,A0AAW1B712,A0AAW1B712_CROAD,C-type lectin domain-containing protein,Crotalus adamanteus,8729,4,C-Type_Lectins_or_Lectin-Like_Proteins,train,0
5054,5054,tr,A0A2D4GQX8,A0A2D4GQX8_MICCO,C-type lectin domain-containing protein (Fragment),Micrurus corallinus,54390,4,C-Type_Lectins_or_Lectin-Like_Proteins,train,0
5055,5055,tr,A0AAW1AQI2,A0AAW1AQI2_CROAD,C-type lectin domain-containing protein,Crotalus adamanteus,8729,4,C-Type_Lectins_or_Lectin-Like_Proteins,train,0
5056,5056,tr,A0AAW1BWS9,A0AAW1BWS9_CROAD,C-type lectin domain-containing protein (Fragment),Crotalus adamanteus,8729,4,C-Type_Lectins_or_Lectin-Like_Proteins,val,0
5057,5057,tr,A0AAW1B6I4,A0AAW1B6I4_CROAD,C-type lectin domain-containing protein,Crotalus adamanteus,8729,4,C-Type_Lectins_or_Lectin-Like_Proteins,train,0
5058,5058,tr,A0A8C5WY95,A0A8C5WY95_LATLA,C-type lectin domain family 3 member A,Laticauda laticaudata,8630,3,C-Type_Lectins_or_Lectin-Like_Proteins,train,0
5059,5059,tr,A0A670YIQ1,A0A670YIQ1_PSETE,C-type lectin domain family 3 member A,Pseudonaja textilis,8673,3,C-Type_Lectins_or_Lectin-Like_Proteins,train,0
5060,5060,tr,A0A6J1UBP8,A0A6J1UBP8_9SAUR,C-type lectin domain family 3 member A,Notechis scutatus,8663,3,C-Type_Lectins_or_Lectin-Like_Proteins,train,0
5061,5061,tr,A0A8C6XRE4,A0A8C6XRE4_NAJNA,C-type lectin domain family 3 member A,Naja naja,35670,3,C-Type_Lectins_or_Lectin-Like_Proteins,train,0
5062,5062,tr,A0A6J1V6D5,A0A6J1V6D5_9SAUR,C-type lectin domain family 19 member A,Notechis scutatus,8663,3,C-Type_Lectins_or_Lectin-Like_Proteins,train,0
5063,5063,tr,A0A2H6NCH8,A0A2H6NCH8_9SAUR,C-type lectin domain-containing protein (Fragment),Micrurus carvalhoi,3147026,4,C-Type_Lectins_or_Lectin-Like_Proteins,train,0
5064,5064,tr,A0AAW1BES7,A0AAW1BES7_CROAD,C-type lectin domain-containing protein,Crotalus adamanteus,8729,4,C-Type_Lectins_or_Lectin-Like_Proteins,train,0
5065,5065,tr,I6LJ72,I6LJ72_OXYMI,C-type lectin mannose binding isoform 5 variant 2,Oxyuranus microlepidotus,111177,2,C-Type_Lectins_or_Lectin-Like_Proteins,train,0
5066,5066,tr,I6LJ71,I6LJ71_OXYMI,C-type lectin mannose binding isoform 5 variant 1,Oxyuranus microlepidotus,111177,2,C-Type_Lectins_or_Lectin-Like_Proteins,train,0
5067,5067,tr,V8N648,V8N648_OPHHA,C-type lectin domain family 2 member D (Fragment),Ophiophagus hannah,8665,3,C-Type_Lectins_or_Lectin-Like_Proteins,train,0
5068,5068,tr,V8NQ79,V8NQ79_OPHHA,C-type lectin domain family 2 member F (Fragment),Ophiophagus hannah,8665,3,C-Type_Lectins_or_Lectin-Like_Proteins,train,0
5069,5069,tr,V8NNF5,V8NNF5_OPHHA,C-type lectin domain family 2 member D (Fragment),Ophiophagus hannah,8665,3,C-Type_Lectins_or_Lectin-Like_Proteins,train,0
5070,5070,tr,V8NDB3,V8NDB3_OPHHA,C-type lectin domain family 2 member D (Fragment),Ophiophagus hannah,8665,3,C-Type_Lectins_or_Lectin-Like_Proteins,val,0
5071,5071,tr,V8NF17,V8NF17_OPHHA,C-type lectin domain family 2 member E (Fragment),Ophiophagus hannah,8665,3,C-Type_Lectins_or_Lectin-Like_Proteins,val,0
5072,5072,tr,A0A223PK21,A0A223PK21_DABRR,C-type lectin domain family 3 member A,Daboia russelii,8707,2,C-Type_Lectins_or_Lectin-Like_Proteins,val,0
5073,5073,tr,V8N534,V8N534_OPHHA,C-type lectin domain family 4 member F (Fragment),Ophiophagus hannah,8665,3,C-Type_Lectins_or_Lectin-Like_Proteins,val,0
5074,5074,tr,V8NDD1,V8NDD1_OPHHA,C-type lectin domain family 4 member F (Fragment),Ophiophagus hannah,8665,3,C-Type_Lectins_or_Lectin-Like_Proteins,train,0
5075,5075,tr,A0A223PK16,A0A223PK16_DABRR,C-type lectin domain family 11 member A (Fragment),Daboia russelii,8707,2,C-Type_Lectins_or_Lectin-Like_Proteins,train,0
5076,5076,tr,A0A223PK20,A0A223PK20_DABRR,C-type lectin domain family 3 member B,Daboia russelii,8707,2,C-Type_Lectins_or_Lectin-Like_Proteins,train,0
5077,5077,tr,V8P4S8,V8P4S8_OPHHA,C-type lectin domain family 11 member A (Fragment),Ophiophagus hannah,8665,3,C-Type_Lectins_or_Lectin-Like_Proteins,test,0
5078,5078,tr,T2HPQ8,T2HPQ8_PROFL,C-type lectin factor IX/X binding protein A subunit (Fragment),Protobothrops flavoviridis,88087,2,C-Type_Lectins_or_Lectin-Like_Proteins,train,0
5079,5079,tr,T2HRQ5,T2HRQ5_PROFL,C-type lectin factor IX/X binding protein A subunit (Fragment),Protobothrops flavoviridis,88087,2,C-Type_Lectins_or_Lectin-Like_Proteins,train,0
5080,5080,tr,A0AAW1AVL5,A0AAW1AVL5_CROAD,C-type lectin domain family 19 member A,Crotalus adamanteus,8729,4,C-Type_Lectins_or_Lectin-Like_Proteins,train,0
5081,5081,tr,A0AAW1AUE7,A0AAW1AUE7_CROAD,C-type lectin domain family 3 member A,Crotalus adamanteus,8729,4,C-Type_Lectins_or_Lectin-Like_Proteins,train,0
5082,5082,tr,A0AAW1B4J2,A0AAW1B4J2_CROAD,C-type lectin domain family 11 member A,Crotalus adamanteus,8729,4,C-Type_Lectins_or_Lectin-Like_Proteins,train,0
5083,5083,tr,V8NPD4,V8NPD4_OPHHA,C-type lectin domain family 2 member D (Fragment),Ophiophagus hannah,8665,4,C-Type_Lectins_or_Lectin-Like_Proteins,train,0
5084,5084,tr,A0AAW1B8N3,A0AAW1B8N3_CROAD,Clec4f: C-type lectin domain family 4 member F,Crotalus adamanteus,8729,4,C-Type_Lectins_or_Lectin-Like_Proteins,train,0
5085,5085,tr,A0A8C5SKB9,A0A8C5SKB9_LATLA,Mannose receptor C-type 1,Laticauda laticaudata,8630,3,C-Type_Lectins_or_Lectin-Like_Proteins,train,0
5086,5086,tr,A0A8C5SKD2,A0A8C5SKD2_LATLA,Mannose receptor C-type 1,Laticauda laticaudata,8630,3,C-Type_Lectins_or_Lectin-Like_Proteins,val,0
5087,5087,tr,A0A8C5SQ34,A0A8C5SQ34_LATLA,Mannose receptor C-type 1,Laticauda laticaudata,8630,3,C-Type_Lectins_or_Lectin-Like_Proteins,train,0
5088,5088,sp,B3EWF8,3SX1_MICMP,Mipartoxin-1,Micrurus mipartitus,430902,1,Three-Finger_Toxins(3FTX),train,5
5089,5089,sp,U3FAE1,3SXA_MICFL,Fulditoxin,Micrurus fulvius,8637,1,Three-Finger_Toxins(3FTX),train,5
5090,5090,sp,P83302,3SX1_OPHHA,Neurotoxin Oh9-1,Ophiophagus hannah,8665,1,Three-Finger_Toxins(3FTX),train,5
5091,5091,sp,P0CAR7,3SX_MICPY,Venom protein E2 (Fragment),Micrurus pyrrhocryptus,129468,1,Three-Finger_Toxins(3FTX),train,5
5092,5092,sp,P0DQP2,3SIH_DENJJ,Venom protein SynTx (Fragment),Dendroaspis jamesoni jamesoni,2032609,1,Three-Finger_Toxins(3FTX),val,5
5093,5093,sp,C1IC49,3NO25_WALAE,Three-finger toxin W-V,Walterinnesia aegyptia,64182,1,Three-Finger_Toxins(3FTX),train,5
5094,5094,sp,C1IC47,3S13_WALAE,Three-finger toxin W-III,Walterinnesia aegyptia,64182,1,Three-Finger_Toxins(3FTX),train,5
5095,5095,sp,A0A346CIA0,3NBA_SPISL,Sulditoxin subunit A,Spilotes sulphureus,1899469,1,Three-Finger_Toxins(3FTX),train,5
5096,5096,sp,A0A346CIB3,3NBB_SPISL,Sulditoxin subunit B,Spilotes sulphureus,1899469,1,Three-Finger_Toxins(3FTX),train,5
5097,5097,sp,E2ITZ3,3S11A_NAJAT,Alpha-elapitoxin-Na1a,Naja atra,8656,1,Three-Finger_Toxins(3FTX),train,5
5098,5098,sp,C6JUP3,3SX3_MICCO,Three-finger toxin MicTx3,Micrurus corallinus,54390,1,Three-Finger_Toxins(3FTX),train,5
5099,5099,sp,K9MCH1,3S11_MICLL,Three-finger toxin A1,Micrurus laticollaris,1240351,1,Three-Finger_Toxins(3FTX),train,5
5100,5100,sp,F5CPE0,3SX9_MICAT,Three-finger toxin MALT0059C,Micrurus altirostris,129457,1,Three-Finger_Toxins(3FTX),val,5
5101,5101,sp,F5CPE2,3SX3_MICAT,Three-finger toxin MALT0063C,Micrurus altirostris,129457,1,Three-Finger_Toxins(3FTX),train,5
5102,5102,sp,F5CPD3,3SX4_MICAT,Three-finger toxin MALT0044C,Micrurus altirostris,129457,1,Three-Finger_Toxins(3FTX),train,5
5103,5103,sp,F5CPE3,3SX5_MICAT,Three-finger toxin MALT0065C,Micrurus altirostris,129457,1,Three-Finger_Toxins(3FTX),train,5
5104,5104,sp,P86094,3SX_MICSU,Short neurotoxin MS11,Micrurus surinamensis,129470,1,Three-Finger_Toxins(3FTX),train,5
5105,5105,sp,P0DSN0,3SX_NAJKA,Nakoroxin,Naja kaouthia,8649,1,Three-Finger_Toxins(3FTX),test,5
5106,5106,sp,A0A4P1LYC9,3SX9_DENPO,Dendroaspis polylepis MT9,Dendroaspis polylepis polylepis,8620,1,Three-Finger_Toxins(3FTX),train,5
5107,5107,sp,Q53B47,3SX5_OPHHA,Short neurotoxin OH-5,Ophiophagus hannah,8665,1,Three-Finger_Toxins(3FTX),val,5
5108,5108,sp,Q53B52,3SXZ_OPHHA,Short neurotoxin OH-26,Ophiophagus hannah,8665,1,Three-Finger_Toxins(3FTX),val,5
5109,5109,sp,P86421,3SX2_MICFR,Frontoxin II,Micrurus frontalis,129461,1,Three-Finger_Toxins(3FTX),train,5
5110,5110,sp,C0HK04,3SX1_MICCK,Clarkitoxin-1,Micrurus clarki,1817999,1,Three-Finger_Toxins(3FTX),test,5
5111,5111,sp,P0DL82,3SXNA_CALBG,Delta-elapitoxin-Cb1a,Calliophis bivirgatus,8633,1,Three-Finger_Toxins(3FTX),train,5
5112,5112,sp,F5CPD9,3S158_MICAT,Three-finger toxin MALT0058C,Micrurus altirostris,129457,1,Three-Finger_Toxins(3FTX),train,5
5113,5113,sp,F5CPD8,3S157_MICAT,Three-finger toxin MALT0057C,Micrurus altirostris,129457,1,Three-Finger_Toxins(3FTX),test,5
5114,5114,sp,C1IC48,3S14_WALAE,Three-finger toxin W-IV,Walterinnesia aegyptia,64182,1,Three-Finger_Toxins(3FTX),train,5
5115,5115,sp,F5CPD6,3S152_MICAT,Three-finger toxin MALT0052C,Micrurus altirostris,129457,1,Three-Finger_Toxins(3FTX),train,5
5116,5116,sp,F5CPE4,3S166_MICAT,Three-finger toxin MALT0066C,Micrurus altirostris,129457,1,Three-Finger_Toxins(3FTX),train,5
5117,5117,sp,F5CPD5,3S151_MICAT,Three-finger toxin MALT0051C,Micrurus altirostris,129457,1,Three-Finger_Toxins(3FTX),train,5
5118,5118,sp,A0A346CIB0,3NB2_SPISL,Sulmotoxin 2,Spilotes sulphureus,1899469,1,Three-Finger_Toxins(3FTX),train,5
5119,5119,sp,C0HLK3,3S11_MICTC,Three-finger toxin Tschuditoxin-I (Fragment),Micrurus tschudii,2527855,1,Three-Finger_Toxins(3FTX),train,5
5120,5120,sp,U3EPL2,3SXB_MICFL,Three-finger toxin 3b,Micrurus fulvius,8637,3,Three-Finger_Toxins(3FTX),train,5
5121,5121,sp,A0A346CIB2,3NB1_SPISL,Sulmotoxin 1,Spilotes sulphureus,1899469,1,Three-Finger_Toxins(3FTX),test,5
5122,5122,sp,P86097,3S13_MICSU,Three-finger toxin MS3,Micrurus surinamensis,129470,1,Three-Finger_Toxins(3FTX),train,5
5123,5123,sp,P86095,3S11_MICSU,Three-finger toxin MS1,Micrurus surinamensis,129470,1,Three-Finger_Toxins(3FTX),train,5
5124,5124,sp,P80548,3S11_MICNI,Three-finger toxin Mnn I,Micrurus nigrocinctus,8635,1,Three-Finger_Toxins(3FTX),test,5
5125,5125,sp,A2CKF6,3NO28_BUNFA,Neurotoxin 3FTx-8a,Bungarus fasciatus,8613,1,Three-Finger_Toxins(3FTX),train,5
5126,5126,sp,A7X4S7,3SX5_OXYMI,Toxin 3FTx-Oxy5,Oxyuranus microlepidotus,111177,3,Three-Finger_Toxins(3FTX),val,5
5127,5127,sp,C6JUP2,3NO22_MICCO,Three-finger toxin 3FTx-2,Micrurus corallinus,54390,1,Three-Finger_Toxins(3FTX),train,5
5128,5128,sp,A2CKF7,3NO2_BUNFA,Neurotoxin 3FTx-LT,Bungarus fasciatus,8613,1,Three-Finger_Toxins(3FTX),test,5
5129,5129,sp,C0HJW9,3NO21_NAJKA,Neurotoxin Nk-3FTx (Fragment),Naja kaouthia,8649,1,Three-Finger_Toxins(3FTX),val,5
5130,5130,sp,Q4VRI0,3SXS_OXYSC,Scutelatoxin,Oxyuranus scutellatus scutellatus,8667,3,Three-Finger_Toxins(3FTX),train,5
5131,5131,sp,A7X4T2,3SX6_OXYMI,Three-finger toxin 3FTx-Oxy6,Oxyuranus microlepidotus,111177,3,Three-Finger_Toxins(3FTX),val,5
5132,5132,sp,C6JUP1,3SX1_MICCO,Three-finger toxin 3FTx-1,Micrurus corallinus,54390,1,Three-Finger_Toxins(3FTX),train,5
5133,5133,sp,P0C552,3SOIK_BUNFA,Neurotoxin 3FTx-LK,Bungarus fasciatus,8613,1,Three-Finger_Toxins(3FTX),val,5
5134,5134,sp,P0C553,3SOII_BUNFA,Neurotoxin 3FTx-LI,Bungarus fasciatus,8613,1,Three-Finger_Toxins(3FTX),train,5
5135,5135,sp,P0C554,3SO3_BUNFA,Neurotoxin 3FTx-RK,Bungarus fasciatus,8613,1,Three-Finger_Toxins(3FTX),train,5
5136,5136,sp,B3EWH9,3SBH_HEMHA,Three-finger hemachatoxin,Hemachatus haemachatus,8626,1,Three-Finger_Toxins(3FTX),train,5
5137,5137,sp,F5CPE6,3SX0_MICAT,Three-finger toxin MALT0070C,Micrurus altirostris,129457,1,Three-Finger_Toxins(3FTX),test,5
5138,5138,sp,P24742,3SXA_CALBG,Maticotoxin A (Fragment),Calliophis bivirgatus,8633,1,Three-Finger_Toxins(3FTX),val,5
5139,5139,sp,Q2VBN9,3SXQ_OPHHA,Short neurotoxin SNTX26,Ophiophagus hannah,8665,3,Three-Finger_Toxins(3FTX),train,5
5140,5140,sp,Q2VBP1,3SXB_OPHHA,Short neurotoxin SNTX11,Ophiophagus hannah,8665,3,Three-Finger_Toxins(3FTX),train,5
5141,5141,sp,Q2VBP0,3SXE_OPHHA,Short neurotoxin SNTX14,Ophiophagus hannah,8665,3,Three-Finger_Toxins(3FTX),train,5
5142,5142,sp,Q2VBP2,3SX6_OPHHA,Short neurotoxin SNTX6,Ophiophagus hannah,8665,3,Three-Finger_Toxins(3FTX),test,5
5143,5143,sp,Q2VBN3,3SX3_OPHHA,Weak neurotoxin WNTX33,Ophiophagus hannah,8665,3,Three-Finger_Toxins(3FTX),test,5
5144,5144,sp,A0A2P1BSS9,3SX2_MICMP,Mipartoxin-2,Micrurus mipartitus,430902,2,Three-Finger_Toxins(3FTX),train,5
5145,5145,sp,A0A2P1BSU3,3SX3_MICMP,Mipartoxin-3,Micrurus mipartitus,430902,2,Three-Finger_Toxins(3FTX),train,5
5146,5146,sp,A0A2P1BST7,3SX1A_MICMP,Mipartoxin-1A,Micrurus mipartitus,430902,2,Three-Finger_Toxins(3FTX),val,5
5147,5147,sp,A0A2P1BSS8,3SX4_MICMP,Mipartoxin-4,Micrurus mipartitus,430902,2,Three-Finger_Toxins(3FTX),train,5
5148,5148,sp,Q53B48,3SX7_OPHHA,Short neurotoxin OH-46,Ophiophagus hannah,8665,3,Three-Finger_Toxins(3FTX),train,5
5149,5149,sp,Q53B50,3SX2_OPHHA,Short neurotoxin OH-32,Ophiophagus hannah,8665,3,Three-Finger_Toxins(3FTX),train,5
5150,5150,sp,A8HDK2,3SX3_OXYSC,Short neurotoxin 3,Oxyuranus scutellatus scutellatus,8667,3,Three-Finger_Toxins(3FTX),val,5
5151,5151,sp,A7X3V0,3NB4_TELDH,Toxin 3FTx-Tel4,Telescopus dhara,338837,3,Three-Finger_Toxins(3FTX),test,5
5152,5152,sp,A7X3S0,3NB2_TRIBI,Toxin 3FTx-Tri2,Trimorphodon biscutatus,338818,3,Three-Finger_Toxins(3FTX),test,5
5153,5153,sp,Q9PRQ4,3SX4_MICNI,Nicotinic acetylcholine receptor-binding protein Mnn-4 (Fragment),Micrurus nigrocinctus,8635,1,Three-Finger_Toxins(3FTX),val,5
5154,5154,sp,A7X3S2,3NB3_TRIBI,Toxin 3FTx-Tri3,Trimorphodon biscutatus,338818,3,Three-Finger_Toxins(3FTX),train,5
5155,5155,sp,Q9PRQ3,3SX3_MICNI,Nicotinic acetylcholine receptor-binding protein Mnn-3C (Fragment),Micrurus nigrocinctus,8635,1,Three-Finger_Toxins(3FTX),train,5
5156,5156,sp,Q9PRQ2,3SX1_MICNI,Nicotinic acetylcholine receptor-binding protein Mnn-1A (Fragment),Micrurus nigrocinctus,8635,1,Three-Finger_Toxins(3FTX),train,5
5157,5157,sp,K9MCX0,3SX2_MICLL,Three-finger toxin A2,Micrurus laticollaris,1240351,3,Three-Finger_Toxins(3FTX),train,5
5158,5158,sp,A7X3R6,3NX1_LEIMD,Toxin 3FTx-Lei1,Leioheterodon madagascariensis,46577,3,Three-Finger_Toxins(3FTX),train,5
5159,5159,sp,A7X6I4,3NX5_THRJA,Toxin 3FTx-Thr5,Thrasops jacksonii,186611,3,Three-Finger_Toxins(3FTX),train,5
5160,5160,sp,A7X6J0,3NX4_DISTY,Toxin 3FTx-Dis4,Dispholidus typus,46295,1,Three-Finger_Toxins(3FTX),train,5
5161,5161,sp,A7X3M3,3NX1_PSAMO,Toxin 3FTx-Psa1,Psammophis mossambicus,234064,3,Three-Finger_Toxins(3FTX),train,5
5162,5162,sp,F5CPD7,3S154_MICAT,Three finger toxin MALT0054C,Micrurus altirostris,129457,1,Three-Finger_Toxins(3FTX),train,5
5163,5163,sp,A5X2W8,3NX3_SISCA,Three-finger toxin 3,Sistrurus catenatus edwardsii,8762,1,Three-Finger_Toxins(3FTX),test,5
5164,5164,sp,P0C555,3S1RI_BUNFA,Neurotoxin 3FTx-RI,Bungarus fasciatus,8613,3,Three-Finger_Toxins(3FTX),train,5
5165,5165,sp,A7X4R5,3S13_OXYMI,Short neurotoxin 3FTx-Oxy3,Oxyuranus microlepidotus,111177,3,Three-Finger_Toxins(3FTX),train,5
5166,5166,sp,A7X4S0,3S14_OXYMI,Short neurotoxin 3FTx-Oxy4,Oxyuranus microlepidotus,111177,3,Three-Finger_Toxins(3FTX),train,5
5167,5167,sp,A7X4Q3,3L2O1_OXYMI,Long neurotoxin 3FTx-Oxy1,Oxyuranus microlepidotus,111177,3,Three-Finger_Toxins(3FTX),train,5
5168,5168,sp,A7X4R0,3L2O2_OXYMI,Long neurotoxin 3FTx-Oxy2,Oxyuranus microlepidotus,111177,3,Three-Finger_Toxins(3FTX),val,5
5169,5169,sp,A7X3M9,3NX1_ERYPO,Probable weak neurotoxin 3FTx-Lio1,Erythrolamprus poecilogyrus,338838,3,Three-Finger_Toxins(3FTX),train,5
5170,5170,tr,A0A1W7RBD9,A0A1W7RBD9_CROAD,Cadam10_3FTx-1,Crotalus adamanteus,8729,4,Three-Finger_Toxins(3FTX),train,5
5171,5171,tr,A0A2H4N3E7,A0A2H4N3E7_BOTMO,Three finger toxin Bmoo-3FTx (Fragment),Bothrops moojeni,98334,2,Three-Finger_Toxins(3FTX),train,5
5172,5172,tr,A0A1W7RBC9,A0A1W7RBC9_CROAD,Cadam10_3FTx-2,Crotalus adamanteus,8729,4,Three-Finger_Toxins(3FTX),train,5
5173,5173,tr,A0A098LYH6,A0A098LYH6_PANGU,Three finger toxin,Pantherophis guttatus,94885,2,Three-Finger_Toxins(3FTX),train,5
5174,5174,tr,A0A098LYG6,A0A098LYG6_PANGU,Three finger toxin,Pantherophis guttatus,94885,2,Three-Finger_Toxins(3FTX),train,5
5175,5175,tr,A0A194ATB0,A0A194ATB0_9SAUR,Three-finger toxin 5a,Micrurus tener,1114301,4,Three-Finger_Toxins(3FTX),val,5
5176,5176,tr,A0A0B8RYW4,A0A0B8RYW4_9SAUR,Three-finger toxin,Philothamnus irregularis,1899461,2,Three-Finger_Toxins(3FTX),test,5
5177,5177,tr,A0A0B8RS42,A0A0B8RS42_9SAUR,Three-finger toxin 3c,Philothamnus irregularis,1899461,3,Three-Finger_Toxins(3FTX),test,5
5178,5178,tr,U3FVH8,U3FVH8_MICFL,Three-finger toxin 4a,Micrurus fulvius,8637,2,Three-Finger_Toxins(3FTX),train,5
5179,5179,tr,A0A194APF0,A0A194APF0_9SAUR,Three-finger toxin 7a,Micrurus tener,1114301,4,Three-Finger_Toxins(3FTX),train,5
5180,5180,tr,U3EPM9,U3EPM9_MICFL,Three-finger toxin 12,Micrurus fulvius,8637,2,Three-Finger_Toxins(3FTX),train,5
5181,5181,tr,A0A0B8RYY9,A0A0B8RYY9_9SAUR,Three-finger toxin 10b,Philothamnus irregularis,1899461,4,Three-Finger_Toxins(3FTX),train,5
5182,5182,tr,A0A194APH5,A0A194APH5_9SAUR,Three-finger toxin 16a,Micrurus tener,1114301,4,Three-Finger_Toxins(3FTX),val,5
5183,5183,tr,U3EPL9,U3EPL9_MICFL,Three-finger toxin 2a,Micrurus fulvius,8637,2,Three-Finger_Toxins(3FTX),train,5
5184,5184,tr,U3FAE7,U3FAE7_MICFL,Three-finger toxin 11b,Micrurus fulvius,8637,2,Three-Finger_Toxins(3FTX),train,5
5185,5185,tr,U3EPM4,U3EPM4_MICFL,Three-finger toxin 11c,Micrurus fulvius,8637,2,Three-Finger_Toxins(3FTX),train,5
5186,5186,tr,A0A193CHL4,A0A193CHL4_9SAUR,Three finger toxin 1,Philothamnus irregularis,1899461,2,Three-Finger_Toxins(3FTX),val,5
5187,5187,tr,A0A193CHL6,A0A193CHL6_9SAUR,Three finger toxin 5,Philothamnus irregularis,1899461,2,Three-Finger_Toxins(3FTX),test,5
5188,5188,tr,A0A193CHK9,A0A193CHK9_OXYFU,Three finger toxin,Oxybelis fulgidus,121355,2,Three-Finger_Toxins(3FTX),train,5
5189,5189,tr,U3FYQ5,U3FYQ5_MICFL,Three-finger toxin 13,Micrurus fulvius,8637,2,Three-Finger_Toxins(3FTX),train,5
5190,5190,tr,A0A194ARE8,A0A194ARE8_9SAUR,Three-finger toxin 13a,Micrurus tener,1114301,4,Three-Finger_Toxins(3FTX),train,5
5191,5191,tr,A0A193CHL8,A0A193CHL8_9SAUR,Three finger toxin,Boiga nigriceps,1867089,2,Three-Finger_Toxins(3FTX),train,5
5192,5192,tr,U3FVH6,U3FVH6_MICFL,Three-finger toxin 2,Micrurus fulvius,8637,2,Three-Finger_Toxins(3FTX),train,5
5193,5193,tr,A0A0H4J521,A0A0H4J521_9SAUR,Three-finger toxin 14,Micrurus tener,1114301,2,Three-Finger_Toxins(3FTX),train,5
5194,5194,tr,A0A0B8RZX8,A0A0B8RZX8_9SAUR,Three-finger toxin 1b,Philothamnus irregularis,1899461,3,Three-Finger_Toxins(3FTX),train,5
5195,5195,tr,A0A0B8RSX8,A0A0B8RSX8_9SAUR,Three-finger toxin 8b,Philothamnus irregularis,1899461,3,Three-Finger_Toxins(3FTX),train,5
5196,5196,tr,A0A0B8RS39,A0A0B8RS39_9SAUR,Three-finger toxin 3b,Philothamnus irregularis,1899461,3,Three-Finger_Toxins(3FTX),train,5
5197,5197,tr,U3FYQ9,U3FYQ9_MICFL,Three-finger toxin 12,Micrurus fulvius,8637,2,Three-Finger_Toxins(3FTX),train,5
5198,5198,tr,A0A194APE1,A0A194APE1_9SAUR,Three-finger toxin 9a,Micrurus tener,1114301,4,Three-Finger_Toxins(3FTX),val,5
5199,5199,tr,U3F5E9,U3F5E9_MICFL,Three-finger toxin 13,Micrurus fulvius,8637,2,Three-Finger_Toxins(3FTX),train,5
5200,5200,tr,A0A194ASD1,A0A194ASD1_9SAUR,Three-finger toxin 8e,Micrurus tener,1114301,4,Three-Finger_Toxins(3FTX),train,5
5201,5201,tr,A0A194ARD0,A0A194ARD0_9SAUR,Three-finger toxin 17a,Micrurus tener,1114301,4,Three-Finger_Toxins(3FTX),train,5
5202,5202,tr,A0A193CHL5,A0A193CHL5_9SAUR,Three finger toxin 2,Ahaetulla prasina,499056,2,Three-Finger_Toxins(3FTX),train,5
5203,5203,tr,U3EPK7,U3EPK7_MICFL,Three-finger toxin 10a,Micrurus fulvius,8637,2,Three-Finger_Toxins(3FTX),test,5
5204,5204,tr,A0A481MQL7,A0A481MQL7_BOIDE,Three-Finger Toxin 00,Boiga dendrophila,46286,4,Three-Finger_Toxins(3FTX),train,5
5205,5205,tr,A0A898IJN7,A0A898IJN7_CALBG,Three-finger toxin,Calliophis bivirgatus,8633,2,Three-Finger_Toxins(3FTX),train,5
5206,5206,tr,A0A898IN70,A0A898IN70_CALBG,Three-finger toxin,Calliophis bivirgatus,8633,2,Three-Finger_Toxins(3FTX),test,5
5207,5207,tr,A0A898INK0,A0A898INK0_CALBG,Three-finger toxin,Calliophis bivirgatus,8633,2,Three-Finger_Toxins(3FTX),train,5
5208,5208,tr,A0A898IMW8,A0A898IMW8_CALBG,Three-finger toxin,Calliophis bivirgatus,8633,2,Three-Finger_Toxins(3FTX),train,5
5209,5209,tr,A0A898IMX4,A0A898IMX4_CALBG,Three-finger toxin,Calliophis bivirgatus,8633,2,Three-Finger_Toxins(3FTX),train,5
5210,5210,tr,A0A898IN20,A0A898IN20_CALBG,Three-finger toxin,Calliophis bivirgatus,8633,2,Three-Finger_Toxins(3FTX),train,5
5211,5211,tr,U3T794,U3T794_PROFL,Three-finger toxin,Protobothrops flavoviridis,88087,2,Three-Finger_Toxins(3FTX),train,5
5212,5212,tr,A0A898IPP4,A0A898IPP4_CALBG,Three-finger toxin,Calliophis bivirgatus,8633,2,Three-Finger_Toxins(3FTX),train,5
5213,5213,tr,A0A193CHM0,A0A193CHM0_9SAUR,Three finger toxin 4,Philothamnus irregularis,1899461,2,Three-Finger_Toxins(3FTX),test,5
5214,5214,tr,A0A193CHL1,A0A193CHL1_9SAUR,Three finger toxin 1,Boiga cynodon,39278,2,Three-Finger_Toxins(3FTX),train,5
5215,5215,tr,A0A098LYI1,A0A098LYI1_PANGU,Three finger toxin,Pantherophis guttatus,94885,2,Three-Finger_Toxins(3FTX),train,5
5216,5216,tr,A0A098LYI5,A0A098LYI5_PANGU,Three finger toxin,Pantherophis guttatus,94885,2,Three-Finger_Toxins(3FTX),train,5
5217,5217,tr,A0A098LWY8,A0A098LWY8_PANGU,Three finger toxin (Fragment),Pantherophis guttatus,94885,2,Three-Finger_Toxins(3FTX),train,5
5218,5218,tr,A0A193CHL9,A0A193CHL9_9SAUR,Three finger toxin 3,Philothamnus irregularis,1899461,2,Three-Finger_Toxins(3FTX),val,5
5219,5219,tr,A0A193CHL2,A0A193CHL2_9SAUR,Three finger toxin 2,Boiga cynodon,39278,2,Three-Finger_Toxins(3FTX),val,5
5220,5220,tr,A0A193CHL7,A0A193CHL7_9SAUR,Three finger toxin 6,Philothamnus irregularis,1899461,2,Three-Finger_Toxins(3FTX),train,5
5221,5221,tr,A0A098LY67,A0A098LY67_PYTRG,Three finger toxin,Python regius,51751,2,Three-Finger_Toxins(3FTX),val,5
5222,5222,tr,A0A098LWZ2,A0A098LWZ2_PANGU,Three finger toxin,Pantherophis guttatus,94885,2,Three-Finger_Toxins(3FTX),train,5
5223,5223,tr,A0A098LWZ6,A0A098LWZ6_PANGU,Three finger toxin,Pantherophis guttatus,94885,2,Three-Finger_Toxins(3FTX),val,5
5224,5224,tr,A0A098LY55,A0A098LY55_PYTRG,Three finger toxin,Python regius,51751,2,Three-Finger_Toxins(3FTX),train,5
5225,5225,tr,A0A646QBR0,A0A646QBR0_9SAUR,Three-finger toxin,Thelotornis mossambicanus,1328036,4,Three-Finger_Toxins(3FTX),train,5
5226,5226,tr,A0A898IJX5,A0A898IJX5_CALBG,Three-finger toxin,Calliophis bivirgatus,8633,2,Three-Finger_Toxins(3FTX),train,5
5227,5227,tr,A0A898IKP8,A0A898IKP8_CALBG,Three-finger toxin,Calliophis bivirgatus,8633,2,Three-Finger_Toxins(3FTX),train,5
5228,5228,tr,A0A898IN64,A0A898IN64_CALBG,Three-finger toxin,Calliophis bivirgatus,8633,2,Three-Finger_Toxins(3FTX),train,5
5229,5229,tr,A0A898INL0,A0A898INL0_CALBG,Three-finger toxin,Calliophis bivirgatus,8633,2,Three-Finger_Toxins(3FTX),train,5
5230,5230,tr,A0A898INL5,A0A898INL5_CALBG,Three-finger toxin,Calliophis bivirgatus,8633,2,Three-Finger_Toxins(3FTX),train,5
5231,5231,tr,A0A898IJU7,A0A898IJU7_CALBG,Three-finger toxin,Calliophis bivirgatus,8633,2,Three-Finger_Toxins(3FTX),train,5
5232,5232,tr,A0A898ILG1,A0A898ILG1_CALBG,Three-finger toxin,Calliophis bivirgatus,8633,2,Three-Finger_Toxins(3FTX),test,5
5233,5233,tr,A0A898ILL6,A0A898ILL6_CALBG,Three-finger toxin,Calliophis bivirgatus,8633,2,Three-Finger_Toxins(3FTX),train,5
5234,5234,tr,A0A898IN02,A0A898IN02_CALBG,Three-finger toxin,Calliophis bivirgatus,8633,2,Three-Finger_Toxins(3FTX),train,5
5235,5235,tr,A0A898IN41,A0A898IN41_CALBG,Three-finger toxin,Calliophis bivirgatus,8633,2,Three-Finger_Toxins(3FTX),val,5
5236,5236,tr,A0A898IPI1,A0A898IPI1_CALBG,Three-finger toxin,Calliophis bivirgatus,8633,2,Three-Finger_Toxins(3FTX),train,5
5237,5237,tr,A0A898IPN0,A0A898IPN0_CALBG,Three-finger toxin,Calliophis bivirgatus,8633,2,Three-Finger_Toxins(3FTX),test,5
5238,5238,tr,A0A898IPN2,A0A898IPN2_CALBG,Three-finger toxin,Calliophis bivirgatus,8633,2,Three-Finger_Toxins(3FTX),train,5
5239,5239,tr,A0A898IPP1,A0A898IPP1_CALBG,Three-finger toxin,Calliophis bivirgatus,8633,2,Three-Finger_Toxins(3FTX),val,5
5240,5240,tr,A0A898ILD4,A0A898ILD4_CALBG,Three-finger toxin,Calliophis bivirgatus,8633,2,Three-Finger_Toxins(3FTX),test,5
5241,5241,tr,A0A898IN37,A0A898IN37_CALBG,Three-finger toxin,Calliophis bivirgatus,8633,2,Three-Finger_Toxins(3FTX),train,5
5242,5242,tr,A0A898IKR2,A0A898IKR2_CALBG,Three-finger toxin,Calliophis bivirgatus,8633,2,Three-Finger_Toxins(3FTX),train,5
5243,5243,tr,A0A898IL04,A0A898IL04_CALBG,Three-finger toxin,Calliophis bivirgatus,8633,2,Three-Finger_Toxins(3FTX),train,5
5244,5244,tr,A0A898IL27,A0A898IL27_CALBG,Three-finger toxin,Calliophis bivirgatus,8633,2,Three-Finger_Toxins(3FTX),train,5
5245,5245,tr,A0A898IN07,A0A898IN07_CALBG,Three-finger toxin,Calliophis bivirgatus,8633,2,Three-Finger_Toxins(3FTX),train,5
5246,5246,tr,A0A898IPI9,A0A898IPI9_CALBG,Three-finger toxin,Calliophis bivirgatus,8633,2,Three-Finger_Toxins(3FTX),val,5
5247,5247,tr,A0A898IPK7,A0A898IPK7_CALBG,Three-finger toxin,Calliophis bivirgatus,8633,2,Three-Finger_Toxins(3FTX),val,5
5248,5248,tr,A0A646QDR7,A0A646QDR7_9SAUR,Three-finger toxin,Thelotornis mossambicanus,1328036,4,Three-Finger_Toxins(3FTX),train,5
5249,5249,tr,A0A898IJZ2,A0A898IJZ2_CALBG,Three-finger toxin,Calliophis bivirgatus,8633,2,Three-Finger_Toxins(3FTX),train,5
5250,5250,tr,A0A898IN91,A0A898IN91_CALBG,Three-finger toxin,Calliophis bivirgatus,8633,2,Three-Finger_Toxins(3FTX),train,5
5251,5251,tr,A0A898IPN4,A0A898IPN4_CALBG,Three-finger toxin,Calliophis bivirgatus,8633,2,Three-Finger_Toxins(3FTX),val,5
5252,5252,tr,A0A898IL68,A0A898IL68_CALBG,Three-finger toxin,Calliophis bivirgatus,8633,2,Three-Finger_Toxins(3FTX),train,5
5253,5253,tr,A0A898ILP2,A0A898ILP2_CALBG,Three-finger toxin,Calliophis bivirgatus,8633,2,Three-Finger_Toxins(3FTX),val,5
5254,5254,tr,A0A898IPN6,A0A898IPN6_CALBG,Three-finger toxin,Calliophis bivirgatus,8633,2,Three-Finger_Toxins(3FTX),val,5
5255,5255,tr,A0A898IN78,A0A898IN78_CALBG,Three-finger toxin,Calliophis bivirgatus,8633,2,Three-Finger_Toxins(3FTX),test,5
5256,5256,tr,A0A898IPK1,A0A898IPK1_CALBG,Three-finger toxin,Calliophis bivirgatus,8633,2,Three-Finger_Toxins(3FTX),train,5
5257,5257,tr,A0A898IKZ4,A0A898IKZ4_CALBG,Three-finger toxin,Calliophis bivirgatus,8633,2,Three-Finger_Toxins(3FTX),train,5
5258,5258,tr,A0A194ARC1,A0A194ARC1_9SAUR,Three-finger toxin 4a,Micrurus tener,1114301,4,Three-Finger_Toxins(3FTX),test,5
5259,5259,tr,U3FYQ6,U3FYQ6_MICFL,Three-finger toxin 4,Micrurus fulvius,8637,2,Three-Finger_Toxins(3FTX),train,5
5260,5260,tr,A0A194ARB6,A0A194ARB6_9SAUR,Three-finger toxin 6,Micrurus tener,1114301,4,Three-Finger_Toxins(3FTX),train,5
5261,5261,tr,F5CPE1,F5CPE1_MICAT,Putative three finger toxin,Micrurus altirostris,129457,2,Three-Finger_Toxins(3FTX),train,5
5262,5262,tr,F5CPE5,F5CPE5_MICAT,Putative three finger toxin,Micrurus altirostris,129457,2,Three-Finger_Toxins(3FTX),train,5
5263,5263,tr,F5CPD2,F5CPD2_MICAT,Putative three finger toxin,Micrurus altirostris,129457,2,Three-Finger_Toxins(3FTX),train,5
5264,5264,tr,A0A194ASE0,A0A194ASE0_9SAUR,Three-finger toxin 5b,Micrurus tener,1114301,4,Three-Finger_Toxins(3FTX),train,5
5265,5265,tr,F5CPE7,F5CPE7_MICAT,Putative three finger toxin,Micrurus altirostris,129457,2,Three-Finger_Toxins(3FTX),train,5
5266,5266,tr,A0A098LY61,A0A098LY61_PYTRG,Three finger toxin,Python regius,51751,2,Three-Finger_Toxins(3FTX),val,5
5267,5267,tr,A0A898IK11,A0A898IK11_CALBG,Three-finger toxin,Calliophis bivirgatus,8633,2,Three-Finger_Toxins(3FTX),train,5
5268,5268,tr,A0A898IN56,A0A898IN56_CALBG,Three-finger toxin,Calliophis bivirgatus,8633,2,Three-Finger_Toxins(3FTX),train,5
5269,5269,tr,A0A898INM0,A0A898INM0_CALBG,Three-finger toxin,Calliophis bivirgatus,8633,2,Three-Finger_Toxins(3FTX),train,5
5270,5270,tr,A0A898IPF7,A0A898IPF7_CALBG,Three-finger toxin,Calliophis bivirgatus,8633,2,Three-Finger_Toxins(3FTX),train,5
5271,5271,tr,A0A898IN96,A0A898IN96_CALBG,Three-finger toxin,Calliophis bivirgatus,8633,2,Three-Finger_Toxins(3FTX),train,5
5272,5272,tr,A0A898IPM2,A0A898IPM2_CALBG,Three-finger toxin,Calliophis bivirgatus,8633,2,Three-Finger_Toxins(3FTX),train,5
5273,5273,tr,A0A898IL54,A0A898IL54_CALBG,Three-finger toxin,Calliophis bivirgatus,8633,2,Three-Finger_Toxins(3FTX),train,5
5274,5274,tr,A0A898ILQ5,A0A898ILQ5_CALBG,Three-finger toxin,Calliophis bivirgatus,8633,2,Three-Finger_Toxins(3FTX),train,5
5275,5275,tr,A0A098M253,A0A098M253_9SAUR,Three-finger toxin,Hypsiglena sp. JMG-2014,1550645,4,Three-Finger_Toxins(3FTX),train,5
5276,5276,tr,A0A898IN21,A0A898IN21_CALBG,Three-finger toxin,Calliophis bivirgatus,8633,2,Three-Finger_Toxins(3FTX),train,5
5277,5277,tr,A0A898IN50,A0A898IN50_CALBG,Three-finger toxin,Calliophis bivirgatus,8633,2,Three-Finger_Toxins(3FTX),train,5
5278,5278,tr,A0A193CHL3,A0A193CHL3_9SAUR,Three finger toxin 1,Ahaetulla prasina,499056,2,Three-Finger_Toxins(3FTX),train,5
5279,5279,tr,A0A193CHM1,A0A193CHM1_TRILM,Three finger toxin 3,Trimorphodon lambda,356346,2,Three-Finger_Toxins(3FTX),train,5
5280,5280,tr,A0A193CHM4,A0A193CHM4_TRILM,Three finger toxin 1,Trimorphodon lambda,356346,2,Three-Finger_Toxins(3FTX),train,5
5281,5281,tr,A0A193CHM5,A0A193CHM5_TRILM,Three finger toxin 2,Trimorphodon lambda,356346,2,Three-Finger_Toxins(3FTX),train,5
5282,5282,tr,A5X2X0,A5X2X0_SISCA,Three finger toxin 4B,Sistrurus catenatus edwardsii,8762,2,Three-Finger_Toxins(3FTX),train,5
5283,5283,tr,A5X2W9,A5X2W9_SISCA,Three finger toxin 4A,Sistrurus catenatus edwardsii,8762,2,Three-Finger_Toxins(3FTX),train,5
5284,5284,tr,A0A098LWQ5,A0A098LWQ5_PYTRG,Three finger toxin,Python regius,51751,2,Three-Finger_Toxins(3FTX),train,5
5285,5285,tr,U3FAF0,U3FAF0_MICFL,Three-finger toxin 11,Micrurus fulvius,8637,2,Three-Finger_Toxins(3FTX),train,5
5286,5286,tr,U3FVI5,U3FVI5_MICFL,Three-finger toxin 14,Micrurus fulvius,8637,2,Three-Finger_Toxins(3FTX),train,5
5287,5287,tr,U3FYR0,U3FYR0_MICFL,Three-finger toxin 10,Micrurus fulvius,8637,2,Three-Finger_Toxins(3FTX),train,5
5288,5288,tr,U3FVI0,U3FVI0_MICFL,Three-finger toxin 2e,Micrurus fulvius,8637,2,Three-Finger_Toxins(3FTX),train,5
5289,5289,tr,U3F5D3,U3F5D3_MICFL,Three-finger toxin 7,Micrurus fulvius,8637,2,Three-Finger_Toxins(3FTX),train,5
5290,5290,tr,U3F5E1,U3F5E1_MICFL,Three-finger toxin 2d,Micrurus fulvius,8637,2,Three-Finger_Toxins(3FTX),train,5
5291,5291,tr,U3FYQ7,U3FYQ7_MICFL,Three-finger toxin 2f,Micrurus fulvius,8637,2,Three-Finger_Toxins(3FTX),val,5
5292,5292,tr,A0A898IK81,A0A898IK81_CALBG,Three-finger toxin,Calliophis bivirgatus,8633,2,Three-Finger_Toxins(3FTX),train,5
5293,5293,tr,A0A898IKH0,A0A898IKH0_CALBG,Three-finger toxin,Calliophis bivirgatus,8633,2,Three-Finger_Toxins(3FTX),train,5
5294,5294,tr,A0A898INM6,A0A898INM6_CALBG,Three-finger toxin,Calliophis bivirgatus,8633,2,Three-Finger_Toxins(3FTX),train,5
5295,5295,tr,A0A898IKB4,A0A898IKB4_CALBG,Three-finger toxin,Calliophis bivirgatus,8633,2,Three-Finger_Toxins(3FTX),train,5
5296,5296,tr,A0A898INB4,A0A898INB4_CALBG,Three-finger toxin,Calliophis bivirgatus,8633,2,Three-Finger_Toxins(3FTX),test,5
5297,5297,tr,A0A0B8RVA2,A0A0B8RVA2_9SAUR,Three-finger toxin 9b,Philothamnus irregularis,1899461,3,Three-Finger_Toxins(3FTX),train,5
5298,5298,tr,A0A6G1S2M9,A0A6G1S2M9_9SAUR,Three-Finger Toxin 02,Boiga nigriceps,1867089,3,Three-Finger_Toxins(3FTX),train,5
5299,5299,tr,A0A898IKK6,A0A898IKK6_CALBG,Three-finger toxin,Calliophis bivirgatus,8633,2,Three-Finger_Toxins(3FTX),test,5
5300,5300,tr,A0A898IKT9,A0A898IKT9_CALBG,Three-finger toxin,Calliophis bivirgatus,8633,2,Three-Finger_Toxins(3FTX),train,5
5301,5301,tr,A0A898IL31,A0A898IL31_CALBG,Three-finger toxin,Calliophis bivirgatus,8633,2,Three-Finger_Toxins(3FTX),train,5
5302,5302,tr,A0A898IN63,A0A898IN63_CALBG,Three-finger toxin,Calliophis bivirgatus,8633,2,Three-Finger_Toxins(3FTX),train,5
5303,5303,tr,A0A898IKZ5,A0A898IKZ5_CALBG,Three-finger toxin,Calliophis bivirgatus,8633,2,Three-Finger_Toxins(3FTX),train,5
5304,5304,tr,A0A898ILU1,A0A898ILU1_CALBG,Three-finger toxin,Calliophis bivirgatus,8633,2,Three-Finger_Toxins(3FTX),train,5
5305,5305,tr,A0A898IN79,A0A898IN79_CALBG,Three-finger toxin,Calliophis bivirgatus,8633,2,Three-Finger_Toxins(3FTX),train,5
5306,5306,tr,A0A898IPL1,A0A898IPL1_CALBG,Three-finger toxin,Calliophis bivirgatus,8633,2,Three-Finger_Toxins(3FTX),train,5
5307,5307,tr,A0A898IPM8,A0A898IPM8_CALBG,Three-finger toxin,Calliophis bivirgatus,8633,2,Three-Finger_Toxins(3FTX),train,5
5308,5308,tr,A0A898IKW1,A0A898IKW1_CALBG,Three-finger toxin,Calliophis bivirgatus,8633,2,Three-Finger_Toxins(3FTX),train,5
5309,5309,tr,A0A898IL83,A0A898IL83_CALBG,Three-finger toxin,Calliophis bivirgatus,8633,2,Three-Finger_Toxins(3FTX),train,5
5310,5310,tr,A0A898IMZ3,A0A898IMZ3_CALBG,Three-finger toxin,Calliophis bivirgatus,8633,2,Three-Finger_Toxins(3FTX),train,5
5311,5311,tr,A0A0B8RV99,A0A0B8RV99_9SAUR,Three-finger toxin 9g,Philothamnus irregularis,1899461,3,Three-Finger_Toxins(3FTX),train,5
5312,5312,tr,A5X2W7,A5X2W7_SISCA,Three finger toxin 2,Sistrurus catenatus edwardsii,8762,2,Three-Finger_Toxins(3FTX),train,5
5313,5313,tr,A0A346CI94,A0A346CI94_SPISL,Three-finger toxin 9 (Fragment),Spilotes sulphureus,1899469,2,Three-Finger_Toxins(3FTX),train,5
5314,5314,tr,A0A346CIA9,A0A346CIA9_SPISL,Three-finger toxin 3 (Fragment),Spilotes sulphureus,1899469,2,Three-Finger_Toxins(3FTX),train,5
5315,5315,tr,A0A346CIB6,A0A346CIB6_SPISL,Three-finger toxin 8 (Fragment),Spilotes sulphureus,1899469,2,Three-Finger_Toxins(3FTX),train,5
5316,5316,tr,A0A0B8RZX9,A0A0B8RZX9_9SAUR,Three-finger toxin 10f,Philothamnus irregularis,1899461,4,Three-Finger_Toxins(3FTX),train,5
5317,5317,tr,A0A0B8RSZ2,A0A0B8RSZ2_9SAUR,Three-finger toxin 10i,Philothamnus irregularis,1899461,4,Three-Finger_Toxins(3FTX),val,5
5318,5318,tr,A0A0B8RZY0,A0A0B8RZY0_9SAUR,Three-finger toxin 10a,Philothamnus irregularis,1899461,4,Three-Finger_Toxins(3FTX),val,5
5319,5319,tr,A0A346CIA8,A0A346CIA8_SPISL,Three-finger toxin 16 (Fragment),Spilotes sulphureus,1899469,2,Three-Finger_Toxins(3FTX),train,5
5320,5320,tr,A0A346CM25,A0A346CM25_9SAUR,Three-finger toxin 2 (Fragment),Ahaetulla prasina,499056,2,Three-Finger_Toxins(3FTX),test,5
5321,5321,tr,A0A346CM15,A0A346CM15_9SAUR,Three-finger toxin 1 (Fragment),Ahaetulla prasina,499056,2,Three-Finger_Toxins(3FTX),train,5
5322,5322,tr,A0A346CLY8,A0A346CLY8_9SAUR,Three-finger toxin 3 (Fragment),Ahaetulla prasina,499056,2,Three-Finger_Toxins(3FTX),train,5
5323,5323,tr,A0A346CLZ0,A0A346CLZ0_9SAUR,Three-finger toxin 7 (Fragment),Ahaetulla prasina,499056,2,Three-Finger_Toxins(3FTX),train,5
5324,5324,tr,A0A346CM08,A0A346CM08_9SAUR,Three-finger toxin 9 (Fragment),Ahaetulla prasina,499056,2,Three-Finger_Toxins(3FTX),train,5
5325,5325,tr,A0A0B8RS43,A0A0B8RS43_9SAUR,Three-finger toxin 2e,Philothamnus irregularis,1899461,3,Three-Finger_Toxins(3FTX),train,5
5326,5326,tr,A0A0B8RS45,A0A0B8RS45_9SAUR,Three-finger toxin 1f,Philothamnus irregularis,1899461,3,Three-Finger_Toxins(3FTX),train,5
5327,5327,tr,A0A0B8RSZ0,A0A0B8RSZ0_9SAUR,Three-finger toxin 2d,Philothamnus irregularis,1899461,3,Three-Finger_Toxins(3FTX),val,5
5328,5328,tr,A0A0B8RSZ1,A0A0B8RSZ1_9SAUR,Three-finger toxin 1e,Philothamnus irregularis,1899461,3,Three-Finger_Toxins(3FTX),train,5
5329,5329,tr,A0A0B8RYY0,A0A0B8RYY0_9SAUR,Three-finger toxin 2g,Philothamnus irregularis,1899461,3,Three-Finger_Toxins(3FTX),train,5
5330,5330,tr,A0A0B8RZX0,A0A0B8RZX0_9SAUR,Three-finger toxin 8f,Philothamnus irregularis,1899461,3,Three-Finger_Toxins(3FTX),train,5
5331,5331,tr,A0A481MQJ1,A0A481MQJ1_BOIDE,Three-Finger Toxin 03,Boiga dendrophila,46286,3,Three-Finger_Toxins(3FTX),train,5
5332,5332,tr,A0A6G1S3L8,A0A6G1S3L8_9SAUR,Three-Finger Toxin 03,Boiga nigriceps,1867089,3,Three-Finger_Toxins(3FTX),train,5
5333,5333,tr,A0A6G1S4A6,A0A6G1S4A6_9SAUR,Three-Finger Toxin 06,Boiga nigriceps,1867089,3,Three-Finger_Toxins(3FTX),train,5
5334,5334,tr,A0A0B8RS22,A0A0B8RS22_9SAUR,Three-finger toxin 7d,Philothamnus irregularis,1899461,3,Three-Finger_Toxins(3FTX),train,5
5335,5335,tr,A0A0B8RYW2,A0A0B8RYW2_9SAUR,Three-finger toxin 9f,Philothamnus irregularis,1899461,3,Three-Finger_Toxins(3FTX),train,5
5336,5336,tr,A0A0B8RZX1,A0A0B8RZX1_9SAUR,Three-finger toxin 8a,Philothamnus irregularis,1899461,3,Three-Finger_Toxins(3FTX),train,5
5337,5337,tr,A0A481MQL8,A0A481MQL8_BOIDE,Three-Finger Toxin 02,Boiga dendrophila,46286,3,Three-Finger_Toxins(3FTX),val,5
5338,5338,tr,A0A6G1S330,A0A6G1S330_9SAUR,Three-Finger Toxin 05,Boiga nigriceps,1867089,3,Three-Finger_Toxins(3FTX),train,5
5339,5339,tr,A0A0B8RS19,A0A0B8RS19_9SAUR,Three-finger toxin 8e,Philothamnus irregularis,1899461,3,Three-Finger_Toxins(3FTX),train,5
5340,5340,tr,A0A0B8RSY0,A0A0B8RSY0_9SAUR,Three-finger toxin 7c,Philothamnus irregularis,1899461,3,Three-Finger_Toxins(3FTX),train,5
5341,5341,tr,A0A0B8RVB2,A0A0B8RVB2_9SAUR,Three-finger toxin 3k,Philothamnus irregularis,1899461,3,Three-Finger_Toxins(3FTX),test,5
5342,5342,tr,A0A0B8RVB9,A0A0B8RVB9_9SAUR,Three-finger toxin 2c,Philothamnus irregularis,1899461,3,Three-Finger_Toxins(3FTX),train,5
5343,5343,tr,A0A481MQN2,A0A481MQN2_BOIDE,Three-Finger Toxin 04,Boiga dendrophila,46286,3,Three-Finger_Toxins(3FTX),train,5
5344,5344,tr,A0A6G1S327,A0A6G1S327_9SAUR,Three-Finger Toxin 04,Boiga nigriceps,1867089,3,Three-Finger_Toxins(3FTX),train,5
5345,5345,tr,A0A0B8RVB7,A0A0B8RVB7_9SAUR,Three-finger toxin 3a,Philothamnus irregularis,1899461,3,Three-Finger_Toxins(3FTX),train,5
5346,5346,tr,A0A0B8RYX5,A0A0B8RYX5_9SAUR,Three-finger toxin 3j,Philothamnus irregularis,1899461,3,Three-Finger_Toxins(3FTX),train,5
5347,5347,tr,A0A0B8RYY3,A0A0B8RYY3_9SAUR,Three-finger toxin 2b,Philothamnus irregularis,1899461,3,Three-Finger_Toxins(3FTX),train,5
5348,5348,tr,A0A0B8RYY5,A0A0B8RYY5_9SAUR,Three-finger toxin 1c,Philothamnus irregularis,1899461,3,Three-Finger_Toxins(3FTX),train,5
5349,5349,tr,A0A0B8RZW9,A0A0B8RZW9_9SAUR,Three-finger toxin 9e,Philothamnus irregularis,1899461,3,Three-Finger_Toxins(3FTX),val,5
5350,5350,tr,A0A481MQK7,A0A481MQK7_BOIDE,Three-Finger Toxin 01,Boiga dendrophila,46286,3,Three-Finger_Toxins(3FTX),train,5
5351,5351,tr,A0A6G1S2M3,A0A6G1S2M3_9SAUR,Three-Finger Toxin 01,Boiga nigriceps,1867089,3,Three-Finger_Toxins(3FTX),train,5
5352,5352,tr,Q27J50,Q27J50_LACMT,Three finger toxin-like,Lachesis muta,8752,2,Three-Finger_Toxins(3FTX),train,5
5353,5353,tr,A0A0B8RS46,A0A0B8RS46_9SAUR,Three-finger toxin 1a,Philothamnus irregularis,1899461,3,Three-Finger_Toxins(3FTX),train,5
5354,5354,tr,A0A0B8RVA3,A0A0B8RVA3_9SAUR,Three-finger toxin 8c,Philothamnus irregularis,1899461,3,Three-Finger_Toxins(3FTX),train,5
5355,5355,tr,A0A0B8RVA5,A0A0B8RVA5_9SAUR,Three-finger toxin 7b,Philothamnus irregularis,1899461,3,Three-Finger_Toxins(3FTX),val,5
5356,5356,tr,A0A0B8RYW8,A0A0B8RYW8_9SAUR,Three-finger toxin 7a,Philothamnus irregularis,1899461,3,Three-Finger_Toxins(3FTX),train,5
5357,5357,tr,A0A0B8RZX6,A0A0B8RZX6_9SAUR,Three-finger toxin 2f,Philothamnus irregularis,1899461,3,Three-Finger_Toxins(3FTX),test,5
5358,5358,tr,A0A0B8RZX7,A0A0B8RZX7_9SAUR,Three-finger toxin 2a,Philothamnus irregularis,1899461,3,Three-Finger_Toxins(3FTX),train,5
5359,5359,tr,A0A481MQL5,A0A481MQL5_BOIDE,Three-Finger Toxin 10,Boiga dendrophila,46286,3,Three-Finger_Toxins(3FTX),test,5
5360,5360,tr,A0A194ASE2,A0A194ASE2_9SAUR,Three-finger toxin 3,Micrurus tener,1114301,4,Three-Finger_Toxins(3FTX),train,5
5361,5361,tr,A0A194ASF5,A0A194ASF5_9SAUR,Three-finger toxin 11,Micrurus tener,1114301,4,Three-Finger_Toxins(3FTX),train,5
5362,5362,tr,A0A194ARF2,A0A194ARF2_9SAUR,Three-finger toxin 10c,Micrurus tener,1114301,4,Three-Finger_Toxins(3FTX),train,5
5363,5363,tr,A0A194ARB2,A0A194ARB2_9SAUR,Three-finger toxin 8c,Micrurus tener,1114301,4,Three-Finger_Toxins(3FTX),val,5
5364,5364,tr,A0A194ATA6,A0A194ATA6_9SAUR,Three-finger toxin 8b,Micrurus tener,1114301,4,Three-Finger_Toxins(3FTX),train,5
5365,5365,tr,A0A194ATD7,A0A194ATD7_9SAUR,Three-finger toxin 10b,Micrurus tener,1114301,4,Three-Finger_Toxins(3FTX),train,5
5366,5366,tr,A0A194APE5,A0A194APE5_9SAUR,Three-finger toxin 8d,Micrurus tener,1114301,4,Three-Finger_Toxins(3FTX),train,5
5367,5367,tr,A0A194ARH7,A0A194ARH7_9SAUR,Three-finger toxin 8a,Micrurus tener,1114301,4,Three-Finger_Toxins(3FTX),train,5
5368,5368,tr,A0A194ARL8,A0A194ARL8_9SAUR,Three-finger toxin 10a,Micrurus tener,1114301,4,Three-Finger_Toxins(3FTX),test,5
5369,5369,tr,A0A0G3YLL2,A0A0G3YLL2_MICLL,Three-finger toxin LB,Micrurus laticollaris,1240351,2,Three-Finger_Toxins(3FTX),train,5
5370,5370,tr,A0A194API9,A0A194API9_9SAUR,Three-finger toxin 10d,Micrurus tener,1114301,4,Three-Finger_Toxins(3FTX),train,5
5371,5371,tr,A0A194ATA3,A0A194ATA3_9SAUR,Three-finger toxin 8g,Micrurus tener,1114301,4,Three-Finger_Toxins(3FTX),train,5
5372,5372,tr,F5CPD1,F5CPD1_MICAT,Putative three finger toxin,Micrurus altirostris,129457,2,Three-Finger_Toxins(3FTX),val,5
5373,5373,tr,S6BCL7,S6BCL7_PSERS,Three-finger toxin,Pseudechis rossignolii,1489342,2,Three-Finger_Toxins(3FTX),train,5
5374,5374,tr,S6CB76,S6CB76_PSERS,Three-finger toxin,Pseudechis rossignolii,1489342,2,Three-Finger_Toxins(3FTX),train,5
5375,5375,tr,A0A346CI88,A0A346CI88_SPISL,Three-finger toxin 15 (Fragment),Spilotes sulphureus,1899469,2,Three-Finger_Toxins(3FTX),test,5
5376,5376,tr,A0A346CIB5,A0A346CIB5_SPISL,Three-finger toxin 4 (Fragment),Spilotes sulphureus,1899469,2,Three-Finger_Toxins(3FTX),train,5
5377,5377,tr,A0A346CI89,A0A346CI89_SPISL,Three-finger toxin 13 (Fragment),Spilotes sulphureus,1899469,2,Three-Finger_Toxins(3FTX),train,5
5378,5378,tr,A0A346CIB4,A0A346CIB4_SPISL,Three-finger toxin 5 (Fragment),Spilotes sulphureus,1899469,2,Three-Finger_Toxins(3FTX),train,5
5379,5379,tr,A0A346CI95,A0A346CI95_SPISL,Three-finger toxin 12 (Fragment),Spilotes sulphureus,1899469,2,Three-Finger_Toxins(3FTX),train,5
5380,5380,tr,A0A346CI93,A0A346CI93_SPISL,Three-finger toxin 1 (Fragment),Spilotes sulphureus,1899469,2,Three-Finger_Toxins(3FTX),train,5
5381,5381,tr,A0A346CIB1,A0A346CIB1_SPISL,Three-finger toxin 7 (Fragment),Spilotes sulphureus,1899469,2,Three-Finger_Toxins(3FTX),train,5
5382,5382,tr,A0A0B8RS37,A0A0B8RS37_9SAUR,Three-finger toxin 4b,Philothamnus irregularis,1899461,4,Three-Finger_Toxins(3FTX),train,5
5383,5383,tr,A0A194ARJ0,A0A194ARJ0_9SAUR,Three-finger toxin 19,Micrurus tener,1114301,4,Three-Finger_Toxins(3FTX),test,5
5384,5384,tr,A0A194ARL3,A0A194ARL3_9SAUR,Three-finger toxin 12,Micrurus tener,1114301,4,Three-Finger_Toxins(3FTX),train,5
5385,5385,tr,A0A0B8RSZ3,A0A0B8RSZ3_9SAUR,Three-finger toxin 10d,Philothamnus irregularis,1899461,4,Three-Finger_Toxins(3FTX),train,5
5386,5386,tr,A0A0B8RVA6,A0A0B8RVA6_9SAUR,Three-finger toxin 5,Philothamnus irregularis,1899461,4,Three-Finger_Toxins(3FTX),test,5
5387,5387,tr,A0A194ARK4,A0A194ARK4_9SAUR,Three-finger toxin 16d,Micrurus tener,1114301,4,Three-Finger_Toxins(3FTX),train,5
5388,5388,tr,A0A194ASE3,A0A194ASE3_9SAUR,Three-finger toxin 18,Micrurus tener,1114301,4,Three-Finger_Toxins(3FTX),train,5
5389,5389,tr,F5CPD4,F5CPD4_MICAT,Putative three finger toxin,Micrurus altirostris,129457,2,Three-Finger_Toxins(3FTX),train,5
5390,5390,tr,A0A0B8RSY6,A0A0B8RSY6_9SAUR,Three-finger toxin 4a,Philothamnus irregularis,1899461,4,Three-Finger_Toxins(3FTX),train,5
5391,5391,tr,A0A0B8RYX1,A0A0B8RYX1_9SAUR,Three-finger toxin 4d,Philothamnus irregularis,1899461,4,Three-Finger_Toxins(3FTX),train,5
5392,5392,tr,A0A0B8RZX5,A0A0B8RZX5_9SAUR,Three-finger toxin 3d,Philothamnus irregularis,1899461,4,Three-Finger_Toxins(3FTX),train,5
5393,5393,tr,A0A194ATC7,A0A194ATC7_9SAUR,Three-finger toxin 16e,Micrurus tener,1114301,4,Three-Finger_Toxins(3FTX),train,5
5394,5394,tr,A0A194ATD1,A0A194ATD1_9SAUR,Three-finger toxin 15b,Micrurus tener,1114301,4,Three-Finger_Toxins(3FTX),train,5
5395,5395,tr,A0A0B8RS24,A0A0B8RS24_9SAUR,Three-finger toxin 6b,Philothamnus irregularis,1899461,4,Three-Finger_Toxins(3FTX),train,5
5396,5396,tr,A0A0B8RZX3,A0A0B8RZX3_9SAUR,Three-finger toxin 4c,Philothamnus irregularis,1899461,4,Three-Finger_Toxins(3FTX),train,5
5397,5397,tr,A0A194APG0,A0A194APG0_9SAUR,Three-finger toxin 2,Micrurus tener,1114301,4,Three-Finger_Toxins(3FTX),train,5
5398,5398,tr,A0A194ARK8,A0A194ARK8_9SAUR,Three-finger toxin 15a,Micrurus tener,1114301,4,Three-Finger_Toxins(3FTX),train,5
5399,5399,tr,A0A194ASF2,A0A194ASF2_9SAUR,Three-finger toxin 16c,Micrurus tener,1114301,4,Three-Finger_Toxins(3FTX),val,5
5400,5400,tr,A0A346CLY6,A0A346CLY6_9SAUR,Three-finger toxin 8 (Fragment),Ahaetulla prasina,499056,2,Three-Finger_Toxins(3FTX),train,5
5401,5401,tr,A0A346CLY9,A0A346CLY9_9SAUR,Three-finger toxin 4 (Fragment),Ahaetulla prasina,499056,2,Three-Finger_Toxins(3FTX),train,5
5402,5402,tr,A0A346CLZ1,A0A346CLZ1_9SAUR,Three-finger toxin 5 (Fragment),Ahaetulla prasina,499056,2,Three-Finger_Toxins(3FTX),val,5
5403,5403,tr,A0A481MQM5,A0A481MQM5_9SAUR,Three-finger toxin 00,Boiga cynodon,39278,4,Three-Finger_Toxins(3FTX),train,5
5404,5404,tr,A0A0B8RS48,A0A0B8RS48_9SAUR,Three-finger toxin 10e,Philothamnus irregularis,1899461,4,Three-Finger_Toxins(3FTX),train,5
5405,5405,tr,A0A0B8RSY1,A0A0B8RSY1_9SAUR,Three-finger toxin 6a,Philothamnus irregularis,1899461,4,Three-Finger_Toxins(3FTX),train,5
5406,5406,tr,A0A194ARC5,A0A194ARC5_9SAUR,Three-finger toxin 20,Micrurus tener,1114301,4,Three-Finger_Toxins(3FTX),train,5
5407,5407,tr,A0A346CLY7,A0A346CLY7_9SAUR,Three-finger toxin 10 (Fragment),Ahaetulla prasina,499056,2,Three-Finger_Toxins(3FTX),train,5
5408,5408,tr,A0A6G1S2N1,A0A6G1S2N1_9SAUR,Three-Finger Toxin 00,Boiga nigriceps,1867089,4,Three-Finger_Toxins(3FTX),val,5
5409,5409,tr,A0A481MQK0,A0A481MQK0_BOIDE,Three-Finger Toxin 05,Boiga dendrophila,46286,4,Three-Finger_Toxins(3FTX),train,5
5410,5410,tr,A0A481MQL9,A0A481MQL9_BOIDE,Three-Finger Toxin 11,Boiga dendrophila,46286,4,Three-Finger_Toxins(3FTX),train,5
5411,5411,tr,A0A481MQJ6,A0A481MQJ6_BOIDE,Three-Finger Toxin 08,Boiga dendrophila,46286,4,Three-Finger_Toxins(3FTX),train,5
5412,5412,tr,A0A481MQL6,A0A481MQL6_BOIDE,Three-Finger Toxin 09,Boiga dendrophila,46286,4,Three-Finger_Toxins(3FTX),train,5
5413,5413,tr,A0A481MQP4,A0A481MQP4_BOIDE,Three-Finger Toxin 06,Boiga dendrophila,46286,4,Three-Finger_Toxins(3FTX),train,5
5414,5414,tr,U3FAD8,U3FAD8_MICFL,Three-finger toxin 5b,Micrurus fulvius,8637,2,Three-Finger_Toxins(3FTX),train,5
5415,5415,tr,A0A0B8RVC5,A0A0B8RVC5_9SAUR,Three-finger toxin 10c,Philothamnus irregularis,1899461,4,Three-Finger_Toxins(3FTX),train,5
5416,5416,tr,A0A0B8RZX2,A0A0B8RZX2_9SAUR,Three-finger toxin 6c,Philothamnus irregularis,1899461,4,Three-Finger_Toxins(3FTX),train,5
5417,5417,tr,A5X2W6,A5X2W6_SISCA,Three finger toxin 1,Sistrurus catenatus edwardsii,8762,2,Three-Finger_Toxins(3FTX),train,5
5418,5418,tr,A0A194ARJ5,A0A194ARJ5_9SAUR,Three-finger toxin 17g,Micrurus tener,1114301,4,Three-Finger_Toxins(3FTX),train,5
5419,5419,tr,A0A194ASE5,A0A194ASE5_9SAUR,Three-finger toxin 17f,Micrurus tener,1114301,4,Three-Finger_Toxins(3FTX),train,5
5420,5420,tr,A0A194APH0,A0A194APH0_9SAUR,Three-finger toxin 17e,Micrurus tener,1114301,4,Three-Finger_Toxins(3FTX),train,5
5421,5421,tr,A0A194ATB7,A0A194ATB7_9SAUR,Three-finger toxin 1,Micrurus tener,1114301,4,Three-Finger_Toxins(3FTX),train,5
5422,5422,tr,A0A194ATC0,A0A194ATC0_9SAUR,Three-finger toxin 17h,Micrurus tener,1114301,4,Three-Finger_Toxins(3FTX),test,5
5423,5423,tr,A0A194APG5,A0A194APG5_9SAUR,Three-finger toxin 17j,Micrurus tener,1114301,4,Three-Finger_Toxins(3FTX),train,5
5424,5424,tr,A0A194ARD4,A0A194ARD4_9SAUR,Three-finger toxin 17d,Micrurus tener,1114301,4,Three-Finger_Toxins(3FTX),test,5
5425,5425,tr,A0A194ATB5,A0A194ATB5_9SAUR,Three-finger toxin 4b,Micrurus tener,1114301,4,Three-Finger_Toxins(3FTX),train,5
5426,5426,tr,A0A194ATC3,A0A194ATC3_9SAUR,Three-finger toxin 17c,Micrurus tener,1114301,4,Three-Finger_Toxins(3FTX),train,5
5427,5427,tr,A0A0H4BLZ7,A0A0H4BLZ7_9SAUR,Three-finger toxin B.A,Micrurus browni,1675716,2,Three-Finger_Toxins(3FTX),train,5
5428,5428,tr,A0A0H4IS80,A0A0H4IS80_9SAUR,Three-finger toxin T.B,Micrurus tener,1114301,2,Three-Finger_Toxins(3FTX),train,5
5429,5429,tr,A0A0H4BEF7,A0A0H4BEF7_9SAUR,Three-finger toxin D.I,Micrurus diastema,39023,2,Three-Finger_Toxins(3FTX),val,5
5430,5430,tr,A0A0H4BJD1,A0A0H4BJD1_MICLL,Three-finger toxin L.F,Micrurus laticollaris,1240351,2,Three-Finger_Toxins(3FTX),train,5
5431,5431,tr,A0A0H4BLZ2,A0A0H4BLZ2_9SAUR,Three-finger toxin D.L,Micrurus diastema,39023,2,Three-Finger_Toxins(3FTX),train,5
5432,5432,tr,A0A0H4IUP1,A0A0H4IUP1_9SAUR,Three-finger toxin T.C,Micrurus tener,1114301,2,Three-Finger_Toxins(3FTX),train,5
5433,5433,tr,A0A0H4IVQ6,A0A0H4IVQ6_9SAUR,Three-finger toxin T.F,Micrurus tener,1114301,2,Three-Finger_Toxins(3FTX),train,5
5434,5434,tr,A0A0H4J516,A0A0H4J516_9SAUR,Three-finger toxin B.I,Micrurus browni,1675716,2,Three-Finger_Toxins(3FTX),val,5
5435,5435,tr,A0A0H4BEG1,A0A0H4BEG1_9SAUR,Three-finger toxin D.N,Micrurus diastema,39023,2,Three-Finger_Toxins(3FTX),train,5
5436,5436,tr,A0A0H4BJD8,A0A0H4BJD8_9SAUR,Three-finger toxin B.B,Micrurus browni,1675716,2,Three-Finger_Toxins(3FTX),train,5
5437,5437,tr,A0A0H4BEG5,A0A0H4BEG5_9SAUR,Three-finger toxin B.C,Micrurus browni,1675716,2,Three-Finger_Toxins(3FTX),test,5
5438,5438,tr,A0A0H4BFQ4,A0A0H4BFQ4_9SAUR,Three-finger toxin D.K,Micrurus diastema,39023,2,Three-Finger_Toxins(3FTX),train,5
5439,5439,tr,A0A0H4BKJ0,A0A0H4BKJ0_9SAUR,Three-finger toxin D.J,Micrurus diastema,39023,2,Three-Finger_Toxins(3FTX),train,5
5440,5440,tr,A0A0H4IRB3,A0A0H4IRB3_9SAUR,Three-finger toxin T.D,Micrurus tener,1114301,2,Three-Finger_Toxins(3FTX),train,5
5441,5441,tr,A0A0H4IVQ2,A0A0H4IVQ2_9SAUR,Three-finger toxin T.A,Micrurus tener,1114301,2,Three-Finger_Toxins(3FTX),train,5
5442,5442,tr,A0A0H4BLY9,A0A0H4BLY9_MICLL,Three-finger toxin L.E,Micrurus laticollaris,1240351,2,Three-Finger_Toxins(3FTX),train,5
5443,5443,tr,D5J9P5,D5J9P5_9SAUR,Non-conventional three finger toxin isoform 1,Bungarus flaviceps,8614,2,Three-Finger_Toxins(3FTX),val,5
5444,5444,tr,E2IU12,E2IU12_BUNMU,Three-finger toxin (Fragment),Bungarus multicinctus,8616,4,Three-Finger_Toxins(3FTX),train,5
5445,5445,tr,E2IU14,E2IU14_BUNMU,Three-finger toxin (Fragment),Bungarus multicinctus,8616,4,Three-Finger_Toxins(3FTX),train,5
5446,5446,tr,E2IU15,E2IU15_BUNMU,Three-finger toxin,Bungarus multicinctus,8616,4,Three-Finger_Toxins(3FTX),train,5
5447,5447,tr,A0A0H4BFP9,A0A0H4BFP9_MICLL,Three-finger toxin L.D,Micrurus laticollaris,1240351,2,Three-Finger_Toxins(3FTX),train,5
5448,5448,tr,A0A0H4BKJ5,A0A0H4BKJ5_9SAUR,Three-finger toxin D.P,Micrurus diastema,39023,2,Three-Finger_Toxins(3FTX),train,5
5449,5449,tr,A0A0H4IRA8,A0A0H4IRA8_9SAUR,Three-finger toxin B.H,Micrurus browni,1675716,2,Three-Finger_Toxins(3FTX),train,5
5450,5450,tr,A0A0H4IUN8,A0A0H4IUN8_9SAUR,Three-finger toxin B.G,Micrurus browni,1675716,2,Three-Finger_Toxins(3FTX),train,5
5451,5451,tr,A0A0H4IS74,A0A0H4IS74_9SAUR,Three-finger toxin B.F,Micrurus browni,1675716,2,Three-Finger_Toxins(3FTX),train,5
5452,5452,tr,A0A0H4BJD4,A0A0H4BJD4_9SAUR,Three-finger toxin D.M,Micrurus diastema,39023,2,Three-Finger_Toxins(3FTX),train,5
5453,5453,tr,A0A0H4BFQ5,A0A0H4BFQ5_9SAUR,Three-finger toxin D.Q,Micrurus diastema,39023,2,Three-Finger_Toxins(3FTX),train,5
5454,5454,tr,A0A2Z4N9X5,A0A2Z4N9X5_9SAUR,Three-finger toxin (Fragment),Philothamnus irregularis,1899461,2,Three-Finger_Toxins(3FTX),train,5
5455,5455,tr,A0A2Z4N9S8,A0A2Z4N9S8_9SAUR,Three-finger toxin (Fragment),Philothamnus irregularis,1899461,2,Three-Finger_Toxins(3FTX),train,5
5456,5456,tr,A0A2Z4N9S1,A0A2Z4N9S1_9SAUR,Three-finger toxin (Fragment),Philothamnus irregularis,1899461,2,Three-Finger_Toxins(3FTX),test,5
5457,5457,tr,A0AA50S1V1,A0AA50S1V1_OXYAE,Three finger toxin (Fragment),Oxybelis aeneus,121354,2,Three-Finger_Toxins(3FTX),train,5
5458,5458,tr,A0AA50S1U2,A0AA50S1U2_9SAUR,Three finger toxin (Fragment),Rhinobothryum bovallii,2478844,2,Three-Finger_Toxins(3FTX),train,5
5459,5459,tr,A0AA50NYJ2,A0AA50NYJ2_9SAUR,Three finger toxin (Fragment),Chironius multiventris,876614,2,Three-Finger_Toxins(3FTX),test,5
5460,5460,tr,A0A2Z4N9V0,A0A2Z4N9V0_9SAUR,Three-finger toxin (Fragment),Philothamnus irregularis,1899461,2,Three-Finger_Toxins(3FTX),train,5
5461,5461,tr,A0A2Z4N9R4,A0A2Z4N9R4_9SAUR,Three-finger toxin (Fragment),Philothamnus irregularis,1899461,2,Three-Finger_Toxins(3FTX),test,5
5462,5462,tr,A0A2Z4N9T1,A0A2Z4N9T1_9SAUR,Three-finger toxin (Fragment),Philothamnus irregularis,1899461,2,Three-Finger_Toxins(3FTX),train,5
5463,5463,tr,A0A2Z4N9T9,A0A2Z4N9T9_9SAUR,Three-finger toxin (Fragment),Philothamnus irregularis,1899461,2,Three-Finger_Toxins(3FTX),test,5
5464,5464,tr,A0A2Z4N9W8,A0A2Z4N9W8_9SAUR,Three-finger toxin (Fragment),Philothamnus irregularis,1899461,2,Three-Finger_Toxins(3FTX),test,5
5465,5465,tr,A0A2Z4NA03,A0A2Z4NA03_9SAUR,Three-finger toxin (Fragment),Philothamnus irregularis,1899461,2,Three-Finger_Toxins(3FTX),train,5
5466,5466,tr,A0A2Z4NA09,A0A2Z4NA09_9SAUR,Three-finger toxin (Fragment),Philothamnus irregularis,1899461,2,Three-Finger_Toxins(3FTX),train,5
5467,5467,tr,A0A2Z4NA18,A0A2Z4NA18_9SAUR,Three-finger toxin (Fragment),Philothamnus irregularis,1899461,2,Three-Finger_Toxins(3FTX),train,5
5468,5468,tr,A0AA50S1V3,A0AA50S1V3_SPISL,Three finger toxin (Fragment),Spilotes sulphureus,1899469,2,Three-Finger_Toxins(3FTX),train,5
5469,5469,tr,A0A2Z4N9T3,A0A2Z4N9T3_9SAUR,Three-finger toxin (Fragment),Philothamnus irregularis,1899461,2,Three-Finger_Toxins(3FTX),train,5
5470,5470,tr,A0A2Z4N9V6,A0A2Z4N9V6_9SAUR,Three-finger toxin (Fragment),Philothamnus irregularis,1899461,2,Three-Finger_Toxins(3FTX),train,5
5471,5471,tr,A0A2Z4N9W2,A0A2Z4N9W2_9SAUR,Three-finger toxin (Fragment),Philothamnus irregularis,1899461,2,Three-Finger_Toxins(3FTX),train,5
5472,5472,tr,A0A2Z4N9W7,A0A2Z4N9W7_9SAUR,Three-finger toxin (Fragment),Philothamnus irregularis,1899461,2,Three-Finger_Toxins(3FTX),train,5
5473,5473,tr,A0A2Z4N9Z2,A0A2Z4N9Z2_9SAUR,Three-finger toxin (Fragment),Philothamnus irregularis,1899461,2,Three-Finger_Toxins(3FTX),val,5
5474,5474,tr,A0A2Z4NA07,A0A2Z4NA07_9SAUR,Three-finger toxin (Fragment),Philothamnus irregularis,1899461,2,Three-Finger_Toxins(3FTX),train,5
5475,5475,tr,A0A2Z4NA14,A0A2Z4NA14_9SAUR,Three-finger toxin (Fragment),Philothamnus irregularis,1899461,2,Three-Finger_Toxins(3FTX),train,5
5476,5476,tr,A0A2Z4NA20,A0A2Z4NA20_9SAUR,Three-finger toxin (Fragment),Philothamnus irregularis,1899461,2,Three-Finger_Toxins(3FTX),train,5
5477,5477,tr,A0A2Z4N9R1,A0A2Z4N9R1_9SAUR,Three-finger toxin (Fragment),Philothamnus irregularis,1899461,2,Three-Finger_Toxins(3FTX),train,5
5478,5478,tr,A0A2Z4N9T7,A0A2Z4N9T7_9SAUR,Three-finger toxin (Fragment),Philothamnus irregularis,1899461,2,Three-Finger_Toxins(3FTX),train,5
5479,5479,tr,A0A2Z4N9U1,A0A2Z4N9U1_9SAUR,Three-finger toxin (Fragment),Philothamnus irregularis,1899461,2,Three-Finger_Toxins(3FTX),train,5
5480,5480,tr,A0A2Z4N9U4,A0A2Z4N9U4_9SAUR,Three-finger toxin (Fragment),Philothamnus irregularis,1899461,2,Three-Finger_Toxins(3FTX),train,5
5481,5481,tr,A0A2Z4N9V3,A0A2Z4N9V3_9SAUR,Three-finger toxin (Fragment),Philothamnus irregularis,1899461,2,Three-Finger_Toxins(3FTX),train,5
5482,5482,tr,A0A2Z4N9W4,A0A2Z4N9W4_9SAUR,Three-finger toxin (Fragment),Philothamnus irregularis,1899461,2,Three-Finger_Toxins(3FTX),train,5
5483,5483,tr,A0A2Z4N9W5,A0A2Z4N9W5_9SAUR,Three-finger toxin (Fragment),Philothamnus irregularis,1899461,2,Three-Finger_Toxins(3FTX),train,5
5484,5484,tr,A0A2Z4N9Y0,A0A2Z4N9Y0_9SAUR,Three-finger toxin (Fragment),Philothamnus irregularis,1899461,2,Three-Finger_Toxins(3FTX),train,5
5485,5485,tr,A0A2Z4N9Y2,A0A2Z4N9Y2_9SAUR,Three-finger toxin (Fragment),Philothamnus irregularis,1899461,2,Three-Finger_Toxins(3FTX),val,5
5486,5486,tr,A0A2Z4N9Y5,A0A2Z4N9Y5_9SAUR,Three-finger toxin (Fragment),Philothamnus irregularis,1899461,2,Three-Finger_Toxins(3FTX),train,5
5487,5487,tr,A0A2Z4N9Z5,A0A2Z4N9Z5_9SAUR,Three-finger toxin (Fragment),Philothamnus irregularis,1899461,2,Three-Finger_Toxins(3FTX),train,5
5488,5488,tr,A0A2Z4N9Z9,A0A2Z4N9Z9_9SAUR,Three-finger toxin (Fragment),Philothamnus irregularis,1899461,2,Three-Finger_Toxins(3FTX),train,5
5489,5489,tr,A0A2Z4NA13,A0A2Z4NA13_9SAUR,Three-finger toxin (Fragment),Philothamnus irregularis,1899461,2,Three-Finger_Toxins(3FTX),train,5
5490,5490,tr,A0A2Z4N9R7,A0A2Z4N9R7_9SAUR,Three-finger toxin (Fragment),Philothamnus irregularis,1899461,2,Three-Finger_Toxins(3FTX),train,5
5491,5491,tr,A0A2Z4N9R8,A0A2Z4N9R8_9SAUR,Three-finger toxin (Fragment),Philothamnus irregularis,1899461,2,Three-Finger_Toxins(3FTX),train,5
5492,5492,tr,A0A2Z4N9S6,A0A2Z4N9S6_9SAUR,Three-finger toxin (Fragment),Philothamnus irregularis,1899461,2,Three-Finger_Toxins(3FTX),train,5
5493,5493,tr,A0A2Z4N9T0,A0A2Z4N9T0_9SAUR,Three-finger toxin (Fragment),Philothamnus irregularis,1899461,2,Three-Finger_Toxins(3FTX),train,5
5494,5494,tr,A0A2Z4N9T5,A0A2Z4N9T5_9SAUR,Three-finger toxin (Fragment),Philothamnus irregularis,1899461,2,Three-Finger_Toxins(3FTX),val,5
5495,5495,tr,A0A2Z4N9T8,A0A2Z4N9T8_9SAUR,Three-finger toxin (Fragment),Philothamnus irregularis,1899461,2,Three-Finger_Toxins(3FTX),test,5
5496,5496,tr,A0A2Z4N9U7,A0A2Z4N9U7_9SAUR,Three-finger toxin (Fragment),Philothamnus irregularis,1899461,2,Three-Finger_Toxins(3FTX),train,5
5497,5497,tr,A0A2Z4N9V1,A0A2Z4N9V1_9SAUR,Three-finger toxin (Fragment),Philothamnus irregularis,1899461,2,Three-Finger_Toxins(3FTX),train,5
5498,5498,tr,A0A2Z4N9X3,A0A2Z4N9X3_9SAUR,Three-finger toxin (Fragment),Philothamnus irregularis,1899461,2,Three-Finger_Toxins(3FTX),train,5
5499,5499,tr,A0A2Z4N9Z6,A0A2Z4N9Z6_9SAUR,Three-finger toxin (Fragment),Philothamnus irregularis,1899461,2,Three-Finger_Toxins(3FTX),train,5
5500,5500,tr,A0A2Z4NA05,A0A2Z4NA05_9SAUR,Three-finger toxin (Fragment),Philothamnus irregularis,1899461,2,Three-Finger_Toxins(3FTX),train,5
5501,5501,tr,A0A2Z4N9U6,A0A2Z4N9U6_9SAUR,Three-finger toxin (Fragment),Philothamnus irregularis,1899461,2,Three-Finger_Toxins(3FTX),train,5
5502,5502,tr,A0A2Z4N9W0,A0A2Z4N9W0_9SAUR,Three-finger toxin (Fragment),Philothamnus irregularis,1899461,2,Three-Finger_Toxins(3FTX),train,5
5503,5503,tr,A0A2Z4N9W6,A0A2Z4N9W6_9SAUR,Three-finger toxin (Fragment),Philothamnus irregularis,1899461,2,Three-Finger_Toxins(3FTX),train,5
5504,5504,tr,A0A2Z4N9X8,A0A2Z4N9X8_9SAUR,Three-finger toxin (Fragment),Philothamnus irregularis,1899461,2,Three-Finger_Toxins(3FTX),train,5
5505,5505,tr,A0A2Z4N9Y9,A0A2Z4N9Y9_9SAUR,Three-finger toxin (Fragment),Philothamnus irregularis,1899461,2,Three-Finger_Toxins(3FTX),train,5
5506,5506,tr,A0A2Z4N9Z1,A0A2Z4N9Z1_9SAUR,Three-finger toxin (Fragment),Philothamnus irregularis,1899461,2,Three-Finger_Toxins(3FTX),train,5
5507,5507,tr,A0A2Z4N9Z4,A0A2Z4N9Z4_9SAUR,Three-finger toxin (Fragment),Philothamnus irregularis,1899461,2,Three-Finger_Toxins(3FTX),train,5
5508,5508,tr,A0A2Z4N9Z7,A0A2Z4N9Z7_9SAUR,Three-finger toxin (Fragment),Philothamnus irregularis,1899461,2,Three-Finger_Toxins(3FTX),test,5
5509,5509,tr,A0A2Z4N9Z8,A0A2Z4N9Z8_9SAUR,Three-finger toxin (Fragment),Philothamnus irregularis,1899461,2,Three-Finger_Toxins(3FTX),val,5
5510,5510,tr,A0A2Z4NA10,A0A2Z4NA10_9SAUR,Three-finger toxin (Fragment),Philothamnus irregularis,1899461,2,Three-Finger_Toxins(3FTX),train,5
5511,5511,tr,E2IU01,E2IU01_NAJAT,Three-finger toxin (Fragment),Naja atra,8656,4,Three-Finger_Toxins(3FTX),train,5
5512,5512,tr,E2ITZ9,E2ITZ9_NAJAT,Three-finger toxin (Fragment),Naja atra,8656,4,Three-Finger_Toxins(3FTX),train,5
5513,5513,tr,E2IU05,E2IU05_NAJAT,Three-finger toxin (Fragment),Naja atra,8656,4,Three-Finger_Toxins(3FTX),train,5
5514,5514,tr,E2ITZ2,E2ITZ2_NAJAT,Three-finger toxin,Naja atra,8656,4,Three-Finger_Toxins(3FTX),train,5
5515,5515,tr,E2ITZ6,E2ITZ6_NAJAT,Three-finger toxin,Naja atra,8656,4,Three-Finger_Toxins(3FTX),train,5
5516,5516,tr,E2IU04,E2IU04_NAJAT,Three-finger toxin (Fragment),Naja atra,8656,4,Three-Finger_Toxins(3FTX),val,5
5517,5517,tr,A0A2Z4NA19,A0A2Z4NA19_9SAUR,Three-finger toxin (Fragment),Philothamnus irregularis,1899461,2,Three-Finger_Toxins(3FTX),train,5
5518,5518,tr,E2ITZ4,E2ITZ4_NAJAT,Three-finger toxin,Naja atra,8656,4,Three-Finger_Toxins(3FTX),train,5
5519,5519,tr,E2ITZ7,E2ITZ7_NAJAT,Three-finger toxin,Naja atra,8656,4,Three-Finger_Toxins(3FTX),train,5
5520,5520,tr,E2IU02,E2IU02_NAJAT,Three-finger toxin (Fragment),Naja atra,8656,4,Three-Finger_Toxins(3FTX),train,5
5521,5521,tr,A0AA50NXL8,A0AA50NXL8_OXYAE,Three finger toxin (Fragment),Oxybelis aeneus,121354,2,Three-Finger_Toxins(3FTX),val,5
5522,5522,tr,A0A2Z4N9U2,A0A2Z4N9U2_9SAUR,Three-finger toxin (Fragment),Philothamnus irregularis,1899461,2,Three-Finger_Toxins(3FTX),train,5
5523,5523,tr,A0A2Z4N9U5,A0A2Z4N9U5_9SAUR,Three-finger toxin (Fragment),Philothamnus irregularis,1899461,2,Three-Finger_Toxins(3FTX),train,5
5524,5524,tr,A0A2Z4N9X9,A0A2Z4N9X9_9SAUR,Three-finger toxin (Fragment),Philothamnus irregularis,1899461,2,Three-Finger_Toxins(3FTX),test,5
5525,5525,tr,A0A2Z4N9V8,A0A2Z4N9V8_9SAUR,Three-finger toxin (Fragment),Philothamnus irregularis,1899461,2,Three-Finger_Toxins(3FTX),test,5
5526,5526,tr,A0A0H4BKI7,A0A0H4BKI7_MICLL,Three-finger toxin L.C,Micrurus laticollaris,1240351,2,Three-Finger_Toxins(3FTX),train,5
5527,5527,tr,A0AA50NXX1,A0AA50NXX1_9SAUR,Three finger toxin (Fragment),Chironius multiventris,876614,2,Three-Finger_Toxins(3FTX),train,5
5528,5528,tr,A0AA50RTI9,A0AA50RTI9_9SAUR,Three finger toxin (Fragment),Chironius multiventris,876614,2,Three-Finger_Toxins(3FTX),test,5
5529,5529,tr,A0A2Z4N9U3,A0A2Z4N9U3_9SAUR,Three-finger toxin (Fragment),Philothamnus irregularis,1899461,2,Three-Finger_Toxins(3FTX),test,5
5530,5530,tr,A0AA50RSC0,A0AA50RSC0_9SAUR,Three finger toxin (Fragment),Chironius multiventris,876614,2,Three-Finger_Toxins(3FTX),train,5
5531,5531,tr,A0AA50RTJ7,A0AA50RTJ7_9SAUR,Three finger toxin (Fragment),Chironius multiventris,876614,2,Three-Finger_Toxins(3FTX),val,5
5532,5532,tr,A0AA50S1W0,A0AA50S1W0_9SAUR,Three finger toxin (Fragment),Chironius multiventris,876614,2,Three-Finger_Toxins(3FTX),train,5
5533,5533,tr,A0AA50P015,A0AA50P015_9SAUR,Three finger toxin (Fragment),Chironius multiventris,876614,2,Three-Finger_Toxins(3FTX),train,5
5534,5534,tr,A0AA50S1V7,A0AA50S1V7_9SAUR,Three finger toxin (Fragment),Chironius multiventris,876614,2,Three-Finger_Toxins(3FTX),train,5
5535,5535,tr,A0AA50NZS2,A0AA50NZS2_9SAUR,Three finger toxin (Fragment),Chironius multiventris,876614,2,Three-Finger_Toxins(3FTX),val,5
5536,5536,tr,A0AA50NZZ9,A0AA50NZZ9_9SAUR,Three finger toxin (Fragment),Rhinobothryum bovallii,2478844,2,Three-Finger_Toxins(3FTX),train,5
5537,5537,tr,A0AA50RSC4,A0AA50RSC4_9SAUR,Three finger toxin (Fragment),Chironius multiventris,876614,2,Three-Finger_Toxins(3FTX),train,5
5538,5538,tr,A0AA50NYG7,A0AA50NYG7_OXYAE,Three finger toxin (Fragment),Oxybelis aeneus,121354,2,Three-Finger_Toxins(3FTX),train,5
5539,5539,tr,A0AA50NZJ7,A0AA50NZJ7_SPISL,Three finger toxin (Fragment),Spilotes sulphureus,1899469,2,Three-Finger_Toxins(3FTX),train,5
5540,5540,tr,A0AA50NZK7,A0AA50NZK7_SPISL,Three finger toxin (Fragment),Spilotes sulphureus,1899469,2,Three-Finger_Toxins(3FTX),train,5
5541,5541,tr,A0AA50NXU0,A0AA50NXU0_OXYAE,Three finger toxin (Fragment),Oxybelis aeneus,121354,2,Three-Finger_Toxins(3FTX),train,5
5542,5542,tr,A0AA50S1U3,A0AA50S1U3_SPISL,Three finger toxin (Fragment),Spilotes sulphureus,1899469,2,Three-Finger_Toxins(3FTX),test,5
5543,5543,tr,A0AA50NYC5,A0AA50NYC5_OXYAE,Three finger toxin (Fragment),Oxybelis aeneus,121354,2,Three-Finger_Toxins(3FTX),train,5
5544,5544,tr,A0AA50P0P5,A0AA50P0P5_OXYAE,Three finger toxin (Fragment),Oxybelis aeneus,121354,2,Three-Finger_Toxins(3FTX),train,5
5545,5545,tr,D5J9P3,D5J9P3_9SAUR,Short-chain three finger toxin isoform 6,Bungarus flaviceps,8614,2,Three-Finger_Toxins(3FTX),test,5
5546,5546,tr,D5J9P8,D5J9P8_9SAUR,Non-conventional three finger toxin isoform 4,Bungarus flaviceps,8614,2,Three-Finger_Toxins(3FTX),train,5
5547,5547,tr,D5J9N8,D5J9N8_9SAUR,Short-chain three finger toxin isoform 1,Bungarus flaviceps,8614,2,Three-Finger_Toxins(3FTX),train,5
5548,5548,tr,D5J9P6,D5J9P6_9SAUR,Non-conventional three finger toxin isoform 2,Bungarus flaviceps,8614,2,Three-Finger_Toxins(3FTX),train,5
5549,5549,tr,D5J9Q0,D5J9Q0_9SAUR,Non-conventional three finger toxin isoform 6,Bungarus flaviceps,8614,2,Three-Finger_Toxins(3FTX),val,5
5550,5550,tr,D5J9P0,D5J9P0_9SAUR,Short-chain three finger toxin isoform 3,Bungarus flaviceps,8614,2,Three-Finger_Toxins(3FTX),train,5
5551,5551,tr,D5J9P2,D5J9P2_9SAUR,Short-chain three finger toxin isoform 5,Bungarus flaviceps,8614,2,Three-Finger_Toxins(3FTX),train,5
5552,5552,tr,D5J9Q1,D5J9Q1_9SAUR,Non-conventional three finger toxin isoform 7,Bungarus flaviceps,8614,2,Three-Finger_Toxins(3FTX),train,5
5553,5553,tr,D5J9N9,D5J9N9_9SAUR,Short-chain three finger toxin isoform 2,Bungarus flaviceps,8614,2,Three-Finger_Toxins(3FTX),train,5
5554,5554,tr,D5J9P1,D5J9P1_9SAUR,Short-chain three finger toxin isoform 4,Bungarus flaviceps,8614,2,Three-Finger_Toxins(3FTX),train,5
5555,5555,tr,D5J9P4,D5J9P4_9SAUR,Short-chain three finger toxin isoform 7,Bungarus flaviceps,8614,2,Three-Finger_Toxins(3FTX),train,5
5556,5556,tr,D5J9P9,D5J9P9_9SAUR,Non-conventional three finger toxin isoform 5,Bungarus flaviceps,8614,2,Three-Finger_Toxins(3FTX),train,5
5557,5557,tr,E2IU19,E2IU19_BUNMU,Three-finger toxin (Fragment),Bungarus multicinctus,8616,4,Three-Finger_Toxins(3FTX),train,5
5558,5558,tr,E2IU00,E2IU00_NAJAT,Three-finger toxin (Fragment),Naja atra,8656,4,Three-Finger_Toxins(3FTX),train,5
5559,5559,tr,E2IU10,E2IU10_BUNMU,Three-finger toxin (Fragment),Bungarus multicinctus,8616,4,Three-Finger_Toxins(3FTX),val,5
5560,5560,tr,A0A2Z4N9S7,A0A2Z4N9S7_9SAUR,Three-finger toxin (Fragment),Philothamnus irregularis,1899461,2,Three-Finger_Toxins(3FTX),train,5
5561,5561,tr,A0A2Z4N9X7,A0A2Z4N9X7_9SAUR,Three-finger toxin,Philothamnus irregularis,1899461,2,Three-Finger_Toxins(3FTX),train,5
5562,5562,tr,E2IU16,E2IU16_BUNMU,Three-finger toxin (Fragment),Bungarus multicinctus,8616,4,Three-Finger_Toxins(3FTX),train,5
5563,5563,tr,A0A2Z4N9Y7,A0A2Z4N9Y7_9SAUR,Three-finger toxin (Fragment),Philothamnus irregularis,1899461,2,Three-Finger_Toxins(3FTX),train,5
5564,5564,tr,E2IU08,E2IU08_BUNMU,Three-finger toxin (Fragment),Bungarus multicinctus,8616,4,Three-Finger_Toxins(3FTX),val,5
5565,5565,tr,E2IU06,E2IU06_BUNMU,Three-finger toxin (Fragment),Bungarus multicinctus,8616,4,Three-Finger_Toxins(3FTX),train,5
5566,5566,tr,E2IU07,E2IU07_BUNMU,Three-finger toxin (Fragment),Bungarus multicinctus,8616,4,Three-Finger_Toxins(3FTX),train,5
5567,5567,tr,E2IU11,E2IU11_BUNMU,Three-finger toxin (Fragment),Bungarus multicinctus,8616,4,Three-Finger_Toxins(3FTX),train,5
5568,5568,tr,A0A0F7Z3S7,A0A0F7Z3S7_MICFL,Three-finger toxin 11a,Micrurus fulvius,8637,2,Three-Finger_Toxins(3FTX),train,5
5569,5569,tr,A0A0F7YYX2,A0A0F7YYX2_MICFL,Three-finger toxin 10c,Micrurus fulvius,8637,2,Three-Finger_Toxins(3FTX),train,5
5570,5570,tr,A0A0F7YZ34,A0A0F7YZ34_MICFL,Three-finger toxin 10b,Micrurus fulvius,8637,2,Three-Finger_Toxins(3FTX),train,5
5571,5571,tr,A0A0F7Z3R9,A0A0F7Z3R9_MICFL,Three-finger toxin 6a,Micrurus fulvius,8637,2,Three-Finger_Toxins(3FTX),train,5
5572,5572,tr,A0A0F7Z047,A0A0F7Z047_MICFL,Three-finger toxin 3,Micrurus fulvius,8637,2,Three-Finger_Toxins(3FTX),train,5
5573,5573,tr,A0A0F7Z3S3,A0A0F7Z3S3_MICFL,Three-finger toxin 1,Micrurus fulvius,8637,2,Three-Finger_Toxins(3FTX),test,5
5574,5574,tr,B4Y145,B4Y145_SISCA,Three finger toxin 5,Sistrurus catenatus edwardsii,8762,4,Three-Finger_Toxins(3FTX),train,5
5575,5575,tr,B4Y143,B4Y143_SISCA,Three finger toxin 2,Sistrurus catenatus edwardsii,8762,4,Three-Finger_Toxins(3FTX),train,5
5576,5576,tr,B4Y144,B4Y144_SISCA,Three finger toxin 4,Sistrurus catenatus edwardsii,8762,4,Three-Finger_Toxins(3FTX),train,5
5577,5577,tr,A0A0F7YZP6,A0A0F7YZP6_MICFL,Three-finger toxin 9b,Micrurus fulvius,8637,2,Three-Finger_Toxins(3FTX),train,5
5578,5578,tr,A0A0F7Z039,A0A0F7Z039_MICFL,Three-finger toxin 9c,Micrurus fulvius,8637,2,Three-Finger_Toxins(3FTX),train,5
5579,5579,tr,A0A6P9C806,A0A6P9C806_PANGU,Toxin 3FTx-Dis4-like,Pantherophis guttatus,94885,4,Three-Finger_Toxins(3FTX),train,5
5580,5580,tr,D2N121,D2N121_BUNMU,Alpha-bungarotoxin (A31) (Fragment),Bungarus multicinctus,8616,4,Three-Finger_Toxins(3FTX),train,5
5581,5581,tr,R4G2H6,R4G2H6_9SAUR,3FTx-Hem-16,Hemiaspis signata,355698,2,Three-Finger_Toxins(3FTX),train,5
5582,5582,tr,V8N4I1,V8N4I1_OPHHA,3FTx,Ophiophagus hannah,8665,4,Three-Finger_Toxins(3FTX),train,5
5583,5583,tr,R4FI70,R4FI70_9SAUR,3FTx-Aca-55,Acanthophis wellsi,239747,2,Three-Finger_Toxins(3FTX),test,5
5584,5584,tr,R4G305,R4G305_9SAUR,3FTx-Hop-14,Hoplocephalus bungaroides,83403,2,Three-Finger_Toxins(3FTX),val,5
5585,5585,tr,C6JUP0,C6JUP0_MICCO,3FTx,Micrurus corallinus,54390,2,Three-Finger_Toxins(3FTX),val,5
5586,5586,tr,R4G7G0,R4G7G0_9SAUR,3FTx-Cac-180,Cacophis squamulosus,505434,2,Three-Finger_Toxins(3FTX),train,5
5587,5587,tr,R4G7H1,R4G7H1_9SAUR,3FTx-Ech-35,Echiopsis curta,529692,2,Three-Finger_Toxins(3FTX),train,5
5588,5588,tr,R4G7I7,R4G7I7_9SAUR,3FTx-Hem-2,Hemiaspis signata,355698,2,Three-Finger_Toxins(3FTX),train,5
5589,5589,tr,R4FIH7,R4FIH7_9SAUR,3FTx-Fur-11,Furina ornata,529697,2,Three-Finger_Toxins(3FTX),train,5
5590,5590,tr,R4G7H8,R4G7H8_9SAUR,3FTx-Fur-10,Furina ornata,529697,2,Three-Finger_Toxins(3FTX),train,5
5591,5591,tr,R4G7L8,R4G7L8_9SAUR,3FTx-Ver-24,Vermicella annulata,1295044,2,Three-Finger_Toxins(3FTX),train,5
5592,5592,tr,R4FI75,R4FI75_9SAUR,3FTx-Aca-53,Acanthophis wellsi,239747,2,Three-Finger_Toxins(3FTX),train,5
5593,5593,tr,R4G2F2,R4G2F2_9SAUR,3FTx-Cac-16,Cacophis squamulosus,505434,2,Three-Finger_Toxins(3FTX),train,5
5594,5594,tr,R4G2W4,R4G2W4_9SAUR,3FTx-Fur-12,Furina ornata,529697,2,Three-Finger_Toxins(3FTX),train,5
5595,5595,tr,R4FJQ3,R4FJQ3_9SAUR,3FTx-Ech-12,Echiopsis curta,529692,2,Three-Finger_Toxins(3FTX),train,5
5596,5596,tr,A0A098LYB1,A0A098LYB1_9SAUR,3Ftx,Opheodrys aestivus,186591,2,Three-Finger_Toxins(3FTX),val,5
5597,5597,tr,C6JUP4,C6JUP4_MICCO,3FTx,Micrurus corallinus,54390,2,Three-Finger_Toxins(3FTX),train,5
5598,5598,tr,C6JUP5,C6JUP5_MICCO,3FTx,Micrurus corallinus,54390,2,Three-Finger_Toxins(3FTX),test,5
5599,5599,tr,R4FIW2,R4FIW2_9SAUR,3FTx-Pse-183,Pseudonaja modesta,340912,2,Three-Finger_Toxins(3FTX),train,5
5600,5600,tr,R4FIB4,R4FIB4_9SAUR,3FTx-Cac-236,Cacophis squamulosus,505434,2,Three-Finger_Toxins(3FTX),train,5
5601,5601,tr,A0A098LWU4,A0A098LWU4_9SAUR,3Ftx,Opheodrys aestivus,186591,2,Three-Finger_Toxins(3FTX),train,5
5602,5602,tr,R4G7K6,R4G7K6_9SAUR,3FTx-Pse-239,Pseudonaja modesta,340912,2,Three-Finger_Toxins(3FTX),train,5
5603,5603,tr,A0A098LWU5,A0A098LWU5_9SAUR,3Ftx,Opheodrys aestivus,186591,2,Three-Finger_Toxins(3FTX),train,5
5604,5604,tr,R4FKC7,R4FKC7_9SAUR,3FTx-Pse-241,Pseudonaja modesta,340912,2,Three-Finger_Toxins(3FTX),train,5
5605,5605,tr,A7X3T6,A7X3T6_THRJA,3FTx-Thr1,Thrasops jacksonii,186611,2,Three-Finger_Toxins(3FTX),val,5
5606,5606,tr,A7X3U0,A7X3U0_DISTY,3FTx-Dis3,Dispholidus typus,46295,2,Three-Finger_Toxins(3FTX),val,5
5607,5607,tr,A7X3S5,A7X3S5_TELDH,3FTx-Tel2,Telescopus dhara,338837,2,Three-Finger_Toxins(3FTX),train,5
5608,5608,tr,A0A098LYA2,A0A098LYA2_9SAUR,3Ftx,Opheodrys aestivus,186591,2,Three-Finger_Toxins(3FTX),train,5
5609,5609,tr,A7X3U7,A7X3U7_THRJA,3FTx-Thr3,Thrasops jacksonii,186611,2,Three-Finger_Toxins(3FTX),train,5
5610,5610,tr,A7X3S8,A7X3S8_TELDH,3FTx-Tel3,Telescopus dhara,338837,2,Three-Finger_Toxins(3FTX),train,5
5611,5611,tr,R4FIB8,R4FIB8_9SAUR,3FTx-Cac-203,Cacophis squamulosus,505434,2,Three-Finger_Toxins(3FTX),train,5
5612,5612,tr,R4FIT0,R4FIT0_9SAUR,3FTx-Pse-93,Pseudonaja modesta,340912,2,Three-Finger_Toxins(3FTX),test,5
5613,5613,tr,R4FIY3,R4FIY3_9SAUR,3FTx-Sut-134,Suta fasciata,529716,2,Three-Finger_Toxins(3FTX),train,5
5614,5614,tr,R4G2G9,R4G2G9_9SAUR,3FTx-Fur-17,Furina ornata,529697,2,Three-Finger_Toxins(3FTX),train,5
5615,5615,tr,R4G2H7,R4G2H7_9SAUR,3FTx-Hem-14,Hemiaspis signata,355698,2,Three-Finger_Toxins(3FTX),train,5
5616,5616,tr,R4G2L3,R4G2L3_9SAUR,3FTx-Sut-50,Suta fasciata,529716,2,Three-Finger_Toxins(3FTX),train,5
5617,5617,tr,R4G346,R4G346_9SAUR,3FTx-Sut-45,Suta fasciata,529716,2,Three-Finger_Toxins(3FTX),val,5
5618,5618,tr,R4G7L5,R4G7L5_9SAUR,3FTx-Sut-59,Suta fasciata,529716,2,Three-Finger_Toxins(3FTX),train,5
5619,5619,tr,R4G2F6,R4G2F6_DENDV,3FTx-Den-5,Denisonia devisi,529689,2,Three-Finger_Toxins(3FTX),test,5
5620,5620,tr,R4G2T5,R4G2T5_DENDV,3FTx-Den-1,Denisonia devisi,529689,2,Three-Finger_Toxins(3FTX),train,5
5621,5621,tr,R4FIC0,R4FIC0_9SAUR,3FTx-Cac-81,Cacophis squamulosus,505434,2,Three-Finger_Toxins(3FTX),train,5
5622,5622,tr,R4FIT5,R4FIT5_9SAUR,3FTx-Pse-89,Pseudonaja modesta,340912,2,Three-Finger_Toxins(3FTX),train,5
5623,5623,tr,R4G2D8,R4G2D8_9SAUR,3FTx-Aca-57,Acanthophis wellsi,239747,2,Three-Finger_Toxins(3FTX),train,5
5624,5624,tr,R4G2G2,R4G2G2_9SAUR,3FTx-Ech-25,Echiopsis curta,529692,2,Three-Finger_Toxins(3FTX),train,5
5625,5625,tr,R4G2S3,R4G2S3_9SAUR,3FTx-Cac-152,Cacophis squamulosus,505434,2,Three-Finger_Toxins(3FTX),train,5
5626,5626,tr,R4G2U8,R4G2U8_9SAUR,3FTx-Ech-21,Echiopsis curta,529692,2,Three-Finger_Toxins(3FTX),train,5
5627,5627,tr,R4G7H7,R4G7H7_9SAUR,3FTx-Fur-31,Furina ornata,529697,2,Three-Finger_Toxins(3FTX),test,5
5628,5628,tr,R4FIH4,R4FIH4_9SAUR,3FTx-Fur-33,Furina ornata,529697,2,Three-Finger_Toxins(3FTX),train,5
5629,5629,tr,R4FIK1,R4FIK1_9SAUR,3FTx-Hem-18,Hemiaspis signata,355698,2,Three-Finger_Toxins(3FTX),test,5
5630,5630,tr,R4FIK4,R4FIK4_9SAUR,3FTx-Hem-9,Hemiaspis signata,355698,2,Three-Finger_Toxins(3FTX),test,5
5631,5631,tr,R4FJT0,R4FJT0_9SAUR,3FTx-Fur-26,Furina ornata,529697,2,Three-Finger_Toxins(3FTX),train,5
5632,5632,tr,R4FK28,R4FK28_9SAUR,3FTx-Hop-9,Hoplocephalus bungaroides,83403,2,Three-Finger_Toxins(3FTX),train,5
5633,5633,tr,R4G2W0,R4G2W0_9SAUR,3FTx-Fur-46,Furina ornata,529697,2,Three-Finger_Toxins(3FTX),train,5
5634,5634,tr,R4G2Y4,R4G2Y4_9SAUR,3FTx-Hem-5,Hemiaspis signata,355698,2,Three-Finger_Toxins(3FTX),train,5
5635,5635,tr,R4G319,R4G319_9SAUR,3FTx-Pse-78,Pseudonaja modesta,340912,2,Three-Finger_Toxins(3FTX),train,5
5636,5636,tr,R4FIZ2,R4FIZ2_9SAUR,3FTx-Ver-30,Vermicella annulata,1295044,2,Three-Finger_Toxins(3FTX),train,5
5637,5637,tr,R4FJH6,R4FJH6_9SAUR,3FTx-Bra-3,Brachyurophis roperi,1295043,2,Three-Finger_Toxins(3FTX),train,5
5638,5638,tr,R4FK68,R4FK68_9SAUR,3FTx-Pse-105,Pseudonaja modesta,340912,2,Three-Finger_Toxins(3FTX),train,5
5639,5639,tr,R4FKF8,R4FKF8_9SAUR,3FTx-Ver-27,Vermicella annulata,1295044,2,Three-Finger_Toxins(3FTX),train,5
5640,5640,tr,R4G2D7,R4G2D7_9SAUR,3FTx-Aca-112,Acanthophis wellsi,239747,2,Three-Finger_Toxins(3FTX),train,5
5641,5641,tr,R4G2E4,R4G2E4_9SAUR,3FTx-Bra-17,Brachyurophis roperi,1295043,2,Three-Finger_Toxins(3FTX),train,5
5642,5642,tr,R4G2L7,R4G2L7_9SAUR,3FTx-Ver-7,Vermicella annulata,1295044,2,Three-Finger_Toxins(3FTX),test,5
5643,5643,tr,R4G2P2,R4G2P2_9SAUR,3FTx-Aca-108,Acanthophis wellsi,239747,2,Three-Finger_Toxins(3FTX),train,5
5644,5644,tr,R4G2Q5,R4G2Q5_9SAUR,3FTx-Bra-28,Brachyurophis roperi,1295043,2,Three-Finger_Toxins(3FTX),train,5
5645,5645,tr,R4G2Q7,R4G2Q7_9SAUR,3FTx-Bra-13,Brachyurophis roperi,1295043,2,Three-Finger_Toxins(3FTX),train,5
5646,5646,tr,R4G7F4,R4G7F4_9SAUR,3FTx-Bra-9,Brachyurophis roperi,1295043,2,Three-Finger_Toxins(3FTX),train,5
5647,5647,tr,R4G7K4,R4G7K4_9SAUR,3FTx-Pse-39,Pseudonaja modesta,340912,2,Three-Finger_Toxins(3FTX),train,5
5648,5648,tr,R4FIZ6,R4FIZ6_9SAUR,3FTx-Ver-3,Vermicella annulata,1295044,2,Three-Finger_Toxins(3FTX),train,5
5649,5649,tr,R4FJG1,R4FJG1_9SAUR,3FTx-Bra-38,Brachyurophis roperi,1295043,2,Three-Finger_Toxins(3FTX),train,5
5650,5650,tr,R4FJH1,R4FJH1_9SAUR,3FTx-Bra-12,Brachyurophis roperi,1295043,2,Three-Finger_Toxins(3FTX),test,5
5651,5651,tr,R4FK93,R4FK93_9SAUR,3FTx-Pse-38,Pseudonaja modesta,340912,2,Three-Finger_Toxins(3FTX),val,5
5652,5652,tr,R4G2E3,R4G2E3_9SAUR,3FTx-Bra-30,Brachyurophis roperi,1295043,2,Three-Finger_Toxins(3FTX),train,5
5653,5653,tr,R4G2E5,R4G2E5_9SAUR,3FTx-Bra-8,Brachyurophis roperi,1295043,2,Three-Finger_Toxins(3FTX),train,5
5654,5654,tr,R4G2Q9,R4G2Q9_9SAUR,3FTx-Bra-6,Brachyurophis roperi,1295043,2,Three-Finger_Toxins(3FTX),train,5
5655,5655,tr,R4G323,R4G323_9SAUR,3FTx-Pse-15,Pseudonaja modesta,340912,2,Three-Finger_Toxins(3FTX),train,5
5656,5656,tr,R4FIP4,R4FIP4_9SAUR,3FTx-Hop-25,Hoplocephalus bungaroides,83403,2,Three-Finger_Toxins(3FTX),train,5
5657,5657,tr,R4FJK2,R4FJK2_9SAUR,3FTx-Cac-139,Cacophis squamulosus,505434,2,Three-Finger_Toxins(3FTX),train,5
5658,5658,tr,R4FJS5,R4FJS5_9SAUR,3FTx-Fur-44,Furina ornata,529697,2,Three-Finger_Toxins(3FTX),train,5
5659,5659,tr,R4G2D9,R4G2D9_9SAUR,3FTx-Aca-27,Acanthophis wellsi,239747,2,Three-Finger_Toxins(3FTX),val,5
5660,5660,tr,R4G2H8,R4G2H8_9SAUR,3FTx-Hem-6,Hemiaspis signata,355698,2,Three-Finger_Toxins(3FTX),train,5
5661,5661,tr,R4G2P6,R4G2P6_9SAUR,3FTx-Aca-18,Acanthophis wellsi,239747,2,Three-Finger_Toxins(3FTX),train,5
5662,5662,tr,R4G2Y2,R4G2Y2_9SAUR,3FTx-Hem-12,Hemiaspis signata,355698,2,Three-Finger_Toxins(3FTX),train,5
5663,5663,tr,R4G7E8,R4G7E8_9SAUR,3FTx-Aca-30,Acanthophis wellsi,239747,2,Three-Finger_Toxins(3FTX),train,5
5664,5664,tr,A7X3N6,A7X3N6_TELDH,3FTx-Tel1,Telescopus dhara,338837,2,Three-Finger_Toxins(3FTX),test,5
5665,5665,tr,R4FIH9,R4FIH9_9SAUR,3FTx-Fur-13,Furina ornata,529697,2,Three-Finger_Toxins(3FTX),train,5
5666,5666,tr,R4FIQ0,R4FIQ0_9SAUR,3FTx-Hop-7,Hoplocephalus bungaroides,83403,2,Three-Finger_Toxins(3FTX),train,5
5667,5667,tr,R4FJT6,R4FJT6_9SAUR,3FTx-Fur-14,Furina ornata,529697,2,Three-Finger_Toxins(3FTX),train,5
5668,5668,tr,R4FJX3,R4FJX3_9SAUR,3FTx-Hem-11,Hemiaspis signata,355698,2,Three-Finger_Toxins(3FTX),train,5
5669,5669,tr,R4FK75,R4FK75_9SAUR,3FTx-Pse-110,Pseudonaja modesta,340912,2,Three-Finger_Toxins(3FTX),train,5
5670,5670,tr,R4G2G8,R4G2G8_9SAUR,3FTx-Fur-28,Furina ornata,529697,2,Three-Finger_Toxins(3FTX),train,5
5671,5671,tr,R4G2J4,R4G2J4_9SAUR,3FTx-Pse-116,Pseudonaja modesta,340912,2,Three-Finger_Toxins(3FTX),train,5
5672,5672,tr,R4G2W2,R4G2W2_9SAUR,3FTx-Fur-27,Furina ornata,529697,2,Three-Finger_Toxins(3FTX),train,5
5673,5673,tr,R4G321,R4G321_9SAUR,3FTx-Pse-99,Pseudonaja modesta,340912,2,Three-Finger_Toxins(3FTX),train,5
5674,5674,tr,R4G7E7,R4G7E7_9SAUR,3FTx-Aca-62,Acanthophis wellsi,239747,2,Three-Finger_Toxins(3FTX),train,5
5675,5675,tr,R4G7I5,R4G7I5_9SAUR,3FTx-Hem-29,Hemiaspis signata,355698,2,Three-Finger_Toxins(3FTX),train,5
5676,5676,tr,R4G7K3,R4G7K3_9SAUR,3FTx-Pse-121,Pseudonaja modesta,340912,2,Three-Finger_Toxins(3FTX),train,5
5677,5677,tr,R4FI89,R4FI89_9SAUR,3FTx-Bra-36,Brachyurophis roperi,1295043,2,Three-Finger_Toxins(3FTX),train,5
5678,5678,tr,R4FI96,R4FI96_9SAUR,3FTx-Bra-10,Brachyurophis roperi,1295043,2,Three-Finger_Toxins(3FTX),test,5
5679,5679,tr,R4G2J5,R4G2J5_9SAUR,3FTx-Pse-24,Pseudonaja modesta,340912,2,Three-Finger_Toxins(3FTX),train,5
5680,5680,tr,R4G350,R4G350_9SAUR,3FTx-Ver-28,Vermicella annulata,1295044,2,Three-Finger_Toxins(3FTX),train,5
5681,5681,tr,A0A098LYD0,A0A098LYD0_9SAUR,3Ftx A,Opheodrys aestivus,186591,2,Three-Finger_Toxins(3FTX),train,5
5682,5682,tr,R4FID4,R4FID4_DENDV,3FTx-Den-15,Denisonia devisi,529689,2,Three-Finger_Toxins(3FTX),test,5
5683,5683,tr,R4FIU6,R4FIU6_9SAUR,3FTx-Pse-23,Pseudonaja modesta,340912,2,Three-Finger_Toxins(3FTX),train,5
5684,5684,tr,R4FKG3,R4FKG3_9SAUR,3FTx-Ver-5,Vermicella annulata,1295044,2,Three-Finger_Toxins(3FTX),train,5
5685,5685,tr,R4G352,R4G352_9SAUR,3FTx-Ver-10,Vermicella annulata,1295044,2,Three-Finger_Toxins(3FTX),train,5
5686,5686,tr,R4G7E6,R4G7E6_9SAUR,3FTx-Aca-118,Acanthophis wellsi,239747,2,Three-Finger_Toxins(3FTX),train,5
5687,5687,tr,R4G7G5,R4G7G5_DENDV,3FTx-Den-9,Denisonia devisi,529689,2,Three-Finger_Toxins(3FTX),test,5
5688,5688,tr,A0A098LWV2,A0A098LWV2_9SAUR,3Ftx A,Opheodrys aestivus,186591,2,Three-Finger_Toxins(3FTX),train,5
5689,5689,tr,A7X3Q4,A7X3Q4_DISTY,3FTx-Dis1,Dispholidus typus,46295,2,Three-Finger_Toxins(3FTX),train,5
5690,5690,tr,A7X3Q9,A7X3Q9_TRIBI,3FTx-Tri1,Trimorphodon biscutatus,338818,2,Three-Finger_Toxins(3FTX),train,5
5691,5691,tr,R4FJS0,R4FJS0_9SAUR,3FTx-Fur-61,Furina ornata,529697,2,Three-Finger_Toxins(3FTX),train,5
5692,5692,tr,R4G2J6,R4G2J6_9SAUR,3FTx-Pse-287,Pseudonaja modesta,340912,2,Three-Finger_Toxins(3FTX),train,5
5693,5693,tr,R4G2S0,R4G2S0_9SAUR,3FTx-Cac-225,Cacophis squamulosus,505434,2,Three-Finger_Toxins(3FTX),train,5
5694,5694,tr,R4G327,R4G327_9SAUR,3FTx-Pse-206,Pseudonaja modesta,340912,2,Three-Finger_Toxins(3FTX),train,5
5695,5695,tr,A7X3T2,A7X3T2_DISTY,3FTx-Dis2,Dispholidus typus,46295,2,Three-Finger_Toxins(3FTX),val,5
5696,5696,tr,A7X3U4,A7X3U4_THRJA,3FTx-Thr2,Thrasops jacksonii,186611,2,Three-Finger_Toxins(3FTX),train,5
5697,5697,tr,A0A182C5Y1,A0A182C5Y1_9SAUR,Three finger toxins,Phalotris mertensi,1260334,4,Three-Finger_Toxins(3FTX),train,5
5698,5698,tr,R4FIV9,R4FIV9_9SAUR,3FTx-Pse-272,Pseudonaja modesta,340912,2,Three-Finger_Toxins(3FTX),train,5
5699,5699,tr,R4FJR7,R4FJR7_9SAUR,3FTx-Fur-74,Furina ornata,529697,2,Three-Finger_Toxins(3FTX),train,5
5700,5700,tr,R4FKA6,R4FKA6_9SAUR,3FTx-Pse-288,Pseudonaja modesta,340912,2,Three-Finger_Toxins(3FTX),train,5
5701,5701,tr,R4G2G7,R4G2G7_9SAUR,3FTx-Fur-55,Furina ornata,529697,2,Three-Finger_Toxins(3FTX),train,5
5702,5702,tr,R4G7F2,R4G7F2_9SAUR,3FTx-Bra-34,Brachyurophis roperi,1295043,2,Three-Finger_Toxins(3FTX),train,5
5703,5703,tr,R4G2J9,R4G2J9_9SAUR,3FTx-Pse-263,Pseudonaja modesta,340912,2,Three-Finger_Toxins(3FTX),train,5
5704,5704,tr,R4G2K1,R4G2K1_9SAUR,3FTx-Pse-180,Pseudonaja modesta,340912,2,Three-Finger_Toxins(3FTX),train,5
5705,5705,tr,R4G2V7,R4G2V7_9SAUR,3FTx-Fur-62,Furina ornata,529697,2,Three-Finger_Toxins(3FTX),train,5
5706,5706,tr,R4G326,R4G326_9SAUR,3FTx-Pse-290,Pseudonaja modesta,340912,2,Three-Finger_Toxins(3FTX),train,5
5707,5707,tr,R4G330,R4G330_9SAUR,3FTx-Pse-200,Pseudonaja modesta,340912,2,Three-Finger_Toxins(3FTX),train,5
5708,5708,tr,R4G354,R4G354_9SAUR,3FTx-Ver-124,Vermicella annulata,1295044,2,Three-Finger_Toxins(3FTX),train,5
5709,5709,tr,R4G7H5,R4G7H5_9SAUR,3FTx-Fur-64,Furina ornata,529697,2,Three-Finger_Toxins(3FTX),train,5
5710,5710,tr,R4FIH0,R4FIH0_9SAUR,3FTx-Fur-58,Furina ornata,529697,2,Three-Finger_Toxins(3FTX),test,5
5711,5711,tr,R4G2F0,R4G2F0_9SAUR,3FTx-Cac-228,Cacophis squamulosus,505434,2,Three-Finger_Toxins(3FTX),train,5
5712,5712,tr,R4G2M0,R4G2M0_9SAUR,3FTx-Ver-128,Vermicella annulata,1295044,2,Three-Finger_Toxins(3FTX),test,5
5713,5713,tr,A7X3P8,A7X3P8_ERYPO,3FTx-Lio3,Erythrolamprus poecilogyrus,338838,2,Three-Finger_Toxins(3FTX),train,5
5714,5714,tr,R4FIG8,R4FIG8_9SAUR,3FTx-Fur-67,Furina ornata,529697,2,Three-Finger_Toxins(3FTX),train,5
5715,5715,tr,R4FJK0,R4FJK0_9SAUR,3FTx-Cac-220,Cacophis squamulosus,505434,2,Three-Finger_Toxins(3FTX),train,5
5716,5716,tr,R4G332,R4G332_9SAUR,3FTx-Pse-179,Pseudonaja modesta,340912,2,Three-Finger_Toxins(3FTX),train,5
5717,5717,tr,R4G7H6,R4G7H6_9SAUR,3FTx-Fur-57,Furina ornata,529697,2,Three-Finger_Toxins(3FTX),train,5
5718,5718,tr,R4G7K5,R4G7K5_9SAUR,3FTx-Pse-197,Pseudonaja modesta,340912,2,Three-Finger_Toxins(3FTX),train,5
5719,5719,tr,R4G7L9,R4G7L9_9SAUR,3FTx-Ver-130,Vermicella annulata,1295044,2,Three-Finger_Toxins(3FTX),train,5
5720,5720,tr,R4FIW5,R4FIW5_9SAUR,3FTx-Pse-268,Pseudonaja modesta,340912,2,Three-Finger_Toxins(3FTX),train,5
5721,5721,tr,R4G334,R4G334_9SAUR,3FTx-Pse-271,Pseudonaja modesta,340912,2,Three-Finger_Toxins(3FTX),train,5
5722,5722,tr,R4G7K9,R4G7K9_9SAUR,3FTx-Pse-267,Pseudonaja modesta,340912,2,Three-Finger_Toxins(3FTX),train,5
5723,5723,tr,R4FIZ8,R4FIZ8_9SAUR,3FTx-Ver-49,Vermicella annulata,1295044,2,Three-Finger_Toxins(3FTX),train,5
5724,5724,tr,R4G7M0,R4G7M0_9SAUR,3FTx-Ver-70,Vermicella annulata,1295044,2,Three-Finger_Toxins(3FTX),train,5
5725,5725,tr,A0A098LWV3,A0A098LWV3_9SAUR,3Ftx B,Opheodrys aestivus,186591,2,Three-Finger_Toxins(3FTX),train,5
5726,5726,tr,R4G7L0,R4G7L0_9SAUR,3FTx-Pse-188,Pseudonaja modesta,340912,2,Three-Finger_Toxins(3FTX),train,5
5727,5727,tr,R4G2M2,R4G2M2_9SAUR,3FTx-Ver-100,Vermicella annulata,1295044,2,Three-Finger_Toxins(3FTX),train,5
5728,5728,tr,R4FKG7,R4FKG7_9SAUR,3FTx-Ver-47,Vermicella annulata,1295044,2,Three-Finger_Toxins(3FTX),train,5
5729,5729,tr,R4FKC0,R4FKC0_9SAUR,3FTx-Pse-273,Pseudonaja modesta,340912,2,Three-Finger_Toxins(3FTX),train,5
5730,5730,tr,R4G2J7,R4G2J7_9SAUR,3FTx-Pse-207,Pseudonaja modesta,340912,2,Three-Finger_Toxins(3FTX),train,5
5731,5731,tr,R4G2K4,R4G2K4_9SAUR,3FTx-Pse-178,Pseudonaja modesta,340912,2,Three-Finger_Toxins(3FTX),train,5
5732,5732,tr,R4G2K6,R4G2K6_9SAUR,3FTx-Pse-243,Pseudonaja modesta,340912,2,Three-Finger_Toxins(3FTX),train,5
5733,5733,tr,R4FIW8,R4FIW8_9SAUR,3FTx-Pse-211,Pseudonaja modesta,340912,2,Three-Finger_Toxins(3FTX),train,5
5734,5734,tr,R4FKB1,R4FKB1_9SAUR,3FTx-Pse-204,Pseudonaja modesta,340912,2,Three-Finger_Toxins(3FTX),train,5
5735,5735,tr,R4FKC4,R4FKC4_9SAUR,3FTx-Pse-217,Pseudonaja modesta,340912,2,Three-Finger_Toxins(3FTX),train,5
5736,5736,tr,R4G2K2,R4G2K2_9SAUR,3FTx-Pse-256,Pseudonaja modesta,340912,2,Three-Finger_Toxins(3FTX),train,5
5737,5737,tr,R4G336,R4G336_9SAUR,3FTx-Pse-215,Pseudonaja modesta,340912,2,Three-Finger_Toxins(3FTX),train,5
5738,5738,tr,R4G338,R4G338_9SAUR,3FTx-Pse-229,Pseudonaja modesta,340912,2,Three-Finger_Toxins(3FTX),train,5
5739,5739,tr,R4G7K7,R4G7K7_9SAUR,3FTx-Pse-275,Pseudonaja modesta,340912,2,Three-Finger_Toxins(3FTX),train,5
5740,5740,tr,R4G7K8,R4G7K8_9SAUR,3FTx-Pse-191,Pseudonaja modesta,340912,2,Three-Finger_Toxins(3FTX),train,5
5741,5741,tr,R4G7L1,R4G7L1_9SAUR,3FTx-Pse-242,Pseudonaja modesta,340912,2,Three-Finger_Toxins(3FTX),train,5
5742,5742,tr,A0A182C5S7,A0A182C5S7_9SAUR,Three finger toxins,Phalotris mertensi,1260334,4,Three-Finger_Toxins(3FTX),test,5
5743,5743,tr,A7X3L3,A7X3L3_PSEPL,3FTx-Enh1,Pseudoferania polylepis,338839,2,Three-Finger_Toxins(3FTX),train,5
5744,5744,tr,M9SZR1,M9SZR1_CYLRU,3FTx-Cyl-1,Cylindrophis ruffus,186578,2,Three-Finger_Toxins(3FTX),train,5
5745,5745,tr,A7X3P2,A7X3P2_ERYPO,3FTx-Lio2,Erythrolamprus poecilogyrus,338838,2,Three-Finger_Toxins(3FTX),val,5
5746,5746,tr,R4G2G6,R4G2G6_9SAUR,3FTx-Fur-63,Furina ornata,529697,2,Three-Finger_Toxins(3FTX),test,5
5747,5747,tr,R4G7F3,R4G7F3_9SAUR,3FTx-Bra-25,Brachyurophis roperi,1295043,2,Three-Finger_Toxins(3FTX),train,5
5748,5748,tr,R4FJG5,R4FJG5_9SAUR,3FTx-Bra-27,Brachyurophis roperi,1295043,2,Three-Finger_Toxins(3FTX),train,5
5749,5749,tr,R4FI94,R4FI94_9SAUR,3FTx-Bra-26,Brachyurophis roperi,1295043,2,Three-Finger_Toxins(3FTX),train,5
5750,5750,tr,M9T271,M9T271_ASPME,3FTx-Asp-2,Aspidites melanocephalus,51883,2,Three-Finger_Toxins(3FTX),train,5
5751,5751,tr,M9T1L2,M9T1L2_ASPME,3FTx-Asp-1,Aspidites melanocephalus,51883,2,Three-Finger_Toxins(3FTX),val,5
5752,5752,tr,M9SZV9,M9SZV9_CYLRU,3FTx-Cyl-2,Cylindrophis ruffus,186578,2,Three-Finger_Toxins(3FTX),val,5
5753,5753,tr,A0A6P9C8Z9,A0A6P9C8Z9_PANGU,Probable weak neurotoxin 3FTx-Lio1,Pantherophis guttatus,94885,3,Three-Finger_Toxins(3FTX),train,5
5754,5754,tr,M9T2J4,M9T2J4_AZEFE,3FTx-Aze-1,Azemiops feae,8773,2,Three-Finger_Toxins(3FTX),train,5
5755,5755,tr,A0A6P9CDN4,A0A6P9CDN4_PANGU,Neurotoxin 3FTx-LT-like,Pantherophis guttatus,94885,4,Three-Finger_Toxins(3FTX),train,5
5756,5756,sp,Q9YI19,VM2MC_GLOBR,Zinc metalloproteinase/disintegrin,Gloydius brevicauda,3148161,1,Disintegrins,train,1
5757,5757,sp,Q072L5,VM2_BOTAS,Zinc metalloproteinase/disintegrin,Bothrops asper,8722,1,Disintegrins,train,1
5758,5758,sp,Q9IAB0,VM2CO_AGKCO,Zinc metalloproteinase/disintegrin,Agkistrodon contortrix contortrix,8713,1,Disintegrins,train,1
5759,5759,sp,P0C6E4,VM2JN_PROJR,Zinc metalloproteinase/disintegrin,Protobothrops jerdonii,242841,1,Disintegrins,train,1
5760,5760,sp,Q805F6,VM2AB_AGKCO,Zinc metalloproteinase/disintegrin,Agkistrodon contortrix contortrix,8713,1,Disintegrins,val,1
5761,5761,sp,A3R0T9,VM3_OPHHA,Zinc metalloproteinase-disintegrin-like ohanin,Ophiophagus hannah,8665,1,Disintegrins,train,1
5762,5762,sp,P0DJ44,VM3_VIPAA,Zinc metalloproteinase-disintegrin-like VaH1 (Fragment),Vipera ammodytes ammodytes,8705,1,Disintegrins,train,1
5763,5763,sp,Q698K8,VM2L4_GLOBR,Zinc metalloproteinase/disintegrin (Fragment),Gloydius brevicauda,3148161,1,Disintegrins,train,1
5764,5764,sp,P14530,VM2HA_PROFL,Zinc metalloproteinase/disintegrin,Protobothrops flavoviridis,88087,1,Disintegrins,train,1
5765,5765,sp,P0DJ43,VM3_MICIK,Zinc metalloproteinase-disintegrin-like mikarin (Fragment),Micropechis ikaheca,66188,1,Disintegrins,train,1
5766,5766,sp,Q5XUW8,VM2IA_BOTIN,Zinc metalloproteinase/disintegrin,Bothrops insularis,8723,1,Disintegrins,test,1
5767,5767,sp,C0L2T8,VM2C1_CRODO,Zinc metalloproteinase/disintegrin,Crotalus durissus collilineatus,221569,1,Disintegrins,train,1
5768,5768,sp,P83912,VM2JT_PROJR,Zinc metalloproteinase-disintegrin jerdonitin,Protobothrops jerdonii,242841,1,Disintegrins,val,1
5769,5769,sp,Q7ZZS9,VM2J_PROJR,Zinc metalloproteinase/disintegrin,Protobothrops jerdonii,242841,1,Disintegrins,train,1
5770,5770,sp,P0C7B1,VM3BG_BOTAL,Zinc metalloproteinase-disintegrin-like BaG (Fragment),Bothrops alternatus,64174,1,Disintegrins,test,1
5771,5771,sp,U5PZ28,VM2H1_BOTLA,Zinc metalloproteinase-disintegrin BlatH1,Bothriechis lateralis,44727,1,Disintegrins,test,1
5772,5772,sp,P0DJE2,VM3A_VIPAA,Zinc metalloproteinase-disintegrin-like ammodytagin (Fragment),Vipera ammodytes ammodytes,8705,1,Disintegrins,test,1
5773,5773,sp,P0C6E8,VM3G1_CRAGM,Zinc metalloproteinase/disintegrin (Fragment),Craspedocephalus gramineus,8767,1,Disintegrins,test,1
5774,5774,sp,Q90495,VM3E_ECHCA,Zinc metalloproteinase-disintegrin-like ecarin,Echis carinatus,40353,1,Disintegrins,val,1
5775,5775,sp,Q805F4,VM2PB_AGKPI,Zinc metalloproteinase/disintegrin,Agkistrodon piscivorus piscivorus,8716,1,Disintegrins,train,1
5776,5776,sp,P0C6E3,VM2B1_AGKBI,Zinc metalloproteinase-disintegrin bilitoxin-1,Agkistrodon bilineatus,8718,1,Disintegrins,train,1
5777,5777,sp,P0DJH5,VM3DM_DABSI,Zinc metalloproteinase-disintegrin-like daborhagin-M (Fragment),Daboia siamensis,343250,1,Disintegrins,train,1
5778,5778,sp,Q90WC0,VM2HS_GLOBR,Zinc metalloproteinase/disintegrin (Fragment),Gloydius brevicauda,3148161,1,Disintegrins,train,1
5779,5779,sp,Q2LD49,VM3TM_TRIST,Zinc metalloproteinase-disintegrin-like TSV-DM,Trimeresurus stejnegeri,39682,1,Disintegrins,train,1
5780,5780,sp,D6PXE8,VM3B_NAJAT,Zinc metalloproteinase-disintegrin-like atrase-B,Naja atra,8656,1,Disintegrins,train,1
5781,5781,sp,P17349,VM2E1_PROEL,Zinc metalloproteinase/disintegrin,Protobothrops elegans,88086,1,Disintegrins,train,1
5782,5782,sp,P0DJH3,VMP3A_DEIAC,Zinc metalloproteinase-disintegrin-like AAV1 (Fragment),Deinagkistrodon acutus,36307,1,Disintegrins,train,1
5783,5783,sp,D3TTC2,VM3H_NAJAT,Zinc metalloproteinase-disintegrin-like atragin,Naja atra,8656,1,Disintegrins,val,1
5784,5784,sp,O93523,VM3BP_BOTJA,Zinc metalloproteinase-disintegrin-like bothropasin,Bothrops jararaca,8724,1,Disintegrins,test,1
5785,5785,sp,Q8JIR2,VM3HA_PROFL,Zinc metalloproteinase/disintegrin-like HR1a,Protobothrops flavoviridis,88087,1,Disintegrins,train,1
5786,5786,sp,Q6T271,VM2BI_BITGA,Zinc metalloproteinase/disintegrin (Fragment),Bitis gabonica,8694,1,Disintegrins,train,1
5787,5787,sp,Q98SP2,VM2J2_BOTJA,Zinc metalloproteinase/disintegrin,Bothrops jararaca,8724,1,Disintegrins,train,1
5788,5788,sp,Q4VM07,VM3VB_MACLB,Zinc metalloproteinase-disintegrin-like VLAIP-B,Macrovipera lebetinus,3148341,1,Disintegrins,train,1
5789,5789,sp,Q8UVG0,VM3BE_BOTER,Zinc metalloproteinase-disintegrin-like berythractivase,Bothrops erythromelas,44710,1,Disintegrins,train,1
5790,5790,sp,P0DM90,VM32B_GLOBR,Zinc metalloproteinase-disintegrin-like brevilysin H2b,Gloydius brevicauda,3148161,1,Disintegrins,val,1
5791,5791,sp,P0DM89,VM32A_GLOBR,Zinc metalloproteinase-disintegrin-like brevilysin H2a,Gloydius brevicauda,3148161,1,Disintegrins,train,1
5792,5792,sp,P34182,VM2AE_CROAT,Zinc metalloproteinase/disintegrin,Crotalus atrox,8730,1,Disintegrins,train,1
5793,5793,sp,Q14FJ4,VM2OC_ECHOC,Zinc metalloproteinase/disintegrin,Echis ocellatus,99586,1,Disintegrins,train,1
5794,5794,sp,O57413,VM2T3_PROMU,Zinc metalloproteinase/disintegrin,Protobothrops mucrosquamatus,103944,1,Disintegrins,test,1
5795,5795,sp,Q1PHZ4,VM3B1_BOTJR,Zinc metalloproteinase-disintegrin-like BjussuMP-1 (Fragment),Bothrops jararacussu,8726,1,Disintegrins,train,1
5796,5796,sp,Q10749,VM3M1_NAJMO,Snake venom metalloproteinase-disintegrin-like mocarhagin,Naja mossambica,8644,1,Disintegrins,train,1
5797,5797,sp,B8K1W0,VM3DK_DABRR,Zinc metalloproteinase-disintegrin-like daborhagin-K,Daboia russelii,8707,1,Disintegrins,train,1
5798,5798,sp,P30403,VM2RH_CALRH,Zinc metalloproteinase/disintegrin,Calloselasma rhodostoma,8717,1,Disintegrins,train,1
5799,5799,sp,Q90ZI3,VM3H1_PROFL,Zinc metalloproteinase-disintegrin-like HV1,Protobothrops flavoviridis,88087,1,Disintegrins,val,1
5800,5800,sp,Q90YA6,VM2E2_PROEL,Zinc metalloproteinase/disintegrin,Protobothrops elegans,88086,1,Disintegrins,train,1
5801,5801,sp,P0C7B0,VM3H6_GLOBR,Zinc metalloproteinase-disintegrin-like brevilysin H6,Gloydius brevicauda,3148161,1,Disintegrins,train,1
5802,5802,sp,P20164,VM3HB_PROFL,Zinc metalloproteinase-disintegrin-like HR1b,Protobothrops flavoviridis,88087,1,Disintegrins,train,1
5803,5803,sp,D3TTC1,VM3KL_NAJAT,Zinc metalloproteinase-disintegrin-like kaouthiagin-like,Naja atra,8656,1,Disintegrins,test,1
5804,5804,sp,Q98995,VM2L2_MACLB,Zinc metalloproteinase/disintegrin,Macrovipera lebetinus,3148341,1,Disintegrins,train,1
5805,5805,sp,P0C6R9,VM3A_BOTAL,Zinc metalloproteinase-disintegrin-like alternagin (Fragment),Bothrops alternatus,64174,1,Disintegrins,train,1
5806,5806,sp,Q8AWI5,VM3HA_GLOHA,Zinc metalloproteinase-disintegrin-like halysase,Gloydius halys,8714,1,Disintegrins,train,1
5807,5807,sp,Q0NZX5,VM2JA_BOTJA,Zinc metalloproteinase/disintegrin,Bothrops jararaca,8724,1,Disintegrins,train,1
5808,5808,sp,Q4VM08,VM3VA_MACLB,Zinc metalloproteinase-disintegrin-like VLAIP-A,Macrovipera lebetinus,3148341,1,Disintegrins,test,1
5809,5809,sp,Q9W6M5,VM3AH_DEIAC,Zinc metalloproteinase-disintegrin-like acurhagin,Deinagkistrodon acutus,36307,1,Disintegrins,val,1
5810,5810,sp,P17347,VM2EA_ECHCS,Disintegrin metalloproteinase/disintegrin echistatin (Fragment),Echis carinatus sochureki,124223,1,Disintegrins,train,1
5811,5811,sp,Q2UXQ5,VM3E2_ECHOC,Zinc metalloproteinase-disintegrin-like EoVMP2,Echis ocellatus,99586,1,Disintegrins,test,1
5812,5812,sp,A0A0B4U9L8,VMF1_VIPAA,Zinc metalloproteinase-disintegrin-like protein F1,Vipera ammodytes ammodytes,8705,1,Disintegrins,train,1
5813,5813,sp,Q9DGB9,VM3V1_CROAT,Zinc metalloproteinase-disintegrin-like VAP1,Crotalus atrox,8730,1,Disintegrins,test,1
5814,5814,sp,Q90282,VM3VB_CROAT,Zinc metalloproteinase-disintegrin-like VAP2B,Crotalus atrox,8730,1,Disintegrins,train,1
5815,5815,sp,P30431,VM3JA_BOTJA,Zinc metalloproteinase-disintegrin-like jararhagin (Fragment),Bothrops jararaca,8724,1,Disintegrins,train,1
5816,5816,sp,A4PBQ9,VM3VA_CROAT,Zinc metalloproteinase-disintegrin-like VAP2A,Crotalus atrox,8730,1,Disintegrins,test,1
5817,5817,sp,R4NNL0,VMH3_VIPAA,Zinc metalloproteinase-disintegrin-like protein H3,Vipera ammodytes ammodytes,8705,1,Disintegrins,val,1
5818,5818,sp,Q7SZE0,VM2SA_GLOIT,Zinc metalloproteinase/disintegrin,Gloydius intermedius,44732,2,Disintegrins,train,1
5819,5819,sp,P18619,VM2FL_PROFL,Zinc metalloproteinase/disintegrin,Protobothrops flavoviridis,88087,1,Disintegrins,train,1
5820,5820,sp,A8QL48,VM3_BUNFA,Zinc metalloproteinase-disintegrin-like BfMP (Fragment),Bungarus fasciatus,8613,2,Disintegrins,train,1
5821,5821,sp,A8QL49,VM3_BUNMU,Zinc metalloproteinase-disintegrin-like BmMP,Bungarus multicinctus,8616,1,Disintegrins,train,1
5822,5822,sp,A8QL59,VM3_NAJAT,Zinc metalloproteinase-disintegrin-like NaMP,Naja atra,8656,2,Disintegrins,train,1
5823,5823,sp,E9NW26,VM2P1_PROMU,Zinc metalloproteinase/disintegrin PMMP-1,Protobothrops mucrosquamatus,103944,2,Disintegrins,train,1
5824,5824,sp,Q9IAX6,VM2M2_DEIAC,Zinc metalloproteinase/disintegrin (Fragment),Deinagkistrodon acutus,36307,2,Disintegrins,train,1
5825,5825,sp,O73795,VM2MB_GLOBR,Zinc metalloproteinase/disintegrin,Gloydius brevicauda,3148161,2,Disintegrins,train,1
5826,5826,sp,D8VNS0,VM3_CERRY,Zinc metalloproteinase-disintegrin-like,Cerberus rynchops,46267,1,Disintegrins,train,1
5827,5827,sp,Q9PVK9,VM2MD_GLOBR,Zinc metalloproteinase/disintegrin,Gloydius brevicauda,3148161,2,Disintegrins,train,1
5828,5828,sp,Q2QA02,VM3_CRODD,Zinc metalloproteinase-disintegrin-like,Crotalus durissus durissus,31150,2,Disintegrins,train,1
5829,5829,sp,Q1PBD1,VM2DI_GLOHA,Zinc metalloproteinase/disintegrin,Gloydius halys,8714,2,Disintegrins,train,1
5830,5830,sp,E9NW27,VM2P2_PROMU,Zinc metalloproteinase/disintegrin PMMP-2,Protobothrops mucrosquamatus,103944,2,Disintegrins,train,1
5831,5831,sp,P0DKR0,VM3_BOTMO,Zinc metalloproteinase-disintegrin-like moojenin (Fragment),Bothrops moojeni,98334,1,Disintegrins,train,1
5832,5832,sp,P0DM87,VM2_TRIST,Zinc metalloproteinase-disintegrin stejnitin,Trimeresurus stejnegeri,39682,1,Disintegrins,train,1
5833,5833,sp,P0DM97,VM25A_BITAR,Zinc metalloproteinase-disintegrin BA-5A,Bitis arietans,8692,2,Disintegrins,train,1
5834,5834,sp,Q90220,VM2H1_GLOHA,Zinc metalloproteinase/disintegrin,Gloydius halys,8714,2,Disintegrins,train,1
5835,5835,sp,Q92043,VM3AA_CROAT,Zinc metalloproteinase-disintegrin-like atrolysin-A (Fragment),Crotalus atrox,8730,1,Disintegrins,train,1
5836,5836,sp,Q8AWX7,VM2AG_GLOHA,Zinc metalloproteinase-disintegrin agkistin,Gloydius halys,8714,2,Disintegrins,val,1
5837,5837,sp,A0A6B7FMR5,VMMP3_VIPAA,Disintegrin-like/cysteine-rich protein MPIII-3,Vipera ammodytes ammodytes,8705,1,Disintegrins,train,1
5838,5838,sp,C0HL97,VM3_CROVE,Zinc metalloproteinase-disintegrin-like uracoina-1 (Fragment),Crotalus vegrandis,184545,1,Disintegrins,train,1
5839,5839,sp,J3SBP9,VM28_CROAD,Zinc metalloproteinase-disintegrin 8,Crotalus adamanteus,8729,1,Disintegrins,train,1
5840,5840,sp,J3S829,VM32A_CROAD,Zinc metalloproteinase-disintegrin-like 2a,Crotalus adamanteus,8729,1,Disintegrins,train,1
5841,5841,sp,J3S830,VM33_CROAD,Zinc metalloproteinase-disintegrin-like 3a,Crotalus adamanteus,8729,1,Disintegrins,train,1
5842,5842,sp,J3SDW6,VM32D_CROAD,Zinc metalloproteinase-disintegrin-like 2d,Crotalus adamanteus,8729,1,Disintegrins,val,1
5843,5843,sp,J3SDW8,VM38_CROAD,Zinc metalloproteinase-disintegrin-like 8,Crotalus adamanteus,8729,1,Disintegrins,train,1
5844,5844,sp,P82942,VM3K_NAJKA,Hemorrhagic metalloproteinase-disintegrin-like kaouthiagin,Naja kaouthia,8649,1,Disintegrins,val,1
5845,5845,sp,V5TBK6,VMH4A_VIPAA,Zinc metalloproteinase-disintegrin-like protein H4 subunit A,Vipera ammodytes ammodytes,8705,1,Disintegrins,train,1
5846,5846,sp,F8RKW0,VM38_DRYCN,Zinc metalloproteinase-disintegrin-like MTP8,Drysdalia coronoides,66186,1,Disintegrins,train,1
5847,5847,sp,F8RKW1,VM34_DRYCN,Zinc metalloproteinase-disintegrin-like MTP4,Drysdalia coronoides,66186,1,Disintegrins,train,1
5848,5848,sp,F8RKV9,VM39_DRYCN,Zinc metalloproteinase-disintegrin-like MTP9,Drysdalia coronoides,66186,1,Disintegrins,test,1
5849,5849,sp,Q9PVK7,VM3_NAJKA,Zinc metalloproteinase-disintegrin-like cobrin,Naja kaouthia,8649,2,Disintegrins,val,1
5850,5850,sp,P0DM88,VM3_PROJR,Zinc metalloproteinase-disintegrin-like jerdohagin (Fragment),Protobothrops jerdonii,242841,1,Disintegrins,train,1
5851,5851,sp,Q8QG88,VM36A_BOTIN,Zinc metalloproteinase-disintegrin-like BITM06A,Bothrops insularis,8723,2,Disintegrins,train,1
5852,5852,sp,P0DJ87,VM3L_BOTLC,Zinc metalloproteinase-disintegrin-like leucurogin (Fragment),Bothrops leucurus,157295,2,Disintegrins,train,1
5853,5853,sp,C9E1S1,VM2V2_AGKPL,Zinc metalloproteinase/disintegrin VMP-II,Agkistrodon piscivorus leucostoma,459671,2,Disintegrins,val,1
5854,5854,sp,Q9PWJ0,VM2A2_DEIAC,Zinc metalloproteinase/disintegrin,Deinagkistrodon acutus,36307,1,Disintegrins,train,1
5855,5855,sp,F8S108,VM34_CROAD,Zinc metalloproteinase-disintegrin-like 4a,Crotalus adamanteus,8729,1,Disintegrins,train,1
5856,5856,sp,Q1PS45,VM3AK_DEIAC,Zinc metalloproteinase-disintegrin-like agkihagin,Deinagkistrodon acutus,36307,2,Disintegrins,train,1
5857,5857,sp,C9E1R9,VM2V2_CROVV,Zinc metalloproteinase/disintegrin VMP-II,Crotalus viridis viridis,8742,2,Disintegrins,val,1
5858,5858,sp,Q98UF9,VM3H3_BOTJA,Zinc metalloproteinase-disintegrin-like HF3,Bothrops jararaca,8724,1,Disintegrins,val,1
5859,5859,sp,P15503,VM2TA_CRAGM,Zinc metalloproteinase/disintegrin,Craspedocephalus gramineus,8767,1,Disintegrins,train,1
5860,5860,sp,C9E1R7,VM2V2_CROAT,Zinc metalloproteinase-disintegrin VMP-II,Crotalus atrox,8730,2,Disintegrins,train,1
5861,5861,sp,Q3HTN1,VM3SA_TRIST,Zinc metalloproteinase-disintegrin-like stejnihagin-A,Trimeresurus stejnegeri,39682,2,Disintegrins,train,1
5862,5862,sp,Q3HTN2,VM3SB_TRIST,Zinc metalloproteinase-disintegrin-like stejnihagin-B,Trimeresurus stejnegeri,39682,2,Disintegrins,train,1
5863,5863,sp,P0DJH2,VM3AL_TRIAB,Zinc metalloproteinase-disintegrin-like alborhagin (Fragment),Trimeresurus albolabris,8765,1,Disintegrins,train,1
5864,5864,sp,C9E1R8,VM3V3_CROVV,Zinc metalloproteinase-disintegrin-like VMP-III,Crotalus viridis viridis,8742,2,Disintegrins,train,1
5865,5865,sp,C9E1S0,VM3V3_AGKPL,Zinc metalloproteinase-disintegrin-like VMP-III,Agkistrodon piscivorus leucostoma,459671,2,Disintegrins,train,1
5866,5866,sp,Q6X1T6,VM3E6_ECHOC,Zinc metalloproteinase-disintegrin-like EoMP06 (Fragment),Echis ocellatus,99586,2,Disintegrins,train,1
5867,5867,sp,P31989,VM2JC_BOTJA,Zinc metalloproteinase/disintegrin (Fragment),Bothrops jararaca,8724,1,Disintegrins,train,1
5868,5868,sp,Q2UXR0,VM3E1_ECHOC,Zinc metalloproteinase-disintegrin-like Eoc1,Echis ocellatus,99586,2,Disintegrins,train,1
5869,5869,sp,P22028,VM3B_BOTJA,Zinc metalloproteinase-disintegrin-like botrocetin (Fragment),Bothrops jararaca,8724,1,Disintegrins,train,1
5870,5870,sp,J9Z332,VM2_CROAD,Zinc metalloproteinase-disintegrin VMP-II,Crotalus adamanteus,8729,2,Disintegrins,train,1
5871,5871,sp,P17497,VM2_BITAR,Disintegrin bitistatin,Bitis arietans,8692,1,Disintegrins,train,1
5872,5872,sp,O42138,VM3AD_AGKCL,Zinc metalloproteinase-disintegrin-like ACLD,Agkistrodon contortrix laticinctus,2782196,2,Disintegrins,train,1
5873,5873,sp,P0C6S4,VM2TO_ERIMA,Disintegrin eristostatin,Eristicophis macmahoni,110227,1,Disintegrins,train,1
5874,5874,sp,Q805F7,DIDA_AGKCO,Disintegrin acostatin-alpha,Agkistrodon contortrix contortrix,8713,1,Disintegrins,train,1
5875,5875,sp,C5H5D2,VM31_BOTAT,Zinc metalloproteinase-disintegrin-like batroxstatin-1,Bothrops atrox,8725,2,Disintegrins,train,1
5876,5876,sp,C5H5D4,VM33_BOTAT,Zinc metalloproteinase-disintegrin-like batroxstatin-3 (Fragment),Bothrops atrox,8725,2,Disintegrins,train,1
5877,5877,sp,C5H5D1,VM31_CRODC,Zinc metalloproteinase-disintegrin-like crotastatin (Fragment),Crotalus durissus cascavella,184540,2,Disintegrins,test,1
5878,5878,sp,P83253,DID1A_MACLB,Disintegrin lebein-1-alpha,Macrovipera lebetinus,3148341,1,Disintegrins,train,1
5879,5879,sp,Q90221,VM2H2_GLOHA,Zinc metalloproteinase/disintegrin (Fragment),Gloydius halys,8714,2,Disintegrins,train,1
5880,5880,sp,O93516,VM2S2_GLOBR,Zinc metalloproteinase/disintegrin (Fragment),Gloydius brevicauda,3148161,2,Disintegrins,train,1
5881,5881,sp,P0DM46,VM3A_MICCO,Zinc metalloproteinase-disintegrin-like (Fragment),Micrurus corallinus,54390,1,Disintegrins,train,1
5882,5882,sp,Q0NZX6,VM2JR_BOTJA,Zinc metalloproteinase-disintegrin jararin (Fragment),Bothrops jararaca,8724,2,Disintegrins,train,1
5883,5883,sp,O93517,VM3S4_GLOBR,Zinc metalloproteinase/disintegrin (Fragment),Gloydius brevicauda,3148161,2,Disintegrins,train,1
5884,5884,sp,O93518,VM3S5_GLOBR,Zinc metalloproteinase/disintegrin (Fragment),Gloydius brevicauda,3148161,2,Disintegrins,train,1
5885,5885,sp,Q7SZD9,VM2US_GLOUS,Zinc metalloproteinase/disintegrin ussurin,Gloydius ussuriensis,35671,2,Disintegrins,train,1
5886,5886,sp,E9NW28,VM2P3_PROMU,Zinc metalloproteinase/disintegrin (Fragment),Protobothrops mucrosquamatus,103944,2,Disintegrins,test,1
5887,5887,sp,O93515,VM2S3_GLOBR,Zinc metalloproteinase-disintegrin salmosin-3 (Fragment),Gloydius brevicauda,3148161,2,Disintegrins,train,1
5888,5888,sp,C0HJM4,VM2_CROSM,Disintegrin simusmin,Crotalus simus,1043007,1,Disintegrins,train,1
5889,5889,sp,P0C7N3,VM3CR_CROVV,Zinc metalloproteinase-disintegrin-like crovidisin (Fragment),Crotalus viridis viridis,8742,1,Disintegrins,train,1
5890,5890,sp,A2CJE4,VM3C_CROAT,Zinc metalloproteinase-disintegrin-like catroriarin (Fragment),Crotalus atrox,8730,2,Disintegrins,train,1
5891,5891,sp,Q0NZX9,VM3B2_BOTJA,Zinc metalloproteinase-disintegrin-like bothrojarin-2 (Fragment),Bothrops jararaca,8724,1,Disintegrins,train,1
5892,5892,sp,A2CJE2,VM3S_CROSS,Zinc metalloproteinase-disintegrin-like scutiarin (Fragment),Crotalus scutulatus scutulatus,8738,2,Disintegrins,train,1
5893,5893,sp,A2CJE3,VM3V_CROVV,Zinc metalloproteinase-disintegrin-like viristiarin (Fragment),Crotalus viridis viridis,8742,2,Disintegrins,train,1
5894,5894,sp,Q0NZX8,VM3B3_BOTJA,Zinc metalloproteinase-disintegrin-like bothrojarin-3 (Fragment),Bothrops jararaca,8724,1,Disintegrins,train,1
5895,5895,sp,D5LMJ3,VM3A_NAJAT,Zinc metalloproteinase-disintegrin-like atrase-A,Naja atra,8656,2,Disintegrins,train,1
5896,5896,sp,P0C7X6,VM212_CROHD,Disintegrin horridistatin-2,Crotalus horridus,35024,1,Disintegrins,train,1
5897,5897,sp,P0C7X7,VM212_CROSS,Disintegrin mojastin-2,Crotalus scutulatus scutulatus,8738,1,Disintegrins,train,1
5898,5898,sp,P68520,VM2IC_CROAT,Disintegrin crotatroxin,Crotalus atrox,8730,1,Disintegrins,test,1
5899,5899,sp,Q9DGH6,VM2_GLOHA,Disintegrin saxatilin,Gloydius halys,8714,1,Disintegrins,train,1
5900,5900,sp,Q0NZX7,VM3B4_BOTJA,Zinc metalloproteinase-disintegrin-like bothrojarin-4 (Fragment),Bothrops jararaca,8724,2,Disintegrins,train,1
5901,5901,sp,Q0NZY0,VM3B1_BOTJA,Zinc metalloproteinase-disintegrin-like bothrojarin-1 (Fragment),Bothrops jararaca,8724,2,Disintegrins,test,1
5902,5902,sp,Q90Y44,VM3H_GLOHA,Disintegrin-like halysetin,Gloydius halys,8714,1,Disintegrins,val,1
5903,5903,sp,P0DM77,VM2_DEIAC,Disintegrin accutin,Deinagkistrodon acutus,36307,1,Disintegrins,train,1
5904,5904,sp,P85005,VM3PN_PROSR,Zinc metalloproteinase-disintegrin-like proatherocytin (Fragment),Proatheris superciliaris,110218,1,Disintegrins,val,1
5905,5905,sp,C0LZJ5,VM3LC_MACLN,Disintegrin-like leberagin-C,Macrovipera lebetina transmediterranea,384075,1,Disintegrins,train,1
5906,5906,sp,Q3BER4,DID5A_ECHOC,Disintegrin EO5A,Echis ocellatus,99586,1,Disintegrins,train,1
5907,5907,sp,P0C6B6,VM2AL_TRIAB,Zinc metalloproteinase homolog-disintegrin albolatin,Trimeresurus albolabris,8765,1,Disintegrins,train,1
5908,5908,sp,Q6T6T3,DID1_BITGA,Disintegrin gabonin-1,Bitis gabonica,8694,1,Disintegrins,train,1
5909,5909,sp,Q3BER1,DIS_ECHOC,Disintegrin ocellatusin,Echis ocellatus,99586,1,Disintegrins,val,1
5910,5910,sp,P83469,DIS_MACLO,Disintegrin obtustatin,Macrovipera lebetina obtusa,209528,1,Disintegrins,train,1
5911,5911,sp,Q7ZZM2,DIS_PROJR,Disintegrin jerdostatin,Protobothrops jerdonii,242841,1,Disintegrins,train,1
5912,5912,sp,P81743,VM2AB_ERIMA,Disintegrin EMF10B,Eristicophis macmahoni,110227,1,Disintegrins,test,1
5913,5913,sp,Q076D1,VM31_CRODU,Zinc metalloproteinase-disintegrin-like crotastatin,Crotalus durissus terrificus,8732,2,Disintegrins,train,1
5914,5914,sp,Q3BER3,DID4A_ECHOC,Disintegrin EO4A,Echis ocellatus,99586,1,Disintegrins,train,1
5915,5915,sp,C5H5D5,VM31_LACMR,Zinc metalloproteinase-disintegrin-like lachestatin-1,Lachesis muta rhombeata,60219,2,Disintegrins,train,1
5916,5916,sp,C5H5D6,VM32_LACMR,Zinc metalloproteinase-disintegrin-like lachestatin-2,Lachesis muta rhombeata,60219,2,Disintegrins,train,1
5917,5917,sp,C5H5D3,VM32_BOTAT,Zinc metalloproteinase-disintegrin-like batroxstatin-2 (Fragment),Bothrops atrox,8725,2,Disintegrins,test,1
5918,5918,sp,Q3BK14,DIS_MACLB,Disintegrin lebestatin,Macrovipera lebetinus,3148341,1,Disintegrins,train,1
5919,5919,sp,Q3BK13,DID2A_MACLB,Disintegrin lebein-2-alpha,Macrovipera lebetinus,3148341,1,Disintegrins,train,1
5920,5920,sp,P83254,DID1B_MACLB,Disintegrin lebein-1-beta,Macrovipera lebetinus,3148341,1,Disintegrins,val,1
5921,5921,sp,C0HJM5,VM2_CERSA,Disintegrin sasaimin,Cerrophidion sasai,1200835,1,Disintegrins,train,1
5922,5922,sp,P0DW30,VM2_METMX,Disintegrin atropoimin (Fragment),Metlapilcoatlus mexicanus,2902644,1,Disintegrins,train,1
5923,5923,sp,Q7LZK1,VM2EB_ECHPL,Disintegrin echistatin-beta,Echis pyramidum leakeyi,38415,1,Disintegrins,test,1
5924,5924,sp,H9M5U4,VM2_CRORU,Disintegrin rubistatin (Fragment),Crotalus ruber ruber,8736,2,Disintegrins,train,1
5925,5925,sp,C0HK50,VM2_CROTA,Disintegrin tzabcanin,Crotalus tzabcan,1043006,1,Disintegrins,val,1
5926,5926,sp,P0C6A5,VM2A6_VIPAA,Disintegrin VA6,Vipera ammodytes ammodytes,8705,1,Disintegrins,train,1
5927,5927,sp,P0C6A9,VM25A_MACLO,Disintegrin VLO5A,Macrovipera lebetina obtusa,209528,1,Disintegrins,train,1
5928,5928,sp,P0C6A7,VM27B_VIPBB,Disintegrin VB7B,Vipera berus berus,31156,1,Disintegrins,train,1
5929,5929,sp,Q801Z4,VM2_BOTAL,Disintegrin DisBa-01,Bothrops alternatus,64174,1,Disintegrins,train,1
5930,5930,sp,P18618,VM2_BOTAT,Disintegrin batroxostatin,Bothrops atrox,8725,1,Disintegrins,val,1
5931,5931,sp,Q5EE07,DID_ECHCA,Disintegrin (Fragment),Echis carinatus,40353,1,Disintegrins,train,1
5932,5932,sp,P17495,VM2B_CRAGM,Disintegrin trigramin-beta-2,Craspedocephalus gramineus,8767,1,Disintegrins,train,1
5933,5933,sp,P23323,VM2C_PROFL,Disintegrin CTF-II,Protobothrops flavoviridis,88087,1,Disintegrins,train,1
5934,5934,sp,Q7LZI5,VM2I1_GLOUS,Disintegrin ussuristatin-1,Gloydius ussuriensis,35671,1,Disintegrins,train,1
5935,5935,sp,Q7LZT4,VM2I2_GLOUS,Disintegrin ussuristatin-2,Gloydius ussuriensis,35671,1,Disintegrins,train,1
5936,5936,sp,P22826,VM2TI_ERIMA,Disintegrin eristicophin,Eristicophis macmahoni,110227,1,Disintegrins,test,1
5937,5937,sp,P81631,VM23B_ECHCA,Disintegrin EC3B,Echis carinatus,40353,1,Disintegrins,train,1
5938,5938,sp,P81630,VM23A_ECHCA,Disintegrin EC3A,Echis carinatus,40353,1,Disintegrins,train,1
5939,5939,sp,M5BGS2,DID_ATHSQ,Disintegrin DS-AS,Atheris squamigera,110225,1,Disintegrins,train,1
5940,5940,sp,M5BGY5,DID_ATHCH,Disintegrin DS-AC,Atheris chlorechis,110216,1,Disintegrins,train,1
5941,5941,sp,M5BHN0,DID_ATHNI,Disintegrin DS-AN,Atheris nitschei,110224,1,Disintegrins,train,1
5942,5942,sp,P21858,VM2_GLOBL,Disintegrin halysin,Gloydius blomhoffii,242054,1,Disintegrins,train,1
5943,5943,sp,P31990,VM2I_LACMU,Disintegrin lachesin,Lachesis muta muta,8753,1,Disintegrins,train,1
5944,5944,sp,P62384,VM2G_TRIAB,Disintegrin albolabrin,Trimeresurus albolabris,8765,1,Disintegrins,train,1
5945,5945,sp,P22828,VM2I_SISTE,Disintegrin tergeminin,Sistrurus tergeminus,8757,1,Disintegrins,train,1
5946,5946,sp,P83041,DID5_CERCE,Disintegrin CC5,Cerastes cerastes,8697,1,Disintegrins,train,1
5947,5947,sp,P31988,VM2_BOTCO,Disintegrin cotiarin,Bothrops cotiara,8727,1,Disintegrins,train,1
5948,5948,sp,P31982,VM2I_CROCC,Disintegrin cerastin,Crotalus cerastes cerastes,31149,1,Disintegrins,train,1
5949,5949,sp,P31984,VM2I_CROMM,Disintegrin molossin,Crotalus molossus molossus,31151,1,Disintegrins,train,1
5950,5950,sp,P31986,VM2I_CROLT,Disintegrin lutosin,Crotalus lutosus,332626,1,Disintegrins,train,1
5951,5951,sp,P31987,VM2I_CROVV,Disintegrin viridin,Crotalus viridis viridis,8742,1,Disintegrins,train,1
5952,5952,sp,P68521,VM2I_CRODD,Disintegrin durissin,Crotalus durissus durissus,31150,1,Disintegrins,train,1
5953,5953,sp,Q3BER2,DID1_ECHOC,Disintegrin Eo1 subunit 1,Echis ocellatus,99586,2,Disintegrins,test,1
5954,5954,sp,P31985,VM2I_CROCE,Disintegrin cereberin,Crotalus cerberus,36309,1,Disintegrins,val,1
5955,5955,sp,P83658,DIDS_ECHCA,Disintegrin schistatin,Echis carinatus,40353,1,Disintegrins,train,1
5956,5956,sp,P62383,VM2G_CRAGM,Disintegrin trigramin-gamma,Craspedocephalus gramineus,8767,1,Disintegrins,train,1
5957,5957,sp,P16338,VM2_AGKPI,Disintegrin applaggin,Agkistrodon piscivorus piscivorus,8716,1,Disintegrins,train,1
5958,5958,sp,P22827,VM2I_SISMB,Disintegrin barbourin,Sistrurus miliarius barbouri,8759,1,Disintegrins,train,1
5959,5959,sp,P82466,VM26B_ECHCS,Disintegrin EC6 subunit beta,Echis carinatus sochureki,124223,1,Disintegrins,train,1
5960,5960,sp,P83044,DID8B_CERCE,Disintegrin CC8B,Cerastes cerastes,8697,1,Disintegrins,val,1
5961,5961,sp,P0C6A8,DID4_MACLO,Disintegrin VLO4,Macrovipera lebetina obtusa,209528,1,Disintegrins,train,1
5962,5962,sp,P0C6A6,DID7A_VIPBB,Disintegrin VB7A,Vipera berus berus,31156,1,Disintegrins,train,1
5963,5963,sp,P0C6A3,DIDBA_ECHML,Disintegrin EMS11A,Echis multisquamatus,93050,1,Disintegrins,train,1
5964,5964,sp,P0C6B0,DID5B_MACLO,Disintegrin VLO5B,Macrovipera lebetina obtusa,209528,1,Disintegrins,train,1
5965,5965,sp,P31981,VM2I_CROBA,Disintegrin basilicin,Crotalus basiliscus,8744,1,Disintegrins,train,1
5966,5966,sp,P83043,DID8A_CERCE,Disintegrin CC8A,Cerastes cerastes,8697,1,Disintegrins,test,1
5967,5967,sp,P0C6E2,DIS_DABPA,Disintegrin viperistatin,Daboia palaestinae,1170828,1,Disintegrins,train,1
5968,5968,sp,P21859,VM2T_PROFL,Disintegrin triflavin,Protobothrops flavoviridis,88087,1,Disintegrins,train,1
5969,5969,sp,P0C6A4,DID5B_ECHOC,Disintegrin EO5B,Echis ocellatus,99586,1,Disintegrins,train,1
5970,5970,sp,Q6T6T2,DID2_BITGA,Disintegrin gabonin-2,Bitis gabonica,8694,1,Disintegrins,val,1
5971,5971,sp,P82465,DID6A_ECHCS,Disintegrin EC6 subunit alpha,Echis carinatus sochureki,124223,1,Disintegrins,train,1
5972,5972,sp,P0C6B5,DIDLB_ECHCA,Disintegrin schistatin-like subunit B,Echis carinatus,40353,1,Disintegrins,val,1
5973,5973,sp,P0C6B4,DIDLA_ECHCA,Disintegrin schistatin-like subunit A,Echis carinatus,40353,1,Disintegrins,train,1
5974,5974,sp,C9E1S2,DIDA_AGKPL,Disintegrin subunit alpha,Agkistrodon piscivorus leucostoma,459671,2,Disintegrins,train,1
5975,5975,sp,Q805F5,DIDA_AGKPI,Disintegrin piscivostatin-alpha,Agkistrodon piscivorus piscivorus,8716,1,Disintegrins,test,1
5976,5976,sp,P81742,DIDAA_ERIMA,Disintegrin EMF10A,Eristicophis macmahoni,110227,1,Disintegrins,train,1
5977,5977,tr,J3SDY6,J3SDY6_CROAD,Disintegrin and metalloproteinase domain-containing protein 17,Crotalus adamanteus,8729,2,Disintegrins,train,1
5978,5978,tr,A0A0K8RYD1,A0A0K8RYD1_CROHD,Disintegrin and metalloproteinase domain-containing protein 17,Crotalus horridus,35024,4,Disintegrins,train,1
5979,5979,tr,A0A8C6XSS4,A0A8C6XSS4_NAJNA,Disintegrin and metalloproteinase domain-containing protein 17,Naja naja,35670,3,Disintegrins,train,1
5980,5980,tr,A0AAW1C9S9,A0AAW1C9S9_CROAD,Disintegrin and metalloproteinase domain-containing protein 17,Crotalus adamanteus,8729,4,Disintegrins,train,1
5981,5981,tr,A0A8C6Y5N2,A0A8C6Y5N2_NAJNA,Disintegrin and metalloproteinase domain-containing protein 10,Naja naja,35670,3,Disintegrins,test,1
5982,5982,sp,P0DW29,VM2_CROMR,Disintegrin morulustatin (Fragment),Crotalus morulus,2782198,1,Disintegrins,val,1
5983,5983,sp,P0C6R6,VM2OI_ECHOC,Disintegrin ocellatin,Echis ocellatus,99586,1,Disintegrins,test,1
5984,5984,sp,P0C6R5,VM2MU_ECHML,Disintegrin multisquamatin,Echis multisquamatus,93050,1,Disintegrins,train,1
5985,5985,sp,P0C6R7,VM2PA_ECHPL,Disintegrin pyramidin-A,Echis pyramidum leakeyi,38415,1,Disintegrins,val,1
5986,5986,sp,P0C7A7,VM2LA_ECHLE,Disintegrin leucogastin-A,Echis leucogaster,504457,1,Disintegrins,train,1
5987,5987,sp,P0C6R8,VM2PB_ECHPL,Disintegrin pyramidin-B,Echis pyramidum leakeyi,38415,1,Disintegrins,train,1
5988,5988,sp,P0C7A8,VM2LB_ECHLE,Disintegrin leucogastin-B,Echis leucogaster,504457,1,Disintegrins,val,1
5989,5989,sp,A2CJE5,VM2IA_CROAT,Disintegrin atroxatin (Fragment),Crotalus atrox,8730,2,Disintegrins,train,1
5990,5990,sp,A2CJE6,VM2IV_CROVV,Disintegrin viridistatin (Fragment),Crotalus viridis viridis,8742,2,Disintegrins,train,1
5991,5991,sp,Q7LZK0,VM2EG_ECHPL,Disintegrin echistatin-gamma,Echis pyramidum leakeyi,38415,1,Disintegrins,train,1
5992,5992,sp,C0HLL1,VM2CD_CRODU,Zinc metalloproteinase/disintegrin-like CdtV1 (Fragment),Crotalus durissus terrificus,8732,1,Disintegrins,train,1
5993,5993,sp,P0DMH4,VM2_BOTFO,Disintegrin (Fragment),Bothrops fonsecai,157549,1,Disintegrins,train,1
5994,5994,sp,Q4JCS1,VM2D2_BITAR,Disintegrin isoform D-2,Bitis arietans,8692,2,Disintegrins,train,1
5995,5995,sp,Q4JCS0,VM2D3_BITAR,Disintegrin isoform D-3,Bitis arietans,8692,2,Disintegrins,train,1
5996,5996,sp,Q3BK17,DIS_CERVI,Disintegrin CV,Cerastes vipera,8698,3,Disintegrins,train,1
5997,5997,sp,Q3BK16,DIDA_CERVI,Disintegrin CV-11-alpha,Cerastes vipera,8698,2,Disintegrins,train,1
5998,5998,sp,Q3BK15,DIDB_CERVI,Disintegrin CV-11-beta (Fragment),Cerastes vipera,8698,2,Disintegrins,train,1
5999,5999,tr,A0A2D4LRZ3,A0A2D4LRZ3_9SAUR,Disintegrin and metalloproteinase domain-containing protein 17,Micrurus spixii,129469,3,Disintegrins,train,1
6000,6000,tr,A0A0F7Z394,A0A0F7Z394_MICFL,Disintegrin and metalloproteinase domain-containing protein 17,Micrurus fulvius,8637,2,Disintegrins,train,1
6001,6001,tr,A0A8C5RFP1,A0A8C5RFP1_LATLA,Disintegrin and metalloproteinase domain-containing protein 17,Laticauda laticaudata,8630,4,Disintegrins,train,1
6002,6002,tr,A0A6J1VD75,A0A6J1VD75_9SAUR,Disintegrin and metalloproteinase domain-containing protein 10,Notechis scutatus,8663,4,Disintegrins,train,1
6003,6003,tr,A0A8C5SIK2,A0A8C5SIK2_LATLA,Disintegrin and metalloproteinase domain-containing protein 10,Laticauda laticaudata,8630,4,Disintegrins,val,1
6004,6004,tr,A0A670ZKQ5,A0A670ZKQ5_PSETE,Disintegrin and metalloproteinase domain-containing protein 10,Pseudonaja textilis,8673,4,Disintegrins,test,1
6005,6005,tr,A0A2D4MCZ9,A0A2D4MCZ9_9SAUR,Disintegrin domain-containing protein (Fragment),Micrurus spixii,129469,4,Disintegrins,train,1
6006,6006,tr,A0A8C6XVY9,A0A8C6XVY9_NAJNA,Disintegrin and metalloproteinase domain-containing protein 20-like,Naja naja,35670,3,Disintegrins,train,1
6007,6007,tr,A0A0K8RZP3,A0A0K8RZP3_CROHD,Disintegrin and metalloproteinase domain-containing protein 9,Crotalus horridus,35024,4,Disintegrins,train,1
6008,6008,tr,A0A8C7E2Y1,A0A8C7E2Y1_NAJNA,Disintegrin and metalloproteinase domain-containing protein 20-like,Naja naja,35670,3,Disintegrins,train,1
6009,6009,tr,V8NZZ2,V8NZZ2_OPHHA,Disintegrin and metalloproteinase domain-containing protein 12 (Fragment),Ophiophagus hannah,8665,3,Disintegrins,train,1
6010,6010,tr,V8PF09,V8PF09_OPHHA,Disintegrin and metalloproteinase domain-containing protein 20 (Fragment),Ophiophagus hannah,8665,3,Disintegrins,train,1
6011,6011,tr,T1DP13,T1DP13_CROHD,Disintegrin and metalloproteinase domain-containing protein 10,Crotalus horridus,35024,2,Disintegrins,train,1
6012,6012,tr,V8NS25,V8NS25_OPHHA,Disintegrin and metalloproteinase domain-containing protein 19 (Fragment),Ophiophagus hannah,8665,3,Disintegrins,test,1
6013,6013,tr,V8PC90,V8PC90_OPHHA,Disintegrin and metalloproteinase domain-containing protein 21 (Fragment),Ophiophagus hannah,8665,3,Disintegrins,train,1
6014,6014,tr,A0A8C6VNS5,A0A8C6VNS5_NAJNA,Disintegrin and metalloproteinase domain-containing protein 9,Naja naja,35670,3,Disintegrins,train,1
6015,6015,tr,A0A8C6YFJ8,A0A8C6YFJ8_NAJNA,Disintegrin and metalloproteinase domain-containing protein 21-like,Naja naja,35670,3,Disintegrins,train,1
6016,6016,tr,A0A8C6XV03,A0A8C6XV03_NAJNA,Disintegrin and metalloproteinase domain-containing protein 20-like,Naja naja,35670,3,Disintegrins,train,1
6017,6017,tr,A0A8C7E2Z0,A0A8C7E2Z0_NAJNA,Disintegrin and metalloproteinase domain-containing protein 20-like,Naja naja,35670,3,Disintegrins,train,1
6018,6018,tr,A0A8C6YBV3,A0A8C6YBV3_NAJNA,Disintegrin and metalloproteinase domain-containing protein 21-like,Naja naja,35670,3,Disintegrins,test,1
6019,6019,tr,A0A8C6XX99,A0A8C6XX99_NAJNA,Disintegrin and metalloproteinase domain-containing protein 20-like,Naja naja,35670,3,Disintegrins,train,1
6020,6020,tr,A0A2H4N385,A0A2H4N385_BOTMO,Disintegrin and metalloproteinase domain-containing protein 10 (Fragment),Bothrops moojeni,98334,2,Disintegrins,train,1
6021,6021,tr,A0AAW1AVJ4,A0AAW1AVJ4_CROAD,Disintegrin and metalloproteinase domain-containing protein 10,Crotalus adamanteus,8729,4,Disintegrins,train,1
6022,6022,tr,A0A1W7RJK7,A0A1W7RJK7_AGKCO,Disintegrin and metalloproteinase domain-containing protein 10,Agkistrodon contortrix contortrix,8713,4,Disintegrins,train,1
6023,6023,tr,A0A2D4FUY2,A0A2D4FUY2_MICCO,Disintegrin and metalloproteinase domain-containing protein 17 (Fragment),Micrurus corallinus,54390,3,Disintegrins,train,1
6024,6024,tr,A0A223PK09,A0A223PK09_DABRR,Disintegrin and metalloproteinase domain-containing protein 17,Daboia russelii,8707,2,Disintegrins,train,1
6025,6025,tr,A0A1W7RJN7,A0A1W7RJN7_AGKCO,Disintegrin and metalloproteinase domain-containing protein 17,Agkistrodon contortrix contortrix,8713,4,Disintegrins,train,1
6026,6026,tr,V8P5I5,V8P5I5_OPHHA,Disintegrin and metalloproteinase domain-containing protein 12 (Fragment),Ophiophagus hannah,8665,3,Disintegrins,train,1
6027,6027,tr,A0A2D4NG76,A0A2D4NG76_9SAUR,Disintegrin and metalloproteinase domain-containing protein 10 (Fragment),Micrurus spixii,129469,3,Disintegrins,train,1
6028,6028,tr,A0A2D4F7Y5,A0A2D4F7Y5_MICCO,Disintegrin and metalloproteinase domain-containing protein 10,Micrurus corallinus,54390,3,Disintegrins,train,1
6029,6029,tr,A0A0B8RYP5,A0A0B8RYP5_9SAUR,Disintegrin and metalloproteinase domain-containing protein 10,Philothamnus irregularis,1899461,4,Disintegrins,train,1
6030,6030,tr,A0A098M0W3,A0A098M0W3_9SAUR,Disintegrin and metalloproteinase domain-containing protein 10,Hypsiglena sp. JMG-2014,1550645,4,Disintegrins,test,1
6031,6031,tr,V8PFC9,V8PFC9_OPHHA,Disintegrin and metalloproteinase domain-containing protein 10 (Fragment),Ophiophagus hannah,8665,3,Disintegrins,test,1
6032,6032,tr,A0A6J1V117,A0A6J1V117_9SAUR,Zinc metalloproteinase-disintegrin-like NaMP,Notechis scutatus,8663,4,Disintegrins,train,1
6033,6033,tr,A0A6P9AUA9,A0A6P9AUA9_PANGU,Disintegrin and metalloproteinase domain-containing protein 9,Pantherophis guttatus,94885,4,Disintegrins,train,1
6034,6034,tr,A0A6P9D8S7,A0A6P9D8S7_PANGU,Disintegrin and metalloproteinase domain-containing protein 17,Pantherophis guttatus,94885,4,Disintegrins,train,1
6035,6035,tr,A0A6G5ZUR1,A0A6G5ZUR1_VIPAN,Disintegrin and metalloproteinase domain-containing protein 2,Vipera anatolica senliki,2604287,2,Disintegrins,train,1
6036,6036,tr,A0A6J1VB39,A0A6J1VB39_9SAUR,Disintegrin and metalloproteinase domain-containing protein 19,Notechis scutatus,8663,4,Disintegrins,train,1
6037,6037,tr,A0A8C5SWV9,A0A8C5SWV9_LATLA,Disintegrin and metalloproteinase domain-containing protein 9,Laticauda laticaudata,8630,4,Disintegrins,train,1
6038,6038,tr,A0A6J1VLY3,A0A6J1VLY3_9SAUR,Disintegrin and metalloproteinase domain-containing protein 9,Notechis scutatus,8663,4,Disintegrins,train,1
6039,6039,tr,A0A9F5IU93,A0A9F5IU93_PYTBI,Disintegrin and metalloproteinase domain-containing protein 9 isoform X1,Python bivittatus,176946,4,Disintegrins,train,1
6040,6040,tr,A0A8C5RH13,A0A8C5RH13_LATLA,Disintegrin and metalloproteinase domain-containing protein 20-like,Laticauda laticaudata,8630,4,Disintegrins,train,1
6041,6041,tr,A0A6J1U832,A0A6J1U832_9SAUR,Disintegrin and metalloproteinase domain-containing protein 20-like,Notechis scutatus,8663,4,Disintegrins,train,1
6042,6042,tr,A0A6J1U8T7,A0A6J1U8T7_9SAUR,Disintegrin and metalloproteinase domain-containing protein 20-like,Notechis scutatus,8663,4,Disintegrins,train,1
6043,6043,tr,A0A6P9BSW2,A0A6P9BSW2_PANGU,Disintegrin and metalloproteinase domain-containing protein 20-like,Pantherophis guttatus,94885,4,Disintegrins,train,1
6044,6044,tr,A0A9F2Q4E9,A0A9F2Q4E9_PYTBI,Disintegrin and metalloproteinase domain-containing protein 20-like,Python bivittatus,176946,4,Disintegrins,train,1
6045,6045,tr,A0A670XV66,A0A670XV66_PSETE,Disintegrin and metalloproteinase domain-containing protein 20-like,Pseudonaja textilis,8673,4,Disintegrins,train,1
6046,6046,tr,A0A6J1U7E5,A0A6J1U7E5_9SAUR,Disintegrin and metalloproteinase domain-containing protein 21-like,Notechis scutatus,8663,4,Disintegrins,train,1
6047,6047,tr,A0A6P9DBE0,A0A6P9DBE0_PANGU,Disintegrin and metalloproteinase domain-containing protein 9-like,Pantherophis guttatus,94885,4,Disintegrins,train,1
6048,6048,tr,A0A8C5RFZ8,A0A8C5RFZ8_LATLA,Disintegrin and metalloproteinase domain-containing protein 20-like,Laticauda laticaudata,8630,4,Disintegrins,test,1
6049,6049,tr,A0A670Y351,A0A670Y351_PSETE,Disintegrin and metalloproteinase domain-containing protein 20-like,Pseudonaja textilis,8673,4,Disintegrins,train,1
6050,6050,tr,A0A6P9BUC5,A0A6P9BUC5_PANGU,Disintegrin and metalloproteinase domain-containing protein 20-like,Pantherophis guttatus,94885,4,Disintegrins,train,1
6051,6051,tr,A0A9F2KW25,A0A9F2KW25_PYTBI,Disintegrin and metalloproteinase domain-containing protein 20-like,Python bivittatus,176946,4,Disintegrins,train,1
6052,6052,tr,A0A6P9DJE7,A0A6P9DJE7_PANGU,Disintegrin and metalloproteinase domain-containing protein 12 isoform X1,Pantherophis guttatus,94885,4,Disintegrins,train,1
6053,6053,tr,A0A6P9D9D3,A0A6P9D9D3_PANGU,Disintegrin and metalloproteinase domain-containing protein 12 isoform X2,Pantherophis guttatus,94885,4,Disintegrins,train,1
6054,6054,tr,A0A9F5IQC4,A0A9F5IQC4_PYTBI,Disintegrin and metalloproteinase domain-containing protein 9 isoform X3,Python bivittatus,176946,4,Disintegrins,test,1
6055,6055,tr,A0A6J1U930,A0A6J1U930_9SAUR,Disintegrin and metalloproteinase domain-containing protein 9-like isoform X2,Notechis scutatus,8663,4,Disintegrins,train,1
6056,6056,tr,A0A6B2F2H2,A0A6B2F2H2_BOTNI,Disintegrin and metalloproteinase domain-containing protein 10,Bothriechis nigroviridis,88079,4,Disintegrins,train,1
6057,6057,tr,A0A6G5ZVR9,A0A6G5ZVR9_VIPAN,Disintegrin and metalloproteinase domain-containing protein 10,Vipera anatolica senliki,2604287,2,Disintegrins,train,1
6058,6058,tr,A0A0F7ZEQ7,A0A0F7ZEQ7_CROAD,Disintegrin and metalloproteinase domain-containing protein 10,Crotalus adamanteus,8729,2,Disintegrins,train,1
6059,6059,tr,A0A6J1U240,A0A6J1U240_9SAUR,Disintegrin and metalloproteinase domain-containing protein 9-like isoform X1,Notechis scutatus,8663,4,Disintegrins,train,1
6060,6060,tr,A0A9F3QTG7,A0A9F3QTG7_PYTBI,Disintegrin and metalloproteinase domain-containing protein 9-like isoform X1,Python bivittatus,176946,4,Disintegrins,train,1
6061,6061,tr,A0A9F5MSP1,A0A9F5MSP1_PYTBI,LOW QUALITY PROTEIN: disintegrin and metalloproteinase domain-containing protein 20-like,Python bivittatus,176946,4,Disintegrins,train,1
6062,6062,tr,A0A8C5RIM3,A0A8C5RIM3_LATLA,Disintegrin and metalloproteinase domain-containing protein 15,Laticauda laticaudata,8630,4,Disintegrins,val,1
6063,6063,tr,A0A9F5J4G3,A0A9F5J4G3_PYTBI,Disintegrin and metalloproteinase domain-containing protein 17,Python bivittatus,176946,4,Disintegrins,train,1
6064,6064,tr,A0A6J1UQZ0,A0A6J1UQZ0_9SAUR,Disintegrin and metalloproteinase domain-containing protein 17,Notechis scutatus,8663,4,Disintegrins,test,1
6065,6065,tr,A0A2D4P005,A0A2D4P005_MICSU,Disintegrin domain-containing protein (Fragment),Micrurus surinamensis,129470,3,Disintegrins,train,1
6066,6066,tr,A0A2D4NE72,A0A2D4NE72_9SAUR,Disintegrin domain-containing protein (Fragment),Micrurus spixii,129469,4,Disintegrins,val,1
6067,6067,tr,A0A2D4Q1W5,A0A2D4Q1W5_MICSU,Disintegrin domain-containing protein,Micrurus surinamensis,129470,4,Disintegrins,train,1
6068,6068,tr,A0A2D4H796,A0A2D4H796_MICLE,Disintegrin domain-containing protein (Fragment),Micrurus lemniscatus lemniscatus,129467,3,Disintegrins,train,1
6069,6069,tr,A0A6J1V516,A0A6J1V516_9SAUR,Disintegrin and metalloproteinase domain-containing protein 10,Notechis scutatus,8663,4,Disintegrins,val,1
6070,6070,tr,A0A6P9B2P4,A0A6P9B2P4_PANGU,Disintegrin and metalloproteinase domain-containing protein 10,Pantherophis guttatus,94885,4,Disintegrins,train,1
6071,6071,tr,A0A6P9B1Z0,A0A6P9B1Z0_PANGU,Disintegrin and metalloproteinase domain-containing protein 10,Pantherophis guttatus,94885,4,Disintegrins,train,1
6072,6072,tr,A0A6P9B9Q5,A0A6P9B9Q5_PANGU,Disintegrin and metalloproteinase domain-containing protein 10,Pantherophis guttatus,94885,4,Disintegrins,train,1
6073,6073,tr,A0A6P9BB28,A0A6P9BB28_PANGU,Disintegrin and metalloproteinase domain-containing protein 10,Pantherophis guttatus,94885,4,Disintegrins,train,1
6074,6074,tr,A0A9F3QUN9,A0A9F3QUN9_PYTBI,Disintegrin and metalloproteinase domain-containing protein 10,Python bivittatus,176946,4,Disintegrins,test,1
6075,6075,tr,A0A6I9XEX3,A0A6I9XEX3_9SAUR,Disintegrin and metalloproteinase domain-containing protein 10,Thamnophis sirtalis,35019,4,Disintegrins,train,1
6076,6076,tr,A0A6P9B6K9,A0A6P9B6K9_PANGU,Disintegrin and metalloproteinase domain-containing protein 10,Pantherophis guttatus,94885,4,Disintegrins,train,1
6077,6077,tr,A0A6I9XU41,A0A6I9XU41_9SAUR,Disintegrin and metalloproteinase domain-containing protein 10,Thamnophis sirtalis,35019,4,Disintegrins,train,1
6078,6078,tr,V8P9I6,V8P9I6_OPHHA,Disintegrin and metalloproteinase domain-containing protein 17 (Fragment),Ophiophagus hannah,8665,3,Disintegrins,train,1
6079,6079,tr,A0A2D4NYT4,A0A2D4NYT4_MICSU,Disintegrin domain-containing protein (Fragment),Micrurus surinamensis,129470,3,Disintegrins,train,1
6080,6080,tr,A0A2D4P016,A0A2D4P016_MICSU,Disintegrin domain-containing protein (Fragment),Micrurus surinamensis,129470,3,Disintegrins,train,1
6081,6081,tr,V8NL69,V8NL69_OPHHA,Disintegrin and metalloproteinase domain-containing protein 10 (Fragment),Ophiophagus hannah,8665,4,Disintegrins,test,1
6082,6082,tr,A0A2D4JGY4,A0A2D4JGY4_MICLE,Disintegrin domain-containing protein (Fragment),Micrurus lemniscatus lemniscatus,129467,4,Disintegrins,train,1
6083,6083,tr,A0A2D4H725,A0A2D4H725_MICLE,Disintegrin domain-containing protein (Fragment),Micrurus lemniscatus lemniscatus,129467,4,Disintegrins,train,1
6084,6084,tr,A0A2D4K4X3,A0A2D4K4X3_9SAUR,Disintegrin domain-containing protein (Fragment),Micrurus paraensis,1970185,4,Disintegrins,train,1
6085,6085,tr,A0A2D4NYV1,A0A2D4NYV1_MICSU,Disintegrin domain-containing protein (Fragment),Micrurus surinamensis,129470,4,Disintegrins,train,1
6086,6086,tr,A0A2D4P0S5,A0A2D4P0S5_MICSU,Disintegrin domain-containing protein (Fragment),Micrurus surinamensis,129470,4,Disintegrins,train,1
6087,6087,tr,A0A2D4P0X4,A0A2D4P0X4_MICSU,Disintegrin domain-containing protein (Fragment),Micrurus surinamensis,129470,4,Disintegrins,train,1
6088,6088,tr,A0A2H6MYF9,A0A2H6MYF9_9SAUR,Disintegrin domain-containing protein (Fragment),Micrurus carvalhoi,3147026,4,Disintegrins,train,1
6089,6089,tr,A0A2H6MYG3,A0A2H6MYG3_9SAUR,Disintegrin domain-containing protein (Fragment),Micrurus carvalhoi,3147026,4,Disintegrins,train,1
6090,6090,tr,A0A2D4JAD7,A0A2D4JAD7_MICLE,Disintegrin domain-containing protein (Fragment),Micrurus lemniscatus lemniscatus,129467,4,Disintegrins,train,1
6091,6091,tr,A0A2H6MYZ4,A0A2H6MYZ4_9SAUR,Disintegrin domain-containing protein (Fragment),Micrurus carvalhoi,3147026,4,Disintegrins,train,1
6092,6092,tr,A0A2D4F771,A0A2D4F771_MICCO,Disintegrin domain-containing protein,Micrurus corallinus,54390,4,Disintegrins,train,1
6093,6093,tr,A0A2D4K530,A0A2D4K530_9SAUR,Disintegrin domain-containing protein (Fragment),Micrurus paraensis,1970185,4,Disintegrins,train,1
6094,6094,tr,A0A2H6MYR1,A0A2H6MYR1_9SAUR,Disintegrin domain-containing protein (Fragment),Micrurus carvalhoi,3147026,4,Disintegrins,train,1
6095,6095,tr,A0A2D4H715,A0A2D4H715_MICLE,Disintegrin domain-containing protein (Fragment),Micrurus lemniscatus lemniscatus,129467,4,Disintegrins,val,1
6096,6096,tr,A0A2D4MD10,A0A2D4MD10_9SAUR,Disintegrin domain-containing protein (Fragment),Micrurus spixii,129469,4,Disintegrins,val,1
6097,6097,tr,A0A2H6MYF4,A0A2H6MYF4_9SAUR,Disintegrin domain-containing protein (Fragment),Micrurus carvalhoi,3147026,4,Disintegrins,test,1
6098,6098,tr,A0A2H6MYK4,A0A2H6MYK4_9SAUR,Disintegrin domain-containing protein (Fragment),Micrurus carvalhoi,3147026,4,Disintegrins,train,1
6099,6099,tr,A0A223PK29,A0A223PK29_DABRR,Disintegrin and metalloproteinase domain-containing protein 19 (Fragment),Daboia russelii,8707,2,Disintegrins,train,1
6100,6100,tr,A0AAW1AP29,A0AAW1AP29_CROAD,Disintegrin and metalloproteinase domain-containing protein 15,Crotalus adamanteus,8729,4,Disintegrins,train,1
6101,6101,tr,A0AAW1CAH9,A0AAW1CAH9_CROAD,Disintegrin and metalloproteinase domain-containing protein 23,Crotalus adamanteus,8729,4,Disintegrins,train,1
6102,6102,tr,A0AAW1B0F2,A0AAW1B0F2_CROAD,Disintegrin and metalloproteinase domain-containing protein 9,Crotalus adamanteus,8729,4,Disintegrins,train,1
6103,6103,tr,A0A223PK28,A0A223PK28_DABRR,Disintegrin and metalloproteinase domain-containing protein 23 (Fragment),Daboia russelii,8707,2,Disintegrins,val,1
6104,6104,tr,A0A223PK14,A0A223PK14_DABRR,Disintegrin and metalloproteinase domain-containing protein 11,Daboia russelii,8707,2,Disintegrins,train,1
6105,6105,tr,A0AAW1B2G4,A0AAW1B2G4_CROAD,Disintegrin and metalloproteinase domain-containing protein 22,Crotalus adamanteus,8729,4,Disintegrins,train,1
6106,6106,tr,A0AAW1B982,A0AAW1B982_CROAD,Disintegrin and metalloproteinase domain-containing protein 33,Crotalus adamanteus,8729,4,Disintegrins,train,1
6107,6107,tr,A0AAW1B012,A0AAW1B012_CROAD,Disintegrin and metalloproteinase domain-containing protein 32,Crotalus adamanteus,8729,4,Disintegrins,val,1
6108,6108,tr,A0AAW1B3V4,A0AAW1B3V4_CROAD,Disintegrin and metalloproteinase domain-containing protein 11,Crotalus adamanteus,8729,4,Disintegrins,test,1
6109,6109,tr,A0AAW1BGY9,A0AAW1BGY9_CROAD,Disintegrin and metalloproteinase domain-containing protein 12,Crotalus adamanteus,8729,4,Disintegrins,train,1
6110,6110,tr,A0AAW1BW52,A0AAW1BW52_CROAD,Disintegrin and metalloproteinase domain-containing protein 19,Crotalus adamanteus,8729,4,Disintegrins,train,1
6111,6111,tr,V8NVY5,V8NVY5_OPHHA,Disintegrin and metalloproteinase domain-containing protein 11 (Fragment),Ophiophagus hannah,8665,3,Disintegrins,train,1
6112,6112,tr,V8P328,V8P328_OPHHA,Disintegrin and metalloproteinase domain-containing protein 22 (Fragment),Ophiophagus hannah,8665,3,Disintegrins,val,1
6113,6113,tr,A0AAW1BLM9,A0AAW1BLM9_CROAD,Disintegrin and metalloproteinase domain-containing protein 29-like,Crotalus adamanteus,8729,4,Disintegrins,train,1
6114,6114,tr,A0AAW1C6Y2,A0AAW1C6Y2_CROAD,ADAM20: Disintegrin and metalloproteinase domain-containing protein 20,Crotalus adamanteus,8729,4,Disintegrins,train,1
6115,6115,tr,A0AAW1BFF7,A0AAW1BFF7_CROAD,Disintegrin and metalloproteinase domain-containing protein 9-like,Crotalus adamanteus,8729,4,Disintegrins,val,1
6116,6116,tr,A0AAW1C7L8,A0AAW1C7L8_CROAD,ADAM20: Disintegrin and metalloproteinase domain-containing protein 20,Crotalus adamanteus,8729,4,Disintegrins,test,1
6117,6117,tr,A0AAW1BLL2,A0AAW1BLL2_CROAD,Disintegrin and metalloproteinase domain-containing protein 20-like,Crotalus adamanteus,8729,4,Disintegrins,train,1
6118,6118,tr,A0AAW1C5Z8,A0AAW1C5Z8_CROAD,ADAM20: Disintegrin and metalloproteinase domain-containing protein 20,Crotalus adamanteus,8729,4,Disintegrins,train,1
6119,6119,tr,A0AAW1C6P1,A0AAW1C6P1_CROAD,ADAM20: Disintegrin and metalloproteinase domain-containing protein 20,Crotalus adamanteus,8729,4,Disintegrins,train,1
6120,6120,tr,V8NKR8,V8NKR8_OPHHA,Disintegrin and metalloproteinase domain-containing protein 28,Ophiophagus hannah,8665,3,Disintegrins,test,1
6121,6121,tr,A0A0K8RYV7,A0A0K8RYV7_CROHD,MAD-5,Crotalus horridus,35024,4,Disintegrins,train,1
6122,6122,tr,V8NC56,V8NC56_OPHHA,Disintegrin and metalloproteinase domain-containing protein 2 (Fragment),Ophiophagus hannah,8665,3,Disintegrins,train,1
6123,6123,tr,V8PFL7,V8PFL7_OPHHA,Disintegrin and metalloproteinase domain-containing protein 23 (Fragment),Ophiophagus hannah,8665,3,Disintegrins,train,1
6124,6124,tr,V8N6T1,V8N6T1_OPHHA,Disintegrin and metalloproteinase domain-containing protein 21 (Fragment),Ophiophagus hannah,8665,4,Disintegrins,train,1
6125,6125,tr,A0AAW1C727,A0AAW1C727_CROAD,Adam21: Disintegrin and metalloproteinase domain-containing protein 21,Crotalus adamanteus,8729,4,Disintegrins,train,1
6126,6126,tr,A0A6B2FB78,A0A6B2FB78_9SAUR,Disintegrin domain-containing protein,Bothriechis nubestris,1766655,4,Disintegrins,train,1
6127,6127,tr,A0A8C5RHX0,A0A8C5RHX0_LATLA,Disintegrin domain-containing protein,Laticauda laticaudata,8630,4,Disintegrins,train,1
6128,6128,tr,A0A6B2F229,A0A6B2F229_BOTNI,Disintegrin domain-containing protein,Bothriechis nigroviridis,88079,4,Disintegrins,train,1
6129,6129,tr,A0A6B2F3E3,A0A6B2F3E3_BOTNI,Disintegrin domain-containing protein,Bothriechis nigroviridis,88079,4,Disintegrins,train,1
6130,6130,tr,A0A6B2F7N7,A0A6B2F7N7_9SAUR,Disintegrin domain-containing protein,Bothriechis nubestris,1766655,4,Disintegrins,train,1
6131,6131,tr,A0A6H0D9K3,A0A6H0D9K3_CROHD,Metalloproteinase and disintegrin protein 4b,Crotalus horridus,35024,4,Disintegrins,train,1
6132,6132,tr,A0A1W7RJM2,A0A1W7RJM2_AGKCO,A disintegrin and metalloproteinase with thrombospondin motifs 1,Agkistrodon contortrix contortrix,8713,4,Disintegrins,train,1
6133,6133,tr,A0A6B2F3D8,A0A6B2F3D8_BOTNI,Disintegrin domain-containing protein,Bothriechis nigroviridis,88079,4,Disintegrins,val,1
6134,6134,tr,A0A6B2F729,A0A6B2F729_9SAUR,Disintegrin domain-containing protein,Bothriechis nubestris,1766655,4,Disintegrins,train,1
6135,6135,tr,A0A6B2FA87,A0A6B2FA87_9SAUR,Disintegrin domain-containing protein,Bothriechis nubestris,1766655,4,Disintegrins,val,1
6136,6136,tr,A0A6B2FHG6,A0A6B2FHG6_9SAUR,Disintegrin domain-containing protein,Bothriechis nubestris,1766655,4,Disintegrins,train,1
6137,6137,tr,V8P032,V8P032_OPHHA,A disintegrin and metalloproteinase with thrombospondin motifs 1 (Fragment),Ophiophagus hannah,8665,4,Disintegrins,train,1
6138,6138,tr,A0A6B2F2M5,A0A6B2F2M5_BOTNI,Disintegrin domain-containing protein,Bothriechis nigroviridis,88079,4,Disintegrins,train,1
6139,6139,tr,A0A6B2F5P9,A0A6B2F5P9_BOTNI,Disintegrin domain-containing protein,Bothriechis nigroviridis,88079,4,Disintegrins,train,1
6140,6140,tr,A0A6B2F794,A0A6B2F794_9SAUR,Disintegrin domain-containing protein,Bothriechis nubestris,1766655,4,Disintegrins,test,1
6141,6141,tr,A0A6B2F7Q1,A0A6B2F7Q1_9SAUR,Disintegrin domain-containing protein,Bothriechis nubestris,1766655,4,Disintegrins,train,1
6142,6142,tr,V8NZD2,V8NZD2_OPHHA,A disintegrin and metalloproteinase with thrombospondin motifs 8 (Fragment),Ophiophagus hannah,8665,4,Disintegrins,train,1
6143,6143,tr,A0A6B2F6W4,A0A6B2F6W4_BOTNI,Disintegrin domain-containing protein,Bothriechis nigroviridis,88079,4,Disintegrins,train,1
6144,6144,tr,A0A6B2F5N9,A0A6B2F5N9_BOTNI,Disintegrin domain-containing protein,Bothriechis nigroviridis,88079,4,Disintegrins,train,1
6145,6145,tr,A0A6B2FDE1,A0A6B2FDE1_9SAUR,Disintegrin domain-containing protein,Bothriechis nubestris,1766655,4,Disintegrins,train,1
6146,6146,tr,A0A6I9YBF4,A0A6I9YBF4_9SAUR,Snake venom metalloproteinase-disintegrin-like mocarhagin,Thamnophis sirtalis,35019,4,Disintegrins,train,1
6147,6147,tr,A0A6H0D9L2,A0A6H0D9L2_CROHD,Metalloproteinase and disintegrin protein 3b,Crotalus horridus,35024,4,Disintegrins,train,1
6148,6148,tr,A0A6I9Z3Y9,A0A6I9Z3Y9_9SAUR,Zinc metalloproteinase-disintegrin-like NaMP,Thamnophis sirtalis,35019,4,Disintegrins,train,1
6149,6149,tr,A0A6P9AWJ4,A0A6P9AWJ4_PANGU,Zinc metalloproteinase-disintegrin-like NaMP,Pantherophis guttatus,94885,4,Disintegrins,train,1
6150,6150,tr,A0A6J1VW97,A0A6J1VW97_9SAUR,Zinc metalloproteinase-disintegrin-like MTP9,Notechis scutatus,8663,4,Disintegrins,test,1
6151,6151,tr,A0A6P9B1E4,A0A6P9B1E4_PANGU,Zinc metalloproteinase-disintegrin-like NaMP,Pantherophis guttatus,94885,4,Disintegrins,test,1
6152,6152,tr,A0AAW1AMS2,A0AAW1AMS2_CROAD,A disintegrin and metalloproteinase with thrombospondin motifs 4,Crotalus adamanteus,8729,4,Disintegrins,train,1
6153,6153,tr,A0A6G5ZUB2,A0A6G5ZUB2_VIPAN,Disintegrin and metalloproteinase domain-containing protein 9 (Fragment),Vipera anatolica senliki,2604287,2,Disintegrins,train,1
6154,6154,tr,A0A6P9DNB3,A0A6P9DNB3_PANGU,Zinc metalloproteinase-disintegrin-like VMP-III,Pantherophis guttatus,94885,4,Disintegrins,val,1
6155,6155,tr,V8N6X6,V8N6X6_OPHHA,A disintegrin and metalloproteinase with thrombospondin motifs 4 (Fragment),Ophiophagus hannah,8665,4,Disintegrins,train,1
6156,6156,tr,A0A0F7ZCQ8,A0A0F7ZCQ8_CROAD,Disintegrin and metalloproteinase domain-containing protein 9,Crotalus adamanteus,8729,2,Disintegrins,train,1
6157,6157,tr,A0A6J1VUI6,A0A6J1VUI6_9SAUR,Disintegrin and metalloproteinase domain-containing protein 11,Notechis scutatus,8663,4,Disintegrins,test,1
6158,6158,tr,A0A6G5ZUB3,A0A6G5ZUB3_VIPAN,Disintegrin and metalloproteinase domain-containing protein 4 (Fragment),Vipera anatolica senliki,2604287,2,Disintegrins,train,1
6159,6159,tr,A0A6I9YME4,A0A6I9YME4_9SAUR,Disintegrin and metalloproteinase domain-containing protein 28,Thamnophis sirtalis,35019,4,Disintegrins,train,1
6160,6160,tr,A0A6J1U1P8,A0A6J1U1P8_9SAUR,Disintegrin and metalloproteinase domain-containing protein 12,Notechis scutatus,8663,4,Disintegrins,train,1
6161,6161,tr,A0A9F2QBY6,A0A9F2QBY6_PYTBI,Disintegrin and metalloproteinase domain-containing protein 19,Python bivittatus,176946,4,Disintegrins,train,1
6162,6162,tr,A0A6G5ZUL8,A0A6G5ZUL8_VIPAN,Disintegrin and metalloproteinase domain-containing protein 10 (Fragment),Vipera anatolica senliki,2604287,2,Disintegrins,train,1
6163,6163,tr,A0A6H0D9V2,A0A6H0D9V2_CROHD,Metalloproteinase disintegrin and cysteine-rich protein 7,Crotalus horridus,35024,4,Disintegrins,train,1
6164,6164,tr,A0A6H0DBE3,A0A6H0DBE3_CROHD,Metalloproteinase disintegrin and cysteine-rich protein 6,Crotalus horridus,35024,4,Disintegrins,val,1
6165,6165,tr,A0A6I9Y7E6,A0A6I9Y7E6_9SAUR,Disintegrin and metalloproteinase domain-containing protein 19,Thamnophis sirtalis,35019,4,Disintegrins,val,1
6166,6166,tr,A0A6P9AJC4,A0A6P9AJC4_PANGU,Disintegrin and metalloproteinase domain-containing protein 19,Pantherophis guttatus,94885,4,Disintegrins,train,1
6167,6167,tr,A0A6P9AVX1,A0A6P9AVX1_PANGU,Disintegrin and metalloproteinase domain-containing protein 15,Pantherophis guttatus,94885,4,Disintegrins,test,1
6168,6168,tr,A0A6H0D994,A0A6H0D994_CROHD,Metalloproteinase disintegrin and cysteine-rich protein 8,Crotalus horridus,35024,4,Disintegrins,val,1
6169,6169,tr,A0A9F2N7E4,A0A9F2N7E4_PYTBI,Disintegrin and metalloproteinase domain-containing protein 11,Python bivittatus,176946,4,Disintegrins,val,1
6170,6170,tr,A0A9F5INE8,A0A9F5INE8_PYTBI,Disintegrin and metalloproteinase domain-containing protein 33,Python bivittatus,176946,4,Disintegrins,train,1
6171,6171,tr,A0A6I9YV47,A0A6I9YV47_9SAUR,Disintegrin and metalloproteinase domain-containing protein 22,Thamnophis sirtalis,35019,4,Disintegrins,train,1
6172,6172,tr,A0A9F5IUU8,A0A9F5IUU8_PYTBI,Disintegrin and metalloproteinase domain-containing protein 12,Python bivittatus,176946,4,Disintegrins,train,1
6173,6173,tr,A0A6J1V116,A0A6J1V116_9SAUR,LOW QUALITY PROTEIN: zinc metalloproteinase-disintegrin-like NaMP,Notechis scutatus,8663,4,Disintegrins,train,1
6174,6174,tr,A0A6P9BQF0,A0A6P9BQF0_PANGU,Disintegrin and metalloproteinase domain-containing protein 20-like,Pantherophis guttatus,94885,4,Disintegrins,train,1
6175,6175,tr,A0A6I9XWS2,A0A6I9XWS2_9SAUR,Disintegrin and metalloproteinase domain-containing protein 20-like,Thamnophis sirtalis,35019,4,Disintegrins,train,1
6176,6176,tr,A0A6I9YVG2,A0A6I9YVG2_9SAUR,Disintegrin and metalloproteinase domain-containing protein 21-like,Thamnophis sirtalis,35019,4,Disintegrins,train,1
6177,6177,tr,A0A6J1VWZ5,A0A6J1VWZ5_9SAUR,Disintegrin and metalloproteinase domain-containing protein 19-like,Notechis scutatus,8663,4,Disintegrins,val,1
6178,6178,tr,A0A6J1W554,A0A6J1W554_9SAUR,Disintegrin and metalloproteinase domain-containing protein 20-like,Notechis scutatus,8663,4,Disintegrins,train,1
6179,6179,tr,A0A6P9AXI1,A0A6P9AXI1_PANGU,Disintegrin and metalloproteinase domain-containing protein 20-like,Pantherophis guttatus,94885,4,Disintegrins,train,1
6180,6180,tr,A0A6P9AXX0,A0A6P9AXX0_PANGU,Disintegrin and metalloproteinase domain-containing protein 33-like,Pantherophis guttatus,94885,4,Disintegrins,train,1
6181,6181,tr,A0A6P9C1G7,A0A6P9C1G7_PANGU,Disintegrin and metalloproteinase domain-containing protein 20-like,Pantherophis guttatus,94885,4,Disintegrins,val,1
6182,6182,tr,A0A6P9AWV9,A0A6P9AWV9_PANGU,Disintegrin and metalloproteinase domain-containing protein 20-like,Pantherophis guttatus,94885,4,Disintegrins,train,1
6183,6183,tr,A0A6P9CNF9,A0A6P9CNF9_PANGU,Disintegrin and metalloproteinase domain-containing protein 21-like,Pantherophis guttatus,94885,4,Disintegrins,train,1
6184,6184,tr,A0A6P9DKK0,A0A6P9DKK0_PANGU,Disintegrin and metalloproteinase domain-containing protein 26A-like,Pantherophis guttatus,94885,4,Disintegrins,train,1
6185,6185,tr,A0A9F5MYR7,A0A9F5MYR7_PYTBI,Disintegrin and metalloproteinase domain-containing protein 9-like,Python bivittatus,176946,4,Disintegrins,train,1
6186,6186,tr,A0A6J1VPN9,A0A6J1VPN9_9SAUR,Disintegrin and metalloproteinase domain-containing protein 21-like,Notechis scutatus,8663,4,Disintegrins,train,1
6187,6187,tr,A0A9F2PNA6,A0A9F2PNA6_PYTBI,Disintegrin and metalloproteinase domain-containing protein 20-like,Python bivittatus,176946,4,Disintegrins,train,1
6188,6188,tr,A0A6J1U821,A0A6J1U821_9SAUR,Disintegrin and metalloproteinase domain-containing protein 20-like,Notechis scutatus,8663,4,Disintegrins,train,1
6189,6189,tr,A0A6J1W538,A0A6J1W538_9SAUR,Disintegrin and metalloproteinase domain-containing protein 20-like,Notechis scutatus,8663,4,Disintegrins,train,1
6190,6190,tr,A0A6J1W8T1,A0A6J1W8T1_9SAUR,Disintegrin and metalloproteinase domain-containing protein 21-like,Notechis scutatus,8663,4,Disintegrins,train,1
6191,6191,tr,A0A8C5WNJ2,A0A8C5WNJ2_LATLA,Disintegrin and metalloproteinase domain-containing protein 20-like,Laticauda laticaudata,8630,4,Disintegrins,train,1
6192,6192,tr,A0A9F2NCH3,A0A9F2NCH3_PYTBI,Disintegrin and metalloproteinase domain-containing protein 20-like,Python bivittatus,176946,4,Disintegrins,test,1
6193,6193,tr,A0A9F5N2P8,A0A9F5N2P8_PYTBI,Disintegrin and metalloproteinase domain-containing protein 21-like,Python bivittatus,176946,4,Disintegrins,train,1
6194,6194,tr,V8NYE3,V8NYE3_OPHHA,A disintegrin and metalloproteinase with thrombospondin motifs 5 (Fragment),Ophiophagus hannah,8665,4,Disintegrins,val,1
6195,6195,tr,A0A6I9Z681,A0A6I9Z681_9SAUR,Zinc metalloproteinase-disintegrin-like MTP9,Thamnophis sirtalis,35019,4,Disintegrins,train,1
6196,6196,tr,A0A6P9DN89,A0A6P9DN89_PANGU,Zinc metalloproteinase-disintegrin-like NaMP,Pantherophis guttatus,94885,4,Disintegrins,train,1
6197,6197,tr,A0A6J1UH79,A0A6J1UH79_9SAUR,Zinc metalloproteinase-disintegrin-like MTP9,Notechis scutatus,8663,4,Disintegrins,train,1
6198,6198,tr,A0A6I9Y427,A0A6I9Y427_9SAUR,Zinc metalloproteinase-disintegrin-like BmMP,Thamnophis sirtalis,35019,4,Disintegrins,test,1
6199,6199,tr,A0A6J1V1L9,A0A6J1V1L9_9SAUR,Disintegrin and metalloproteinase domain-containing protein 22 isoform X2,Notechis scutatus,8663,4,Disintegrins,train,1
6200,6200,tr,A0A6J1V326,A0A6J1V326_9SAUR,Disintegrin and metalloproteinase domain-containing protein 22 isoform X5,Notechis scutatus,8663,4,Disintegrins,train,1
6201,6201,tr,A0A6J1V8Z2,A0A6J1V8Z2_9SAUR,Disintegrin and metalloproteinase domain-containing protein 22 isoform X3,Notechis scutatus,8663,4,Disintegrins,train,1
6202,6202,tr,A0A6J1VBB6,A0A6J1VBB6_9SAUR,Disintegrin and metalloproteinase domain-containing protein 22 isoform X4,Notechis scutatus,8663,4,Disintegrins,train,1
6203,6203,tr,A0A6P9AI98,A0A6P9AI98_PANGU,Disintegrin and metalloproteinase domain-containing protein 22 isoform X3,Pantherophis guttatus,94885,4,Disintegrins,train,1
6204,6204,tr,A0A6P9BL20,A0A6P9BL20_PANGU,Disintegrin and metalloproteinase domain-containing protein 11 isoform X4,Pantherophis guttatus,94885,4,Disintegrins,train,1
6205,6205,tr,A0A6P9BWQ7,A0A6P9BWQ7_PANGU,Disintegrin and metalloproteinase domain-containing protein 11 isoform X7,Pantherophis guttatus,94885,4,Disintegrins,train,1
6206,6206,tr,A0A6I9Z6X7,A0A6I9Z6X7_9SAUR,Disintegrin and metalloproteinase domain-containing protein 11 isoform X1,Thamnophis sirtalis,35019,4,Disintegrins,train,1
6207,6207,tr,A0A6P9AIA4,A0A6P9AIA4_PANGU,Disintegrin and metalloproteinase domain-containing protein 22 isoform X6,Pantherophis guttatus,94885,4,Disintegrins,train,1
6208,6208,tr,A0A6P9AIQ7,A0A6P9AIQ7_PANGU,Disintegrin and metalloproteinase domain-containing protein 22 isoform X7,Pantherophis guttatus,94885,4,Disintegrins,train,1
6209,6209,tr,A0A6P9AR79,A0A6P9AR79_PANGU,Disintegrin and metalloproteinase domain-containing protein 22 isoform X2,Pantherophis guttatus,94885,4,Disintegrins,train,1
6210,6210,tr,A0A6J1V1M4,A0A6J1V1M4_9SAUR,Disintegrin and metalloproteinase domain-containing protein 22 isoform X6,Notechis scutatus,8663,4,Disintegrins,train,1
6211,6211,tr,A0A6P9AR87,A0A6P9AR87_PANGU,Disintegrin and metalloproteinase domain-containing protein 22 isoform X5,Pantherophis guttatus,94885,4,Disintegrins,train,1
6212,6212,tr,A0A6P9BPN1,A0A6P9BPN1_PANGU,Disintegrin and metalloproteinase domain-containing protein 11 isoform X6,Pantherophis guttatus,94885,4,Disintegrins,train,1
6213,6213,tr,A0A6J1V1M1,A0A6J1V1M1_9SAUR,Disintegrin and metalloproteinase domain-containing protein 22 isoform X1,Notechis scutatus,8663,4,Disintegrins,train,1
6214,6214,tr,A0A6P9BM83,A0A6P9BM83_PANGU,Disintegrin and metalloproteinase domain-containing protein 11 isoform X5,Pantherophis guttatus,94885,4,Disintegrins,train,1
6215,6215,tr,A0A6I9Z7X4,A0A6I9Z7X4_9SAUR,Disintegrin and metalloproteinase domain-containing protein 11 isoform X2,Thamnophis sirtalis,35019,4,Disintegrins,train,1
6216,6216,tr,A0A6P9AIQ0,A0A6P9AIQ0_PANGU,Disintegrin and metalloproteinase domain-containing protein 22 isoform X4,Pantherophis guttatus,94885,4,Disintegrins,train,1
6217,6217,tr,A0A6P9AM21,A0A6P9AM21_PANGU,Disintegrin and metalloproteinase domain-containing protein 22 isoform X1,Pantherophis guttatus,94885,4,Disintegrins,train,1
6218,6218,tr,A0A6P9BPM7,A0A6P9BPM7_PANGU,Disintegrin and metalloproteinase domain-containing protein 11 isoform X1,Pantherophis guttatus,94885,4,Disintegrins,train,1
6219,6219,tr,A0A6P9BVN6,A0A6P9BVN6_PANGU,Disintegrin and metalloproteinase domain-containing protein 11 isoform X3,Pantherophis guttatus,94885,4,Disintegrins,train,1
6220,6220,tr,A0A6P9BVP1,A0A6P9BVP1_PANGU,Disintegrin and metalloproteinase domain-containing protein 11 isoform X8,Pantherophis guttatus,94885,4,Disintegrins,test,1
6221,6221,tr,A0A6P9BWQ3,A0A6P9BWQ3_PANGU,Disintegrin and metalloproteinase domain-containing protein 11 isoform X2,Pantherophis guttatus,94885,4,Disintegrins,train,1
6222,6222,tr,A0A6I9YZ17,A0A6I9YZ17_9SAUR,Zinc metalloproteinase-disintegrin-like VLAIP-B,Thamnophis sirtalis,35019,4,Disintegrins,train,1
6223,6223,tr,A0A9F3VZC3,A0A9F3VZC3_PYTBI,Disintegrin and metalloproteinase domain-containing protein 9-like isoform X2,Python bivittatus,176946,4,Disintegrins,train,1
6224,6224,tr,A0A9F5J652,A0A9F5J652_PYTBI,Disintegrin and metalloproteinase domain-containing protein 15,Python bivittatus,176946,4,Disintegrins,train,1
6225,6225,tr,A0A6I9XF80,A0A6I9XF80_9SAUR,Disintegrin and metalloproteinase domain-containing protein 23,Thamnophis sirtalis,35019,4,Disintegrins,train,1
6226,6226,tr,A0A6J1UDE6,A0A6J1UDE6_9SAUR,Disintegrin and metalloproteinase domain-containing protein 23,Notechis scutatus,8663,4,Disintegrins,train,1
6227,6227,tr,A0A6J1VLQ1,A0A6J1VLQ1_9SAUR,Disintegrin and metalloproteinase domain-containing protein 5,Notechis scutatus,8663,4,Disintegrins,train,1
6228,6228,tr,A0A9F5MR32,A0A9F5MR32_PYTBI,Disintegrin and metalloproteinase domain-containing protein 22,Python bivittatus,176946,4,Disintegrins,train,1
6229,6229,tr,A0A9F5IUH2,A0A9F5IUH2_PYTBI,Disintegrin and metalloproteinase domain-containing protein 32,Python bivittatus,176946,4,Disintegrins,train,1
6230,6230,tr,A0A6I9Z546,A0A6I9Z546_9SAUR,Disintegrin and metalloproteinase domain-containing protein 9-like,Thamnophis sirtalis,35019,4,Disintegrins,test,1
6231,6231,tr,A0A6J1W5Z9,A0A6J1W5Z9_9SAUR,Disintegrin and metalloproteinase domain-containing protein 21-like,Notechis scutatus,8663,4,Disintegrins,train,1
6232,6232,tr,A0A9F5J7B6,A0A9F5J7B6_PYTBI,Disintegrin and metalloproteinase domain-containing protein 23-like,Python bivittatus,176946,4,Disintegrins,train,1
6233,6233,tr,A0A9F5MX01,A0A9F5MX01_PYTBI,Disintegrin and metalloproteinase domain-containing protein 21-like,Python bivittatus,176946,4,Disintegrins,train,1
6234,6234,tr,A0A6P9AU00,A0A6P9AU00_PANGU,Disintegrin and metalloproteinase domain-containing protein 9-like,Pantherophis guttatus,94885,4,Disintegrins,val,1
6235,6235,tr,A0A9F5JBQ1,A0A9F5JBQ1_PYTBI,Disintegrin and metalloproteinase domain-containing protein 21-like,Python bivittatus,176946,4,Disintegrins,train,1
6236,6236,tr,A0A9F5JFY3,A0A9F5JFY3_PYTBI,LOW QUALITY PROTEIN: zinc metalloproteinase-disintegrin-like NaMP,Python bivittatus,176946,4,Disintegrins,train,1
6237,6237,tr,A0A6I9XD44,A0A6I9XD44_9SAUR,Disintegrin and metalloproteinase domain-containing protein 33-like,Thamnophis sirtalis,35019,4,Disintegrins,train,1
6238,6238,tr,A0A6P9AUB4,A0A6P9AUB4_PANGU,Disintegrin and metalloproteinase domain-containing protein 32-like,Pantherophis guttatus,94885,4,Disintegrins,train,1
6239,6239,tr,A0A9F3W0P3,A0A9F3W0P3_PYTBI,LOW QUALITY PROTEIN: zinc metalloproteinase-disintegrin-like NaMP,Python bivittatus,176946,4,Disintegrins,val,1
6240,6240,tr,A0A6I9XKU6,A0A6I9XKU6_9SAUR,Disintegrin and metalloproteinase domain-containing protein 9-like,Thamnophis sirtalis,35019,4,Disintegrins,test,1
6241,6241,tr,A0A6J1W0U4,A0A6J1W0U4_9SAUR,Disintegrin and metalloproteinase domain-containing protein 15-like,Notechis scutatus,8663,4,Disintegrins,train,1
6242,6242,tr,A0A6P9AWB9,A0A6P9AWB9_PANGU,Disintegrin and metalloproteinase domain-containing protein 2-like,Pantherophis guttatus,94885,4,Disintegrins,train,1
6243,6243,tr,A0A6P9B506,A0A6P9B506_PANGU,Disintegrin and metalloproteinase domain-containing protein 19-like,Pantherophis guttatus,94885,4,Disintegrins,train,1
6244,6244,tr,A0A6J1VYT1,A0A6J1VYT1_9SAUR,Disintegrin and metalloproteinase domain-containing protein 15-like,Notechis scutatus,8663,4,Disintegrins,val,1
6245,6245,tr,A0A6J1W854,A0A6J1W854_9SAUR,Disintegrin and metalloproteinase domain-containing protein 10-like,Notechis scutatus,8663,4,Disintegrins,test,1
6246,6246,tr,A0A9F5IM86,A0A9F5IM86_PYTBI,Disintegrin and metalloproteinase domain-containing protein 2-like,Python bivittatus,176946,4,Disintegrins,train,1
6247,6247,tr,A0A6P9CW99,A0A6P9CW99_PANGU,Disintegrin and metalloproteinase domain-containing protein 23 isoform X1,Pantherophis guttatus,94885,4,Disintegrins,train,1
6248,6248,tr,A0A6P9CWA5,A0A6P9CWA5_PANGU,Disintegrin and metalloproteinase domain-containing protein 23 isoform X2,Pantherophis guttatus,94885,4,Disintegrins,train,1
6249,6249,tr,A0A6P9D7J6,A0A6P9D7J6_PANGU,Disintegrin and metalloproteinase domain-containing protein 23 isoform X3,Pantherophis guttatus,94885,4,Disintegrins,train,1
6250,6250,tr,A0A2D4IFH5,A0A2D4IFH5_MICLE,A disintegrin and metalloproteinase with thrombospondin motifs 1,Micrurus lemniscatus lemniscatus,129467,4,Disintegrins,train,1
6251,6251,tr,A0A2D4IFH2,A0A2D4IFH2_MICLE,A disintegrin and metalloproteinase with thrombospondin motifs 1 (Fragment),Micrurus lemniscatus lemniscatus,129467,4,Disintegrins,train,1
6252,6252,tr,A0A0F7ZE05,A0A0F7ZE05_CROAD,A disintegrin and metalloproteinase with thrombospondin motifs 1,Crotalus adamanteus,8729,2,Disintegrins,train,1
6253,6253,tr,A0AAW1ATC3,A0AAW1ATC3_CROAD,A disintegrin and metalloproteinase with thrombospondin motifs 18,Crotalus adamanteus,8729,4,Disintegrins,train,1
6254,6254,tr,A0AAW1BJM6,A0AAW1BJM6_CROAD,A disintegrin and metalloproteinase with thrombospondin motifs 1,Crotalus adamanteus,8729,4,Disintegrins,train,1
6255,6255,tr,A0AAW1AS39,A0AAW1AS39_CROAD,A disintegrin and metalloproteinase with thrombospondin motifs 13,Crotalus adamanteus,8729,4,Disintegrins,train,1
6256,6256,tr,A0AAW1B0W0,A0AAW1B0W0_CROAD,A disintegrin and metalloproteinase with thrombospondin motifs 15,Crotalus adamanteus,8729,4,Disintegrins,train,1
6257,6257,tr,A0AAW1AR10,A0AAW1AR10_CROAD,Disintegrin and metalloproteinase domain-containing protein 9-like,Crotalus adamanteus,8729,4,Disintegrins,train,1
6258,6258,tr,A0AAW1BAQ4,A0AAW1BAQ4_CROAD,A disintegrin and metalloproteinase with thrombospondin motifs 3,Crotalus adamanteus,8729,4,Disintegrins,train,1
6259,6259,tr,A0AAW1AXC7,A0AAW1AXC7_CROAD,A disintegrin and metalloproteinase with thrombospondin motifs 7,Crotalus adamanteus,8729,4,Disintegrins,val,1
6260,6260,tr,A0AAW1BV30,A0AAW1BV30_CROAD,A disintegrin and metalloproteinase with thrombospondin motifs 9,Crotalus adamanteus,8729,4,Disintegrins,test,1
6261,6261,tr,A0AAW1C0X1,A0AAW1C0X1_CROAD,A disintegrin and metalloproteinase with thrombospondin motifs 19,Crotalus adamanteus,8729,4,Disintegrins,train,1
6262,6262,tr,A0AAW1C4X2,A0AAW1C4X2_CROAD,A disintegrin and metalloproteinase with thrombospondin motifs 10,Crotalus adamanteus,8729,4,Disintegrins,train,1
6263,6263,tr,A0AAW1BES3,A0AAW1BES3_CROAD,A disintegrin and metalloproteinase with thrombospondin motifs 14,Crotalus adamanteus,8729,4,Disintegrins,train,1
6264,6264,tr,A0AAW1C463,A0AAW1C463_CROAD,A disintegrin and metalloproteinase with thrombospondin motifs 6,Crotalus adamanteus,8729,4,Disintegrins,train,1
6265,6265,tr,V8NC79,V8NC79_OPHHA,A disintegrin and metalloproteinase with thrombospondin motifs 3 (Fragment),Ophiophagus hannah,8665,4,Disintegrins,train,1
6266,6266,tr,V8NYL9,V8NYL9_OPHHA,A disintegrin and metalloproteinase with thrombospondin motifs 14 (Fragment),Ophiophagus hannah,8665,4,Disintegrins,train,1
6267,6267,tr,V8P870,V8P870_OPHHA,A disintegrin and metalloproteinase with thrombospondin motifs 9 (Fragment),Ophiophagus hannah,8665,4,Disintegrins,train,1
6268,6268,tr,V8NI74,V8NI74_OPHHA,A disintegrin and metalloproteinase with thrombospondin motifs 7 (Fragment),Ophiophagus hannah,8665,4,Disintegrins,test,1
6269,6269,tr,V8NQF8,V8NQF8_OPHHA,A disintegrin and metalloproteinase with thrombospondin motifs 16 (Fragment),Ophiophagus hannah,8665,4,Disintegrins,train,1
6270,6270,tr,V8NWJ2,V8NWJ2_OPHHA,A disintegrin and metalloproteinase with thrombospondin motifs 18 (Fragment),Ophiophagus hannah,8665,4,Disintegrins,train,1
6271,6271,tr,V8P3L5,V8P3L5_OPHHA,A disintegrin and metalloproteinase with thrombospondin motifs 12 (Fragment),Ophiophagus hannah,8665,4,Disintegrins,train,1
6272,6272,tr,V8P507,V8P507_OPHHA,A disintegrin and metalloproteinase with thrombospondin motifs 6 (Fragment),Ophiophagus hannah,8665,4,Disintegrins,train,1
6273,6273,tr,V8NL76,V8NL76_OPHHA,A disintegrin and metalloproteinase with thrombospondin motifs 15 (Fragment),Ophiophagus hannah,8665,4,Disintegrins,train,1
6274,6274,tr,V8NLN7,V8NLN7_OPHHA,A disintegrin and metalloproteinase with thrombospondin motifs 7 (Fragment),Ophiophagus hannah,8665,4,Disintegrins,train,1
6275,6275,tr,V8P8T6,V8P8T6_OPHHA,A disintegrin and metalloproteinase with thrombospondin motifs 17 (Fragment),Ophiophagus hannah,8665,4,Disintegrins,train,1
6276,6276,tr,V8NTJ6,V8NTJ6_OPHHA,A disintegrin and metalloproteinase with thrombospondin motifs 19 (Fragment),Ophiophagus hannah,8665,4,Disintegrins,train,1
6277,6277,tr,V8NZ03,V8NZ03_OPHHA,A disintegrin and metalloproteinase with thrombospondin motifs 5 (Fragment),Ophiophagus hannah,8665,4,Disintegrins,train,1
6278,6278,tr,Q1PGB0,Q1PGB0_GLOSH,Disintegrin (Fragment),Gloydius shedaoensis,88083,2,Disintegrins,train,1
6279,6279,tr,A0A2H4Z2X6,A0A2H4Z2X6_DABSI,Disintegrin,Daboia siamensis,343250,2,Disintegrins,train,1
6280,6280,tr,A0A2H4Z2Y1,A0A2H4Z2Y1_DABSI,Disintegrin,Daboia siamensis,343250,2,Disintegrins,train,1
6281,6281,tr,Q4JCR9,Q4JCR9_BITAR,Disintegrin isoform Dc-1 (Fragment),Bitis arietans,8692,2,Disintegrins,val,1
6282,6282,tr,A0A1I9KNR4,A0A1I9KNR4_VIPAA,Disintegrin Dis-1,Vipera ammodytes ammodytes,8705,2,Disintegrins,train,1
6283,6283,tr,A0A1I9KNR7,A0A1I9KNR7_VIPAA,Disintegrin Dis-1,Vipera ammodytes ammodytes,8705,2,Disintegrins,train,1
6284,6284,tr,A0A194ARD8,A0A194ARD8_AGKCO,Disintegrin 2a,Agkistrodon contortrix contortrix,8713,4,Disintegrins,train,1
6285,6285,tr,A0A1W7RJY4,A0A1W7RJY4_AGKCO,Disintegrin 1,Agkistrodon contortrix contortrix,8713,4,Disintegrins,train,1
6286,6286,tr,A0A194AQN0,A0A194AQN0_9SAUR,Disintegrin 2a,Agkistrodon piscivorus,8715,4,Disintegrins,train,1
6287,6287,tr,A0AAW1BJY9,A0AAW1BJY9_CROAD,A disintegrin and metalloproteinase with thrombospondin motifs 5,Crotalus adamanteus,8729,4,Disintegrins,train,1
6288,6288,tr,A0A194AML4,A0A194AML4_9SAUR,Disintegrin 1,Agkistrodon piscivorus,8715,4,Disintegrins,train,1
6289,6289,tr,A0A194APV6,A0A194APV6_9SAUR,Disintegrin 2b,Agkistrodon piscivorus,8715,4,Disintegrins,train,1
6290,6290,tr,V8N3F2,V8N3F2_OPHHA,Disintegrin domain-containing protein (Fragment),Ophiophagus hannah,8665,4,Disintegrins,train,1
6291,6291,tr,Q14FJ3,Q14FJ3_ECHOC,MLD-containing dimeric disintegrin subunit,Echis ocellatus,99586,4,Disintegrins,train,1
6292,6292,tr,Q1JRG9,Q1JRG9_MACLN,VGD-containing dimeric disintegrin subunit ML-G1 (Fragment),Macrovipera lebetina transmediterranea,384075,4,Disintegrins,val,1
6293,6293,tr,Q14FJ5,Q14FJ5_ECHOC,RTS-containing short disintegrin (Fragment),Echis ocellatus,99586,4,Disintegrins,train,1
6294,6294,tr,A0A6G5ZVR7,A0A6G5ZVR7_VIPAN,Disintegrin (Fragment),Vipera anatolica senliki,2604287,2,Disintegrins,train,1
6295,6295,tr,Q1JRG7,Q1JRG7_MACLN,RTS-containing short disintegrin ML-G3 (Fragment),Macrovipera lebetina transmediterranea,384075,4,Disintegrins,train,1
6296,6296,tr,Q3YL39,Q3YL39_9SAUR,Disintegrin (Fragment),Agkistrodon contortrix mokasen,336208,4,Disintegrins,train,1
6297,6297,tr,Q3YL53,Q3YL53_9SAUR,Disintegrin (Fragment),Agkistrodon contortrix phaeogaster,336209,4,Disintegrins,train,1
6298,6298,tr,Q3YL42,Q3YL42_AGKCL,Disintegrin (Fragment),Agkistrodon contortrix laticinctus,2782196,4,Disintegrins,val,1
6299,6299,tr,Q3YL43,Q3YL43_AGKCL,Disintegrin (Fragment),Agkistrodon contortrix laticinctus,2782196,4,Disintegrins,train,1
6300,6300,tr,Q3YL45,Q3YL45_AGKCL,Disintegrin (Fragment),Agkistrodon contortrix laticinctus,2782196,4,Disintegrins,train,1
6301,6301,tr,Q3YL51,Q3YL51_9SAUR,Disintegrin (Fragment),Agkistrodon contortrix mokasen,336208,4,Disintegrins,test,1
6302,6302,tr,Q3YL54,Q3YL54_9SAUR,Disintegrin (Fragment),Agkistrodon contortrix phaeogaster,336209,4,Disintegrins,train,1
6303,6303,tr,Q3YK52,Q3YK52_9SAUR,Disintegrin (Fragment),Agkistrodon contortrix phaeogaster,336209,4,Disintegrins,train,1
6304,6304,tr,Q3YK54,Q3YK54_9SAUR,Disintegrin (Fragment),Agkistrodon contortrix pictigaster,336210,4,Disintegrins,train,1
6305,6305,tr,Q3YK55,Q3YK55_9SAUR,Disintegrin (Fragment),Agkistrodon contortrix pictigaster,336210,4,Disintegrins,train,1
6306,6306,tr,Q3YL41,Q3YL41_9SAUR,Disintegrin (Fragment),Agkistrodon contortrix mokasen,336208,4,Disintegrins,train,1
6307,6307,tr,Q3YL44,Q3YL44_AGKCO,Disintegrin (Fragment),Agkistrodon contortrix contortrix,8713,4,Disintegrins,train,1
6308,6308,tr,Q3YL50,Q3YL50_AGKCO,Disintegrin (Fragment),Agkistrodon contortrix contortrix,8713,4,Disintegrins,train,1
6309,6309,tr,Q3YK53,Q3YK53_9SAUR,Disintegrin (Fragment),Agkistrodon contortrix pictigaster,336210,4,Disintegrins,train,1
6310,6310,tr,Q3YL46,Q3YL46_AGKCL,Disintegrin (Fragment),Agkistrodon contortrix laticinctus,2782196,4,Disintegrins,train,1
6311,6311,tr,Q3YL48,Q3YL48_AGKCO,Disintegrin (Fragment),Agkistrodon contortrix contortrix,8713,4,Disintegrins,train,1
6312,6312,tr,Q3YL52,Q3YL52_9SAUR,Disintegrin (Fragment),Agkistrodon contortrix pictigaster,336210,4,Disintegrins,train,1
6313,6313,tr,Q3YL47,Q3YL47_9SAUR,Disintegrin (Fragment),Agkistrodon contortrix phaeogaster,336209,4,Disintegrins,val,1
6314,6314,tr,Q3YL49,Q3YL49_AGKCO,Disintegrin (Fragment),Agkistrodon contortrix contortrix,8713,4,Disintegrins,val,1
6315,6315,tr,A0A6G5ZW29,A0A6G5ZW29_VIPAN,Disintegrin and metalloproteinase domain-containing protein 6 (Fragment),Vipera anatolica senliki,2604287,2,Disintegrins,train,1
6316,6316,tr,A0A6G5ZVS7,A0A6G5ZVS7_VIPAN,Disintegrin and metalloproteinase domain-containing protein 5 (Fragment),Vipera anatolica senliki,2604287,2,Disintegrins,test,1
6317,6317,tr,A0A6I9YE12,A0A6I9YE12_9SAUR,Hemorrhagic metalloproteinase-disintegrin-like kaouthiagin,Thamnophis sirtalis,35019,4,Disintegrins,train,1
6318,6318,tr,A0A6I9YQR0,A0A6I9YQR0_9SAUR,Zinc metalloproteinase-disintegrin-like ohanin,Thamnophis sirtalis,35019,4,Disintegrins,train,1
6319,6319,tr,A0A9F2REN1,A0A9F2REN1_PYTBI,Zinc metalloproteinase-disintegrin-like NaMP,Python bivittatus,176946,4,Disintegrins,train,1
6320,6320,tr,A0A6P9AWE8,A0A6P9AWE8_PANGU,Zinc metalloproteinase-disintegrin-like bothrojarin-4,Pantherophis guttatus,94885,4,Disintegrins,train,1
6321,6321,tr,A0A6G5ZVK4,A0A6G5ZVK4_VIPAN,Disintegrin and metalloproteinase domain-containing protein 7 (Fragment),Vipera anatolica senliki,2604287,2,Disintegrins,train,1
6322,6322,tr,A0A6P9AUD4,A0A6P9AUD4_PANGU,Disintegrin and metalloproteinase domain-containing protein 20-like,Pantherophis guttatus,94885,4,Disintegrins,train,1
6323,6323,tr,A0A9F2RE56,A0A9F2RE56_PYTBI,Disintegrin and metalloproteinase domain-containing protein 19-like,Python bivittatus,176946,4,Disintegrins,test,1
6324,6324,tr,A0A9F5JD59,A0A9F5JD59_PYTBI,Disintegrin and metalloproteinase domain-containing protein 22-like,Python bivittatus,176946,4,Disintegrins,train,1
6325,6325,tr,A0A6I9YUC4,A0A6I9YUC4_9SAUR,Disintegrin and metalloproteinase domain-containing protein 12-like,Thamnophis sirtalis,35019,4,Disintegrins,train,1
6326,6326,tr,A0AAW1B8U8,A0AAW1B8U8_CROAD,Disintegrin and metalloproteinase domain-containing protein 33,Crotalus adamanteus,8729,4,Disintegrins,train,1
6327,6327,tr,V8N2F9,V8N2F9_OPHHA,Disintegrin and metalloproteinase domain-containing protein 33 (Fragment),Ophiophagus hannah,8665,4,Disintegrins,test,1
6328,6328,tr,V8N4Z9,V8N4Z9_OPHHA,Disintegrin and metalloproteinase domain-containing protein 9 (Fragment),Ophiophagus hannah,8665,4,Disintegrins,train,1
6329,6329,tr,V8P102,V8P102_OPHHA,Disintegrin and metalloproteinase domain-containing protein 12 (Fragment),Ophiophagus hannah,8665,4,Disintegrins,train,1
6330,6330,tr,A0AAW1C1S4,A0AAW1C1S4_CROAD,A disintegrin and metalloproteinase with thrombospondin motifs 6 (Fragment),Crotalus adamanteus,8729,4,Disintegrins,train,1
6331,6331,tr,A0AAW1C6M3,A0AAW1C6M3_CROAD,Disintegrin and metalloproteinase domain-containing protein 20-like,Crotalus adamanteus,8729,4,Disintegrins,train,1
6332,6332,tr,A0AAW1AWY4,A0AAW1AWY4_CROAD,A disintegrin and metalloproteinase with thrombospondin motifs 17,Crotalus adamanteus,8729,4,Disintegrins,test,1
6333,6333,tr,A0AAW1C238,A0AAW1C238_CROAD,A disintegrin and metalloproteinase with thrombospondin motifs 12,Crotalus adamanteus,8729,4,Disintegrins,train,1
6334,6334,tr,A0AAW1C5R8,A0AAW1C5R8_CROAD,ADAM10: Disintegrin and metalloproteinase domain-containing protein 10,Crotalus adamanteus,8729,4,Disintegrins,train,1
6335,6335,tr,A0AAW1AZ65,A0AAW1AZ65_CROAD,A disintegrin and metalloproteinase with thrombospondin motifs 8,Crotalus adamanteus,8729,4,Disintegrins,train,1
6336,6336,tr,A0AAW1C5D9,A0AAW1C5D9_CROAD,Disintegrin and metalloproteinase domain-containing protein 20-like,Crotalus adamanteus,8729,4,Disintegrins,train,1
6337,6337,tr,A0AAW1C5L9,A0AAW1C5L9_CROAD,Disintegrin and metalloproteinase domain-containing protein 20-like,Crotalus adamanteus,8729,4,Disintegrins,train,1
6338,6338,tr,A0AAW1C5W4,A0AAW1C5W4_CROAD,Disintegrin and metalloproteinase domain-containing protein 20-like,Crotalus adamanteus,8729,4,Disintegrins,train,1
6339,6339,tr,A0AAW1C7V6,A0AAW1C7V6_CROAD,Disintegrin and metalloproteinase domain-containing protein 20-like,Crotalus adamanteus,8729,4,Disintegrins,train,1
6340,6340,tr,A0AAW1AYP5,A0AAW1AYP5_CROAD,A disintegrin and metalloproteinase with thrombospondin motifs 15,Crotalus adamanteus,8729,4,Disintegrins,train,1
6341,6341,tr,A0AAW1B9A6,A0AAW1B9A6_CROAD,A disintegrin and metalloproteinase with thrombospondin motifs 3,Crotalus adamanteus,8729,4,Disintegrins,train,1
6342,6342,tr,A0AAW1BWX2,A0AAW1BWX2_CROAD,A disintegrin and metalloproteinase with thrombospondin motifs 2,Crotalus adamanteus,8729,4,Disintegrins,test,1
6343,6343,tr,V8NCM5,V8NCM5_OPHHA,A disintegrin and metalloproteinase with thrombospondin motifs 3 (Fragment),Ophiophagus hannah,8665,4,Disintegrins,test,1
6344,6344,tr,V8NDQ2,V8NDQ2_OPHHA,A disintegrin and metalloproteinase with thrombospondin motifs 3 (Fragment),Ophiophagus hannah,8665,4,Disintegrins,val,1
6345,6345,tr,V8P948,V8P948_OPHHA,A disintegrin and metalloproteinase with thrombospondin motifs 17 (Fragment),Ophiophagus hannah,8665,4,Disintegrins,train,1
6346,6346,tr,V8NLT9,V8NLT9_OPHHA,A disintegrin and metalloproteinase with thrombospondin motifs 15 (Fragment),Ophiophagus hannah,8665,4,Disintegrins,train,1
6347,6347,tr,V8N6N5,V8N6N5_OPHHA,A disintegrin and metalloproteinase with thrombospondin motifs 3 (Fragment),Ophiophagus hannah,8665,4,Disintegrins,val,1
6348,6348,tr,V8NMJ2,V8NMJ2_OPHHA,A disintegrin and metalloproteinase with thrombospondin motifs 6 (Fragment),Ophiophagus hannah,8665,4,Disintegrins,train,1
6349,6349,tr,V8NQE7,V8NQE7_OPHHA,A disintegrin and metalloproteinase with thrombospondin motifs 17 (Fragment),Ophiophagus hannah,8665,4,Disintegrins,train,1
6350,6350,tr,V8P6K7,V8P6K7_OPHHA,A disintegrin and metalloproteinase with thrombospondin motifs 2 (Fragment),Ophiophagus hannah,8665,4,Disintegrins,train,1
6351,6351,tr,A0AAW1BNL7,A0AAW1BNL7_CROAD,A disintegrin and metalloproteinase with thrombospondin motifs 16-like,Crotalus adamanteus,8729,4,Disintegrins,train,1
6352,6352,tr,A0AAW1AWB2,A0AAW1AWB2_CROAD,A disintegrin and metalloproteinase with thrombospondin motifs 17-like,Crotalus adamanteus,8729,4,Disintegrins,train,1
6353,6353,tr,A0AAW1BWI7,A0AAW1BWI7_CROAD,A disintegrin and metalloproteinase with thrombospondin motifs 2-like,Crotalus adamanteus,8729,4,Disintegrins,train,1
6354,6354,tr,A0AAW1C353,A0AAW1C353_CROAD,A disintegrin and metalloproteinase with thrombospondin motifs 19-like,Crotalus adamanteus,8729,4,Disintegrins,val,1
